{"results": {"irradiance.Irradiance.time_aoi": {"result": [0.0024070726241916416], "stats": [{"ci_99": [0.002384423464536667, 0.0024720205925405025], "q_25": 0.002394845383241773, "q_75": 0.0024198066676035523, "min": 0.002384423464536667, "max": 0.0024720205925405025, "mean": 0.0024118269234895706, "std": 2.4515569922725514e-05, "repeat": 10, "number": 5}]}, "irradiance.Irradiance.time_aoi_projection": {"result": [0.002145357802510262], "stats": [{"ci_99": [0.0020990494638681413, 0.002203007973730564], "q_25": 0.0021140643162652854, "q_75": 0.002175859035924077, "min": 0.0020990494638681413, "max": 0.002203007973730564, "mean": 0.0021473207511007787, "std": 3.5331777789772195e-05, "repeat": 10, "number": 5}]}, "irradiance.Irradiance.time_dirindex": {"result": [0.06583936396054924], "stats": [{"ci_99": [0.06479129614308476, 0.07149619003757834], "q_25": 0.0652746525593102, "q_75": 0.06706088490318507, "min": 0.06479129614308476, "max": 0.07149619003757834, "mean": 0.06647206582129002, "std": 0.0019038114468957986, "repeat": 10, "number": 1}]}, "irradiance.Irradiance.time_dirint": {"result": [0.03296936838887632], "stats": [{"ci_99": [0.032141259871423244, 0.03800841700285673], "q_25": 0.03274815226905048, "q_75": 0.03315772896166891, "min": 0.032141259871423244, "max": 0.03800841700285673, "mean": 0.03369160783477128, "std": 0.0018434548502955933, "repeat": 10, "number": 1}]}, "irradiance.Irradiance.time_disc": {"result": [0.01310370466671884], "stats": [{"ci_99": [0.012272855266928673, 0.013887372333556414], "q_25": 0.012630276032723486, "q_75": 0.013523668982088566, "min": 0.012272855266928673, "max": 0.013887372333556414, "mean": 0.013067700853571295, "std": 0.0005549209191251321, "repeat": 10, "number": 1}]}, "irradiance.Irradiance.time_erbs": {"result": [0.007383950054645538], "stats": [{"ci_99": [0.007172575453296304, 0.007722909562289715], "q_25": 0.007259536127094179, "q_75": 0.007539095531683415, "min": 0.007172575453296304, "max": 0.007722909562289715, "mean": 0.00740141081623733, "std": 0.00017492750969443796, "repeat": 10, "number": 2}]}, "irradiance.Irradiance.time_get_extra_radiation": {"result": [0.0005380917266991578], "stats": [{"ci_99": [0.0005321060062239045, 0.0005830755751383932], "q_25": 0.0005359258992891563, "q_75": 0.0005591525451133126, "min": 0.0005321060062239045, "max": 0.0005830755751383932, "mean": 0.0005473246724393806, "std": 1.6434361783891394e-05, "repeat": 10, "number": 19}]}, "irradiance.Irradiance.time_get_ground_diffuse": {"result": [0.00033393152989447117], "stats": [{"ci_99": [0.00032910799156084204, 0.0003451026665667693], "q_25": 0.0003316868378809004, "q_75": 0.00033548101430025065, "min": 0.00032910799156084204, "max": 0.0003451026665667693, "mean": 0.0003343103820401611, "std": 4.295124686927122e-06, "repeat": 10, "number": 33}]}, "irradiance.Irradiance.time_get_total_irradiance": {"result": [0.004598180841033658], "stats": [{"ci_99": [0.004549758043140173, 0.004715487981836001], "q_25": 0.004592978085080783, "q_75": 0.004646563165200253, "min": 0.004549758043140173, "max": 0.004715487981836001, "mean": 0.004614999409144124, "std": 4.839272612253421e-05, "repeat": 10, "number": 3}]}, "location.Location.time_location_get_airmass": {"result": [0.0013860376493539661], "stats": [{"ci_99": [0.001372301485389471, 0.0014828525017946959], "q_25": 0.0013788281939923763, "q_75": 0.001418383399141021, "min": 0.001372301485389471, "max": 0.0014828525017946959, "mean": 0.0014056567626539618, "std": 4.014760661612355e-05, "repeat": 10, "number": 8}]}, "location.Location.time_location_get_clearsky": {"result": [0.009613636299036443], "stats": [{"ci_99": [0.009419313399121165, 0.010073828976601362], "q_25": 0.009518619102891535, "q_75": 0.009723703027702868, "min": 0.009419313399121165, "max": 0.010073828976601362, "mean": 0.009659225284121931, "std": 0.00019910574706881798, "repeat": 10, "number": 2}]}, "location.Location.time_location_get_solarposition": {"result": [0.016224117716774344], "stats": [{"ci_99": [0.01611505914479494, 0.01636254321783781], "q_25": 0.016152313561178744, "q_75": 0.016235759016126394, "min": 0.01611505914479494, "max": 0.01636254321783781, "mean": 0.016217368235811592, "std": 8.182266862196573e-05, "repeat": 10, "number": 1}]}, "location.Location_0_6_1.time_location_get_sun_rise_set_transit_pyephem": {"result": [0.18189772916957736], "stats": [{"ci_99": [0.1810522461310029, 0.18452582182362676], "q_25": 0.18160900473594666, "q_75": 0.18303950049448758, "min": 0.1810522461310029, "max": 0.18452582182362676, "mean": 0.1823677180800587, "std": 0.0012114346182456259, "repeat": 10, "number": 1}]}, "location.Location_0_6_1.time_location_get_sun_rise_set_transit_spa": {"result": [0.03239430743269622], "stats": [{"ci_99": [0.032132227905094624, 0.032499763648957014], "q_25": 0.03234233055263758, "q_75": 0.0324165077181533, "min": 0.032132227905094624, "max": 0.032499763648957014, "mean": 0.03236898491159081, "std": 9.745459518855337e-05, "repeat": 10, "number": 1}]}, "solarposition.SolarPosition.time_ephemeris": {"result": [0.01837718370370567], "stats": [{"ci_99": [0.01821480318903923, 0.0186860510148108], "q_25": 0.01828670804388821, "q_75": 0.01847246801480651, "min": 0.01821480318903923, "max": 0.0186860510148108, "mean": 0.018393750488758086, "std": 0.0001378609230013687, "repeat": 10, "number": 1}]}, "solarposition.SolarPosition.time_ephemeris_localized": {"result": [0.018436511978507042], "stats": [{"ci_99": [0.018130068201571703, 0.01872923318296671], "q_25": 0.018355719046667218, "q_75": 0.018587939208373427, "min": 0.018130068201571703, "max": 0.01872923318296671, "mean": 0.018449665606021882, "std": 0.00018850964732841085, "repeat": 10, "number": 1}]}, "solarposition.SolarPosition.time_nrel_earthsun_distance": {"result": [0.022752030985429883], "stats": [{"ci_99": [0.022573160007596016, 0.02304134890437126], "q_25": 0.02266378002241254, "q_75": 0.022809516522102058, "min": 0.022573160007596016, "max": 0.02304134890437126, "mean": 0.022750132344663145, "std": 0.00012745046021846567, "repeat": 10, "number": 1}]}, "solarposition.SolarPosition.time_spa_python": {"result": [0.02573104645125568], "stats": [{"ci_99": [0.02565064001828432, 0.025950185023248196], "q_25": 0.02569131029304117, "q_75": 0.025794301880523562, "min": 0.02565064001828432, "max": 0.025950185023248196, "mean": 0.02575776670128107, "std": 9.092355063029963e-05, "repeat": 10, "number": 1}]}, "solarposition.SolarPosition.time_sun_rise_set_transit_spa": {"result": [0.03742681653238833], "stats": [{"ci_99": [0.03703764779493213, 0.0377052491530776], "q_25": 0.03731803805567324, "q_75": 0.03755422367248684, "min": 0.03703764779493213, "max": 0.0377052491530776, "mean": 0.03741935114376247, "std": 0.00019698082139168742, "repeat": 10, "number": 1}]}, "temperature.Fuentes.time_fuentes": NaN, "temperature.SAPM.time_sapm_cell": {"result": [0.00100626889616251], "stats": [{"ci_99": [0.0009508478793908249, 0.001047992655499415], "q_25": 0.0009727046232331882, "q_75": 0.0010192963845011864, "min": 0.0009508478793908249, "max": 0.001047992655499415, "mean": 0.0010004027450287883, "std": 3.2212500188769685e-05, "repeat": 10, "number": 11}]}, "tracking.SingleAxis.time_singleaxis": {"result": [0.021035107085481286], "stats": [{"ci_99": [0.01807556115090847, 0.02426900016143918], "q_25": 0.019762025796808302, "q_75": 0.02205774956382811, "min": 0.01807556115090847, "max": 0.02426900016143918, "mean": 0.02098585763014853, "std": 0.001765766322364024, "repeat": 10, "number": 1}]}, "tracking.SingleAxis.time_tracker_singleaxis": {"result": [0.018408030970022082], "stats": [{"ci_99": [0.017228272277861834, 0.021688261069357395], "q_25": 0.017608583788387477, "q_75": 0.020229605957865715, "min": 0.017228272277861834, "max": 0.021688261069357395, "mean": 0.018924873881042005, "std": 0.00161901364118203, "repeat": 10, "number": 1}]}}, "params": {"arch": "x86_64", "cpu": "Intel Xeon Processor (Skylake, IBRS)",