{"results": {"irradiance.Irradiance.time_aoi": {"result": [0.002353024762123823], "stats": [{"ci_99": [0.002305508591234684, 0.002410028874874115], "q_25": 0.0023238252848386764, "q_75": 0.0023675409378483892, "min": 0.002305508591234684, "max": 0.002410028874874115, "mean": 0.0023521259147673843, "std": 3.234352908265141e-05, "repeat": 10, "number": 5}]}, "irradiance.Irradiance.time_aoi_projection": {"result": [0.0019930130414043865], "stats": [{"ci_99": [0.0019459908362478018, 0.002061822141210238], "q_25": 0.0019833386371222637, "q_75": 0.0020091867190785706, "min": 0.0019459908362478018, "max": 0.002061822141210238, "mean": 0.0019975035296132164, "std": 2.9354296818838036e-05, "repeat": 10, "number": 6}]}, "irradiance.Irradiance.time_dirindex": {"result": [0.13869003020226955], "stats": [{"ci_99": [0.13685474218800664, 0.1406132043339312], "q_25": 0.1378180036554113, "q_75": 0.13934994442388415, "min": 0.13685474218800664, "max": 0.1406132043339312, "mean": 0.138736228691414, "std": 0.001156752893513614, "repeat": 10, "number": 1}]}, "irradiance.Irradiance.time_dirint": {"result": [0.0702275785151869], "stats": [{"ci_99": [0.06872625788673759, 0.07173469197005033], "q_25": 0.06928535632323474, "q_75": 0.07070630590897053, "min": 0.06872625788673759, "max": 0.07173469197005033, "mean": 0.07009338815696538, "std": 0.0008939278487802372, "repeat": 10, "number": 1}]}, "irradiance.Irradiance.time_disc": {"result": [0.019085498061031103], "stats": [{"ci_99": [0.01821595523506403, 0.019726503174751997], "q_25": 0.018522828817367554, "q_75": 0.019452619017101824, "min": 0.01821595523506403, "max": 0.019726503174751997, "mean": 0.019021165929734705, "std": 0.0005180499898953487, "repeat": 10, "number": 1}]}, "irradiance.Irradiance.time_erbs": {"result": [0.013017917517572641], "stats": [{"ci_99": [0.012369481846690178, 0.014137052930891514], "q_25": 0.012863744399510324, "q_75": 0.013171272352337837, "min": 0.012369481846690178, "max": 0.014137052930891514, "mean": 0.013038311386480927, "std": 0.0004637637429548598, "repeat": 10, "number": 1}]}, "irradiance.Irradiance.time_get_extra_radiation": {"result": [0.0026460763765498996], "stats": [{"ci_99": [0.0025773384841158986, 0.002677610842511058], "q_25": 0.0026179418491665274, "q_75": 0.0026566391752567142, "min": 0.0025773384841158986, "max": 0.002677610842511058, "mean": 0.002635760616976768, "std": 3.101088941593021e-05, "repeat": 10, "number": 4}]}, "irradiance.Irradiance.time_get_ground_diffuse": {"result": [0.0005309231695719064], "stats": [{"ci_99": [0.0005045248428359628, 0.0005604038015007973], "q_25": 0.0005133091763127595, "q_75": 0.0005352155247237533, "min": 0.0005045248428359628, "max": 0.0005604038015007973, "mean": 0.0005282217846252024, "std": 1.67859714742322e-05, "repeat": 10, "number": 20}]}, "irradiance.Irradiance.time_get_total_irradiance": {"result": [0.005293840426020324], "stats": [{"ci_99": [0.005250666523352265, 0.005536237498745322], "q_25": 0.005262753227725625, "q_75": 0.005373280495405197, "min": 0.005250666523352265, "max": 0.005536237498745322, "mean": 0.005326894600875676, "std": 8.527490114660083e-05, "repeat": 10, "number": 2}]}, "location.Location.time_location_get_airmass": {"result": [0.001416931307176128], "stats": [{"ci_99": [0.0013152608880773187, 0.0014329257537610829], "q_25": 0.0014107479946687818, "q_75": 0.0014231398236006498, "min": 0.0013152608880773187, "max": 0.0014329257537610829, "mean": 0.0014089422067627311, "std": 3.2181930776280976e-05, "repeat": 10, "number": 8}]}, "location.Location.time_location_get_clearsky": {"result": [0.01273979851976037], "stats": [{"ci_99": [0.012136234901845455, 0.013202071189880371], "q_25": 0.012296118307858706, "q_75": 0.012830125633627176, "min": 0.012136234901845455, "max": 0.013202071189880371, "mean": 0.012611897476017476, "std": 0.0003462709087499073, "repeat": 10, "number": 1}]}, "location.Location.time_location_get_solarposition": {"result": [0.01756262849085033], "stats": [{"ci_99": [0.017341564875096083, 0.01771898102015257], "q_25": 0.01748145534656942, "q_75": 0.017664630664512515, "min": 0.017341564875096083, "max": 0.01771898102015257, "mean": 0.017561439145356416, "std": 0.00011957329536668418, "repeat": 10, "number": 1}]}, "location.Location_0_6_1.time_location_get_sun_rise_set_transit_pyephem": {"result": [0.1944533810019493], "stats": [{"ci_99": [0.17825974291190505, 0.19552422408014536], "q_25": 0.1941460381494835, "q_75": 0.19456461782101542, "min": 0.17825974291190505, "max": 0.19552422408014536, "mean": 0.19135370589792727, "std": 0.006529193874561775, "repeat": 10, "number": 1}]}, "location.Location_0_6_1.time_location_get_sun_rise_set_transit_spa": {"result": [0.042518382892012596], "stats": [{"ci_99": [0.04230640409514308, 0.0427659060806036], "q_25": 0.042484439560212195, "q_75": 0.04257095593493432, "min": 0.04230640409514308, "max": 0.0427659060806036, "mean": 0.04251734800636768, "std": 0.00012429286580340138, "repeat": 10, "number": 1}]}, "solarposition.SolarPosition.time_ephemeris": {"result": [0.024684252683073282], "stats": [{"ci_99": [0.023444600868970156, 0.02490275911986828], "q_25": 0.024443684029392898, "q_75": 0.024784283596090972, "min": 0.023444600868970156, "max": 0.02490275911986828, "mean": 0.02451773528009653, "std": 0.0004294078884101365, "repeat": 10, "number": 1}]}, "solarposition.SolarPosition.time_ephemeris_localized": {"result": [0.024904357036575675], "stats": [{"ci_99": [0.02396723674610257, 0.02513048006221652], "q_25": 0.024705495219677687, "q_75": 0.02501637057866901, "min": 0.02396723674610257, "max": 0.02513048006221652, "mean": 0.024809116683900356, "std": 0.00032491056668244904, "repeat": 10, "number": 1}]}, "solarposition.SolarPosition.time_nrel_earthsun_distance": {"result": [0.023461630102247], "stats": [{"ci_99": [0.02318214438855648, 0.023722641170024872], "q_25": 0.02337444806471467, "q_75": 0.023556175059638917, "min": 0.02318214438855648, "max": 0.023722641170024872, "mean": 0.023454611375927924, "std": 0.00016214533455229425, "repeat": 10, "number": 1}]}, "solarposition.SolarPosition.time_spa_python": {"result": [0.028194478480145335], "stats": [{"ci_99": [0.028011473827064037, 0.028488525189459324], "q_25": 0.02813687431626022, "q_75": 0.028270409093238413, "min": 0.028011473827064037, "max": 0.028488525189459324, "mean": 0.028211684618145227, "std": 0.00012309367735884513, "repeat": 10, "number": 1}]}, "solarposition.SolarPosition.time_sun_rise_set_transit_spa": {"result": [0.048785795690491796], "stats": [{"ci_99": [0.04830692708492279, 0.049174248706549406], "q_25": 0.04841279098764062, "q_75": 0.048913525184616446, "min": 0.04830692708492279, "max": 0.049174248706549406, "mean": 0.04871514094993472, "std": 0.0002998192122250646, "repeat": 10, "number": 1}]}, "temperature.Fuentes.time_fuentes": NaN, "temperature.SAPM.time_sapm_cell": {"result": [0.0015817130250590189], "stats": [{"ci_99": [0.0015716359817555972, 0.0016134805711252348], "q_25": 0.0015752497295449886, "q_75": 0.0016004393941589762, "min": 0.0015716359817555972, "max": 0.0016134805711252348, "mean": 0.0015876717665897946, "std": 1.426834481406193e-05, "repeat": 10, "number": 7}]}, "tracking.SingleAxis.time_singleaxis": {"result": [0.006462865276262164], "stats": [{"ci_99": [0.006284571019932628, 0.006863697431981564], "q_25": 0.006352322408929467, "q_75": 0.006672372575849295, "min": 0.006284571019932628, "max": 0.006863697431981564, "mean": 0.006526039983145893, "std": 0.0002046836815090977, "repeat": 10, "number": 2}]}, "tracking.SingleAxis.time_tracker_singleaxis": {"result": [0.006378089543431997], "stats": [{"ci_99": [0.006061700871214271, 0.006619991501793265], "q_25": 0.006312533863820136, "q_75": 0.006530942628160119, "min": 0.006061700871214271, "max": 0.006619991501793265, "mean": 0.006396219180896878, "std": 0.00016444647534291963, "repeat": 10, "number": 2}]}}, "params": {"arch": "x86_64", "cpu": "Intel Xeon Processor (Skylake, IBRS)",