{"results": {"irradiance.Irradiance.time_aoi": {"result": [0.0023802997078746554], "stats": [{"ci_99": [0.0023612026125192642, 0.0024306556209921838], "q_25": 0.002370309107936919, "q_75": 0.002382232854142785, "min": 0.0023612026125192642, "max": 0.0024306556209921838, "mean": 0.0023816970363259313, "std": 1.822874287157046e-05, "repeat": 10, "number": 5}]}, "irradiance.Irradiance.time_aoi_projection": {"result": [0.0021428992971777912], "stats": [{"ci_99": [0.0021220091730356216, 0.002170089539140463], "q_25": 0.0021340837702155113, "q_75": 0.0021492678672075274, "min": 0.0021220091730356216, "max": 0.002170089539140463, "mean": 0.002143217036500573, "std": 1.3423069865117288e-05, "repeat": 10, "number": 5}]}, "irradiance.Irradiance.time_dirindex": {"result": [0.06619998556561768], "stats": [{"ci_99": [0.06512291310355067, 0.0698609109967947], "q_25": 0.06584750185720623, "q_75": 0.06635283376090229, "min": 0.06512291310355067, "max": 0.0698609109967947, "mean": 0.06637548943981528, "std": 0.0012641192596208864, "repeat": 10, "number": 1}]}, "irradiance.Irradiance.time_dirint": {"result": [0.033012482803314924], "stats": [{"ci_99": [0.032420978881418705, 0.03396977670490742], "q_25": 0.03288567846175283, "q_75": 0.033347357995808125, "min": 0.032420978881418705, "max": 0.03396977670490742, "mean": 0.033145842934027316, "std": 0.00048363136723065945, "repeat": 10, "number": 1}]}, "irradiance.Irradiance.time_disc": {"result": [0.012863040436059237], "stats": [{"ci_99": [0.012633402831852436, 0.01317252917215228], "q_25": 0.012783762533217669, "q_75": 0.012933048652485013, "min": 0.012633402831852436, "max": 0.01317252917215228, "mean": 0.012867588084191084, "std": 0.00015079312097036188, "repeat": 10, "number": 1}]}, "irradiance.Irradiance.time_erbs": {"result": [0.006790959509089589], "stats": [{"ci_99": [0.006748319370672107, 0.006909902906045318], "q_25": 0.006765932077541947, "q_75": 0.006813399610109627, "min": 0.006748319370672107, "max": 0.006909902906045318, "mean": 0.006798593979328871, "std": 4.385740968335424e-05, "repeat": 10, "number": 2}]}, "irradiance.Irradiance.time_get_extra_radiation": {"result": [0.0005429236365384177], "stats": [{"ci_99": [0.0005385804382201872, 0.0005518809500101366], "q_25": 0.0005408255077016197, "q_75": 0.0005462984922096917, "min": 0.0005385804382201872, "max": 0.0005518809500101366, "mean": 0.0005437003938775313, "std": 3.960077926473585e-06, "repeat": 10, "number": 19}]}, "irradiance.Irradiance.time_get_ground_diffuse": {"result": [0.0003419299309532489], "stats": [{"ci_99": [0.00032428351621473987, 0.0003766438082581566], "q_25": 0.0003289817682197017, "q_75": 0.0003521821476639278, "min": 0.00032428351621473987, "max": 0.0003766438082581566, "mean": 0.00034272966966513666, "std": 1.5811265166372328e-05, "repeat": 10, "number": 31}]}, "irradiance.Irradiance.time_get_total_irradiance": {"result": [0.004581191344186664], "stats": [{"ci_99": [0.0045237429440021515, 0.004656276199966669], "q_25": 0.004548416395361225, "q_75": 0.004608978090497355, "min": 0.0045237429440021515, "max": 0.004656276199966669, "mean": 0.004582371298844616, "std": 4.088885012786958e-05, "repeat": 10, "number": 3}]}, "location.Location.time_location_get_airmass": {"result": [0.0013739959395024925], "stats": [{"ci_99": [0.0013545778347179294, 0.0015045226318761706], "q_25": 0.0013682762946700677, "q_75": 0.001387325450195931, "min": 0.0013545778347179294, "max": 0.0015045226318761706, "mean": 0.0013974410074297338, "std": 5.443005160782777e-05, "repeat": 10, "number": 8}]}, "location.Location.time_location_get_clearsky": {"result": [0.009442938258871436], "stats": [{"ci_99": [0.00909703061915934, 0.010060099186375737], "q_25": 0.009242306055966765, "q_75": 0.009547005756758153, "min": 0.00909703061915934, "max": 0.010060099186375737, "mean": 0.009451528871431946, "std": 0.0002623033302101364, "repeat": 10, "number": 2}]}, "location.Location.time_location_get_solarposition": {"result": [0.015260691056028008], "stats": [{"ci_99": [0.015231744386255741, 0.015337286051362753], "q_25": 0.0152528565376997, "q_75": 0.01527769397944212, "min": 0.015231744386255741, "max": 0.015337286051362753, "mean": 0.015270359115675092, "std": 3.0501225318670773e-05, "repeat": 10, "number": 1}]}, "location.Location_0_6_1.time_location_get_sun_rise_set_transit_pyephem": NaN, "location.Location_0_6_1.time_location_get_sun_rise_set_transit_spa": NaN, "solarposition.SolarPosition.time_ephemeris": {"result": [0.01830805419012904], "stats": [{"ci_99": [0.01812361879274249, 0.018370349891483784], "q_25": 0.018219662713818252, "q_75": 0.0183163060573861, "min": 0.01812361879274249, "max": 0.018370349891483784, "mean": 0.018268907023593784, "std": 8.110748480142499e-05, "repeat": 10, "number": 1}]}, "solarposition.SolarPosition.time_ephemeris_localized": {"result": [0.01855274452827871], "stats": [{"ci_99": [0.01818193681538105, 0.019042730797082186], "q_25": 0.018279088544659317, "q_75": 0.018960561836138368, "min": 0.01818193681538105, "max": 0.019042730797082186, "mean": 0.018599738599732518, "std": 0.00033499032006128397, "repeat": 10, "number": 1}]}, "solarposition.SolarPosition.time_nrel_earthsun_distance": {"result": [0.022788930917158723], "stats": [{"ci_99": [0.022639531176537275, 0.022899817675352097], "q_25": 0.022741262917406857, "q_75": 0.02285320602823049, "min": 0.022639531176537275, "max": 0.022899817675352097, "mean": 0.022792254155501724, "std": 7.764505124457334e-05, "repeat": 10, "number": 1}]}, "solarposition.SolarPosition.time_spa_python": {"result": [0.026039124932140112], "stats": [{"ci_99": [0.02596400072798133, 0.028199668042361736], "q_25": 0.02600337693002075, "q_75": 0.026176373125053942, "min": 0.02596400072798133, "max": 0.028199668042361736, "mean": 0.02635282031260431, "std": 0.0006774508415075359, "repeat": 10, "number": 1}]}, "solarposition.SolarPosition.time_sun_rise_set_transit_spa": {"result": [0.0389124914072454], "stats": [{"ci_99": [0.03882218478247523, 0.039224108681082726], "q_25": 0.038863560068421066, "q_75": 0.03898634121287614, "min": 0.03882218478247523, "max": 0.039224108681082726, "mean": 0.03894379991106689, "std": 0.00011239430475977855, "repeat": 10, "number": 1}]}, "temperature.Fuentes.time_fuentes": NaN, "temperature.SAPM.time_sapm_cell": {"result": [0.001677271510873522], "stats": [{"ci_99": [0.0016525186864393099, 0.001708937675825187], "q_25": 0.0016617484423997145, "q_75": 0.0016958687753815735, "min": 0.0016525186864393099, "max": 0.001708937675825187, "mean": 0.0016783235262015038, "std": 1.89585884825427e-05, "repeat": 10, "number": 7}]}, "tracking.SingleAxis.time_singleaxis": {"result": [0.01707694260403514], "stats": [{"ci_99": [0.015035733114928007, 0.019642454106360674], "q_25": 0.016733356402255595, "q_75": 0.019089877605438232, "min": 0.015035733114928007, "max": 0.019642454106360674, "mean": 0.017475350946187972, "std": 0.0016277838334890107, "repeat": 10, "number": 1}]}, "tracking.SingleAxis.time_tracker_singleaxis": {"result": [0.015976591035723686], "stats": [{"ci_99": [0.014645885210484266, 0.018756764009594917], "q_25": 0.01546843652613461, "q_75": 0.016792132752016187, "min": 0.014645885210484266, "max": 0.018756764009594917, "mean": 0.016306173289194703, "std": 0.001202276711773626, "repeat": 10, "number": 1}]}}, "params": {"arch": "x86_64", "cpu": "Intel Xeon Processor (Skylake, IBRS)", "machine": "pvlib-asv.forecasting.energy.arizona.edu", "num_cpu": "4", "os": "Linux 5.7.8-200.fc32.x86_64", "ram": "8145244", "python": "3.6", "numpy": "1.12.0", "pandas": "0.22.0", "scipy": "1.2.0", "pytables": "3.6.1", "ephem": "3.7.6.0"}, "requirements": {"numpy": "1.12.0", "pandas": "0.22.0", "scipy": "1.2.0", "pytables": "3.6.1", "ephem": "3.7.6.0"}, "commit_hash": "0486c3b5aa202658cf62ed5320aab96784aa2cc4", "date": 1548125345000, "env_name": "conda-py3.6-ephem3.7.6.0-numpy1.12.0-pandas0.22.0-pytables3.6.1-scipy1.2.0", "python": "3.6", "profiles": {},