{"results": {"irradiance.Irradiance.time_aoi": {"result": [0.0022914181929081677], "stats": [{"ci_99": [0.002279031369835138, 0.0023757487535476683], "q_25": 0.002285250392742455, "q_75": 0.0023364396998658775, "min": 0.002279031369835138, "max": 0.0023757487535476683, "mean": 0.002310849828645587, "std": 3.255006587063709e-05, "repeat": 10, "number": 5}]}, "irradiance.Irradiance.time_aoi_projection": {"result": [0.0020064097829163075], "stats": [{"ci_99": [0.0019435258582234383, 0.0020685121417045593], "q_25": 0.0019839255837723613, "q_75": 0.002037224848754704, "min": 0.0019435258582234383, "max": 0.0020685121417045593, "mean": 0.0020081639382988218, "std": 3.680506425410838e-05, "repeat": 10, "number": 5}]}, "irradiance.Irradiance.time_dirindex": {"result": [0.14077589404769242], "stats": [{"ci_99": [0.13973989011719823, 0.1459953230805695], "q_25": 0.13978517043869942, "q_75": 0.1430966096231714, "min": 0.13973989011719823, "max": 0.1459953230805695, "mean": 0.1415890666656196, "std": 0.0020201213817963317, "repeat": 10, "number": 1}]}, "irradiance.Irradiance.time_dirint": {"result": [0.07054137345403433], "stats": [{"ci_99": [0.06881892727687955, 0.07297369977459311], "q_25": 0.0695730367442593, "q_75": 0.07139873364940286, "min": 0.06881892727687955, "max": 0.07297369977459311, "mean": 0.07068137098103762, "std": 0.0013631805262488655, "repeat": 10, "number": 1}]}, "irradiance.Irradiance.time_disc": {"result": [0.01907813991419971], "stats": [{"ci_99": [0.01844423683360219, 0.02073853090405464], "q_25": 0.018678476568311453, "q_75": 0.01979974179994315, "min": 0.01844423683360219, "max": 0.02073853090405464, "mean": 0.019305231468752026, "std": 0.0007263379658566301, "repeat": 10, "number": 1}]}, "irradiance.Irradiance.time_erbs": {"result": [0.012618212727829814], "stats": [{"ci_99": [0.01176984841004014, 0.013014190830290318], "q_25": 0.01232137018814683, "q_75": 0.012881399132311344, "min": 0.01176984841004014, "max": 0.013014190830290318, "mean": 0.012534485384821891, "std": 0.0004204597473032964, "repeat": 10, "number": 1}]}, "irradiance.Irradiance.time_get_extra_radiation": {"result": [0.0026398441405035555], "stats": [{"ci_99": [0.0026040402008220553, 0.0026762544875964522], "q_25": 0.0026330584660172462, "q_75": 0.0026524542190600187, "min": 0.0026040402008220553, "max": 0.0026762544875964522, "mean": 0.002640295773744583, "std": 2.0335746858258483e-05, "repeat": 10, "number": 4}]}, "irradiance.Irradiance.time_get_ground_diffuse": {"result": [0.0005477106315083802], "stats": [{"ci_99": [0.0005213519791141153, 0.0005916832014918327], "q_25": 0.000534260447602719, "q_75": 0.000569096184335649, "min": 0.0005213519791141153, "max": 0.0005916832014918327, "mean": 0.0005525287566706538, "std": 2.2324388924346205e-05, "repeat": 10, "number": 20}]}, "irradiance.Irradiance.time_get_total_irradiance": {"result": [0.005434418679215014], "stats": [{"ci_99": [0.005237455014139414, 0.005565702682361007], "q_25": 0.0053713658126071095, "q_75": 0.005522574414499104, "min": 0.005237455014139414, "max": 0.005565702682361007, "mean": 0.0054316215449944135, "std": 0.00010333720621642362, "repeat": 10, "number": 2}]}, "location.Location.time_location_get_airmass": {"result": [0.0014214203984010965], "stats": [{"ci_99": [0.0013164450065232813, 0.0014356713509187102], "q_25": 0.0014178007113514468, "q_75": 0.001428294082870707, "min": 0.0013164450065232813, "max": 0.0014356713509187102, "mean": 0.0014133698947262018, "std": 3.2980673954836674e-05, "repeat": 10, "number": 8}]}, "location.Location.time_location_get_clearsky": {"result": [0.012866136152297258], "stats": [{"ci_99": [0.012579229660332203, 0.013230913784354925], "q_25": 0.012805011705495417, "q_75": 0.012882092269137502, "min": 0.012579229660332203, "max": 0.013230913784354925, "mean": 0.012863855389878154, "std": 0.00015424520512312802, "repeat": 10, "number": 1}]}, "location.Location.time_location_get_solarposition": {"result": [0.017727440455928445], "stats": [{"ci_99": [0.01764741400256753, 0.01792441215366125], "q_25": 0.01766338711604476, "q_75": 0.017770708305761218, "min": 0.01764741400256753, "max": 0.01792441215366125, "mean": 0.0177345794159919, "std": 8.152857427958092e-05, "repeat": 10, "number": 1}]}, "location.Location_0_6_1.time_location_get_sun_rise_set_transit_pyephem": NaN, "location.Location_0_6_1.time_location_get_sun_rise_set_transit_spa": NaN, "solarposition.SolarPosition.time_ephemeris": {"result": [0.025155683746561408], "stats": [{"ci_99": [0.025017245672643185, 0.026511428877711296], "q_25": 0.0251025598263368, "q_75": 0.02626422035973519, "min": 0.025017245672643185, "max": 0.026511428877711296, "mean": 0.025576022965833545, "std": 0.0006166391420265185, "repeat": 10, "number": 1}]}, "solarposition.SolarPosition.time_ephemeris_localized": {"result": [0.024877758929505944], "stats": [{"ci_99": [0.024404763244092464, 0.025125788059085608], "q_25": 0.024682088056579232, "q_75": 0.025001354864798486, "min": 0.024404763244092464, "max": 0.025125788059085608, "mean": 0.02483193753287196, "std": 0.00022501313466246858, "repeat": 10, "number": 1}]}, "solarposition.SolarPosition.time_nrel_earthsun_distance": {"result": [0.02399803581647575], "stats": [{"ci_99": [0.023915303871035576, 0.024208900053054094], "q_25": 0.023956578690558672, "q_75": 0.024048877763561904, "min": 0.023915303871035576, "max": 0.024208900053054094, "mean": 0.02402271148748696, "std": 8.804389961240396e-05, "repeat": 10, "number": 1}]}, "solarposition.SolarPosition.time_spa_python": {"result": [0.02848661644384265], "stats": [{"ci_99": [0.028182804118841887, 0.02862526196986437], "q_25": 0.028350859531201422, "q_75": 0.028501301887445152, "min": 0.028182804118841887, "max": 0.02862526196986437, "mean": 0.028441939828917386, "std": 0.0001306921245847503, "repeat": 10, "number": 1}]}, "solarposition.SolarPosition.time_sun_rise_set_transit_spa": {"result": [0.04950850736349821], "stats": [{"ci_99": [0.04919223301112652, 0.05096470471471548], "q_25": 0.049288759590126574, "q_75": 0.050358805572614074, "min": 0.04919223301112652, "max": 0.05096470471471548, "mean": 0.049823923222720626, "std": 0.000622413090285853, "repeat": 10, "number": 1}]}, "temperature.Fuentes.time_fuentes": NaN, "temperature.SAPM.time_sapm_cell": {"result": [0.002210620418190956], "stats": [{"ci_99": [0.002092241309583187, 0.002276031207293272], "q_25": 0.002103702980093658, "q_75": 0.0022244840394705532, "min": 0.002092241309583187, "max": 0.002276031207293272, "mean": 0.002177250953391194, "std": 6.58280594827306e-05, "repeat": 10, "number": 5}]}, "tracking.SingleAxis.time_singleaxis": {"result": [0.006375715718604624], "stats": [{"ci_99": [0.006143502425402403, 0.006625051377341151], "q_25": 0.006198130489792675, "q_75": 0.006444687373004854, "min": 0.006143502425402403, "max": 0.006625051377341151, "mean": 0.006345083960331977, "std": 0.00014978531514373613, "repeat": 10, "number": 2}]}, "tracking.SingleAxis.time_tracker_singleaxis": {"result": [0.0063245161436498165], "stats": [{"ci_99": [0.006147043081000447, 0.006854187464341521], "q_25": 0.00628291949396953, "q_75": 0.006553959159646183, "min": 0.006147043081000447, "max": 0.006854187464341521, "mean": 0.006406872789375484, "std": 0.00021435511836148292, "repeat": 10, "number": 2}]}}, "params": {"arch": "x86_64", "cpu": "Intel Xeon Processor (Skylake, IBRS)", "machine": "pvlib-asv.forecasting.energy.arizona.edu", "num_cpu": "4", "os": "Linux 5.7.8-200.fc32.x86_64", "ram": "8145244", "python": "3.8", "numpy": "", "pandas": "", "scipy": "", "pytables": "", "ephem": ""}, "requirements": {"numpy": "", "pandas": "", "scipy": "", "pytables": "", "ephem": ""}, "commit_hash": "0486c3b5aa202658cf62ed5320aab96784aa2cc4", "date": 1548125345000, "env_name": "conda-py3.8-ephem-numpy-pandas-pytables-scipy", "python": "3.8", "profiles": {}, "started_at": {"irradiance.Irradiance.time_aoi": 1599804590888, "irradiance.Irradiance.time_aoi_projection": 1599804592744,