{"results": {"irradiance.TimeSuite.time_aoi": {"result": [0.0022072507068514827], "stats": [{"ci_99": [0.0021972556598484514, 0.0022336275316774843], "q_25": 0.0022008010651916265, "q_75": 0.002215084107592702, "min": 0.0021972556598484514, "max": 0.0022336275316774843, "mean": 0.002209651283919811, "std": 1.1226743287130093e-05, "repeat": 10, "number": 5}]}, "irradiance.TimeSuite.time_aoi_projection": {"result": [0.002237351331859827], "stats": [{"ci_99": [0.002218590769916773, 0.0022922050207853316], "q_25": 0.0022267889697104694, "q_75": 0.0022463753586634996, "min": 0.002218590769916773, "max": 0.0022922050207853316, "mean": 0.0022408975381404163, "std": 2.121447289292228e-05, "repeat": 10, "number": 5}]}, "irradiance.TimeSuite.time_dirindex": {"result": [0.14915387658402324], "stats": [{"ci_99": [0.14704777672886848, 0.15312356874346733], "q_25": 0.14813928469084203, "q_75": 0.15014506527222693, "min": 0.14704777672886848, "max": 0.15312356874346733, "mean": 0.14938145726919175, "std": 0.0016718589025102475, "repeat": 10, "number": 1}]}, "irradiance.TimeSuite.time_dirint": {"result": [0.07412106241099536], "stats": [{"ci_99": [0.07354591321200132, 0.07491193199530244], "q_25": 0.07383213634602726, "q_75": 0.07465911365579814, "min": 0.07354591321200132, "max": 0.07491193199530244, "mean": 0.07423681858927011, "std": 0.00046513904663243434, "repeat": 10, "number": 1}]}, "irradiance.TimeSuite.time_disc": {"result": [0.01981001952663064], "stats": [{"ci_99": [0.018094808794558048, 0.0199413001537323], "q_25": 0.018669537967070937, "q_75": 0.01989313936792314, "min": 0.018094808794558048, "max": 0.0199413001537323, "mean": 0.019344703294336796, "std": 0.0007004329433627325, "repeat": 10, "number": 1}]}, "irradiance.TimeSuite.time_erbs": {"result": [0.012908360920846462], "stats": [{"ci_99": [0.01196611998602748, 0.013001956976950169], "q_25": 0.012785518541932106, "q_75": 0.01295332598965615, "min": 0.01196611998602748, "max": 0.013001956976950169, "mean": 0.012801129324361681, "std": 0.0002888777957304244, "repeat": 10, "number": 1}]}, "irradiance.TimeSuite.time_get_extra_radiation": {"result": [0.0027005590964108706], "stats": [{"ci_99": [0.002660018508322537, 0.00293354201130569], "q_25": 0.002674859337275848, "q_75": 0.002716873539611697, "min": 0.002660018508322537, "max": 0.00293354201130569, "mean": 0.002733720699325204, "std": 9.333792567767224e-05, "repeat": 10, "number": 4}]}, "irradiance.TimeSuite.time_get_ground_diffuse": {"result": [0.0005104844352569093], "stats": [{"ci_99": [0.0005045943173833869, 0.000545825639908964], "q_25": 0.0005085642756470902, "q_75": 0.0005157924077304249, "min": 0.0005045943173833869, "max": 0.000545825639908964, "mean": 0.0005145376675169575, "std": 1.1266164901483477e-05, "repeat": 10, "number": 22}]}, "irradiance.TimeSuite.time_get_total_irradiance": {"result": [0.005076510948128998], "stats": [{"ci_99": [0.0050502135418355465, 0.005213290918618441], "q_25": 0.005060164898168296, "q_75": 0.005159562919288874, "min": 0.0050502135418355465, "max": 0.005213290918618441, "mean": 0.005109082162380219, "std": 6.164933003199195e-05, "repeat": 10, "number": 2}]}, "location.TimeSuite.time_location_get_airmass": {"result": [0.0015035010209040983], "stats": [{"ci_99": [0.0014967744105628558, 0.0015408980127956187], "q_25": 0.0015028345764481594, "q_75": 0.0015115900563874415, "min": 0.0014967744105628558, "max": 0.0015408980127956187, "mean": 0.0015088404794888835, "std": 1.2112874547680197e-05, "repeat": 10, "number": 7}]}, "location.TimeSuite.time_location_get_clearsky": {"result": [0.013360131066292524], "stats": [{"ci_99": [0.012278653215616941, 0.013883468229323626], "q_25": 0.013275203411467373, "q_75": 0.013464789488352835, "min": 0.012278653215616941, "max": 0.013883468229323626, "mean": 0.013268707459792495, "std": 0.00048936358544796, "repeat": 10, "number": 1}]}, "location.TimeSuite.time_location_get_solarposition": {"result": [0.017789671663194895], "stats": [{"ci_99": [0.017593976110219955, 0.018297222908586264], "q_25": 0.017644417355768383, "q_75": 0.01786531531251967, "min": 0.017593976110219955, "max": 0.018297222908586264, "mean": 0.01780724651180208, "std": 0.00020396680384257134, "repeat": 10, "number": 1}]}, "location.TimeSuite.time_location_get_sun_rise_set_transit_pyephem": null, "location.TimeSuite.time_location_get_sun_rise_set_transit_spa": null, "solarposition.TimeSuite.time_ephemeris": {"result": [0.02526137442328036], "stats": [{"ci_99": [0.02505113184452057, 0.025564047042280436], "q_25": 0.025201856973581016, "q_75": 0.025329840718768537, "min": 0.02505113184452057, "max": 0.025564047042280436, "mean": 0.02528895097784698, "std": 0.00014968038385844353, "repeat": 10, "number": 1}]}, "solarposition.TimeSuite.time_ephemeris_localized": {"result": [0.025160052115097642], "stats": [{"ci_99": [0.024648663122206926, 0.02543448517099023], "q_25": 0.02507479186169803, "q_75": 0.025259600137360394, "min": 0.024648663122206926, "max": 0.02543448517099023, "mean": 0.025142634473741054, "std": 0.00019709213968517654, "repeat": 10, "number": 1}]}, "solarposition.TimeSuite.time_nrel_earthsun_distance": {"result": [0.023169147549197078], "stats": [{"ci_99": [0.02299983287230134, 0.023864279966801405], "q_25": 0.02306463196873665, "q_75": 0.023310339427553117, "min": 0.02299983287230134, "max": 0.023864279966801405, "mean": 0.02325228853151202, "std": 0.00025038256935949136, "repeat": 10, "number": 1}]}, "solarposition.TimeSuite.time_spa_python": {"result": [0.028371595311909914], "stats": [{"ci_99": [0.028187388088554144, 0.028745288029313087], "q_25": 0.028330697561614215, "q_75": 0.028495740378275514, "min": 0.028187388088554144, "max": 0.028745288029313087, "mean": 0.0284192162565887, "std": 0.00015249386573395825, "repeat": 10, "number": 1}]}, "solarposition.TimeSuite.time_sun_rise_set_transit_spa": {"result": [0.049188260454684496], "stats": [{"ci_99": [0.04855622909963131, 0.05081565212458372], "q_25": 0.048858326859772205, "q_75": 0.049554237397387624, "min": 0.04855622909963131, "max": 0.05081565212458372, "mean": 0.04928815057501197, "std": 0.0006234041861190015, "repeat": 10, "number": 1}]}, "tracking.TimeSuite.time_singleaxis": {"result": [0.006608232273720205], "stats": [{"ci_99": [0.0062628802843391895, 0.0068297183606773615], "q_25": 0.006445144128520042, "q_75": 0.006788771948777139, "min": 0.0062628802843391895, "max": 0.0068297183606773615, "mean": 0.006601685006171465, "std": 0.0001909433693733756, "repeat": 10, "number": 2}]}, "tracking.TimeSuite.time_tracker_singleaxis": {"result": [0.006559835746884346], "stats": [{"ci_99": [0.006271151825785637, 0.006981882033869624], "q_25": 0.006439249613322318, "q_75": 0.006796294939704239, "min": 0.006271151825785637, "max": 0.006981882033869624, "mean": 0.006602671998552978, "std": 0.00023047603632134266, "repeat": 10, "number": 2}]}}, "params": {"arch": "x86_64", "cpu": "Intel Xeon Processor (Skylake, IBRS)", "machine": "pvlib-asv.forecasting.energy.arizona.edu", "num_cpu": "4", "os": "Linux 5.7.8-200.fc32.x86_64", "ram": "8145244", "python": "3.7", "ephem": "3.7.6.0", "numpy": "1.18.5", "pandas": "1.1.0", "pytables": "3.6.1", "scipy": "1.2.0"}, "requirements": {"ephem": "3.7.6.0", "numpy": "1.18.5", "pandas": "1.1.0", "pytables": "3.6.1", "scipy": "1.2.0"}, "commit_hash": "0486c3b5aa202658cf62ed5320aab96784aa2cc4", "date": 1548125345000, "env_name": "conda-py3.7-ephem3.7.6.0-numpy1.18.5-pandas1.1.0-pytables3.6.1-scipy1.2.0", "python": "3.7", "profiles": {}, "started_at": {"irradiance.TimeSuite.time_aoi": 1599347001845, "irradiance.TimeSuite.time_aoi_projection": 1599347003651, "irradiance.TimeSuite.time_dirindex": 1599347005507, "irradiance.TimeSuite.time_dirint": 1599347008063, "irradiance.TimeSuite.time_disc": 1599347010220, "irradiance.TimeSuite.time_erbs": 1599347012075, "irradiance.TimeSuite.time_get_extra_radiation": 1599347013881, "irradiance.TimeSuite.time_get_ground_diffuse": 1599347015687,