{"results": {"irradiance.Irradiance.time_aoi": {"result": [0.002195402700453997], "stats": [{"ci_99": [0.002152224816381931, 0.002412675879895687], "q_25": 0.0021898192819207905, "q_75": 0.0022040516603738067, "min": 0.002152224816381931, "max": 0.002412675879895687, "mean": 0.0022213968448340895, "std": 7.09304871948605e-05, "repeat": 10, "number": 5}]}, "irradiance.Irradiance.time_aoi_projection": {"result": [0.002221448300406337], "stats": [{"ci_99": [0.002154430001974106, 0.0023289846256375315], "q_25": 0.0022076898720115425, "q_75": 0.0022238380741328, "min": 0.002154430001974106, "max": 0.0023289846256375315, "mean": 0.002224312527105212, "std": 4.140040352447399e-05, "repeat": 10, "number": 5}]}, "irradiance.Irradiance.time_dirindex": {"result": [0.14535481855273247], "stats": [{"ci_99": [0.14312141807749867, 0.14925364684313536], "q_25": 0.14493882388342172, "q_75": 0.1476650316035375, "min": 0.14312141807749867, "max": 0.14925364684313536, "mean": 0.14591328050009905, "std": 0.002041125610774509, "repeat": 10, "number": 1}]}, "irradiance.Irradiance.time_dirint": {"result": [0.07100086566060781], "stats": [{"ci_99": [0.07038382301107049, 0.07258107513189316], "q_25": 0.07086336705833673, "q_75": 0.07151910406537354, "min": 0.07038382301107049, "max": 0.07258107513189316, "mean": 0.07124111377634108, "std": 0.0006366090897885741, "repeat": 10, "number": 1}]}, "irradiance.Irradiance.time_disc": {"result": [0.0193376368843019], "stats": [{"ci_99": [0.017560815904289484, 0.01950766984373331], "q_25": 0.019146985956467688, "q_75": 0.019412213587202132, "min": 0.017560815904289484, "max": 0.01950766984373331, "mean": 0.019065855350345374, "std": 0.0006066836794376984, "repeat": 10, "number": 1}]}, "irradiance.Irradiance.time_erbs": {"result": [0.012491943314671516], "stats": [{"ci_99": [0.0118064871057868, 0.012880424968898296], "q_25": 0.011855987599119544, "q_75": 0.012611809535883367, "min": 0.0118064871057868, "max": 0.012880424968898296, "mean": 0.012322959583252668, "std": 0.00040681462270233086, "repeat": 10, "number": 1}]}, "irradiance.Irradiance.time_get_extra_radiation": {"result": [0.002627387293614447], "stats": [{"ci_99": [0.0026136768283322453, 0.0027073922101408243], "q_25": 0.002618996426463127, "q_75": 0.0026342056517023593, "min": 0.0026136768283322453, "max": 0.0027073922101408243, "mean": 0.002634502633009106, "std": 2.5941219665287456e-05, "repeat": 10, "number": 4}]}, "irradiance.Irradiance.time_get_ground_diffuse": {"result": [0.0005176541744731367], "stats": [{"ci_99": [0.0004952072398737073, 0.0005463547073304653], "q_25": 0.0005012778739910573, "q_75": 0.0005365571531001478, "min": 0.0004952072398737073, "max": 0.0005463547073304653, "mean": 0.0005195471830666064, "std": 1.881360513223765e-05, "repeat": 10, "number": 20}]}, "irradiance.Irradiance.time_get_total_irradiance": {"result": [0.0050552364749213066], "stats": [{"ci_99": [0.005026291279743115, 0.005332609638571739], "q_25": 0.0050356799038127065, "q_75": 0.005090809737642606, "min": 0.005026291279743115, "max": 0.005332609638571739, "mean": 0.0050897385769834115, "std": 8.789108771342335e-05, "repeat": 10, "number": 3}]}, "location.Location.time_location_get_airmass": {"result": [0.0014987912561212268], "stats": [{"ci_99": [0.0014865826150136335, 0.0015120231546461582], "q_25": 0.0014926497491874865, "q_75": 0.0015086849951850517, "min": 0.0014865826150136335, "max": 0.0015120231546461582, "mean": 0.0014993638465447088, "std": 9.134677544974928e-06, "repeat": 10, "number": 7}]}, "location.Location.time_location_get_clearsky": {"result": [0.013200619723647833], "stats": [{"ci_99": [0.012123513966798782, 0.013512586243450642], "q_25": 0.012384139699861407, "q_75": 0.013429692946374416, "min": 0.012123513966798782, "max": 0.013512586243450642, "mean": 0.01296703894622624, "std": 0.0005538021167121795, "repeat": 10, "number": 1}]}, "location.Location.time_location_get_solarposition": {"result": [0.017961704172194004], "stats": [{"ci_99": [0.017572931945323944, 0.018385963048785925], "q_25": 0.017836940358392894, "q_75": 0.018124674330465496, "min": 0.017572931945323944, "max": 0.018385963048785925, "mean": 0.017972401855513454, "std": 0.00024663926024264145, "repeat": 10, "number": 1}]}, "location.Location_0_6_1.time_location_get_sun_rise_set_transit_pyephem": NaN, "location.Location_0_6_1.time_location_get_sun_rise_set_transit_spa": NaN, "solarposition.SolarPosition.time_ephemeris": {"result": [0.025194940390065312], "stats": [{"ci_99": [0.02482731593772769, 0.02609799988567829], "q_25": 0.025011664489284158, "q_75": 0.02543612034060061, "min": 0.02482731593772769, "max": 0.02609799988567829, "mean": 0.025255567114800214, "std": 0.00036113867068720613, "repeat": 10, "number": 1}]}, "solarposition.SolarPosition.time_ephemeris_localized": {"result": [0.025447659892961383], "stats": [{"ci_99": [0.025109988171607256, 0.026249328162521124], "q_25": 0.025271085556596518, "q_75": 0.02588788652792573, "min": 0.025109988171607256, "max": 0.026249328162521124, "mean": 0.025567410001531243, "std": 0.00036676107754834145, "repeat": 10, "number": 1}]}, "solarposition.SolarPosition.time_nrel_earthsun_distance": {"result": [0.0231058020144701], "stats": [{"ci_99": [0.022858485113829374, 0.023561661131680012], "q_25": 0.023042197688482702, "q_75": 0.023323441739194095, "min": 0.022858485113829374, "max": 0.023561661131680012, "mean": 0.023173465952277185, "std": 0.00021348077463231212, "repeat": 10, "number": 1}]}, "solarposition.SolarPosition.time_spa_python": {"result": [0.028370264219120145], "stats": [{"ci_99": [0.02818011399358511, 0.02872168691828847], "q_25": 0.02826759172603488, "q_75": 0.028567233472131193, "min": 0.02818011399358511, "max": 0.02872168691828847, "mean": 0.02841726392507553, "std": 0.00017832754501191701, "repeat": 10, "number": 1}]}, "solarposition.SolarPosition.time_sun_rise_set_transit_spa": {"result": [0.049499836284667253], "stats": [{"ci_99": [0.04900724906474352, 0.05089129786938429], "q_25": 0.04922513128258288, "q_75": 0.04990150744561106, "min": 0.04900724906474352, "max": 0.05089129786938429, "mean": 0.04962887209840119, "std": 0.0005351117266338119, "repeat": 10, "number": 1}]}, "temperature.Fuentes.time_fuentes": NaN, "temperature.SAPM.time_sapm_cell": {"result": [0.0021974164604519806], "stats": [{"ci_99": [0.00202585244551301, 0.0022356508610149226], "q_25": 0.002152777820204695, "q_75": 0.0022192888621551297, "min": 0.00202585244551301, "max": 0.0022356508610149226, "mean": 0.002172545902431011, "std": 6.377879591304174e-05, "repeat": 10, "number": 6}]}, "tracking.SingleAxis.time_singleaxis": {"result": [0.04509445605799556], "stats": [{"ci_99": [0.04402591101825237, 0.04860889818519354], "q_25": 0.04481106041930616, "q_75": 0.045632948516868055, "min": 0.04402591101825237, "max": 0.04860889818519354, "mean": 0.045427436288446185, "std": 0.001210437005725719, "repeat": 10, "number": 1}]}, "tracking.SingleAxis.time_tracker_singleaxis": {"result": [0.04543401161208749], "stats": [{"ci_99": [0.04381782887503505, 0.04683144995942712], "q_25": 0.04466464521829039, "q_75": 0.04596296569798142, "min": 0.04381782887503505, "max": 0.04683144995942712, "mean": 0.04533783700317144, "std": 0.0009128893298043778, "repeat": 10, "number": 1}]}}, "params": {"arch": "x86_64", "cpu": "Intel Xeon Processor (Skylake, IBRS)", "machine": "pvlib-asv.forecasting.energy.arizona.edu", "num_cpu": "4", "os": "Linux 5.7.8-200.fc32.x86_64", "ram": "8145244", "python": "3.7", "ephem": "3.7.6.0", "numpy": "1.18.5", "pandas": "1.1.0", "pytables": "3.6.1", "scipy": "1.2.0"}, "requirements": {"ephem": "3.7.6.0", "numpy": "1.18.5", "pandas": "1.1.0", "pytables": "3.6.1", "scipy": "1.2.0"}, "commit_hash": "05b06744a4ff5f3927fb30b7110ddda674eefd74", "date": 1536190944000, "env_name": "conda-py3.7-ephem3.7.6.0-numpy1.18.5-pandas1.1.0-pytables3.6.1-scipy1.2.0", "python": "3.7", "profiles": {}, "started_at": {"irradiance.Irradiance.time_aoi": 1599426794763,