{"results": {"irradiance.Irradiance.time_aoi": {"result": [0.002373353205621242], "stats": [{"ci_99": [0.0023291345685720445, 0.002434336859732866], "q_25": 0.0023566472111269834, "q_75": 0.002420243318192661, "min": 0.0023291345685720445, "max": 0.002434336859732866, "mean": 0.0023813449963927267, "std": 3.7326222377840095e-05, "repeat": 10, "number": 5}]}, "irradiance.Irradiance.time_aoi_projection": {"result": [0.0021515046712011097], "stats": [{"ci_99": [0.002106716204434633, 0.0023048109374940394], "q_25": 0.002116451435722411, "q_75": 0.0021622845670208335, "min": 0.002106716204434633, "max": 0.0023048109374940394, "mean": 0.002155923759564757, "std": 5.434410191633719e-05, "repeat": 10, "number": 5}]}, "irradiance.Irradiance.time_dirindex": {"result": [0.0635587724391371], "stats": [{"ci_99": [0.06299565872177482, 0.0646005212329328], "q_25": 0.06332235562149435, "q_75": 0.06405301229096949, "min": 0.06299565872177482, "max": 0.0646005212329328, "mean": 0.0636721192393452, "std": 0.0005044997323802028, "repeat": 10, "number": 1}]}, "irradiance.Irradiance.time_dirint": {"result": [0.031982637476176023], "stats": [{"ci_99": [0.03149003069847822, 0.033235399052500725], "q_25": 0.031664723879657686, "q_75": 0.032262717140838504, "min": 0.03149003069847822, "max": 0.033235399052500725, "mean": 0.03204536624252796, "std": 0.0004872628279628543, "repeat": 10, "number": 1}]}, "irradiance.Irradiance.time_disc": {"result": [0.012249172199517488], "stats": [{"ci_99": [0.01204651826992631, 0.01253910269588232], "q_25": 0.012120311963371933, "q_75": 0.012490873341448605, "min": 0.01204651826992631, "max": 0.01253910269588232, "mean": 0.012288664560765028, "std": 0.00018833641216581487, "repeat": 10, "number": 1}]}, "irradiance.Irradiance.time_erbs": {"result": [0.006768398801796138], "stats": [{"ci_99": [0.0066676270216703415, 0.006905539659783244], "q_25": 0.006722550664562732, "q_75": 0.006813102983869612, "min": 0.0066676270216703415, "max": 0.006905539659783244, "mean": 0.006772874924354255, "std": 7.093906546470797e-05, "repeat": 10, "number": 2}]}, "irradiance.Irradiance.time_get_extra_radiation": {"result": [0.0005458924968383815], "stats": [{"ci_99": [0.0005368154593988469, 0.0005627484060823917], "q_25": 0.000543643444727518, "q_75": 0.0005538810571459564, "min": 0.0005368154593988469, "max": 0.0005627484060823917, "mean": 0.0005486916603618546, "std": 7.611077047786002e-06, "repeat": 10, "number": 19}]}, "irradiance.Irradiance.time_get_ground_diffuse": {"result": [0.00035510383426181735], "stats": [{"ci_99": [0.00034646335388383557, 0.0003643381529517712], "q_25": 0.0003542407648637891, "q_75": 0.00036047276620182304, "min": 0.00034646335388383557, "max": 0.0003643381529517712, "mean": 0.00035639094909833323, "std": 5.085188783531256e-06, "repeat": 10, "number": 31}]}, "irradiance.Irradiance.time_get_total_irradiance": {"result": [0.004532576150571307], "stats": [{"ci_99": [0.0044861724600195885, 0.004644761482874553], "q_25": 0.004502277355641127, "q_75": 0.004557490271205704, "min": 0.0044861724600195885, "max": 0.004644761482874553, "mean": 0.004537695894638697, "std": 4.4790349879578445e-05, "repeat": 10, "number": 3}]}, "location.Location.time_location_get_airmass": {"result": [0.0013507750118151307], "stats": [{"ci_99": [0.001342609990388155, 0.001357097877189517], "q_25": 0.00134553576936014, "q_75": 0.0013537366758100688, "min": 0.001342609990388155, "max": 0.001357097877189517, "mean": 0.0013497071980964393, "std": 4.905048816927744e-06, "repeat": 10, "number": 8}]}, "location.Location.time_location_get_clearsky": {"result": [0.00947363511659205], "stats": [{"ci_99": [0.009040279081091285, 0.009743556380271912], "q_25": 0.009321938501670957, "q_75": 0.009533775097224861, "min": 0.009040279081091285, "max": 0.009743556380271912, "mean": 0.009412847412750124, "std": 0.0002068892378721357, "repeat": 10, "number": 2}]}, "location.Location.time_location_get_solarposition": {"result": [0.015112465946003795], "stats": [{"ci_99": [0.014950050972402096, 0.015344646759331226], "q_25": 0.015069819171912968, "q_75": 0.015137253794819117, "min": 0.014950050972402096, "max": 0.015344646759331226, "mean": 0.015119748003780843, "std": 9.801281355982892e-05, "repeat": 10, "number": 1}]}, "location.Location_0_6_1.time_location_get_sun_rise_set_transit_pyephem": NaN, "location.Location_0_6_1.time_location_get_sun_rise_set_transit_spa": NaN, "solarposition.SolarPosition.time_ephemeris": {"result": [0.018366806441918015], "stats": [{"ci_99": [0.018081260845065117, 0.01874070381745696], "q_25": 0.018277370487339795, "q_75": 0.018449828727170825, "min": 0.018081260845065117, "max": 0.01874070381745696, "mean": 0.018381466250866653, "std": 0.00017142706449670053, "repeat": 10, "number": 1}]}, "solarposition.SolarPosition.time_ephemeris_localized": {"result": [0.018237292300909758], "stats": [{"ci_99": [0.018007364124059677, 0.018659075256437063], "q_25": 0.01818012516014278, "q_75": 0.018343752715736628, "min": 0.018007364124059677, "max": 0.018659075256437063, "mean": 0.01828202251344919, "std": 0.0001711341988652196, "repeat": 10, "number": 1}]}, "solarposition.SolarPosition.time_nrel_earthsun_distance": {"result": [0.022730784257873893], "stats": [{"ci_99": [0.022669061087071896, 0.022869059816002846], "q_25": 0.02267852157820016, "q_75": 0.02280065242666751, "min": 0.022669061087071896, "max": 0.022869059816002846, "mean": 0.022746637742966414, "std": 7.095596958372886e-05, "repeat": 10, "number": 1}]}, "solarposition.SolarPosition.time_spa_python": {"result": [0.025881860870867968], "stats": [{"ci_99": [0.02583984285593033, 0.02618191670626402], "q_25": 0.025857585482299328, "q_75": 0.025899574626237154, "min": 0.02583984285593033, "max": 0.02618191670626402, "mean": 0.025906578963622452, "std": 9.472936960196578e-05, "repeat": 10, "number": 1}]}, "solarposition.SolarPosition.time_sun_rise_set_transit_spa": {"result": [0.03854138986207545], "stats": [{"ci_99": [0.03840690990909934, 0.03915434796363115], "q_25": 0.03848764160647988, "q_75": 0.03870031167753041, "min": 0.03840690990909934, "max": 0.03915434796363115, "mean": 0.038638295605778694, "std": 0.00024711654339316214, "repeat": 10, "number": 1}]}, "temperature.Fuentes.time_fuentes": NaN, "temperature.SAPM.time_sapm_cell": {"result": [0.0016434264169739826], "stats": [{"ci_99": [0.0016224082293254988, 0.0016707911023071834], "q_25": 0.0016316688353461878, "q_75": 0.0016458918772903936, "min": 0.0016224082293254988, "max": 0.0016707911023071834, "mean": 0.0016414143477699583, "std": 1.3328277647891386e-05, "repeat": 10, "number": 7}]}, "tracking.SingleAxis.time_singleaxis": {"result": [0.039041450479999185], "stats": [{"ci_99": [0.03741171211004257, 0.040637325029820204], "q_25": 0.038588813273236156, "q_75": 0.03943687316495925, "min": 0.03741171211004257, "max": 0.040637325029820204, "mean": 0.03905592677183449, "std": 0.0008237018978320374, "repeat": 10, "number": 1}]}, "tracking.SingleAxis.time_tracker_singleaxis": {"result": [0.03928564372472465], "stats": [{"ci_99": [0.036158541683107615, 0.04069857532158494], "q_25": 0.03836366883479059, "q_75": 0.03983502404298633, "min": 0.036158541683107615, "max": 0.04069857532158494, "mean": 0.03902635113336146, "std": 0.0012388385549416269, "repeat": 10, "number": 1}]}}, "params": {"arch": "x86_64", "cpu": "Intel Xeon Processor (Skylake, IBRS)", "machine": "pvlib-asv.forecasting.energy.arizona.edu", "num_cpu": "4", "os": "Linux 5.7.8-200.fc32.x86_64", "ram": "8145244", "python": "3.6", "numpy": "1.12.0", "pandas": "0.22.0", "scipy": "1.2.0", "pytables": "3.6.1", "ephem": "3.7.6.0"}, "requirements": {"numpy": "1.12.0", "pandas": "0.22.0", "scipy": "1.2.0", "pytables": "3.6.1", "ephem": "3.7.6.0"}, "commit_hash": "05b06744a4ff5f3927fb30b7110ddda674eefd74", "date": 1536190944000, "env_name": "conda-py3.6-ephem3.7.6.0-numpy1.12.0-pandas0.22.0-pytables3.6.1-scipy1.2.0", "python": "3.6", "profiles": {},