{"results": {"irradiance.Irradiance.time_aoi": {"result": [0.002309944946318865], "stats": [{"ci_99": [0.002278371434658766, 0.0023510818369686603], "q_25": 0.00229086431208998, "q_75": 0.0023345096735283735, "min": 0.002278371434658766, "max": 0.0023510818369686603, "mean": 0.0023128152545541522, "std": 2.5720596267305402e-05, "repeat": 10, "number": 5}]}, "irradiance.Irradiance.time_aoi_projection": {"result": [0.002035023838592072], "stats": [{"ci_99": [0.001971167977899313, 0.0021025823274006448], "q_25": 0.0020019850926473737, "q_75": 0.0020605407771654427, "min": 0.001971167977899313, "max": 0.0021025823274006448, "mean": 0.0020333117184539633, "std": 3.95312245949458e-05, "repeat": 10, "number": 6}]}, "irradiance.Irradiance.time_dirindex": {"result": [0.14254946960136294], "stats": [{"ci_99": [0.1376938857138157, 0.14629374910145998], "q_25": 0.14047193131409585, "q_75": 0.14449370233342052, "min": 0.1376938857138157, "max": 0.14629374910145998, "mean": 0.142312901513651, "std": 0.0026086711720227553, "repeat": 10, "number": 1}]}, "irradiance.Irradiance.time_dirint": {"result": [0.07090209191665053], "stats": [{"ci_99": [0.06905619986355305, 0.07301792735233903], "q_25": 0.06928389146924019, "q_75": 0.07189694978296757, "min": 0.06905619986355305, "max": 0.07301792735233903, "mean": 0.07081140773370861, "std": 0.0014680329851013006, "repeat": 10, "number": 1}]}, "irradiance.Irradiance.time_disc": {"result": [0.020039012422785163], "stats": [{"ci_99": [0.018270712345838547, 0.020804802887141705], "q_25": 0.019141988712362945, "q_75": 0.02026770729571581, "min": 0.018270712345838547, "max": 0.020804802887141705, "mean": 0.019744557375088335, "std": 0.0007616987448308247, "repeat": 10, "number": 1}]}, "irradiance.Irradiance.time_erbs": {"result": [0.013529478572309017], "stats": [{"ci_99": [0.013294944074004889, 0.01408417196944356], "q_25": 0.01345589233096689, "q_75": 0.013956028618849814, "min": 0.013294944074004889, "max": 0.01408417196944356, "mean": 0.013663085084408522, "std": 0.00028364868528900567, "repeat": 10, "number": 1}]}, "irradiance.Irradiance.time_get_extra_radiation": {"result": [0.002709969994612038], "stats": [{"ci_99": [0.002646063920110464, 0.0027891057543456554], "q_25": 0.002702181605855003, "q_75": 0.0027150274254381657, "min": 0.002646063920110464, "max": 0.0027891057543456554, "mean": 0.0027108869049698114, "std": 3.6075412956478355e-05, "repeat": 10, "number": 4}]}, "irradiance.Irradiance.time_get_ground_diffuse": {"result": [0.000588099226459033], "stats": [{"ci_99": [0.0005717056596444713, 0.0006057458101875252], "q_25": 0.0005782604631450441, "q_75": 0.0005974935872169833, "min": 0.0005717056596444713, "max": 0.0006057458101875252, "mean": 0.0005883800874774655, "std": 1.1690981166409919e-05, "repeat": 10, "number": 18}]}, "irradiance.Irradiance.time_get_total_irradiance": {"result": [0.005484173423610628], "stats": [{"ci_99": [0.005266498075798154, 0.005659090355038643], "q_25": 0.005397901288233697, "q_75": 0.005570918787270784, "min": 0.005266498075798154, "max": 0.005659090355038643, "mean": 0.00547260248567909, "std": 0.0001239970592970104, "repeat": 10, "number": 2}]}, "location.Location.time_location_get_airmass": {"result": [0.0014282813062891364], "stats": [{"ci_99": [0.0014152195071801543, 0.0014396457117982209], "q_25": 0.0014199733559507877, "q_75": 0.0014307131641544402, "min": 0.0014152195071801543, "max": 0.0014396457117982209, "mean": 0.0014265881211031229, "std": 7.350327825706974e-06, "repeat": 10, "number": 8}]}, "location.Location.time_location_get_clearsky": {"result": [0.012856240849941969], "stats": [{"ci_99": [0.012249604798853397, 0.01297031668946147], "q_25": 0.012823939323425293, "q_75": 0.012904915143735707, "min": 0.012249604798853397, "max": 0.01297031668946147, "mean": 0.012809596536681057, "std": 0.00019310577671936, "repeat": 10, "number": 1}]}, "location.Location.time_location_get_solarposition": {"result": [0.017782285576686263], "stats": [{"ci_99": [0.01764989411458373, 0.017865322064608335], "q_25": 0.0177504449384287, "q_75": 0.017830008757300675, "min": 0.01764989411458373, "max": 0.017865322064608335, "mean": 0.01778427721001208, "std": 6.172919150130129e-05, "repeat": 10, "number": 1}]}, "location.Location_0_6_1.time_location_get_sun_rise_set_transit_pyephem": {"result": [0.1959439900238067], "stats": [{"ci_99": [0.1952716000378132, 0.1965423128567636], "q_25": 0.19571135530713946, "q_75": 0.1961711939657107, "min": 0.1952716000378132, "max": 0.1965423128567636, "mean": 0.19594266251660883, "std": 0.0003445064519426636, "repeat": 10, "number": 1}]}, "location.Location_0_6_1.time_location_get_sun_rise_set_transit_spa": {"result": [0.04292594804428518], "stats": [{"ci_99": [0.04241979494690895, 0.04319110885262489], "q_25": 0.042730620014481246, "q_75": 0.04297910281457007, "min": 0.04241979494690895, "max": 0.04319110885262489, "mean": 0.042870275862514975, "std": 0.00022283853883689074, "repeat": 10, "number": 1}]}, "solarposition.SolarPosition.time_ephemeris": {"result": [0.024201367516070604], "stats": [{"ci_99": [0.023463629186153412, 0.025281568057835102], "q_25": 0.023522230330854654, "q_75": 0.025135033298283815, "min": 0.023463629186153412, "max": 0.025281568057835102, "mean": 0.02430641665123403, "std": 0.00078805600761377, "repeat": 10, "number": 1}]}, "solarposition.SolarPosition.time_ephemeris_localized": {"result": [0.023612449411302805], "stats": [{"ci_99": [0.02342573693022132, 0.024751138873398304], "q_25": 0.02351537230424583, "q_75": 0.02379167266190052, "min": 0.02342573693022132, "max": 0.024751138873398304, "mean": 0.023735927976667882, "std": 0.0003663313160997652, "repeat": 10, "number": 1}]}, "solarposition.SolarPosition.time_nrel_earthsun_distance": {"result": [0.024008305044844747], "stats": [{"ci_99": [0.02397601678967476, 0.02429754100739956], "q_25": 0.023990655201487243, "q_75": 0.024075161665678024, "min": 0.02397601678967476, "max": 0.02429754100739956, "mean": 0.024064403120428325, "std": 0.00010926136716197594, "repeat": 10, "number": 1}]}, "solarposition.SolarPosition.time_spa_python": {"result": [0.02851382363587618], "stats": [{"ci_99": [0.02824626909568906, 0.02877209521830082], "q_25": 0.02848527964670211, "q_75": 0.028713727951981127, "min": 0.02824626909568906, "max": 0.02877209521830082, "mean": 0.028562571667134763, "std": 0.00015364316169522776, "repeat": 10, "number": 1}]}, "solarposition.SolarPosition.time_sun_rise_set_transit_spa": {"result": [0.04955175844952464], "stats": [{"ci_99": [0.04910656297579408, 0.05112894671037793], "q_25": 0.049311649054288864, "q_75": 0.04987878876272589, "min": 0.04910656297579408, "max": 0.05112894671037793, "mean": 0.04972906494513154, "std": 0.0005809148244499833, "repeat": 10, "number": 1}]}, "temperature.Fuentes.time_fuentes": NaN, "temperature.SAPM.time_sapm_cell": {"result": [0.001627855801156589], "stats": [{"ci_99": [0.0016053175952817713, 0.0016915340508733476], "q_25": 0.0016179631597229413, "q_75": 0.0016400574074525917, "min": 0.0016053175952817713, "max": 0.0016915340508733476, "mean": 0.0016361904264028584, "std": 2.6742180385326155e-05, "repeat": 10, "number": 7}]}, "tracking.SingleAxis.time_singleaxis": {"result": [0.0063880657544359565], "stats": [{"ci_99": [0.006204777164384723, 0.006732264533638954], "q_25": 0.006370406597852707, "q_75": 0.006417013239115477, "min": 0.006204777164384723, "max": 0.006732264533638954, "mean": 0.006416279915720224, "std": 0.00012713393070182063, "repeat": 10, "number": 2}]}, "tracking.SingleAxis.time_tracker_singleaxis": {"result": [0.006461397977545857], "stats": [{"ci_99": [0.006306627532467246, 0.006990249501541257], "q_25": 0.0063628689385950565, "q_75": 0.006623699446208775, "min": 0.006306627532467246, "max": 0.006990249501541257, "mean": 0.00653552683070302, "std": 0.0002367415184346937, "repeat": 10, "number": 2}]}}, "params": {"arch": "x86_64", "cpu": "Intel Xeon Processor (Skylake, IBRS)",