{"results": {"irradiance.Irradiance.time_aoi": {"result": [0.0023678854107856747], "stats": [{"ci_99": [0.0022783488035202025, 0.002549224440008402], "q_25": 0.0023055295227095486, "q_75": 0.002415631362237036, "min": 0.0022783488035202025, "max": 0.002549224440008402, "mean": 0.0023771754931658506, "std": 8.219685361973453e-05, "repeat": 10, "number": 5}]}, "irradiance.Irradiance.time_aoi_projection": {"result": [0.002010349339495103], "stats": [{"ci_99": [0.0019438840293635924, 0.002065265163158377], "q_25": 0.0019803433290993175, "q_75": 0.0020503835985437036, "min": 0.0019438840293635924, "max": 0.002065265163158377, "mean": 0.0020138266573970515, "std": 4.015706160247242e-05, "repeat": 10, "number": 6}]}, "irradiance.Irradiance.time_dirindex": {"result": [0.14076278009451926], "stats": [{"ci_99": [0.13776330184191465, 0.15123876323923469], "q_25": 0.1383897882187739, "q_75": 0.14306792698334903, "min": 0.13776330184191465, "max": 0.15123876323923469, "mean": 0.14159972285851835, "std": 0.003985884418345717, "repeat": 10, "number": 1}]}, "irradiance.Irradiance.time_dirint": {"result": [0.07057108310982585], "stats": [{"ci_99": [0.06905358517542481, 0.0723965521901846], "q_25": 0.0697489472804591, "q_75": 0.07080536405555904, "min": 0.06905358517542481, "max": 0.0723965521901846, "mean": 0.07039117803797126, "std": 0.0009316425258524511, "repeat": 10, "number": 1}]}, "irradiance.Irradiance.time_disc": {"result": [0.01978632598184049], "stats": [{"ci_99": [0.019139920827001333, 0.020488942973315716], "q_25": 0.019414253067225218, "q_75": 0.02001453225966543, "min": 0.019139920827001333, "max": 0.020488942973315716, "mean": 0.019769723806530238, "std": 0.0004324406543334846, "repeat": 10, "number": 1}]}, "irradiance.Irradiance.time_erbs": {"result": [0.012923412257805467], "stats": [{"ci_99": [0.012308425270020962, 0.013816454913467169], "q_25": 0.012637473526410758, "q_75": 0.013385872938670218, "min": 0.012308425270020962, "max": 0.013816454913467169, "mean": 0.012999040447175503, "std": 0.00045954974309252806, "repeat": 10, "number": 1}]}, "irradiance.Irradiance.time_get_extra_radiation": {"result": [0.0026648322818800807], "stats": [{"ci_99": [0.002597950748167932, 0.0027357442304491997], "q_25": 0.0026552817143965513, "q_75": 0.0026824502274394035, "min": 0.002597950748167932, "max": 0.0027357442304491997, "mean": 0.0026685211923904717, "std": 3.561537576080655e-05, "repeat": 10, "number": 4}]}, "irradiance.Irradiance.time_get_ground_diffuse": {"result": [0.0005703118189962374], "stats": [{"ci_99": [0.000509228790178895, 0.0006104303368677696], "q_25": 0.0005280840883238448, "q_75": 0.0005904619982983503, "min": 0.000509228790178895, "max": 0.0006104303368677696, "mean": 0.0005618447955283853, "std": 3.37629810981722e-05, "repeat": 10, "number": 18}]}, "irradiance.Irradiance.time_get_total_irradiance": {"result": [0.005332555854693055], "stats": [{"ci_99": [0.005194701021537185, 0.005501392995938659], "q_25": 0.00526520871790126, "q_75": 0.005466460308525711, "min": 0.005194701021537185, "max": 0.005501392995938659, "mean": 0.005355538334697485, "std": 0.00011436134377121723, "repeat": 10, "number": 2}]}, "location.Location.time_location_get_airmass": {"result": [0.001411238481523469], "stats": [{"ci_99": [0.0012917123385705054, 0.001459349354263395], "q_25": 0.0013334704854059964, "q_75": 0.0014187330089043826, "min": 0.0012917123385705054, "max": 0.001459349354263395, "mean": 0.001384313398739323, "std": 5.710812661193345e-05, "repeat": 10, "number": 8}]}, "location.Location.time_location_get_clearsky": {"result": [0.012708929367363453], "stats": [{"ci_99": [0.012647951953113079, 0.013481383677572012], "q_25": 0.012656382867135108, "q_75": 0.012767237261869013, "min": 0.012647951953113079, "max": 0.013481383677572012, "mean": 0.01278672656044364, "std": 0.00023844772388052218, "repeat": 10, "number": 1}]}, "location.Location.time_location_get_solarposition": {"result": [0.018181404564529657], "stats": [{"ci_99": [0.017696333583444357, 0.01852892292663455], "q_25": 0.017913185176439583, "q_75": 0.018475613789632916, "min": 0.017696333583444357, "max": 0.01852892292663455, "mean": 0.018159923376515508, "std": 0.0003220082710178061, "repeat": 10, "number": 1}]}, "location.Location_0_6_1.time_location_get_sun_rise_set_transit_pyephem": {"result": [0.1944232985842973], "stats": [{"ci_99": [0.1779301669448614, 0.19532385002821684], "q_25": 0.1941141114803031, "q_75": 0.19500940630678087, "min": 0.1779301669448614, "max": 0.19532385002821684, "mean": 0.19140160121023655, "std": 0.006553988695617714, "repeat": 10, "number": 1}]}, "location.Location_0_6_1.time_location_get_sun_rise_set_transit_spa": {"result": [0.04349891631864011], "stats": [{"ci_99": [0.042909983079880476, 0.044852342922240496], "q_25": 0.04326210229191929, "q_75": 0.043938054237514734, "min": 0.042909983079880476, "max": 0.044852342922240496, "mean": 0.043640006054192784, "std": 0.0005652257255286512, "repeat": 10, "number": 1}]}, "solarposition.SolarPosition.time_ephemeris": {"result": [0.02475324785336852], "stats": [{"ci_99": [0.023399038705974817, 0.02517562871798873], "q_25": 0.02427828882355243, "q_75": 0.025008134893141687, "min": 0.023399038705974817, "max": 0.02517562871798873, "mean": 0.0245496837887913, "std": 0.0006120297279442677, "repeat": 10, "number": 1}]}, "solarposition.SolarPosition.time_ephemeris_localized": {"result": [0.023826901335269213], "stats": [{"ci_99": [0.02359117241576314, 0.025146680418401957], "q_25": 0.023634900338947773, "q_75": 0.024500709725543857, "min": 0.02359117241576314, "max": 0.025146680418401957, "mean": 0.024074654374271632, "std": 0.000528494274032042, "repeat": 10, "number": 1}]}, "solarposition.SolarPosition.time_nrel_earthsun_distance": {"result": [0.024814959382638335], "stats": [{"ci_99": [0.024728435091674328, 0.026572912000119686], "q_25": 0.024769834824837744, "q_75": 0.024857480893842876, "min": 0.024728435091674328, "max": 0.026572912000119686, "mean": 0.024982384545728563, "std": 0.0005328280341573127, "repeat": 10, "number": 1}]}, "solarposition.SolarPosition.time_spa_python": {"result": [0.028887503081932664], "stats": [{"ci_99": [0.028541042003780603, 0.029821780044585466], "q_25": 0.028690867824479938, "q_75": 0.029582420364022255, "min": 0.028541042003780603, "max": 0.029821780044585466, "mean": 0.029086480382829905, "std": 0.00048799326720452607, "repeat": 10, "number": 1}]}, "solarposition.SolarPosition.time_sun_rise_set_transit_spa": {"result": [0.050589815247803926], "stats": [{"ci_99": [0.04956238204613328, 0.05155565869063139], "q_25": 0.050189432804472744, "q_75": 0.050764490268193185, "min": 0.04956238204613328, "max": 0.05155565869063139, "mean": 0.05049870703369379, "std": 0.0005232864768345478, "repeat": 10, "number": 1}]}, "temperature.Fuentes.time_fuentes": NaN, "temperature.SAPM.time_sapm_cell": {"result": [0.0015230525418051652], "stats": [{"ci_99": [0.0013991753969873702, 0.0016516437754034996], "q_25": 0.001416006757478629, "q_75": 0.0016221024727981004, "min": 0.0013991753969873702, "max": 0.0016516437754034996, "mean": 0.0015222057766680207, "std": 0.00010789473833633197, "repeat": 10, "number": 7}]}, "tracking.SingleAxis.time_singleaxis": {"result": [0.0064889194909483194], "stats": [{"ci_99": [0.006241397466510534, 0.006846795091405511], "q_25": 0.00634202518267557, "q_75": 0.006589772237930447, "min": 0.006241397466510534, "max": 0.006846795091405511, "mean": 0.006502816709689796, "std": 0.00019546998363973513, "repeat": 10, "number": 2}]}, "tracking.SingleAxis.time_tracker_singleaxis": {"result": [0.0063790325075387955], "stats": [{"ci_99": [0.006146075436845422, 0.006859337678179145], "q_25": 0.006332543038297445, "q_75": 0.0065092824515886605, "min": 0.006146075436845422, "max": 0.006859337678179145, "mean": 0.006421789806336164, "std": 0.0001976236692010895, "repeat": 10, "number": 2}]}}, "params": {"arch": "x86_64", "cpu": "Intel Xeon Processor (Skylake, IBRS)",