{"results": {"irradiance.Irradiance.time_aoi": {"result": [0.002346252789720893], "stats": [{"ci_99": [0.002300595585256815, 0.0023774623870849608], "q_25": 0.002342412085272372, "q_75": 0.0023518212605267764, "min": 0.002300595585256815, "max": 0.0023774623870849608, "mean": 0.002342301532626152, "std": 2.1103086130920543e-05, "repeat": 10, "number": 5}]}, "irradiance.Irradiance.time_aoi_projection": {"result": [0.0019303034835805497], "stats": [{"ci_99": [0.0019121126582225163, 0.002035721826056639], "q_25": 0.001923642858552436, "q_75": 0.0019623365563650927, "min": 0.0019121126582225163, "max": 0.002035721826056639, "mean": 0.0019458369817584756, "std": 3.5055990504996615e-05, "repeat": 10, "number": 6}]}, "irradiance.Irradiance.time_dirindex": {"result": [0.13813442015089095], "stats": [{"ci_99": [0.13602454494684935, 0.1420760741457343], "q_25": 0.13785197399556637, "q_75": 0.13949676079209894, "min": 0.13602454494684935, "max": 0.1420760741457343, "mean": 0.138614283176139, "std": 0.001651058539135382, "repeat": 10, "number": 1}]}, "irradiance.Irradiance.time_dirint": {"result": [0.06898511433973908], "stats": [{"ci_99": [0.06752341892570257, 0.0716560366563499], "q_25": 0.06858181476127356, "q_75": 0.06911152543034405, "min": 0.06752341892570257, "max": 0.0716560366563499, "mean": 0.06918564937077462, "std": 0.001237250917023897, "repeat": 10, "number": 1}]}, "irradiance.Irradiance.time_disc": {"result": [0.019419082207605243], "stats": [{"ci_99": [0.018865528982132673, 0.019928573165088892], "q_25": 0.01925863663200289, "q_75": 0.01967393304221332, "min": 0.018865528982132673, "max": 0.019928573165088892, "mean": 0.019443059153854848, "std": 0.00033093967974809964, "repeat": 10, "number": 1}]}, "irradiance.Irradiance.time_erbs": {"result": [0.012861966621130705], "stats": [{"ci_99": [0.012255670968443155, 0.013518993742763996], "q_25": 0.012538677547127008, "q_75": 0.013116575311869383, "min": 0.012255670968443155, "max": 0.013518993742763996, "mean": 0.012848089076578617, "std": 0.00040036452486868075, "repeat": 10, "number": 1}]}, "irradiance.Irradiance.time_get_extra_radiation": null, "irradiance.Irradiance.time_get_ground_diffuse": null, "irradiance.Irradiance.time_get_total_irradiance": null, "location.Location.time_location_get_airmass": {"result": [0.005214237375184894], "stats": [{"ci_99": [0.005136240506544709, 0.005251219496130943], "q_25": 0.0051747902180068195, "q_75": 0.005229769041761756, "min": 0.005136240506544709, "max": 0.005251219496130943, "mean": 0.005203456548042595, "std": 3.534580439295557e-05, "repeat": 10, "number": 2}]}, "location.Location.time_location_get_clearsky": {"result": [0.016819452866911888], "stats": [{"ci_99": [0.01663166470825672, 0.01709862006828189], "q_25": 0.016756826313212514, "q_75": 0.016863714321516454, "min": 0.01663166470825672, "max": 0.01709862006828189, "mean": 0.01682699122466147, "std": 0.00011831904786901568, "repeat": 10, "number": 1}]}, "location.Location.time_location_get_solarposition": {"result": [0.017658741679042578], "stats": [{"ci_99": [0.017500787042081356, 0.01779672922566533], "q_25": 0.017601093859411776, "q_75": 0.017759281559847295, "min": 0.017500787042081356, "max": 0.01779672922566533, "mean": 0.017666572984308005, "std": 9.670387678369987e-05, "repeat": 10, "number": 1}]}, "location.Location_0_6_1.time_location_get_sun_rise_set_transit_pyephem": NaN, "location.Location_0_6_1.time_location_get_sun_rise_set_transit_spa": NaN, "solarposition.SolarPosition.time_ephemeris": {"result": [0.026548340218141675], "stats": [{"ci_99": [0.02541449386626482, 0.026921334210783243], "q_25": 0.026196559891104698, "q_75": 0.026799123850651085, "min": 0.02541449386626482, "max": 0.026921334210783243, "mean": 0.026432709861546756, "std": 0.00045169473675960584, "repeat": 10, "number": 1}]}, "solarposition.SolarPosition.time_ephemeris_localized": {"result": [0.25035175518132746], "stats": [{"ci_99": [0.24063328467309475, 0.25311354035511613], "q_25": 0.2432072579395026, "q_75": 0.251979359309189, "min": 0.24063328467309475, "max": 0.25311354035511613, "mean": 0.24800256895832717, "std": 0.004577283767320196, "repeat": 10, "number": 1}]}, "solarposition.SolarPosition.time_nrel_earthsun_distance": {"result": [0.02365564159117639], "stats": [{"ci_99": [0.02343408204615116, 0.023944553919136524], "q_25": 0.02356198604684323, "q_75": 0.02384716412052512, "min": 0.02343408204615116, "max": 0.023944553919136524, "mean": 0.02368331840261817, "std": 0.00016589055085653522, "repeat": 10, "number": 1}]}, "solarposition.SolarPosition.time_spa_python": {"result": [0.028310826048254967], "stats": [{"ci_99": [0.028268366120755672, 0.02854713099077344], "q_25": 0.028279372490942478, "q_75": 0.028364866971969604, "min": 0.028268366120755672, "max": 0.02854713099077344, "mean": 0.028342737024649976, "std": 8.423916836290271e-05, "repeat": 10, "number": 1}]}, "solarposition.SolarPosition.time_sun_rise_set_transit_spa": {"result": [0.049318491481244564], "stats": [{"ci_99": [0.04813568294048309, 0.052834478206932545], "q_25": 0.049121491494588554, "q_75": 0.049623045488260686, "min": 0.04813568294048309, "max": 0.052834478206932545, "mean": 0.04977197046391666, "std": 0.0013588334599814692, "repeat": 10, "number": 1}]}, "temperature.Fuentes.time_fuentes": NaN, "temperature.SAPM.time_sapm_cell": {"result": [0.002048146290083726], "stats": [{"ci_99": [0.0020157293571780124, 0.002109282184392214], "q_25": 0.0020412489539012313, "q_75": 0.002071409544441849, "min": 0.0020157293571780124, "max": 0.002109282184392214, "mean": 0.002057981491088867, "std": 2.720621550077422e-05, "repeat": 10, "number": 6}]}, "tracking.SingleAxis.time_singleaxis": {"result": [0.03129771421663463], "stats": [{"ci_99": [0.029900236055254936, 0.03378578228875995], "q_25": 0.030756242806091905, "q_75": 0.03244410373736173, "min": 0.029900236055254936, "max": 0.03378578228875995, "mean": 0.03159101060591638, "std": 0.0012108284755503772, "repeat": 10, "number": 1}]}, "tracking.SingleAxis.time_tracker_singleaxis": {"result": [0.03136073751375079], "stats": [{"ci_99": [0.029872898012399673, 0.03317983914166689], "q_25": 0.0310837309807539, "q_75": 0.032393437693826854, "min": 0.029872898012399673, "max": 0.03317983914166689, "mean": 0.031614765804260966, "std": 0.0009865620256271834, "repeat": 10, "number": 1}]}}, "params": {"arch": "x86_64", "cpu": "Intel Xeon Processor (Skylake, IBRS)", "machine": "pvlib-asv.forecasting.energy.arizona.edu", "num_cpu": "4", "os": "Linux 5.7.8-200.fc32.x86_64", "ram": "8145244", "python": "3.8", "numpy": "", "pandas": "", "scipy": "", "pytables": "", "ephem": ""}, "requirements": {"numpy": "", "pandas": "", "scipy": "", "pytables": "", "ephem": ""}, "commit_hash": "09126e9f1a2b6e24f7fa85c8a70fce827ad7d612", "date": 1533586102000, "env_name": "conda-py3.8-ephem-numpy-pandas-pytables-scipy", "python": "3.8", "profiles": {}, "started_at": {"irradiance.Irradiance.time_aoi": 1599834948757, "irradiance.Irradiance.time_aoi_projection": 1599834950814, "irradiance.Irradiance.time_dirindex": 1599834952870, "irradiance.Irradiance.time_dirint": 1599834955578, "irradiance.Irradiance.time_disc": 1599834957935, "irradiance.Irradiance.time_erbs": 1599834960041, "irradiance.Irradiance.time_get_extra_radiation": 1599834941144, "irradiance.Irradiance.time_get_ground_diffuse": 1599834941548, "irradiance.Irradiance.time_get_total_irradiance": 1599834941952, "location.Location.time_location_get_airmass": 1599834962098, "location.Location.time_location_get_clearsky": 1599834962452, "location.Location.time_location_get_solarposition": 1599834962806, "location.Location_0_6_1.time_location_get_sun_rise_set_transit_pyephem": 1599834963160, "location.Location_0_6_1.time_location_get_sun_rise_set_transit_spa": 1599834963213, "solarposition.SolarPosition.time_ephemeris": 1599834963265, "solarposition.SolarPosition.time_ephemeris_localized": 1599834963569, "solarposition.SolarPosition.time_nrel_earthsun_distance": 1599834965175,