{"results": {"irradiance.Irradiance.time_aoi": {"result": [0.0021883878391236065], "stats": [{"ci_99": [0.0021620236337184908, 0.0022879947908222677], "q_25": 0.0021748354425653814, "q_75": 0.002235393691807985, "min": 0.0021620236337184908, "max": 0.0022879947908222677, "mean": 0.00220840472728014, "std": 4.177740646058664e-05, "repeat": 10, "number": 5}]}, "irradiance.Irradiance.time_aoi_projection": {"result": [0.0022594762034714223], "stats": [{"ci_99": [0.0022258698008954525, 0.0023781970143318177], "q_25": 0.0022419063840061425, "q_75": 0.002268832013942301, "min": 0.0022258698008954525, "max": 0.0023781970143318177, "mean": 0.002265180554240942, "std": 4.067394203195661e-05, "repeat": 10, "number": 5}]}, "irradiance.Irradiance.time_dirindex": {"result": [0.1461209855042398], "stats": [{"ci_99": [0.14426008192822337, 0.14796977303922176], "q_25": 0.14566185476724058, "q_75": 0.14682845794595778, "min": 0.14426008192822337, "max": 0.14796977303922176, "mean": 0.14615126713179052, "std": 0.0011364464421366929, "repeat": 10, "number": 1}]}, "irradiance.Irradiance.time_dirint": {"result": [0.07194243324920535], "stats": [{"ci_99": [0.07157827401533723, 0.08890653634443879], "q_25": 0.07173361990135163, "q_75": 0.07379316247534007, "min": 0.07157827401533723, "max": 0.08890653634443879, "mean": 0.07444926626048982, "std": 0.005126123918626687, "repeat": 10, "number": 1}]}, "irradiance.Irradiance.time_disc": {"result": [0.018166371155530214], "stats": [{"ci_99": [0.017990828957408667, 0.01851890329271555], "q_25": 0.01809043320827186, "q_75": 0.01831602619495243, "min": 0.017990828957408667, "max": 0.01851890329271555, "mean": 0.018202995602041482, "std": 0.00016190436629888772, "repeat": 10, "number": 1}]}, "irradiance.Irradiance.time_erbs": {"result": [0.013620294397696853], "stats": [{"ci_99": [0.012470507994294167, 0.013950532767921686], "q_25": 0.013237978564575315, "q_75": 0.0136871044524014, "min": 0.012470507994294167, "max": 0.013950532767921686, "mean": 0.013431238196790218, "std": 0.0004684718388087218, "repeat": 10, "number": 1}]}, "irradiance.Irradiance.time_get_extra_radiation": {"result": [0.0026831398135982454], "stats": [{"ci_99": [0.0026763059431686997, 0.0030324332183226943], "q_25": 0.002680788980796933, "q_75": 0.0026967946614604443, "min": 0.0026763059431686997, "max": 0.0030324332183226943, "mean": 0.0027214056812226773, "std": 0.00010425378864885783, "repeat": 10, "number": 4}]}, "irradiance.Irradiance.time_get_ground_diffuse": {"result": [0.0005544186220504344], "stats": [{"ci_99": [0.000528348796069622, 0.0005668847588822246], "q_25": 0.0005511054245289415, "q_75": 0.0005611192202195526, "min": 0.000528348796069622, "max": 0.0005668847588822246, "mean": 0.0005537858186289668, "std": 1.0374001940635096e-05, "repeat": 10, "number": 20}]}, "irradiance.Irradiance.time_get_total_irradiance": {"result": [0.00508340320084244], "stats": [{"ci_99": [0.005025198915973306, 0.005400127498432994], "q_25": 0.005035913200117648, "q_75": 0.00520952936494723, "min": 0.005025198915973306, "max": 0.005400127498432994, "mean": 0.005133542860858142, "std": 0.00011831269135262626, "repeat": 10, "number": 2}]}, "location.Location.time_location_get_airmass": {"result": [0.0015054685063660145], "stats": [{"ci_99": [0.0014940521546772548, 0.0015192852754678046], "q_25": 0.0015010351947109613, "q_75": 0.0015132356867460267, "min": 0.0014940521546772548, "max": 0.0015192852754678046, "mean": 0.0015065897455705062, "std": 7.508561668451069e-06, "repeat": 10, "number": 7}]}, "location.Location.time_location_get_clearsky": {"result": [0.013305331580340862], "stats": [{"ci_99": [0.013000614009797573, 0.0138866170309484], "q_25": 0.013236808823421597, "q_75": 0.013513513724319637, "min": 0.013000614009797573, "max": 0.0138866170309484, "mean": 0.013379839807748794, "std": 0.0002450420780973841, "repeat": 10, "number": 1}]}, "location.Location.time_location_get_solarposition": {"result": [0.01782406005077064], "stats": [{"ci_99": [0.017649352084845304, 0.018032163381576538], "q_25": 0.01773809629958123, "q_75": 0.01787826104555279, "min": 0.017649352084845304, "max": 0.018032163381576538, "mean": 0.017823635926470162, "std": 0.0001090763300519913, "repeat": 10, "number": 1}]}, "location.Location_0_6_1.time_location_get_sun_rise_set_transit_pyephem": {"result": [0.19913216633722186], "stats": [{"ci_99": [0.18211087677627802, 0.20006816508248448], "q_25": 0.19894518132787198, "q_75": 0.19940371718257666, "min": 0.18211087677627802, "max": 0.20006816508248448, "mean": 0.1975832201074809, "std": 0.00517083386237664, "repeat": 10, "number": 1}]}, "location.Location_0_6_1.time_location_get_sun_rise_set_transit_spa": {"result": [0.04323815135285258], "stats": [{"ci_99": [0.04305331828072667, 0.04347474779933691], "q_25": 0.04308602737728506, "q_75": 0.04335302603431046, "min": 0.04305331828072667, "max": 0.04347474779933691, "mean": 0.043244264042004946, "std": 0.00016005726989178724, "repeat": 10, "number": 1}]}, "solarposition.SolarPosition.time_ephemeris": {"result": [0.02521645580418408], "stats": [{"ci_99": [0.024643174838274717, 0.025651121977716684], "q_25": 0.025138311670161784, "q_75": 0.025363994762301445, "min": 0.024643174838274717, "max": 0.025651121977716684, "mean": 0.025224597146734595, "std": 0.00025345844037579217, "repeat": 10, "number": 1}]}, "solarposition.SolarPosition.time_ephemeris_localized": {"result": [0.024819073732942343], "stats": [{"ci_99": [0.02414831379428506, 0.025845624040812254], "q_25": 0.02435585588682443, "q_75": 0.025527082267217338, "min": 0.02414831379428506, "max": 0.025845624040812254, "mean": 0.024926471430808304, "std": 0.0005925444775235054, "repeat": 10, "number": 1}]}, "solarposition.SolarPosition.time_nrel_earthsun_distance": {"result": [0.023051595082506537], "stats": [{"ci_99": [0.022786317393183708, 0.023139249067753553], "q_25": 0.02300658798776567, "q_75": 0.02307121059857309, "min": 0.022786317393183708, "max": 0.023139249067753553, "mean": 0.023026889469474555, "std": 9.070165374073991e-05, "repeat": 10, "number": 1}]}, "solarposition.SolarPosition.time_spa_python": {"result": [0.028392420848831534], "stats": [{"ci_99": [0.028220381122082472, 0.02882838575169444], "q_25": 0.028319414821453393, "q_75": 0.02851943636778742, "min": 0.028220381122082472, "max": 0.02882838575169444, "mean": 0.028429755987599493, "std": 0.00017540809947155195, "repeat": 10, "number": 1}]}, "solarposition.SolarPosition.time_sun_rise_set_transit_spa": {"result": [0.04973322479054332], "stats": [{"ci_99": [0.048903437331318855, 0.05087540438398719], "q_25": 0.049523361143656075, "q_75": 0.05001347174402326, "min": 0.048903437331318855, "max": 0.05087540438398719, "mean": 0.049772580480203034, "std": 0.0005291827174131257, "repeat": 10, "number": 1}]}, "temperature.Fuentes.time_fuentes": {"result": [NaN, null, null], "params": [["'a'", "'b'", "'deltaT'"]]}, "tracking.SingleAxis.time_singleaxis": {"result": [0.006433007074519992], "stats": [{"ci_99": [0.006126199383288622, 0.007018952397629619], "q_25": 0.006311723962426186, "q_75": 0.006531222723424435, "min": 0.006126199383288622, "max": 0.007018952397629619, "mean": 0.006473036482930183, "std": 0.0002514189497648012, "repeat": 10, "number": 2}]}, "tracking.SingleAxis.time_tracker_singleaxis": {"result": [0.006367733469232917], "stats": [{"ci_99": [0.006150007946416736, 0.0065992597956210375], "q_25": 0.006226233905181289, "q_75": 0.006461572018451989, "min": 0.006150007946416736, "max": 0.0065992597956210375, "mean": 0.006360197206959128, "std": 0.00014543620627676355, "repeat": 10, "number": 2}]}, "temperature.SAPM.time_sapm_cell": {"result": [0.002252719737589359], "stats": [{"ci_99": [0.002215591445565224, 0.0023306259885430337], "q_25": 0.002242078236304224, "q_75": 0.0022598785115405915, "min": 0.002215591445565224, "max": 0.0023306259885430337, "mean": 0.0022569889109581706, "std": 2.8522580644287184e-05, "repeat": 10, "number": 5}]}}, "params": {"arch": "x86_64",