{"results": {"irradiance.Irradiance.time_aoi": {"result": [0.0022009126376360657], "stats": [{"ci_99": [0.002167718205600977, 0.0023629654198884962], "q_25": 0.0021929237060248855, "q_75": 0.0022180818021297457, "min": 0.002167718205600977, "max": 0.0023629654198884962, "mean": 0.0022196839656680825, "std": 5.5251314917357426e-05, "repeat": 10, "number": 5}]}, "irradiance.Irradiance.time_aoi_projection": {"result": [0.0021773986518383026], "stats": [{"ci_99": [0.0021627443842589856, 0.0022098036482930184], "q_25": 0.002168520586565137, "q_75": 0.0021798848640173676, "min": 0.0021627443842589856, "max": 0.0022098036482930184, "mean": 0.0021784994844347236, "std": 1.3423643053838636e-05, "repeat": 10, "number": 5}]}, "irradiance.Irradiance.time_dirindex": {"result": [0.14681483525782824], "stats": [{"ci_99": [0.1440345337614417, 0.14849574817344546], "q_25": 0.14505277178250253, "q_75": 0.14812431205064058, "min": 0.1440345337614417, "max": 0.14849574817344546, "mean": 0.14651519590988754, "std": 0.0016676324334796776, "repeat": 10, "number": 1}]}, "irradiance.Irradiance.time_dirint": {"result": [0.071531469700858], "stats": [{"ci_99": [0.07070554187521338, 0.07494533900171518], "q_25": 0.07088421867229044, "q_75": 0.0726764197461307, "min": 0.07070554187521338, "max": 0.07494533900171518, "mean": 0.07202130854129792, "std": 0.0013476691175125799, "repeat": 10, "number": 1}]}, "irradiance.Irradiance.time_disc": {"result": [0.019423421006649733], "stats": [{"ci_99": [0.017851296346634626, 0.019813089165836573], "q_25": 0.0192785132676363, "q_75": 0.0195490448968485, "min": 0.017851296346634626, "max": 0.019813089165836573, "mean": 0.019217381626367568, "std": 0.0005895144335097138, "repeat": 10, "number": 1}]}, "irradiance.Irradiance.time_erbs": {"result": [0.012843427946791053], "stats": [{"ci_99": [0.011651794891804457, 0.013244470115751028], "q_25": 0.012684186920523643, "q_75": 0.012935156002640724, "min": 0.011651794891804457, "max": 0.013244470115751028, "mean": 0.012746030185371637, "std": 0.0003997319037992927, "repeat": 10, "number": 1}]}, "irradiance.Irradiance.time_get_extra_radiation": {"result": [0.002668247965630144], "stats": [{"ci_99": [0.00264948105905205, 0.002966910949908197], "q_25": 0.002659469551872462, "q_75": 0.0026905161794275045, "min": 0.00264948105905205, "max": 0.002966910949908197, "mean": 0.002703093457967043, "std": 9.080333054959661e-05, "repeat": 10, "number": 4}]}, "irradiance.Irradiance.time_get_ground_diffuse": {"result": [0.000519045046530664], "stats": [{"ci_99": [0.0005044621754099022, 0.0005599679213694551], "q_25": 0.0005068007846024226, "q_75": 0.0005392017192207277, "min": 0.0005044621754099022, "max": 0.0005599679213694551, "mean": 0.0005244147667491977, "std": 1.9787545593239643e-05, "repeat": 10, "number": 22}]}, "irradiance.Irradiance.time_get_total_irradiance": {"result": [0.00509499351028353], "stats": [{"ci_99": [0.004988308995962143, 0.005442262860015035], "q_25": 0.0050336981657892466, "q_75": 0.005151878052856773, "min": 0.004988308995962143, "max": 0.005442262860015035, "mean": 0.005117728118784725, "std": 0.00012790934404287898, "repeat": 10, "number": 2}]}, "location.Location.time_location_get_airmass": {"result": [0.0015066312293389012], "stats": [{"ci_99": [0.00138667957591159, 0.001555758129273142], "q_25": 0.001500696492647486, "q_75": 0.001516333781182766, "min": 0.00138667957591159, "max": 0.001555758129273142, "mean": 0.0014913404693028755, "std": 5.0654675312165156e-05, "repeat": 10, "number": 7}]}, "location.Location.time_location_get_clearsky": {"result": [0.01321756443940103], "stats": [{"ci_99": [0.012331585865467787, 0.013980248011648655], "q_25": 0.012739202822558582, "q_75": 0.013474976760335267, "min": 0.012331585865467787, "max": 0.013980248011648655, "mean": 0.013135778298601509, "std": 0.0005385168634907529, "repeat": 10, "number": 1}]}, "location.Location.time_location_get_solarposition": {"result": [0.017858572071418166], "stats": [{"ci_99": [0.01768294908106327, 0.018266200087964535], "q_25": 0.017769132391549647, "q_75": 0.017933018156327307, "min": 0.01768294908106327, "max": 0.018266200087964535, "mean": 0.017877781577408314, "std": 0.0001626973235282997, "repeat": 10, "number": 1}]}, "location.Location_0_6_1.time_location_get_sun_rise_set_transit_pyephem": NaN, "location.Location_0_6_1.time_location_get_sun_rise_set_transit_spa": NaN, "solarposition.SolarPosition.time_ephemeris": {"result": [0.024038220522925258], "stats": [{"ci_99": [0.023817867040634155, 0.02464313805103302], "q_25": 0.02399208035785705, "q_75": 0.024265060550533235, "min": 0.023817867040634155, "max": 0.02464313805103302, "mean": 0.024152147071436047, "std": 0.00025084616140429254, "repeat": 10, "number": 1}]}, "solarposition.SolarPosition.time_ephemeris_localized": {"result": [0.02499594516120851], "stats": [{"ci_99": [0.024455685168504715, 0.02542434586212039], "q_25": 0.02482580009382218, "q_75": 0.025324424146674573, "min": 0.024455685168504715, "max": 0.02542434586212039, "mean": 0.025020607700571417, "std": 0.00031568875724329205, "repeat": 10, "number": 1}]}, "solarposition.SolarPosition.time_nrel_earthsun_distance": {"result": [0.023009710945189], "stats": [{"ci_99": [0.022987318690866232, 0.023113111965358257], "q_25": 0.02300035732332617, "q_75": 0.02303933585062623, "min": 0.022987318690866232, "max": 0.023113111965358257, "mean": 0.02302420693449676, "std": 3.647549833342657e-05, "repeat": 10, "number": 1}]}, "solarposition.SolarPosition.time_spa_python": {"result": [0.028349770000204444], "stats": [{"ci_99": [0.02820445504039526, 0.028685057070106268], "q_25": 0.028284770902246237, "q_75": 0.028473250335082412, "min": 0.02820445504039526, "max": 0.028685057070106268, "mean": 0.02839488727040589, "std": 0.00014520387747210967, "repeat": 10, "number": 1}]}, "solarposition.SolarPosition.time_sun_rise_set_transit_spa": {"result": [0.050318606896325946], "stats": [{"ci_99": [0.04969900427386165, 0.05065308418124914], "q_25": 0.04990189545787871, "q_75": 0.050400380161590874, "min": 0.04969900427386165, "max": 0.05065308418124914, "mean": 0.050208665803074835, "std": 0.00032641766163580584, "repeat": 10, "number": 1}]}, "temperature.Fuentes.time_fuentes": NaN, "tracking.SingleAxis.time_singleaxis": {"result": [0.0457563865929842], "stats": [{"ci_99": [0.04463908914476633, 0.04880211362615228], "q_25": 0.045132500934414566, "q_75": 0.04606058879289776, "min": 0.04463908914476633, "max": 0.04880211362615228, "mean": 0.04585241689346731, "std": 0.001101627209096172, "repeat": 10, "number": 1}]}, "tracking.SingleAxis.time_tracker_singleaxis": {"result": [0.04639442404732108], "stats": [{"ci_99": [0.044779198709875345, 0.05056117195636034], "q_25": 0.04549577261786908, "q_75": 0.04788616520818323, "min": 0.044779198709875345, "max": 0.05056117195636034, "mean": 0.04683139435946941, "std": 0.0017252405963660718, "repeat": 10, "number": 1}]}, "temperature.SAPM.time_sapm_cell": {"result": [0.0021314272657036782], "stats": [{"ci_99": [0.0020025167614221573, 0.0022652757354080675], "q_25": 0.002010421617887914, "q_75": 0.002243911288678646, "min": 0.0020025167614221573, "max": 0.0022652757354080675, "mean": 0.0021311882976442573, "std": 0.00011888665098163523, "repeat": 10, "number": 5}]}}, "params": {"arch": "x86_64", "cpu": "Intel Xeon Processor (Skylake, IBRS)", "machine": "pvlib-asv.forecasting.energy.arizona.edu", "num_cpu": "4", "os": "Linux 5.7.8-200.fc32.x86_64", "ram": "8145244", "python": "3.7", "ephem": "3.7.6.0", "numpy": "1.18.5", "pandas": "1.1.0", "pytables": "3.6.1", "scipy": "1.2.0"}, "requirements": {"ephem": "3.7.6.0", "numpy": "1.18.5", "pandas": "1.1.0", "pytables": "3.6.1", "scipy": "1.2.0"}, "commit_hash": "0abc6cebbcc60611a9913932dabcaea059822c30", "date": 1535043899000, "env_name": "conda-py3.7-ephem3.7.6.0-numpy1.18.5-pandas1.1.0-pytables3.6.1-scipy1.2.0", "python": "3.7", "profiles": {}, "started_at": {"irradiance.Irradiance.time_aoi": 1599427282224,