{"results": {"irradiance.Irradiance.time_aoi": {"result": [0.0022278663236647844], "stats": [{"ci_99": [0.002159994188696146, 0.002255698200315237], "q_25": 0.002205762593075633, "q_75": 0.0022426953772082927, "min": 0.002159994188696146, "max": 0.002255698200315237, "mean": 0.00222042222507298, "std": 2.8333966433588943e-05, "repeat": 10, "number": 5}]}, "irradiance.Irradiance.time_aoi_projection": {"result": [0.0021973909344524143], "stats": [{"ci_99": [0.002146617416292429, 0.002286124788224697], "q_25": 0.00217730556614697, "q_75": 0.0022256776923313733, "min": 0.002146617416292429, "max": 0.002286124788224697, "mean": 0.00220222670584917, "std": 4.027758071535836e-05, "repeat": 10, "number": 5}]}, "irradiance.Irradiance.time_dirindex": {"result": [0.14447315968573093], "stats": [{"ci_99": [0.14154360862448812, 0.14812240516766906], "q_25": 0.14372058073058724, "q_75": 0.1470662922365591, "min": 0.14154360862448812, "max": 0.14812240516766906, "mean": 0.14504969525150954, "std": 0.0021182531066808105, "repeat": 10, "number": 1}]}, "irradiance.Irradiance.time_dirint": {"result": [0.07149663800373673], "stats": [{"ci_99": [0.06960701011121273, 0.0782246501185], "q_25": 0.07026849396061152, "q_75": 0.07280611526221037, "min": 0.06960701011121273, "max": 0.0782246501185, "mean": 0.07198565634898842, "std": 0.002412842301308538, "repeat": 10, "number": 1}]}, "irradiance.Irradiance.time_disc": {"result": [0.018598502967506647], "stats": [{"ci_99": [0.017833247780799866, 0.019697824958711863], "q_25": 0.01785726740490645, "q_75": 0.019360470352694392, "min": 0.017833247780799866, "max": 0.019697824958711863, "mean": 0.018638868955895303, "std": 0.0007835132244708438, "repeat": 10, "number": 1}]}, "irradiance.Irradiance.time_erbs": {"result": [0.012523402459919453], "stats": [{"ci_99": [0.012121188919991255, 0.013530713971704245], "q_25": 0.012481500278227031, "q_75": 0.012651384458877146, "min": 0.012121188919991255, "max": 0.013530713971704245, "mean": 0.012608903367072344, "std": 0.00034737789822921497, "repeat": 10, "number": 1}]}, "irradiance.Irradiance.time_get_extra_radiation": {"result": [0.0026129650650545955], "stats": [{"ci_99": [0.00258849305100739, 0.0027051392244175076], "q_25": 0.0025990301510319114, "q_75": 0.002618343976791948, "min": 0.00258849305100739, "max": 0.0027051392244175076, "mean": 0.0026179897598922254, "std": 3.110086074064489e-05, "repeat": 10, "number": 4}]}, "irradiance.Irradiance.time_get_ground_diffuse": {"result": [0.0004993879585526884], "stats": [{"ci_99": [0.0004962542094290257, 0.0005550399189814925], "q_25": 0.0004973484901711345, "q_75": 0.000505370245082304, "min": 0.0004962542094290257, "max": 0.0005550399189814925, "mean": 0.0005098901595920324, "std": 2.1321808384279825e-05, "repeat": 10, "number": 20}]}, "irradiance.Irradiance.time_get_total_irradiance": {"result": [0.004916161686802903], "stats": [{"ci_99": [0.0048993236074845, 0.004977842948089044], "q_25": 0.004911334486678243, "q_75": 0.004946201263616483, "min": 0.0048993236074845, "max": 0.004977842948089044, "mean": 0.004927111743018031, "std": 2.432930504268909e-05, "repeat": 10, "number": 3}]}, "location.Location.time_location_get_airmass": {"result": [0.001498582140941705], "stats": [{"ci_99": [0.001488508124436651, 0.0015167093037494592], "q_25": 0.0014965730286868556, "q_75": 0.0015016072263408986, "min": 0.001488508124436651, "max": 0.0015167093037494592, "mean": 0.001499830312760813, "std": 7.002049403486758e-06, "repeat": 10, "number": 7}]}, "location.Location.time_location_get_clearsky": {"result": [0.013026440050452948], "stats": [{"ci_99": [0.012018839828670025, 0.01306542381644249], "q_25": 0.013007535832002759, "q_75": 0.013034142786636949, "min": 0.012018839828670025, "max": 0.01306542381644249, "mean": 0.012849338678643107, "std": 0.0003665098563792052, "repeat": 10, "number": 1}]}, "location.Location.time_location_get_solarposition": {"result": [0.018006874015554786], "stats": [{"ci_99": [0.017805472016334534, 0.01810900680720806], "q_25": 0.01789066637866199, "q_75": 0.01804868900217116, "min": 0.017805472016334534, "max": 0.01810900680720806, "mean": 0.017974416073411704, "std": 0.00010218621872534598, "repeat": 10, "number": 1}]}, "location.Location_0_6_1.time_location_get_sun_rise_set_transit_pyephem": {"result": [0.19583921087905765], "stats": [{"ci_99": [0.1791679421439767, 0.19638604810461402], "q_25": 0.18344578112009913, "q_75": 0.19597453495953232, "min": 0.1791679421439767, "max": 0.19638604810461402, "mean": 0.19096815441735088, "std": 0.007657132098141894, "repeat": 10, "number": 1}]}, "location.Location_0_6_1.time_location_get_sun_rise_set_transit_spa": {"result": [0.04337260965257883], "stats": [{"ci_99": [0.04261901881545782, 0.04405703488737345], "q_25": 0.043199972715228796, "q_75": 0.043669071863405406, "min": 0.04261901881545782, "max": 0.04405703488737345, "mean": 0.04338325718417764, "std": 0.00040048028872398573, "repeat": 10, "number": 1}]}, "solarposition.SolarPosition.time_ephemeris": {"result": [0.024889873806387186], "stats": [{"ci_99": [0.02358775306493044, 0.025211555883288383], "q_25": 0.02455977664794773, "q_75": 0.02497975213918835, "min": 0.02358775306493044, "max": 0.025211555883288383, "mean": 0.024657329218462108, "std": 0.0005474663819920621, "repeat": 10, "number": 1}]}, "solarposition.SolarPosition.time_ephemeris_localized": {"result": [0.02511724829673767], "stats": [{"ci_99": [0.024827356915920973, 0.025378332007676363], "q_25": 0.025046809227205813, "q_75": 0.02524350385647267, "min": 0.024827356915920973, "max": 0.025378332007676363, "mean": 0.025139375822618604, "std": 0.00015743581094607606, "repeat": 10, "number": 1}]}, "solarposition.SolarPosition.time_nrel_earthsun_distance": {"result": [0.023055498022586107], "stats": [{"ci_99": [0.02255134377628565, 0.023145179264247417], "q_25": 0.023015495855361223, "q_75": 0.023071570903994143, "min": 0.02255134377628565, "max": 0.023145179264247417, "mean": 0.023010889207944273, "std": 0.0001593052445253468, "repeat": 10, "number": 1}]}, "solarposition.SolarPosition.time_spa_python": {"result": [0.02842537290416658], "stats": [{"ci_99": [0.028155087027698755, 0.02865931298583746], "q_25": 0.028378306073136628, "q_75": 0.028454147628508508, "min": 0.028155087027698755, "max": 0.02865931298583746, "mean": 0.028416467364877462, "std": 0.00011748411601090828, "repeat": 10, "number": 1}]}, "solarposition.SolarPosition.time_sun_rise_set_transit_spa": {"result": [0.04947016458027065], "stats": [{"ci_99": [0.04918906092643738, 0.04999577300623059], "q_25": 0.04937977669760585, "q_75": 0.049552677664905787, "min": 0.04918906092643738, "max": 0.04999577300623059, "mean": 0.04951397990807891, "std": 0.00022689618948398786, "repeat": 10, "number": 1}]}, "temperature.Fuentes.time_fuentes": {"result": [NaN, null, null], "params": [["'a'", "'b'", "'deltaT'"]]}, "tracking.SingleAxis.time_singleaxis": {"result": [0.006253601983189583], "stats": [{"ci_99": [0.006186029175296426, 0.006620088592171669], "q_25": 0.006224141921848059, "q_75": 0.0064362455159425735, "min": 0.006186029175296426, "max": 0.006620088592171669, "mean": 0.006327897286973893, "std": 0.00014203382241897872, "repeat": 10, "number": 2}]}, "tracking.SingleAxis.time_tracker_singleaxis": {"result": [0.006409845547750592], "stats": [{"ci_99": [0.006237598601728678, 0.006808822974562645], "q_25": 0.006294538557995111, "q_75": 0.006638160615693778, "min": 0.006237598601728678, "max": 0.006808822974562645, "mean": 0.006463385513052344, "std": 0.00019726524575815256, "repeat": 10, "number": 2}]}, "temperature.SAPM.time_sapm_cell": {"result": [0.0022450647782534363], "stats": [{"ci_99": [0.002217019535601139, 0.002286192402243614], "q_25": 0.0022405084455385804, "q_75": 0.002263176394626498, "min": 0.002217019535601139, "max": 0.002286192402243614, "mean": 0.002250904329121113, "std": 1.9363046664978187e-05, "repeat": 10, "number": 5}]}}, "params": {"arch": "x86_64",