{"results": {"irradiance.TimeSuite.time_aoi": {"result": [0.0021944505628198386], "stats": [{"ci_99": [0.002163942065089941, 0.0023400157690048216], "q_25": 0.0021758358227089046, "q_75": 0.0022021697368472815, "min": 0.002163942065089941, "max": 0.0023400157690048216, "mean": 0.0022034155577421192, "std": 4.841300656356863e-05, "repeat": 10, "number": 5}]}, "irradiance.TimeSuite.time_aoi_projection": {"result": [0.0022186886984854933], "stats": [{"ci_99": [0.002201493643224239, 0.0022732917219400405], "q_25": 0.002211427967995405, "q_75": 0.0022413549944758416, "min": 0.002201493643224239, "max": 0.0022732917219400405, "mean": 0.0022271779645234345, "std": 2.1736429786156086e-05, "repeat": 10, "number": 5}]}, "irradiance.TimeSuite.time_dirindex": {"result": [0.1474694402422756], "stats": [{"ci_99": [0.14393108012154698, 0.16033876780420542], "q_25": 0.14583537180442363, "q_75": 0.14908980205655098, "min": 0.14393108012154698, "max": 0.16033876780420542, "mean": 0.14917700621299446, "std": 0.005042688926864898, "repeat": 10, "number": 1}]}, "irradiance.TimeSuite.time_dirint": {"result": [0.07243284140713513], "stats": [{"ci_99": [0.0705299461260438, 0.07310852874070406], "q_25": 0.07119776192121208, "q_75": 0.07244780345354229, "min": 0.0705299461260438, "max": 0.07310852874070406, "mean": 0.07200730782933533, "std": 0.0008952717327175474, "repeat": 10, "number": 1}]}, "irradiance.TimeSuite.time_disc": {"result": [0.019337951205670834], "stats": [{"ci_99": [0.017786812037229538, 0.020025908946990967], "q_25": 0.017978480900637805, "q_75": 0.01984616951085627, "min": 0.017786812037229538, "max": 0.020025908946990967, "mean": 0.019013200188055634, "std": 0.0009084921736560338, "repeat": 10, "number": 1}]}, "irradiance.TimeSuite.time_erbs": {"result": [0.01205137139186263], "stats": [{"ci_99": [0.011652323417365551, 0.013185398187488317], "q_25": 0.01173290389124304, "q_75": 0.012678202125243843, "min": 0.011652323417365551, "max": 0.013185398187488317, "mean": 0.012242908775806426, "std": 0.0005733137768175168, "repeat": 10, "number": 1}]}, "irradiance.TimeSuite.time_get_extra_radiation": {"result": [0.0026349893887527287], "stats": [{"ci_99": [0.0026294805575162172, 0.002903977525420487], "q_25": 0.0026311561232432723, "q_75": 0.0026602657162584364, "min": 0.0026294805575162172, "max": 0.002903977525420487, "mean": 0.00268853836460039, "std": 0.00010147078858084452, "repeat": 10, "number": 4}]}, "irradiance.TimeSuite.time_get_ground_diffuse": {"result": [0.0005570068140514195], "stats": [{"ci_99": [0.0005028265994042158, 0.000570156006142497], "q_25": 0.0005412089405581354, "q_75": 0.0005663314717821777, "min": 0.0005028265994042158, "max": 0.000570156006142497, "mean": 0.0005494652152992785, "std": 2.1878375852957508e-05, "repeat": 10, "number": 20}]}, "irradiance.TimeSuite.time_get_total_irradiance": {"result": [0.005120995454490185], "stats": [{"ci_99": [0.004959461512044072, 0.00556347006931901], "q_25": 0.0050253820372745395, "q_75": 0.005291393666993827, "min": 0.004959461512044072, "max": 0.00556347006931901, "mean": 0.00517535675317049, "std": 0.00018899009452637503, "repeat": 10, "number": 2}]}, "location.TimeSuite.time_location_get_airmass": {"result": [0.0014779638565544572], "stats": [{"ci_99": [0.0014719611166843346, 0.00149661728313991], "q_25": 0.0014750012196600437, "q_75": 0.0014791613710778099, "min": 0.0014719611166843346, "max": 0.00149661728313991, "mean": 0.0014791385935885564, "std": 6.6951742641675276e-06, "repeat": 10, "number": 7}]}, "location.TimeSuite.time_location_get_clearsky": {"result": [0.013130690902471542], "stats": [{"ci_99": [0.012126184068620205, 0.013267343863844872], "q_25": 0.013026927364990115, "q_75": 0.013222115696407855, "min": 0.012126184068620205, "max": 0.013267343863844872, "mean": 0.012962490273639559, "std": 0.00040073016805805653, "repeat": 10, "number": 1}]}, "location.TimeSuite.time_location_get_solarposition": {"result": [0.01776010636240244], "stats": [{"ci_99": [0.017619738820940256, 0.018050488084554672], "q_25": 0.017705306760035455, "q_75": 0.017826136434450746, "min": 0.017619738820940256, "max": 0.018050488084554672, "mean": 0.017777142534032463, "std": 0.00011364286299429886, "repeat": 10, "number": 1}]}, "location.TimeSuite.time_location_get_sun_rise_set_transit_pyephem": null, "location.TimeSuite.time_location_get_sun_rise_set_transit_spa": null, "solarposition.TimeSuite.time_ephemeris": {"result": [0.023747059050947428], "stats": [{"ci_99": [0.023494943976402283, 0.024919684045016766], "q_25": 0.023593674297444522, "q_75": 0.02404801268130541, "min": 0.023494943976402283, "max": 0.024919684045016766, "mean": 0.023931174911558627, "std": 0.0004590552542083209, "repeat": 10, "number": 1}]}, "solarposition.TimeSuite.time_ephemeris_localized": {"result": [0.02461783983744681], "stats": [{"ci_99": [0.02365314308553934, 0.02519953902810812], "q_25": 0.023721683770418167, "q_75": 0.025082586682401597, "min": 0.02365314308553934, "max": 0.02519953902810812, "mean": 0.02445154432207346, "std": 0.0006597231484199647, "repeat": 10, "number": 1}]}, "solarposition.TimeSuite.time_nrel_earthsun_distance": {"result": [0.023117421893402934], "stats": [{"ci_99": [0.022929931990802288, 0.023353538941591978], "q_25": 0.023057239945046604, "q_75": 0.023199794231913984, "min": 0.022929931990802288, "max": 0.023353538941591978, "mean": 0.023132422426715493, "std": 0.00011627546237897486, "repeat": 10, "number": 1}]}, "solarposition.TimeSuite.time_spa_python": {"result": [0.028320080833509564], "stats": [{"ci_99": [0.028115181252360344, 0.0285413502715528], "q_25": 0.028294267249293625, "q_75": 0.028466034564189613, "min": 0.028115181252360344, "max": 0.0285413502715528, "mean": 0.028350604278966785, "std": 0.00012809834528930422, "repeat": 10, "number": 1}]}, "solarposition.TimeSuite.time_sun_rise_set_transit_spa": {"result": [0.04974339180625975], "stats": [{"ci_99": [0.049187105149030685, 0.057201848831027746], "q_25": 0.04942028596997261, "q_75": 0.0502990297973156, "min": 0.049187105149030685, "max": 0.057201848831027746, "mean": 0.050531826773658396, "std": 0.002268488906752767, "repeat": 10, "number": 1}]}, "tracking.TimeSuite.time_singleaxis": {"result": [0.006390913389623165], "stats": [{"ci_99": [0.006108172005042434, 0.00681164488196373], "q_25": 0.006307905365247279, "q_75": 0.006542867806274444, "min": 0.006108172005042434, "max": 0.00681164488196373, "mean": 0.0064337620278820395, "std": 0.00021360522265331615, "repeat": 10, "number": 2}]}, "tracking.TimeSuite.time_tracker_singleaxis": {"result": [0.006404282758012414], "stats": [{"ci_99": [0.006186389597132802, 0.006703795865178108], "q_25": 0.006248293037060648, "q_75": 0.006555032392498106, "min": 0.006186389597132802, "max": 0.006703795865178108, "mean": 0.006420081038959325, "std": 0.00019164520444740827, "repeat": 10, "number": 2}]}}, "params": {"arch": "x86_64", "cpu": "Intel Xeon Processor (Skylake, IBRS)", "machine": "pvlib-asv.forecasting.energy.arizona.edu", "num_cpu": "4", "os": "Linux 5.7.8-200.fc32.x86_64", "ram": "8145244", "python": "3.7", "ephem": "3.7.6.0", "numpy": "1.18.5", "pandas": "1.1.0", "pytables": "3.6.1", "scipy": "1.2.0"}, "requirements": {"ephem": "3.7.6.0", "numpy": "1.18.5", "pandas": "1.1.0", "pytables": "3.6.1", "scipy": "1.2.0"}, "commit_hash": "0c245a98f90e62d6e723a7c329ebb285db1086eb", "date": 1538695527000, "env_name": "conda-py3.7-ephem3.7.6.0-numpy1.18.5-pandas1.1.0-pytables3.6.1-scipy1.2.0", "python": "3.7", "profiles": {}, "started_at": {"irradiance.TimeSuite.time_aoi": 1599348192768, "irradiance.TimeSuite.time_aoi_projection": 1599348194574, "irradiance.TimeSuite.time_dirindex": 1599348196379, "irradiance.TimeSuite.time_dirint": 1599348198936, "irradiance.TimeSuite.time_disc": 1599348201092, "irradiance.TimeSuite.time_erbs": 1599348202948, "irradiance.TimeSuite.time_get_extra_radiation": 1599348204753, "irradiance.TimeSuite.time_get_ground_diffuse": 1599348206559,