{"results": {"irradiance.Irradiance.time_aoi": {"result": [0.0022126233205199243], "stats": [{"ci_99": [0.0021472834050655365, 0.0022788256406784057], "q_25": 0.002166733215562999, "q_75": 0.00222829373087734, "min": 0.0021472834050655365, "max": 0.0022788256406784057, "mean": 0.0022066974733024837, "std": 4.221157314475967e-05, "repeat": 10, "number": 5}]}, "irradiance.Irradiance.time_aoi_projection": {"result": [0.0022271765861660246], "stats": [{"ci_99": [0.0021673835813999175, 0.0023622306063771246], "q_25": 0.0022036515641957522, "q_75": 0.0022685162490233782, "min": 0.0021673835813999175, "max": 0.0023622306063771246, "mean": 0.0022387437988072635, "std": 5.4792812072127994e-05, "repeat": 10, "number": 5}]}, "irradiance.Irradiance.time_dirindex": {"result": [0.1449469339568168], "stats": [{"ci_99": [0.14340886706486344, 0.14753370080143213], "q_25": 0.14440031338017434, "q_75": 0.14562550641130656, "min": 0.14340886706486344, "max": 0.14753370080143213, "mean": 0.1451655238866806, "std": 0.0013028052224187423, "repeat": 10, "number": 1}]}, "irradiance.Irradiance.time_dirint": {"result": [0.07091677491553128], "stats": [{"ci_99": [0.07018814468756318, 0.07378542609512806], "q_25": 0.07035190460737795, "q_75": 0.07126923196483403, "min": 0.07018814468756318, "max": 0.07378542609512806, "mean": 0.07109607364982366, "std": 0.0010040098144602095, "repeat": 10, "number": 1}]}, "irradiance.Irradiance.time_disc": {"result": [0.018442175583913922], "stats": [{"ci_99": [0.01804665569216013, 0.019123949110507965], "q_25": 0.018124463851563632, "q_75": 0.018685820163227618, "min": 0.01804665569216013, "max": 0.019123949110507965, "mean": 0.01848188079893589, "std": 0.00038854587357497724, "repeat": 10, "number": 1}]}, "irradiance.Irradiance.time_erbs": {"result": [0.012750137830153108], "stats": [{"ci_99": [0.01256276573985815, 0.01382079441100359], "q_25": 0.012650627526454628, "q_75": 0.012898658285848796, "min": 0.01256276573985815, "max": 0.01382079441100359, "mean": 0.01292822496034205, "std": 0.0004198187572584152, "repeat": 10, "number": 1}]}, "irradiance.Irradiance.time_get_extra_radiation": {"result": [0.0026685107150115073], "stats": [{"ci_99": [0.002635713550262153, 0.0027290312573313713], "q_25": 0.002661381528014317, "q_75": 0.002680025703739375, "min": 0.002635713550262153, "max": 0.0027290312573313713, "mean": 0.002673001924995333, "std": 2.3401443473257376e-05, "repeat": 10, "number": 4}]}, "irradiance.Irradiance.time_get_ground_diffuse": {"result": [0.0005528107983991503], "stats": [{"ci_99": [0.0005134999053552746, 0.0005626583471894265], "q_25": 0.0005505622772034258, "q_75": 0.000558329257182777, "min": 0.0005134999053552746, "max": 0.0005626583471894265, "mean": 0.0005487565672956407, "std": 1.46437199836553e-05, "repeat": 10, "number": 20}]}, "irradiance.Irradiance.time_get_total_irradiance": {"result": [0.005153136095032096], "stats": [{"ci_99": [0.005119337001815438, 0.005809284979477525], "q_25": 0.005142950336448848, "q_75": 0.005184539710171521, "min": 0.005119337001815438, "max": 0.005809284979477525, "mean": 0.005223235487937928, "std": 0.00019708362588425986, "repeat": 10, "number": 2}]}, "location.Location.time_location_get_airmass": {"result": [0.001439464877226523], "stats": [{"ci_99": [0.0013692005803542478, 0.0015639489782708032], "q_25": 0.0013740343440856253, "q_75": 0.0014988817939800875, "min": 0.0013692005803542478, "max": 0.0015639489782708032, "mean": 0.0014436917712113688, "std": 7.06091071434694e-05, "repeat": 10, "number": 7}]}, "location.Location.time_location_get_clearsky": {"result": [0.013252605451270938], "stats": [{"ci_99": [0.012576514855027199, 0.013543114997446537], "q_25": 0.013009958667680621, "q_75": 0.013389471336267889, "min": 0.012576514855027199, "max": 0.013543114997446537, "mean": 0.01315620057284832, "std": 0.00031431008711797624, "repeat": 10, "number": 1}]}, "location.Location.time_location_get_solarposition": {"result": [0.017832833109423518], "stats": [{"ci_99": [0.01754158455878496, 0.018575719092041254], "q_25": 0.017705929465591908, "q_75": 0.017870290321297944, "min": 0.01754158455878496, "max": 0.018575719092041254, "mean": 0.01784262708388269, "std": 0.0002689689330746966, "repeat": 10, "number": 1}]}, "location.Location_0_6_1.time_location_get_sun_rise_set_transit_pyephem": {"result": [0.19677014788612723], "stats": [{"ci_99": [0.180206298828125, 0.19751172699034214], "q_25": 0.19468308344949037, "q_75": 0.19721957901492715, "min": 0.180206298828125, "max": 0.19751172699034214, "mean": 0.19349716920405627, "std": 0.00637216313432955, "repeat": 10, "number": 1}]}, "location.Location_0_6_1.time_location_get_sun_rise_set_transit_spa": {"result": [0.04262213967740536], "stats": [{"ci_99": [0.042167349718511105, 0.04300880804657936], "q_25": 0.04252578492742032, "q_75": 0.04273734160233289, "min": 0.042167349718511105, "max": 0.04300880804657936, "mean": 0.042612388357520105, "std": 0.00021439725824510844, "repeat": 10, "number": 1}]}, "solarposition.SolarPosition.time_ephemeris": {"result": [0.025190412299707532], "stats": [{"ci_99": [0.023832020815461874, 0.026029229164123535], "q_25": 0.02483838133048266, "q_75": 0.02534833364188671, "min": 0.023832020815461874, "max": 0.026029229164123535, "mean": 0.025083967158570884, "std": 0.0005389670446864188, "repeat": 10, "number": 1}]}, "solarposition.SolarPosition.time_ephemeris_localized": {"result": [0.024707042146474123], "stats": [{"ci_99": [0.02385612204670906, 0.02673145104199648], "q_25": 0.024451611563563347, "q_75": 0.02511726343072951, "min": 0.02385612204670906, "max": 0.02673145104199648, "mean": 0.024944997439160944, "std": 0.0008538679244719216, "repeat": 10, "number": 1}]}, "solarposition.SolarPosition.time_nrel_earthsun_distance": {"result": [0.025516994995996356], "stats": [{"ci_99": [0.025441340636461973, 0.025703106075525284], "q_25": 0.025486205820925534, "q_75": 0.02554383664391935, "min": 0.025441340636461973, "max": 0.025703106075525284, "mean": 0.02553044343367219, "std": 7.049090677938023e-05, "repeat": 10, "number": 1}]}, "solarposition.SolarPosition.time_spa_python": {"result": [0.02822014852426946], "stats": [{"ci_99": [0.028067390900105238, 0.028488689102232456], "q_25": 0.02810544439125806, "q_75": 0.028328097658231854, "min": 0.028067390900105238, "max": 0.028488689102232456, "mean": 0.028231841046363115, "std": 0.0001337068135633455, "repeat": 10, "number": 1}]}, "solarposition.SolarPosition.time_sun_rise_set_transit_spa": {"result": [0.05079089687205851], "stats": [{"ci_99": [0.05024886829778552, 0.05125459097325802], "q_25": 0.05065793707035482, "q_75": 0.05105425603687763, "min": 0.05024886829778552, "max": 0.05125459097325802, "mean": 0.05080356528051198, "std": 0.00030911907424657694, "repeat": 10, "number": 1}]}, "temperature.Fuentes.time_fuentes": {"result": [NaN, null, null], "params": [["'a'", "'b'", "'deltaT'"]]}, "tracking.SingleAxis.time_singleaxis": {"result": [0.005758922779932618], "stats": [{"ci_99": [0.0054564327001571655, 0.0059687551110982895], "q_25": 0.005581616540439427, "q_75": 0.005839299352373928, "min": 0.0054564327001571655, "max": 0.0059687551110982895, "mean": 0.005721287569031119, "std": 0.00015666356007178778, "repeat": 10, "number": 2}]}, "tracking.SingleAxis.time_tracker_singleaxis": {"result": [0.006471830070950091], "stats": [{"ci_99": [0.0063452390022575855, 0.006701318081468344], "q_25": 0.006398119032382965, "q_75": 0.006494632281828672, "min": 0.0063452390022575855, "max": 0.006701318081468344, "mean": 0.006473730900324881, "std": 0.00010235791270824558, "repeat": 10, "number": 2}]}, "temperature.SAPM.time_sapm_cell": {"result": [0.001632350596732327], "stats": [{"ci_99": [0.0015969278423913888, 0.0016810379124113492], "q_25": 0.0016207129561475345, "q_75": 0.0016417350353939192, "min": 0.0015969278423913888, "max": 0.0016810379124113492, "mean": 0.0016331365930714777, "std": 2.119377370144719e-05, "repeat": 10, "number": 7}]}}, "params": {"arch": "x86_64",