{"results": {"irradiance.Irradiance.time_aoi": {"result": [0.0024021776393055912], "stats": [{"ci_99": [0.0023307986557483673, 0.0025241775438189507], "q_25": 0.0023850840516388416, "q_75": 0.002427121601067483, "min": 0.0023307986557483673, "max": 0.0025241775438189507, "mean": 0.0024099879339337348, "std": 5.0686569027748087e-05, "repeat": 10, "number": 5}]}, "irradiance.Irradiance.time_aoi_projection": {"result": [0.0021651200018823146], "stats": [{"ci_99": [0.0021471030078828333, 0.002243013400584459], "q_25": 0.0021581449545919895, "q_75": 0.0021953132236376405, "min": 0.0021471030078828333, "max": 0.002243013400584459, "mean": 0.002178666051477194, "std": 2.972087541571304e-05, "repeat": 10, "number": 5}]}, "irradiance.Irradiance.time_dirindex": {"result": [0.06624415284022689], "stats": [{"ci_99": [0.06545331468805671, 0.07393440511077642], "q_25": 0.06573333847336471, "q_75": 0.06730073282960802, "min": 0.06545331468805671, "max": 0.07393440511077642, "mean": 0.06745647988282144, "std": 0.0026881686249992515, "repeat": 10, "number": 1}]}, "irradiance.Irradiance.time_dirint": {"result": [0.032965635880827904], "stats": [{"ci_99": [0.03185405628755689, 0.037972313817590475], "q_25": 0.03246724221389741, "q_75": 0.033243222744204104, "min": 0.03185405628755689, "max": 0.037972313817590475, "mean": 0.033323874790221454, "std": 0.001665150310752658, "repeat": 10, "number": 1}]}, "irradiance.Irradiance.time_disc": {"result": [0.012881203787401319], "stats": [{"ci_99": [0.012580068781971931, 0.013222210109233856], "q_25": 0.012749852146953344, "q_75": 0.012937851599417627, "min": 0.012580068781971931, "max": 0.013222210109233856, "mean": 0.012867057602852583, "std": 0.00017026033981636338, "repeat": 10, "number": 1}]}, "irradiance.Irradiance.time_erbs": {"result": [0.007355195819400251], "stats": [{"ci_99": [0.007314553018659353, 0.007508042035624385], "q_25": 0.007321703829802573, "q_75": 0.0073708692798390985, "min": 0.007314553018659353, "max": 0.007508042035624385, "mean": 0.007363303820602596, "std": 5.4296104391437914e-05, "repeat": 10, "number": 2}]}, "irradiance.Irradiance.time_get_extra_radiation": {"result": [0.0005361866438761354], "stats": [{"ci_99": [0.0005331468535587191, 0.0005896023474633693], "q_25": 0.0005353401822503655, "q_75": 0.0005387465469539166, "min": 0.0005331468535587191, "max": 0.0005896023474633693, "mean": 0.0005418649804778397, "std": 1.603956578859121e-05, "repeat": 10, "number": 20}]}, "irradiance.Irradiance.time_get_ground_diffuse": {"result": [0.00035696457726535973], "stats": [{"ci_99": [0.0003534032169867445, 0.00038703772480841035], "q_25": 0.0003550745012169635, "q_75": 0.0003779686952906626, "min": 0.0003534032169867445, "max": 0.00038703772480841035, "mean": 0.0003649475363393624, "std": 1.3613220935399158e-05, "repeat": 10, "number": 27}]}, "irradiance.Irradiance.time_get_total_irradiance": {"result": [0.004610447057833274], "stats": [{"ci_99": [0.004514302282283704, 0.004814716211209695], "q_25": 0.004572445449108879, "q_75": 0.0046363367000594735, "min": 0.004514302282283704, "max": 0.004814716211209695, "mean": 0.004631963434318701, "std": 9.370758804186131e-05, "repeat": 10, "number": 3}]}, "location.Location.time_location_get_airmass": {"result": [0.001382229820592329], "stats": [{"ci_99": [0.0013725680182687938, 0.0013929868582636118], "q_25": 0.0013738761917920783, "q_75": 0.0013836407160852104, "min": 0.0013725680182687938, "max": 0.0013929868582636118, "mean": 0.0013807731389533727, "std": 6.619173115981887e-06, "repeat": 10, "number": 8}]}, "location.Location.time_location_get_clearsky": {"result": [0.00940448953770101], "stats": [{"ci_99": [0.009075968293473125, 0.00971227791160345], "q_25": 0.00922823086148128, "q_75": 0.009522647131234407, "min": 0.009075968293473125, "max": 0.00971227791160345, "mean": 0.009393668244592845, "std": 0.00020498662363340763, "repeat": 10, "number": 2}]}, "location.Location.time_location_get_solarposition": {"result": [0.01509503391571343], "stats": [{"ci_99": [0.014937450177967548, 0.01648841192945838], "q_25": 0.015023653162643313, "q_75": 0.015985806356184185, "min": 0.014937450177967548, "max": 0.01648841192945838, "mean": 0.015443684952333569, "std": 0.0006127008491801541, "repeat": 10, "number": 1}]}, "location.Location_0_6_1.time_location_get_sun_rise_set_transit_pyephem": {"result": [0.1808373094536364], "stats": [{"ci_99": [0.17990129441022873, 0.1973754703067243], "q_25": 0.18048146413639188, "q_75": 0.19605750823393464, "min": 0.17990129441022873, "max": 0.1973754703067243, "mean": 0.1868748791050166, "std": 0.007837622038809215, "repeat": 10, "number": 1}]}, "location.Location_0_6_1.time_location_get_sun_rise_set_transit_spa": {"result": [0.03285642433911562], "stats": [{"ci_99": [0.03254612069576979, 0.033053083345294], "q_25": 0.03281441330909729, "q_75": 0.03294769464991987, "min": 0.03254612069576979, "max": 0.033053083345294, "mean": 0.032839269004762174, "std": 0.00015023285539280374, "repeat": 10, "number": 1}]}, "solarposition.SolarPosition.time_ephemeris": {"result": [0.018379177432507277], "stats": [{"ci_99": [0.018208712805062532, 0.01936890697106719], "q_25": 0.018274008412845433, "q_75": 0.01851575612090528, "min": 0.018208712805062532, "max": 0.01936890697106719, "mean": 0.01847287514247, "std": 0.00032108543778451527, "repeat": 10, "number": 1}]}, "solarposition.SolarPosition.time_ephemeris_localized": {"result": [0.01836793264374137], "stats": [{"ci_99": [0.018145606853067875, 0.018607761710882187], "q_25": 0.018289120169356465, "q_75": 0.018440668703988194, "min": 0.018145606853067875, "max": 0.018607761710882187, "mean": 0.018362630531191824, "std": 0.00012923716988199975, "repeat": 10, "number": 1}]}, "solarposition.SolarPosition.time_nrel_earthsun_distance": {"result": [0.022747106850147247], "stats": [{"ci_99": [0.02263354230672121, 0.022865233942866325], "q_25": 0.022712242556735873, "q_75": 0.0228278978029266, "min": 0.02263354230672121, "max": 0.022865233942866325, "mean": 0.022759258979931474, "std": 7.20076887592871e-05, "repeat": 10, "number": 1}]}, "solarposition.SolarPosition.time_spa_python": {"result": [0.02579363062977791], "stats": [{"ci_99": [0.0254231751896441, 0.026088248006999493], "q_25": 0.025759320007637143, "q_75": 0.025856557302176952, "min": 0.0254231751896441, "max": 0.026088248006999493, "mean": 0.025766858644783498, "std": 0.0001844409139080078, "repeat": 10, "number": 1}]}, "solarposition.SolarPosition.time_sun_rise_set_transit_spa": {"result": [0.037911827210336924], "stats": [{"ci_99": [0.0376301072537899, 0.03840076830238104], "q_25": 0.03778036776930094, "q_75": 0.0379960595164448, "min": 0.0376301072537899, "max": 0.03840076830238104, "mean": 0.03792038722895086, "std": 0.00021505841553563283, "repeat": 10, "number": 1}]}, "temperature.Fuentes.time_fuentes": NaN, "temperature.SAPM.time_sapm_cell": {"result": [0.0010186114814132452], "stats": [{"ci_99": [0.0010027853772044183, 0.001040378212928772], "q_25": 0.0010094549739733337, "q_75": 0.0010260348091833292, "min": 0.0010027853772044183, "max": 0.001040378212928772, "mean": 0.0010185291571542618, "std": 1.1467245651672446e-05, "repeat": 10, "number": 10}]}, "tracking.SingleAxis.time_singleaxis": {"result": [0.02082234201952815], "stats": [{"ci_99": [0.019077401142567396, 0.022792376577854156], "q_25": 0.020386140327900648, "q_75": 0.021276451065205038, "min": 0.019077401142567396, "max": 0.022792376577854156, "mean": 0.020830165641382337, "std": 0.0009240883472680143, "repeat": 10, "number": 1}]}, "tracking.SingleAxis.time_tracker_singleaxis": {"result": [0.02197119640186429], "stats": [{"ci_99": [0.020011945627629757, 0.022901462391018867], "q_25": 0.021460202056914568, "q_75": 0.022507466026581824, "min": 0.020011945627629757, "max": 0.022901462391018867, "mean": 0.02186274197883904, "std": 0.0008577115226325721, "repeat": 10, "number": 1}]}}, "params": {"arch": "x86_64", "cpu": "Intel Xeon Processor (Skylake, IBRS)",