{"results": {"irradiance.Irradiance.time_aoi": {"result": [0.002338053099811077], "stats": [{"ci_99": [0.0022288284264504908, 0.0023762655444443228], "q_25": 0.0023095687385648487, "q_75": 0.002343478985130787, "min": 0.0022288284264504908, "max": 0.0023762655444443228, "mean": 0.0023206702247262, "std": 4.063349748861238e-05, "repeat": 10, "number": 5}]}, "irradiance.Irradiance.time_aoi_projection": {"result": [0.002014997275546193], "stats": [{"ci_99": [0.0019328262656927108, 0.002090942766517401], "q_25": 0.0019725946011021735, "q_75": 0.002065493003465235, "min": 0.0019328262656927108, "max": 0.002090942766517401, "mean": 0.0020145181193947795, "std": 5.5037638374358815e-05, "repeat": 10, "number": 5}]}, "irradiance.Irradiance.time_dirindex": {"result": [0.142374481074512], "stats": [{"ci_99": [0.13721600687131286, 0.14461303176358342], "q_25": 0.1403341389959678, "q_75": 0.1435053242603317, "min": 0.13721600687131286, "max": 0.14461303176358342, "mean": 0.1417328195180744, "std": 0.002260676521316238, "repeat": 10, "number": 1}]}, "irradiance.Irradiance.time_dirint": {"result": [0.07021284126676619], "stats": [{"ci_99": [0.06905427388846874, 0.08046279894188046], "q_25": 0.06915397371631116, "q_75": 0.07107635866850615, "min": 0.06905427388846874, "max": 0.08046279894188046, "mean": 0.07117658257484435, "std": 0.0032734643465649627, "repeat": 10, "number": 1}]}, "irradiance.Irradiance.time_disc": {"result": [0.019499886082485318], "stats": [{"ci_99": [0.018575902096927166, 0.020283552818000317], "q_25": 0.0190471118548885, "q_75": 0.019826770410872996, "min": 0.018575902096927166, "max": 0.020283552818000317, "mean": 0.01943149045109749, "std": 0.0005010620246148732, "repeat": 10, "number": 1}]}, "irradiance.Irradiance.time_erbs": {"result": [0.012550073442980647], "stats": [{"ci_99": [0.012118639890104532, 0.013124037068337202], "q_25": 0.012522662640549242, "q_75": 0.01294856471940875, "min": 0.012118639890104532, "max": 0.013124037068337202, "mean": 0.012662516813725233, "std": 0.00031142994372906007, "repeat": 10, "number": 1}]}, "irradiance.Irradiance.time_get_extra_radiation": null, "irradiance.Irradiance.time_get_ground_diffuse": null, "irradiance.Irradiance.time_get_total_irradiance": null, "location.Location.time_location_get_airmass": {"result": [0.005138894077390432], "stats": [{"ci_99": [0.004868866875767708, 0.005364631302654743], "q_25": 0.004928656853735447, "q_75": 0.005328659433871508, "min": 0.004868866875767708, "max": 0.005364631302654743, "mean": 0.005127687193453312, "std": 0.00020687161362107812, "repeat": 10, "number": 2}]}, "location.Location.time_location_get_clearsky": {"result": [0.4556805710308254], "stats": [{"ci_99": [0.449083155952394, 0.4654311519116163], "q_25": 0.450764964800328, "q_75": 0.4595474294619635, "min": 0.449083155952394, "max": 0.4654311519116163, "mean": 0.4556833640206605, "std": 0.005241847101329016, "repeat": 10, "number": 1}]}, "location.Location.time_location_get_solarposition": {"result": [0.017827324103564024], "stats": [{"ci_99": [0.01772890379652381, 0.01789959892630577], "q_25": 0.017768656834959984, "q_75": 0.017848875373601913, "min": 0.01772890379652381, "max": 0.01789959892630577, "mean": 0.017812732653692365, "std": 5.3617585713909826e-05, "repeat": 10, "number": 1}]}, "location.Location_0_6_1.time_location_get_sun_rise_set_transit_pyephem": NaN, "location.Location_0_6_1.time_location_get_sun_rise_set_transit_spa": NaN, "solarposition.SolarPosition.time_ephemeris": {"result": [0.023999386001378298], "stats": [{"ci_99": [0.02328853029757738, 0.02499225689098239], "q_25": 0.023470531799830496, "q_75": 0.024608395528048277, "min": 0.02328853029757738, "max": 0.02499225689098239, "mean": 0.02408404820598662, "std": 0.00064625822112247, "repeat": 10, "number": 1}]}, "solarposition.SolarPosition.time_ephemeris_localized": {"result": [0.2534373940434307], "stats": [{"ci_99": [0.2505273977294564, 0.26207415806129575], "q_25": 0.2525398990837857, "q_75": 0.25785843981429935, "min": 0.2505273977294564, "max": 0.26207415806129575, "mean": 0.2550353050231934, "std": 0.003967920028092329, "repeat": 10, "number": 1}]}, "solarposition.SolarPosition.time_nrel_earthsun_distance": {"result": [0.02368410094641149], "stats": [{"ci_99": [0.023446098901331425, 0.023889306001365185], "q_25": 0.023537837085314095, "q_75": 0.023775501875206828, "min": 0.023446098901331425, "max": 0.023889306001365185, "mean": 0.023669907450675966, "std": 0.0001421404899078535, "repeat": 10, "number": 1}]}, "solarposition.SolarPosition.time_spa_python": {"result": [0.028279331512749195], "stats": [{"ci_99": [0.02815830707550049, 0.028585714753717184], "q_25": 0.028237813734449446, "q_75": 0.028388122213073075, "min": 0.02815830707550049, "max": 0.028585714753717184, "mean": 0.02831474062986672, "std": 0.00012223249073324457, "repeat": 10, "number": 1}]}, "solarposition.SolarPosition.time_sun_rise_set_transit_spa": {"result": [0.04908200236968696], "stats": [{"ci_99": [0.04866955801844597, 0.04931627679616213], "q_25": 0.04887370963115245, "q_75": 0.049143123091198504, "min": 0.04866955801844597, "max": 0.04931627679616213, "mean": 0.04902427988126874, "std": 0.00021432026658588818, "repeat": 10, "number": 1}]}, "temperature.Fuentes.time_fuentes": NaN, "temperature.SAPM.time_sapm_cell": {"result": [0.0022217127960175278], "stats": [{"ci_99": [0.002190544456243515, 0.002246659994125366], "q_25": 0.0022036209935322407, "q_75": 0.002234124299138784, "min": 0.002190544456243515, "max": 0.002246659994125366, "mean": 0.0022199385613203048, "std": 1.8589222637439342e-05, "repeat": 10, "number": 5}]}, "tracking.SingleAxis.time_singleaxis": {"result": [0.03166930237784982], "stats": [{"ci_99": [0.029934443067759275, 0.03330166218802333], "q_25": 0.030955341761000454, "q_75": 0.03183967329096049, "min": 0.029934443067759275, "max": 0.03330166218802333, "mean": 0.03146778205409646, "std": 0.000869135284167806, "repeat": 10, "number": 1}]}, "tracking.SingleAxis.time_tracker_singleaxis": {"result": [0.031325324438512325], "stats": [{"ci_99": [0.030539207626134157, 0.03331259312108159], "q_25": 0.031140576000325382, "q_75": 0.03186232247389853, "min": 0.030539207626134157, "max": 0.03331259312108159, "mean": 0.03152501927688718, "std": 0.0007989988193035014, "repeat": 10, "number": 1}]}}, "params": {"arch": "x86_64", "cpu": "Intel Xeon Processor (Skylake, IBRS)", "machine": "pvlib-asv.forecasting.energy.arizona.edu", "num_cpu": "4", "os": "Linux 5.7.8-200.fc32.x86_64", "ram": "8145244", "python": "3.8", "numpy": "", "pandas": "", "scipy": "", "pytables": "", "ephem": ""}, "requirements": {"numpy": "", "pandas": "", "scipy": "", "pytables": "", "ephem": ""}, "commit_hash": "112ee56a4221287e4335daa426e72f6508dcbfba", "date": 1516739713000, "env_name": "conda-py3.8-ephem-numpy-pandas-pytables-scipy", "python": "3.8", "profiles": {}, "started_at": {"irradiance.Irradiance.time_aoi": 1599837939608, "irradiance.Irradiance.time_aoi_projection": 1599837944318, "irradiance.Irradiance.time_dirindex": 1599837949032, "irradiance.Irradiance.time_dirint": 1599837954493, "irradiance.Irradiance.time_disc": 1599837959554, "irradiance.Irradiance.time_erbs": 1599837964363, "irradiance.Irradiance.time_get_extra_radiation": 1599837928093, "irradiance.Irradiance.time_get_ground_diffuse": 1599837928948, "irradiance.Irradiance.time_get_total_irradiance": 1599837929802, "location.Location.time_location_get_airmass": 1599837969073, "location.Location.time_location_get_clearsky": 1599837969376, "location.Location.time_location_get_solarposition": 1599837972333, "location.Location_0_6_1.time_location_get_sun_rise_set_transit_pyephem": 1599837972687, "location.Location_0_6_1.time_location_get_sun_rise_set_transit_spa": 1599837972740, "solarposition.SolarPosition.time_ephemeris": 1599837972792, "solarposition.SolarPosition.time_ephemeris_localized": 1599837973096, "solarposition.SolarPosition.time_nrel_earthsun_distance": 1599837974701,