{"results": {"irradiance.Irradiance.time_aoi": {"result": [0.0022956619039177896], "stats": [{"ci_99": [0.002271050773561001, 0.0023819790221750736], "q_25": 0.00229081769939512, "q_75": 0.0023680873215198516, "min": 0.002271050773561001, "max": 0.0023819790221750736, "mean": 0.0023208127729594705, "std": 4.1694178911981554e-05, "repeat": 10, "number": 5}]}, "irradiance.Irradiance.time_aoi_projection": {"result": [0.0020393604878336195], "stats": [{"ci_99": [0.001986340992152691, 0.002079735603183508], "q_25": 0.002017317991703749, "q_75": 0.0020455552265048024, "min": 0.001986340992152691, "max": 0.002079735603183508, "mean": 0.0020341311208903787, "std": 2.6879812130439844e-05, "repeat": 10, "number": 5}]}, "irradiance.Irradiance.time_dirindex": {"result": [0.141722509637475], "stats": [{"ci_99": [0.1385237891227007, 0.1455523930490017], "q_25": 0.14022248913533986, "q_75": 0.14252588874660432, "min": 0.1385237891227007, "max": 0.1455523930490017, "mean": 0.1415738608688116, "std": 0.002073072853786332, "repeat": 10, "number": 1}]}, "irradiance.Irradiance.time_dirint": {"result": [0.07050292962230742], "stats": [{"ci_99": [0.06925991829484701, 0.07278528297320008], "q_25": 0.07007687934674323, "q_75": 0.07088803662918508, "min": 0.06925991829484701, "max": 0.07278528297320008, "mean": 0.07054784693755209, "std": 0.0009450271035941757, "repeat": 10, "number": 1}]}, "irradiance.Irradiance.time_disc": {"result": [0.019805202027782798], "stats": [{"ci_99": [0.018504928797483444, 0.020432848017662764], "q_25": 0.019507215125486255, "q_75": 0.020111164078116417, "min": 0.018504928797483444, "max": 0.020432848017662764, "mean": 0.019660494523122907, "std": 0.0006149516413921803, "repeat": 10, "number": 1}]}, "irradiance.Irradiance.time_erbs": {"result": [0.013638287084177136], "stats": [{"ci_99": [0.012763973325490952, 0.014272624161094427], "q_25": 0.013054212438873947, "q_75": 0.014006003504619002, "min": 0.012763973325490952, "max": 0.014272624161094427, "mean": 0.013551578903570772, "std": 0.0005232452637199297, "repeat": 10, "number": 1}]}, "irradiance.Irradiance.time_get_extra_radiation": {"result": [0.0026684628683142364], "stats": [{"ci_99": [0.002607750240713358, 0.0026930237654596567], "q_25": 0.002638208883581683, "q_75": 0.00267510034609586, "min": 0.002607750240713358, "max": 0.0026930237654596567, "mean": 0.0026565986685454846, "std": 2.7044685582097844e-05, "repeat": 10, "number": 4}]}, "irradiance.Irradiance.time_get_ground_diffuse": {"result": [0.0005494898650795221], "stats": [{"ci_99": [0.000525140087120235, 0.0005683383904397487], "q_25": 0.0005402949755080044, "q_75": 0.0005546034022700042, "min": 0.000525140087120235, "max": 0.0005683383904397487, "mean": 0.0005484003480523824, "std": 1.207310367478665e-05, "repeat": 10, "number": 20}]}, "irradiance.Irradiance.time_get_total_irradiance": {"result": [0.005421191337518394], "stats": [{"ci_99": [0.005245456472039223, 0.005540382349863648], "q_25": 0.005314965208526701, "q_75": 0.005480617517605424, "min": 0.005245456472039223, "max": 0.005540382349863648, "mean": 0.005399223603308201, "std": 0.00010642476088763214, "repeat": 10, "number": 2}]}, "location.Location.time_location_get_airmass": {"result": [0.0014277004811447114], "stats": [{"ci_99": [0.001326053636148572, 0.001440880703739822], "q_25": 0.0013486244715750217, "q_75": 0.0014344562805490568, "min": 0.001326053636148572, "max": 0.001440880703739822, "mean": 0.0013961919001303613, "std": 4.7244889078361493e-05, "repeat": 10, "number": 8}]}, "location.Location.time_location_get_clearsky": {"result": [0.012921071844175458], "stats": [{"ci_99": [0.01226759422570467, 0.013345832005143166], "q_25": 0.012429512687958777, "q_75": 0.013180929818190634, "min": 0.01226759422570467, "max": 0.013345832005143166, "mean": 0.012843676609918475, "std": 0.0003988756813052776, "repeat": 10, "number": 1}]}, "location.Location.time_location_get_solarposition": {"result": [0.01857201918028295], "stats": [{"ci_99": [0.01839869376271963, 0.018802381120622158], "q_25": 0.018496274249628186, "q_75": 0.018709135940298438, "min": 0.01839869376271963, "max": 0.018802381120622158, "mean": 0.018590088281780482, "std": 0.0001302463617123436, "repeat": 10, "number": 1}]}, "location.Location_0_6_1.time_location_get_sun_rise_set_transit_pyephem": {"result": [0.19427833054214716], "stats": [{"ci_99": [0.17833624500781298, 0.1993554439395666], "q_25": 0.1941853550961241, "q_75": 0.1946903323987499, "min": 0.17833624500781298, "max": 0.1993554439395666, "mean": 0.19372275653295218, "std": 0.005497385146011739, "repeat": 10, "number": 1}]}, "location.Location_0_6_1.time_location_get_sun_rise_set_transit_spa": {"result": [0.04347795620560646], "stats": [{"ci_99": [0.04305076599121094, 0.044055765960365534], "q_25": 0.04337299382314086, "q_75": 0.04386456054635346, "min": 0.04305076599121094, "max": 0.044055765960365534, "mean": 0.043550295382738115, "std": 0.00032390962855136107, "repeat": 10, "number": 1}]}, "solarposition.SolarPosition.time_ephemeris": {"result": [0.024121345253661275], "stats": [{"ci_99": [0.023376757744699717, 0.025263958144932985], "q_25": 0.02345185319427401, "q_75": 0.02499468589667231, "min": 0.023376757744699717, "max": 0.025263958144932985, "mean": 0.024234646745026112, "std": 0.0007865042116252161, "repeat": 10, "number": 1}]}, "solarposition.SolarPosition.time_ephemeris_localized": {"result": [0.025138472206890583], "stats": [{"ci_99": [0.024478605017066002, 0.025964881293475628], "q_25": 0.02476019226014614, "q_75": 0.025446482002735138, "min": 0.024478605017066002, "max": 0.025964881293475628, "mean": 0.02512894500978291, "std": 0.0004630179711962435, "repeat": 10, "number": 1}]}, "solarposition.SolarPosition.time_nrel_earthsun_distance": {"result": [0.023776523070409894], "stats": [{"ci_99": [0.023450284730643034, 0.02445425884798169], "q_25": 0.023544228170067072, "q_75": 0.02388173306826502, "min": 0.023450284730643034, "max": 0.02445425884798169, "mean": 0.023776123393327, "std": 0.00028161618742631925, "repeat": 10, "number": 1}]}, "solarposition.SolarPosition.time_spa_python": {"result": [0.028807987459003925], "stats": [{"ci_99": [0.028491908684372902, 0.029433461371809244], "q_25": 0.028737420681864023, "q_75": 0.028961410280317068, "min": 0.028491908684372902, "max": 0.029433461371809244, "mean": 0.028866196842864157, "std": 0.0002374022420128692, "repeat": 10, "number": 1}]}, "solarposition.SolarPosition.time_sun_rise_set_transit_spa": {"result": [0.0504109940957278], "stats": [{"ci_99": [0.04967174492776394, 0.05076445313170552], "q_25": 0.050218013348057866, "q_75": 0.0505478756967932, "min": 0.04967174492776394, "max": 0.05076445313170552, "mean": 0.05037174834869802, "std": 0.0003014379416196732, "repeat": 10, "number": 1}]}, "temperature.Fuentes.time_fuentes": NaN, "temperature.SAPM.time_sapm_cell": {"result": [0.0015965078491717577], "stats": [{"ci_99": [0.0015867978467472962, 0.0016498885649655546], "q_25": 0.0015886938532016109, "q_75": 0.0016128826454015715, "min": 0.0015867978467472962, "max": 0.0016498885649655546, "mean": 0.0016058947425335647, "std": 2.2553570870638578e-05, "repeat": 10, "number": 7}]}, "tracking.SingleAxis.time_singleaxis": {"result": [0.006596278282813728], "stats": [{"ci_99": [0.006487874547019601, 0.006959434831514955], "q_25": 0.006521648843772709, "q_75": 0.006793120875954628, "min": 0.006487874547019601, "max": 0.006959434831514955, "mean": 0.006660670042037964, "std": 0.0001672118424536824, "repeat": 10, "number": 2}]}, "tracking.SingleAxis.time_tracker_singleaxis": {"result": [0.006490967236459255], "stats": [{"ci_99": [0.006268892902880907, 0.006843944545835257], "q_25": 0.006335409882012755, "q_75": 0.006645696412306279, "min": 0.006268892902880907, "max": 0.006843944545835257, "mean": 0.006510057300329208, "std": 0.00018601314169559645, "repeat": 10, "number": 2}]}}, "params": {"arch": "x86_64", "cpu": "Intel Xeon Processor (Skylake, IBRS)",