{"results": {"irradiance.Irradiance.time_aoi": {"result": [0.002223149035125971], "stats": [{"ci_99": [0.0021632672287523746, 0.002349788602441549], "q_25": 0.0021871334174647927, "q_75": 0.0022824664134532212, "min": 0.0021632672287523746, "max": 0.002349788602441549, "mean": 0.002239377852529287, "std": 6.227894278873178e-05, "repeat": 10, "number": 5}]}, "irradiance.Irradiance.time_aoi_projection": {"result": [0.0022151334676891567], "stats": [{"ci_99": [0.0021847518160939216, 0.0023828208446502685], "q_25": 0.0021977515891194346, "q_75": 0.0023035468300804493, "min": 0.0021847518160939216, "max": 0.0023828208446502685, "mean": 0.0022504213731735943, "std": 7.19597887071445e-05, "repeat": 10, "number": 5}]}, "irradiance.Irradiance.time_dirindex": {"result": [0.14431409956887364], "stats": [{"ci_99": [0.14061173889786005, 0.14812566060572863], "q_25": 0.14336088590789586, "q_75": 0.14598447445314378, "min": 0.14061173889786005, "max": 0.14812566060572863, "mean": 0.14458610932342708, "std": 0.0022162508078881517, "repeat": 10, "number": 1}]}, "irradiance.Irradiance.time_dirint": {"result": [0.07276498689316213], "stats": [{"ci_99": [0.07016913406550884, 0.07547909207642078], "q_25": 0.0723724327981472, "q_75": 0.07342288200743496, "min": 0.07016913406550884, "max": 0.07547909207642078, "mean": 0.07280332827940583, "std": 0.0013140835285238108, "repeat": 10, "number": 1}]}, "irradiance.Irradiance.time_disc": {"result": [0.01874993764795363], "stats": [{"ci_99": [0.018025159370154142, 0.019475293811410666], "q_25": 0.018155717058107257, "q_75": 0.019337632576934993, "min": 0.018025159370154142, "max": 0.019475293811410666, "mean": 0.0187502249609679, "std": 0.0006039746243504827, "repeat": 10, "number": 1}]}, "irradiance.Irradiance.time_erbs": {"result": [0.01339109824039042], "stats": [{"ci_99": [0.01230706786736846, 0.013574465177953243], "q_25": 0.013195052510127425, "q_75": 0.013454723870381713, "min": 0.01230706786736846, "max": 0.013574465177953243, "mean": 0.013219443196430803, "std": 0.00039449978764041863, "repeat": 10, "number": 1}]}, "irradiance.Irradiance.time_get_extra_radiation": {"result": [0.0026292131515219808], "stats": [{"ci_99": [0.0025977789191529155, 0.002843576716259122], "q_25": 0.0026175172242801636, "q_75": 0.002638431469677016, "min": 0.0025977789191529155, "max": 0.002843576716259122, "mean": 0.002648939797654748, "std": 6.790074283405671e-05, "repeat": 10, "number": 4}]}, "irradiance.Irradiance.time_get_ground_diffuse": {"result": [0.000542849429290403], "stats": [{"ci_99": [0.0005053368566388434, 0.0005690803624350916], "q_25": 0.000511609790423377, "q_75": 0.0005511343161660161, "min": 0.0005053368566388434, "max": 0.0005690803624350916, "mean": 0.0005346017974344166, "std": 2.1787035221732e-05, "repeat": 10, "number": 22}]}, "irradiance.Irradiance.time_get_total_irradiance": {"result": [0.005106233060359955], "stats": [{"ci_99": [0.005041616503149271, 0.005587237421423197], "q_25": 0.005095612432342023, "q_75": 0.005114997737109661, "min": 0.005041616503149271, "max": 0.005587237421423197, "mean": 0.005144734447821975, "std": 0.0001493546535482864, "repeat": 10, "number": 2}]}, "location.Location.time_location_get_airmass": {"result": [0.0014942555821367673], "stats": [{"ci_99": [0.0014813271617250784, 0.0015522008761763573], "q_25": 0.0014915136021694966, "q_75": 0.0015072405305025832, "min": 0.0014813271617250784, "max": 0.0015522008761763573, "mean": 0.0015018937444048269, "std": 1.9462847312108776e-05, "repeat": 10, "number": 7}]}, "location.Location.time_location_get_clearsky": {"result": [0.013059179531410336], "stats": [{"ci_99": [0.012071375735104084, 0.013274571858346462], "q_25": 0.01298002724070102, "q_75": 0.01310664543416351, "min": 0.012071375735104084, "max": 0.013274571858346462, "mean": 0.0128933260217309, "std": 0.0004132343675489628, "repeat": 10, "number": 1}]}, "location.Location.time_location_get_solarposition": {"result": [0.017757576424628496], "stats": [{"ci_99": [0.017615975346416235, 0.017983341589570045], "q_25": 0.01767870329786092, "q_75": 0.01786830450873822, "min": 0.017615975346416235, "max": 0.017983341589570045, "mean": 0.017773742182180287, "std": 0.00011591983708407045, "repeat": 10, "number": 1}]}, "location.Location_0_6_1.time_location_get_sun_rise_set_transit_pyephem": {"result": [0.19726055138744414], "stats": [{"ci_99": [0.19610956590622663, 0.19820562936365604], "q_25": 0.196977092535235, "q_75": 0.1974737074924633, "min": 0.19610956590622663, "max": 0.19820562936365604, "mean": 0.19718653741292655, "std": 0.0006020136191198033, "repeat": 10, "number": 1}]}, "location.Location_0_6_1.time_location_get_sun_rise_set_transit_spa": {"result": [0.04265907499939203], "stats": [{"ci_99": [0.042419482953846455, 0.04346074815839529], "q_25": 0.04248269333038479, "q_75": 0.04288990853819996, "min": 0.042419482953846455, "max": 0.04346074815839529, "mean": 0.042749907122924924, "std": 0.0003185765212657378, "repeat": 10, "number": 1}]}, "solarposition.SolarPosition.time_ephemeris": {"result": [0.024772846838459373], "stats": [{"ci_99": [0.023763328790664673, 0.02930409973487258], "q_25": 0.024099893285892904, "q_75": 0.02518373215571046, "min": 0.023763328790664673, "max": 0.02930409973487258, "mean": 0.025081768818199634, "std": 0.0015108785226727605, "repeat": 10, "number": 1}]}, "solarposition.SolarPosition.time_ephemeris_localized": {"result": [0.024824077496305108], "stats": [{"ci_99": [0.023746995721012354, 0.02615804923698306], "q_25": 0.02389176154974848, "q_75": 0.025362980319187045, "min": 0.023746995721012354, "max": 0.02615804923698306, "mean": 0.024752816278487445, "std": 0.0008266274978580466, "repeat": 10, "number": 1}]}, "solarposition.SolarPosition.time_nrel_earthsun_distance": {"result": [0.022986262338235974], "stats": [{"ci_99": [0.02292014006525278, 0.023714806884527206], "q_25": 0.022940598661080003, "q_75": 0.023043346940539777, "min": 0.02292014006525278, "max": 0.023714806884527206, "mean": 0.023055327078327536, "std": 0.0002247834105443491, "repeat": 10, "number": 1}]}, "solarposition.SolarPosition.time_spa_python": {"result": [0.02823044592514634], "stats": [{"ci_99": [0.028124490287154913, 0.029164494015276432], "q_25": 0.028204651665873826, "q_75": 0.028314710594713688, "min": 0.028124490287154913, "max": 0.029164494015276432, "mean": 0.02835903470404446, "std": 0.00030448668670314815, "repeat": 10, "number": 1}]}, "solarposition.SolarPosition.time_sun_rise_set_transit_spa": {"result": [0.04929249547421932], "stats": [{"ci_99": [0.04901760211214423, 0.04973891796544194], "q_25": 0.04918190720491111, "q_75": 0.04952947434503585, "min": 0.04901760211214423, "max": 0.04973891796544194, "mean": 0.049348044116050004, "std": 0.0002445542237508218, "repeat": 10, "number": 1}]}, "temperature.Fuentes.time_fuentes": {"result": null, "params": [["'a'", "'b'", "'deltaT'"]]}, "temperature.SAPM.time_sapm_cell": {"result": null, "params": [["'a'", "'b'", "'deltaT'"]]}, "tracking.SingleAxis.time_singleaxis": {"result": [0.00636470050085336], "stats": [{"ci_99": [0.006160594057291746, 0.006632719887420535], "q_25": 0.006286433897912502, "q_75": 0.006458841555286199, "min": 0.006160594057291746, "max": 0.006632719887420535, "mean": 0.0063753858208656315, "std": 0.00013401509901189983, "repeat": 10, "number": 2}]}, "tracking.SingleAxis.time_tracker_singleaxis": {"result": [0.006430016248486936], "stats": [{"ci_99": [0.006223686505109072, 0.0066786331590265036], "q_25": 0.006305678049102426, "q_75": 0.0064822230488061905, "min": 0.006223686505109072, "max": 0.0066786331590265036, "mean": 0.006420156150124967, "std": 0.0001346106229788718, "repeat": 10, "number": 2}]}}, "params": {"arch": "x86_64", "cpu": "Intel Xeon Processor (Skylake, IBRS)", "machine": "pvlib-asv.forecasting.energy.arizona.edu", "num_cpu": "4", "os": "Linux 5.7.8-200.fc32.x86_64", "ram": "8145244", "python": "3.7", "ephem": "3.7.6.0", "numpy": "1.18.5", "pandas": "1.1.0", "pytables": "3.6.1",