{"results": {"irradiance.TimeSuite.time_aoi": {"result": [0.002225187188014388], "stats": [{"ci_99": [0.002210014592856169, 0.0025267457589507104], "q_25": 0.0022197034908458587, "q_75": 0.0022483081324025985, "min": 0.002210014592856169, "max": 0.0025267457589507104, "mean": 0.002265891591086984, "std": 9.281517750989094e-05, "repeat": 10, "number": 5}]}, "irradiance.TimeSuite.time_aoi_projection": {"result": [0.0022298213094472884], "stats": [{"ci_99": [0.0021610931493341924, 0.0025417235679924487], "q_25": 0.0022118993336334826, "q_75": 0.0023012826452031734, "min": 0.0021610931493341924, "max": 0.0025417235679924487, "mean": 0.002289072247222066, "std": 0.0001303510848771799, "repeat": 10, "number": 5}]}, "irradiance.TimeSuite.time_dirindex": {"result": [0.14472403144463897], "stats": [{"ci_99": [0.1430980828590691, 0.15045123035088181], "q_25": 0.1435218759579584, "q_75": 0.14672752062324435, "min": 0.1430980828590691, "max": 0.15045123035088181, "mean": 0.1453678911551833, "std": 0.0021891339060969854, "repeat": 10, "number": 1}]}, "irradiance.TimeSuite.time_dirint": {"result": [0.0717579557094723], "stats": [{"ci_99": [0.07039153017103672, 0.07351743569597602], "q_25": 0.07106090034358203, "q_75": 0.07252023671753705, "min": 0.07039153017103672, "max": 0.07351743569597602, "mean": 0.07184052760712803, "std": 0.0010721830718917395, "repeat": 10, "number": 1}]}, "irradiance.TimeSuite.time_disc": {"result": [0.01911036088131368], "stats": [{"ci_99": [0.017980047967284918, 0.01988581893965602], "q_25": 0.018264795653522015, "q_75": 0.01969390327576548, "min": 0.017980047967284918, "max": 0.01988581893965602, "mean": 0.019012642558664083, "std": 0.0007460530046556991, "repeat": 10, "number": 1}]}, "irradiance.TimeSuite.time_erbs": {"result": [0.012667773058637977], "stats": [{"ci_99": [0.012235699221491814, 0.013568650931119919], "q_25": 0.01251865248195827, "q_75": 0.013525574468076229, "min": 0.012235699221491814, "max": 0.013568650931119919, "mean": 0.012904073670506477, "std": 0.0005320773413873382, "repeat": 10, "number": 1}]}, "irradiance.TimeSuite.time_get_extra_radiation": {"result": [0.002647179353516549], "stats": [{"ci_99": [0.0026399230118840933, 0.0027960599400103092], "q_25": 0.002644510183017701, "q_75": 0.0026549135509412736, "min": 0.0026399230118840933, "max": 0.0027960599400103092, "mean": 0.00266463253647089, "std": 4.4845981926660514e-05, "repeat": 10, "number": 4}]}, "irradiance.TimeSuite.time_get_ground_diffuse": {"result": [0.0005512287258170544], "stats": [{"ci_99": [0.0005452752579003572, 0.0005802301922813058], "q_25": 0.0005499661318026483, "q_75": 0.0005539355508517474, "min": 0.0005452752579003572, "max": 0.0005802301922813058, "mean": 0.0005553723894990982, "std": 1.0377363448678852e-05, "repeat": 10, "number": 20}]}, "irradiance.TimeSuite.time_get_total_irradiance": {"result": [0.005159132299013436], "stats": [{"ci_99": [0.005039107520133257, 0.005435571074485779], "q_25": 0.005120982357766479, "q_75": 0.005205811816267669, "min": 0.005039107520133257, "max": 0.005435571074485779, "mean": 0.005190260405652225, "std": 0.00012868403692250596, "repeat": 10, "number": 2}]}, "location.TimeSuite.time_location_get_airmass": {"result": [0.0014872995338269643], "stats": [{"ci_99": [0.001377679141504424, 0.001506057767463582], "q_25": 0.0014821673976257443, "q_75": 0.0014952611277944275, "min": 0.001377679141504424, "max": 0.001506057767463582, "mean": 0.0014772411236273393, "std": 3.500594160722805e-05, "repeat": 10, "number": 7}]}, "location.TimeSuite.time_location_get_clearsky": {"result": [0.013129591941833496], "stats": [{"ci_99": [0.01207352802157402, 0.01326424814760685], "q_25": 0.013079174561426044, "q_75": 0.013229525415226817, "min": 0.01207352802157402, "max": 0.01326424814760685, "mean": 0.01298749283887446, "std": 0.00038105308447238797, "repeat": 10, "number": 1}]}, "location.TimeSuite.time_location_get_solarposition": {"result": [0.017742237076163292], "stats": [{"ci_99": [0.017588552087545395, 0.017848542891442776], "q_25": 0.01764714519958943, "q_75": 0.01777234161272645, "min": 0.017588552087545395, "max": 0.017848542891442776, "mean": 0.017718547955155373, "std": 7.663613059880327e-05, "repeat": 10, "number": 1}]}, "location.TimeSuite.time_location_get_sun_rise_set_transit_pyephem": {"result": [0.19586116750724614], "stats": [{"ci_99": [0.19272906286641955, 0.19647320406511426], "q_25": 0.19572043174412102, "q_75": 0.19604619382880628, "min": 0.19272906286641955, "max": 0.19647320406511426, "mean": 0.1954337743110955, "std": 0.001144243464898724, "repeat": 10, "number": 1}]}, "location.TimeSuite.time_location_get_sun_rise_set_transit_spa": {"result": [0.0424888317938894], "stats": [{"ci_99": [0.04218426486477256, 0.04262322559952736], "q_25": 0.04231788555625826, "q_75": 0.04253624298144132, "min": 0.04218426486477256, "max": 0.04262322559952736, "mean": 0.04243335407227278, "std": 0.0001345205293316463, "repeat": 10, "number": 1}]}, "solarposition.TimeSuite.time_ephemeris": {"result": [0.02406833111308515], "stats": [{"ci_99": [0.023589140735566616, 0.024698128923773766], "q_25": 0.023773140623234212, "q_75": 0.02450385398697108, "min": 0.023589140735566616, "max": 0.024698128923773766, "mean": 0.024120838055387138, "std": 0.0003977015996960856, "repeat": 10, "number": 1}]}, "solarposition.TimeSuite.time_ephemeris_localized": {"result": [0.024670561077073216], "stats": [{"ci_99": [0.023639122024178505, 0.02566747460514307], "q_25": 0.023804688826203346, "q_75": 0.02522533677984029, "min": 0.023639122024178505, "max": 0.02566747460514307, "mean": 0.02460840526036918, "std": 0.0007765273356228176, "repeat": 10, "number": 1}]}, "solarposition.TimeSuite.time_nrel_earthsun_distance": {"result": [0.02303317957557738], "stats": [{"ci_99": [0.022977374028414488, 0.023100278805941343], "q_25": 0.023002580157481134, "q_75": 0.023053136421367526, "min": 0.022977374028414488, "max": 0.023100278805941343, "mean": 0.02303502932190895, "std": 4.0191324029760226e-05, "repeat": 10, "number": 1}]}, "solarposition.TimeSuite.time_spa_python": {"result": [0.02809874713420868], "stats": [{"ci_99": [0.027932722121477127, 0.028320757672190666], "q_25": 0.028076952323317528, "q_75": 0.02821992279496044, "min": 0.027932722121477127, "max": 0.028320757672190666, "mean": 0.028135616844519973, "std": 0.0001148959954089682, "repeat": 10, "number": 1}]}, "solarposition.TimeSuite.time_sun_rise_set_transit_spa": {"result": [0.04868000792339444], "stats": [{"ci_99": [0.04820301989093423, 0.049257648177444935], "q_25": 0.048461116035468876, "q_75": 0.04880507185589522, "min": 0.04820301989093423, "max": 0.049257648177444935, "mean": 0.04869387410581112, "std": 0.00031066972440643427, "repeat": 10, "number": 1}]}, "tracking.TimeSuite.time_singleaxis": {"result": [0.00642833043821156], "stats": [{"ci_99": [0.006148242624476552, 0.0066868700087070465], "q_25": 0.00639429606962949, "q_75": 0.006567837262991816, "min": 0.006148242624476552, "max": 0.0066868700087070465, "mean": 0.0064555976772680875, "std": 0.0001472544389231768, "repeat": 10, "number": 2}]}, "tracking.TimeSuite.time_tracker_singleaxis": {"result": [0.006554687395691872], "stats": [{"ci_99": [0.0061629603151232, 0.0067298635840415955], "q_25": 0.006438036623876542, "q_75": 0.0066505399299785495, "min": 0.0061629603151232, "max": 0.0067298635840415955, "mean": 0.00651379469782114, "std": 0.00017748744515864523, "repeat": 10, "number": 2}]}}, "params": {"arch": "x86_64", "cpu": "Intel Xeon Processor (Skylake, IBRS)", "machine": "pvlib-asv.forecasting.energy.arizona.edu", "num_cpu": "4", "os": "Linux 5.7.8-200.fc32.x86_64", "ram": "8145244", "python": "3.7", "ephem": "3.7.6.0", "numpy": "1.18.5", "pandas": "1.1.0", "pytables": "3.6.1", "scipy": "1.2.0"}, "requirements": {"ephem": "3.7.6.0", "numpy": "1.18.5", "pandas": "1.1.0", "pytables": "3.6.1", "scipy": "1.2.0"}, "commit_hash": "15b1cbd85294d2037f1d6f2006a00752b81e8839", "date": 1557851415000,