{"results": {"irradiance.Irradiance.time_aoi": {"result": [0.0023883598856627945], "stats": [{"ci_99": [0.002333675976842642, 0.0025816066190600395], "q_25": 0.0023653098847717046, "q_75": 0.002494812803342938, "min": 0.002333675976842642, "max": 0.0025816066190600395, "mean": 0.002428956842049956, "std": 8.781945529427148e-05, "repeat": 10, "number": 5}]}, "irradiance.Irradiance.time_aoi_projection": {"result": [0.002164328470826149], "stats": [{"ci_99": [0.00213205199688673, 0.002225832547992468], "q_25": 0.002156212879344821, "q_75": 0.002173841232433915, "min": 0.00213205199688673, "max": 0.002225832547992468, "mean": 0.002167718606069684, "std": 2.4135821086758428e-05, "repeat": 10, "number": 5}]}, "irradiance.Irradiance.time_dirindex": {"result": [0.0659087523818016], "stats": [{"ci_99": [0.06497104885056615, 0.06726217595860362], "q_25": 0.0656009967206046, "q_75": 0.06635613739490509, "min": 0.06497104885056615, "max": 0.06726217595860362, "mean": 0.0659927180968225, "std": 0.0006068785784930085, "repeat": 10, "number": 1}]}, "irradiance.Irradiance.time_dirint": {"result": [0.032899914076551795], "stats": [{"ci_99": [0.03247310593724251, 0.033904426731169224], "q_25": 0.03258303157053888, "q_75": 0.03306048398371786, "min": 0.03247310593724251, "max": 0.033904426731169224, "mean": 0.03296548170037568, "std": 0.0004538828161421971, "repeat": 10, "number": 1}]}, "irradiance.Irradiance.time_disc": {"result": [0.01291427481919527], "stats": [{"ci_99": [0.012654334772378206, 0.014057888183742762], "q_25": 0.012744426028802991, "q_75": 0.013065533596090972, "min": 0.012654334772378206, "max": 0.014057888183742762, "mean": 0.013078316301107406, "std": 0.0004685661765380606, "repeat": 10, "number": 1}]}, "irradiance.Irradiance.time_erbs": {"result": [0.007352891028858721], "stats": [{"ci_99": [0.00727051985450089, 0.007491865428164601], "q_25": 0.0073312860913574696, "q_75": 0.007417340355459601, "min": 0.00727051985450089, "max": 0.007491865428164601, "mean": 0.0073710215045139195, "std": 6.11686806364827e-05, "repeat": 10, "number": 2}]}, "irradiance.Irradiance.time_get_extra_radiation": {"result": [0.0005343060474842787], "stats": [{"ci_99": [0.0005264113424345851, 0.0005892168032005429], "q_25": 0.0005318855866789817, "q_75": 0.0005393905914388597, "min": 0.0005264113424345851, "max": 0.0005892168032005429, "mean": 0.0005397052527405322, "std": 1.7000240250534314e-05, "repeat": 10, "number": 20}]}, "irradiance.Irradiance.time_get_ground_diffuse": {"result": [0.00035336551338653355], "stats": [{"ci_99": [0.00032781235709348144, 0.00037085296421804847], "q_25": 0.00033870403764440734, "q_75": 0.00035820113878478027, "min": 0.00032781235709348144, "max": 0.00037085296421804847, "mean": 0.0003499038284644484, "std": 1.3348859676157882e-05, "repeat": 10, "number": 34}]}, "irradiance.Irradiance.time_get_total_irradiance": {"result": [0.004612905982260903], "stats": [{"ci_99": [0.004449472296983004, 0.0049964613281190395], "q_25": 0.004511263764773806, "q_75": 0.004710118713167806, "min": 0.004449472296983004, "max": 0.0049964613281190395, "mean": 0.004638686496764421, "std": 0.00016153660943933208, "repeat": 10, "number": 3}]}, "location.Location.time_location_get_airmass": {"result": [0.0013730486971326172], "stats": [{"ci_99": [0.0013637703377753496, 0.0014172856463119388], "q_25": 0.001366648793919012, "q_75": 0.001392082092934288, "min": 0.0013637703377753496, "max": 0.0014172856463119388, "mean": 0.0013799804903101176, "std": 1.7169704928952523e-05, "repeat": 10, "number": 8}]}, "location.Location.time_location_get_clearsky": {"result": [0.009256529971025884], "stats": [{"ci_99": [0.009051898028701544, 0.009708158439025283], "q_25": 0.009118058544117957, "q_75": 0.009362667566165328, "min": 0.009051898028701544, "max": 0.009708158439025283, "mean": 0.009280903870239854, "std": 0.00019259008449910647, "repeat": 10, "number": 2}]}, "location.Location.time_location_get_solarposition": {"result": [0.01490644901059568], "stats": [{"ci_99": [0.014848015271127224, 0.015293749049305916], "q_25": 0.014879613765515387, "q_75": 0.014924394781701267, "min": 0.014848015271127224, "max": 0.015293749049305916, "mean": 0.014934690529480576, "std": 0.00012268716372540456, "repeat": 10, "number": 1}]}, "location.Location_0_6_1.time_location_get_sun_rise_set_transit_pyephem": {"result": [0.17988905357196927], "stats": [{"ci_99": [0.1793542429804802, 0.1812082752585411], "q_25": 0.1797027112916112, "q_75": 0.18047114613000304, "min": 0.1793542429804802, "max": 0.1812082752585411, "mean": 0.18009484852664173, "std": 0.0005826386610759049, "repeat": 10, "number": 1}]}, "location.Location_0_6_1.time_location_get_sun_rise_set_transit_spa": {"result": [0.03213172638788819], "stats": [{"ci_99": [0.031851771753281355, 0.032830317970365286], "q_25": 0.03204599511809647, "q_75": 0.032238542567938566, "min": 0.031851771753281355, "max": 0.032830317970365286, "mean": 0.032183313416317104, "std": 0.00024669469880220663, "repeat": 10, "number": 1}]}, "solarposition.SolarPosition.time_ephemeris": {"result": [0.018324471078813076], "stats": [{"ci_99": [0.017957592848688364, 0.019041414838284254], "q_25": 0.018234027200378478, "q_75": 0.018455175799317658, "min": 0.017957592848688364, "max": 0.019041414838284254, "mean": 0.01837661359459162, "std": 0.0002706085263396147, "repeat": 10, "number": 1}]}, "solarposition.SolarPosition.time_ephemeris_localized": {"result": [0.018364462070167065], "stats": [{"ci_99": [0.018222729675471783, 0.01889127865433693], "q_25": 0.018319336464628577, "q_75": 0.018500189878977835, "min": 0.018222729675471783, "max": 0.01889127865433693, "mean": 0.01843539923429489, "std": 0.00019116960021296327, "repeat": 10, "number": 1}]}, "solarposition.SolarPosition.time_nrel_earthsun_distance": {"result": [0.02279300452210009], "stats": [{"ci_99": [0.022729701828211546, 0.02302583074197173], "q_25": 0.022761036409065127, "q_75": 0.02283715212251991, "min": 0.022729701828211546, "max": 0.02302583074197173, "mean": 0.022818438103422524, "std": 8.508970642946791e-05, "repeat": 10, "number": 1}]}, "solarposition.SolarPosition.time_spa_python": {"result": [0.025674559408798814], "stats": [{"ci_99": [0.025605614762753248, 0.026117471046745777], "q_25": 0.02561567712109536, "q_75": 0.02576534857507795, "min": 0.025605614762753248, "max": 0.026117471046745777, "mean": 0.02573755835182965, "std": 0.00016168721903343057, "repeat": 10, "number": 1}]}, "solarposition.SolarPosition.time_sun_rise_set_transit_spa": {"result": [0.03733904310502112], "stats": [{"ci_99": [0.03700659517198801, 0.03812834294512868], "q_25": 0.03719406726304442, "q_75": 0.03756716731004417, "min": 0.03700659517198801, "max": 0.03812834294512868, "mean": 0.03741222657263279, "std": 0.0003051078555580146, "repeat": 10, "number": 1}]}, "temperature.Fuentes.time_fuentes": NaN, "temperature.SAPM.time_sapm_cell": {"result": [0.001001387813382528], "stats": [{"ci_99": [0.0009935888123105872, 0.0010170192796398294], "q_25": 0.000996805727481842, "q_75": 0.0010054611854932525, "min": 0.0009935888123105872, "max": 0.0010170192796398294, "mean": 0.0010022637180306694, "std": 6.7115497034944254e-06, "repeat": 10, "number": 11}]}, "tracking.SingleAxis.time_singleaxis": {"result": [0.020762756001204252], "stats": [{"ci_99": [0.017243339214473963, 0.0221157087944448], "q_25": 0.019622060703113675, "q_75": 0.021632324438542128, "min": 0.017243339214473963, "max": 0.0221157087944448, "mean": 0.020461745420470835, "std": 0.0014742424657051033, "repeat": 10, "number": 1}]}, "tracking.SingleAxis.time_tracker_singleaxis": {"result": [0.019772877683863044], "stats": [{"ci_99": [0.017644613981246948, 0.02234271913766861], "q_25": 0.018505297834053636, "q_75": 0.021217817207798362, "min": 0.017644613981246948, "max": 0.02234271913766861, "mean": 0.019877909822389482, "std": 0.0015234697128104766, "repeat": 10, "number": 1}]}}, "params": {"arch": "x86_64", "cpu": "Intel Xeon Processor (Skylake, IBRS)",