{"results": {"irradiance.Irradiance.time_aoi": {"result": [0.002354665379971266], "stats": [{"ci_99": [0.002320459205657244, 0.0024791227653622626], "q_25": 0.0023481181822717187, "q_75": 0.0023684955667704344, "min": 0.002320459205657244, "max": 0.0024791227653622626, "mean": 0.0023661221098154788, "std": 4.119335675584672e-05, "repeat": 10, "number": 5}]}, "irradiance.Irradiance.time_aoi_projection": {"result": [0.0021183909848332405], "stats": [{"ci_99": [0.002091736625880003, 0.002179581392556429], "q_25": 0.00210940798278898, "q_75": 0.002146952878683805, "min": 0.002091736625880003, "max": 0.002179581392556429, "mean": 0.0021289848443120716, "std": 2.9679081209132624e-05, "repeat": 10, "number": 5}]}, "irradiance.Irradiance.time_dirindex": {"result": [0.06441082200035453], "stats": [{"ci_99": [0.06335441907867789, 0.06521207233890891], "q_25": 0.06401444494258612, "q_75": 0.06473577185533941, "min": 0.06335441907867789, "max": 0.06521207233890891, "mean": 0.06434245896525681, "std": 0.0005338644565337666, "repeat": 10, "number": 1}]}, "irradiance.Irradiance.time_dirint": {"result": [0.031972049502655864], "stats": [{"ci_99": [0.031654179096221924, 0.032432332169264555], "q_25": 0.031844568671658635, "q_75": 0.032035504817031324, "min": 0.031654179096221924, "max": 0.032432332169264555, "mean": 0.03199403956532478, "std": 0.00023733215369062165, "repeat": 10, "number": 1}]}, "irradiance.Irradiance.time_disc": {"result": [0.012630508514121175], "stats": [{"ci_99": [0.012521370779722929, 0.01284556183964014], "q_25": 0.012600500718690455, "q_75": 0.012673660996370018, "min": 0.012521370779722929, "max": 0.01284556183964014, "mean": 0.012645476870238781, "std": 8.23330657170673e-05, "repeat": 10, "number": 1}]}, "irradiance.Irradiance.time_erbs": {"result": [0.006732323090545833], "stats": [{"ci_99": [0.006684963358566165, 0.006781383650377393], "q_25": 0.006726858613546938, "q_75": 0.006738095078617334, "min": 0.006684963358566165, "max": 0.006781383650377393, "mean": 0.006733883102424443, "std": 2.3541200972966917e-05, "repeat": 10, "number": 2}]}, "irradiance.Irradiance.time_get_extra_radiation": null, "irradiance.Irradiance.time_get_ground_diffuse": null, "irradiance.Irradiance.time_get_total_irradiance": null, "location.Location.time_location_get_airmass": {"result": [0.003767550690099597], "stats": [{"ci_99": [0.0037277850011984506, 0.0038326969370245934], "q_25": 0.003753557219170034, "q_75": 0.003793723687219123, "min": 0.0037277850011984506, "max": 0.0038326969370245934, "mean": 0.003772822472577293, "std": 3.205097682429038e-05, "repeat": 10, "number": 3}]}, "location.Location.time_location_get_clearsky": {"result": [0.012201003264635801], "stats": [{"ci_99": [0.012064912356436253, 0.012335551902651787], "q_25": 0.012138254009187222, "q_75": 0.012252688175067306, "min": 0.012064912356436253, "max": 0.012335551902651787, "mean": 0.012200179509818554, "std": 8.063219541648152e-05, "repeat": 10, "number": 1}]}, "location.Location.time_location_get_solarposition": {"result": [0.0148842369671911], "stats": [{"ci_99": [0.01482175663113594, 0.015033288393169641], "q_25": 0.014846613281406462, "q_75": 0.014930477947928011, "min": 0.01482175663113594, "max": 0.015033288393169641, "mean": 0.014902529679238797, "std": 6.811362341952736e-05, "repeat": 10, "number": 1}]}, "location.Location_0_6_1.time_location_get_sun_rise_set_transit_pyephem": NaN, "location.Location_0_6_1.time_location_get_sun_rise_set_transit_spa": NaN, "solarposition.SolarPosition.time_ephemeris": {"result": [0.01805104804225266], "stats": [{"ci_99": [0.017915834207087755, 0.01815601997077465], "q_25": 0.018007214763201773, "q_75": 0.01809908135328442, "min": 0.017915834207087755, "max": 0.01815601997077465, "mean": 0.01804625322110951, "std": 7.240733503552562e-05, "repeat": 10, "number": 1}]}, "solarposition.SolarPosition.time_ephemeris_localized": {"result": [0.20883844909258187], "stats": [{"ci_99": [0.20672015706077218, 0.212160037830472], "q_25": 0.20768189325463027, "q_75": 0.2103373680729419, "min": 0.20672015706077218, "max": 0.212160037830472, "mean": 0.20912895300425588, "std": 0.0018242305571473856, "repeat": 10, "number": 1}]}, "solarposition.SolarPosition.time_nrel_earthsun_distance": {"result": [0.022755714133381844], "stats": [{"ci_99": [0.022276902105659246, 0.024655396584421396], "q_25": 0.0226240127813071, "q_75": 0.023741221171803772, "min": 0.022276902105659246, "max": 0.024655396584421396, "mean": 0.023160320706665516, "std": 0.0008752917083743651, "repeat": 10, "number": 1}]}, "solarposition.SolarPosition.time_spa_python": {"result": [0.025780135300010443], "stats": [{"ci_99": [0.025576057843863964, 0.025912940967828035], "q_25": 0.025616673519834876, "q_75": 0.02583349181804806, "min": 0.025576057843863964, "max": 0.025912940967828035, "mean": 0.02574042631313205, "std": 0.00011829243331525149, "repeat": 10, "number": 1}]}, "solarposition.SolarPosition.time_sun_rise_set_transit_spa": {"result": [0.037223406601697206], "stats": [{"ci_99": [0.03698563016951084, 0.037591229658573866], "q_25": 0.03712213260587305, "q_75": 0.037355038337409496, "min": 0.03698563016951084, "max": 0.037591229658573866, "mean": 0.03724134122021496, "std": 0.0001786705802446106, "repeat": 10, "number": 1}]}, "temperature.Fuentes.time_fuentes": NaN, "temperature.SAPM.time_sapm_cell": {"result": [0.0016171489509620835], "stats": [{"ci_99": [0.0015713927069944994, 0.0016726570070854255], "q_25": 0.0015774189627596308, "q_75": 0.0016663225667018977, "min": 0.0015713927069944994, "max": 0.0016726570070854255, "mean": 0.0016209276991763285, "std": 4.301532952459936e-05, "repeat": 10, "number": 7}]}, "tracking.SingleAxis.time_singleaxis": {"result": [0.034545583883300424], "stats": [{"ci_99": [0.033506717067211866, 0.03786608995869756], "q_25": 0.03420265589375049, "q_75": 0.03603949036914855, "min": 0.033506717067211866, "max": 0.03786608995869756, "mean": 0.035145304771140216, "std": 0.0013278562247014064, "repeat": 10, "number": 1}]}, "tracking.SingleAxis.time_tracker_singleaxis": {"result": [0.03651303402148187], "stats": [{"ci_99": [0.034043359104543924, 0.037157943937927485], "q_25": 0.034748274250887334, "q_75": 0.037005497608333826, "min": 0.034043359104543924, "max": 0.037157943937927485, "mean": 0.03594491956755519, "std": 0.0012099277121021524, "repeat": 10, "number": 1}]}}, "params": {"arch": "x86_64", "cpu": "Intel Xeon Processor (Skylake, IBRS)", "machine": "pvlib-asv.forecasting.energy.arizona.edu", "num_cpu": "4", "os": "Linux 5.7.8-200.fc32.x86_64", "ram": "8145244", "python": "3.6", "numpy": "1.12.0", "pandas": "0.22.0", "scipy": "1.2.0", "pytables": "3.6.1", "ephem": "3.7.6.0"}, "requirements": {"numpy": "1.12.0", "pandas": "0.22.0", "scipy": "1.2.0", "pytables": "3.6.1", "ephem": "3.7.6.0"}, "commit_hash": "1872ae8243b99989a451f2c72f6f9d1773739c87", "date": 1527779109000, "env_name": "conda-py3.6-ephem3.7.6.0-numpy1.12.0-pandas0.22.0-pytables3.6.1-scipy1.2.0", "python": "3.6", "profiles": {}, "started_at": {"irradiance.Irradiance.time_aoi": 1599836258664, "irradiance.Irradiance.time_aoi_projection": 1599836260620, "irradiance.Irradiance.time_dirindex": 1599836262575, "irradiance.Irradiance.time_dirint": 1599836264831, "irradiance.Irradiance.time_disc": 1599836266887, "irradiance.Irradiance.time_erbs": 1599836268843, "irradiance.Irradiance.time_get_extra_radiation": 1599836251713, "irradiance.Irradiance.time_get_ground_diffuse": 1599836252066, "irradiance.Irradiance.time_get_total_irradiance": 1599836252419, "location.Location.time_location_get_airmass": 1599836270799, "location.Location.time_location_get_clearsky": 1599836271102, "location.Location.time_location_get_solarposition": 1599836271405, "location.Location_0_6_1.time_location_get_sun_rise_set_transit_pyephem": 1599836271709, "location.Location_0_6_1.time_location_get_sun_rise_set_transit_spa": 1599836271761, "solarposition.SolarPosition.time_ephemeris": 1599836271814,