{"results": {"irradiance.Irradiance.time_aoi": {"result": [0.0023647563997656103], "stats": [{"ci_99": [0.0022941053844988345, 0.0023812313564121725], "q_25": 0.0023339693900197743, "q_75": 0.002377661922946572, "min": 0.0022941053844988345, "max": 0.0023812313564121725, "mean": 0.0023516862653195857, "std": 3.056999521287556e-05, "repeat": 10, "number": 5}]}, "irradiance.Irradiance.time_aoi_projection": {"result": [0.002139900764450431], "stats": [{"ci_99": [0.0021215939894318582, 0.002150416374206543], "q_25": 0.002135112322866917, "q_75": 0.0021475905319675807, "min": 0.0021215939894318582, "max": 0.002150416374206543, "mean": 0.002139033991843462, "std": 9.504885622708316e-06, "repeat": 10, "number": 5}]}, "irradiance.Irradiance.time_dirindex": {"result": [0.06521923863328993], "stats": [{"ci_99": [0.06413766602054238, 0.06911156419664621], "q_25": 0.06504657142795622, "q_75": 0.06761924421880394, "min": 0.06413766602054238, "max": 0.06911156419664621, "mean": 0.0661843060515821, "std": 0.0016332522920931582, "repeat": 10, "number": 1}]}, "irradiance.Irradiance.time_dirint": {"result": [0.032609386602416635], "stats": [{"ci_99": [0.03210997907444835, 0.03670642012730241], "q_25": 0.032299933140166104, "q_75": 0.03392721468117088, "min": 0.03210997907444835, "max": 0.03670642012730241, "mean": 0.033461469877511266, "std": 0.0016931356968624069, "repeat": 10, "number": 1}]}, "irradiance.Irradiance.time_disc": {"result": [0.012556168949231505], "stats": [{"ci_99": [0.01238887570798397, 0.013456873130053282], "q_25": 0.01247855566907674, "q_75": 0.01267717860173434, "min": 0.01238887570798397, "max": 0.013456873130053282, "mean": 0.012638644175603985, "std": 0.0002924681880385265, "repeat": 10, "number": 1}]}, "irradiance.Irradiance.time_erbs": {"result": [0.006943844025954604], "stats": [{"ci_99": [0.006683196406811476, 0.007181309629231691], "q_25": 0.0067789857275784016, "q_75": 0.007013080350589007, "min": 0.006683196406811476, "max": 0.007181309629231691, "mean": 0.006911190645769239, "std": 0.0001530613124179901, "repeat": 10, "number": 2}]}, "irradiance.Irradiance.time_get_extra_radiation": {"result": [0.0005290885805152357], "stats": [{"ci_99": [0.0005245131906121969, 0.0005353894317522645], "q_25": 0.000526278663892299, "q_75": 0.0005303935031406581, "min": 0.0005245131906121969, "max": 0.0005353894317522645, "mean": 0.0005288990866392851, "std": 3.2456538944203095e-06, "repeat": 10, "number": 20}]}, "irradiance.Irradiance.time_get_ground_diffuse": {"result": [0.00036059094368126886], "stats": [{"ci_99": [0.0003455178651573329, 0.0003745158299289901], "q_25": 0.00034887927327433536, "q_75": 0.0003706519170824824, "min": 0.0003455178651573329, "max": 0.0003745158299289901, "mean": 0.00036004587429864653, "std": 1.1124206219638949e-05, "repeat": 10, "number": 29}]}, "irradiance.Irradiance.time_get_total_irradiance": {"result": [0.004535607527941465], "stats": [{"ci_99": [0.004441965992252032, 0.004571091228475173], "q_25": 0.004465125928012033, "q_75": 0.00456573775348564, "min": 0.004441965992252032, "max": 0.004571091228475173, "mean": 0.004517144834001859, "std": 5.064988777825998e-05, "repeat": 10, "number": 3}]}, "location.Location.time_location_get_airmass": {"result": [0.001368709868984297], "stats": [{"ci_99": [0.0013575790217146277, 0.0013926796382293105], "q_25": 0.0013626565923914313, "q_75": 0.0013707993784919381, "min": 0.0013575790217146277, "max": 0.0013926796382293105, "mean": 0.0013697914371732622, "std": 1.0603055445412274e-05, "repeat": 10, "number": 8}]}, "location.Location.time_location_get_clearsky": {"result": [0.009352703229524195], "stats": [{"ci_99": [0.008959505008533597, 0.009470425080507994], "q_25": 0.009230663417838514, "q_75": 0.009370441432110965, "min": 0.008959505008533597, "max": 0.009470425080507994, "mean": 0.009275878570042551, "std": 0.00016119915134059297, "repeat": 10, "number": 2}]}, "location.Location.time_location_get_solarposition": {"result": [0.015032829716801643], "stats": [{"ci_99": [0.01500600203871727, 0.015225622337311506], "q_25": 0.015021605184301734, "q_75": 0.015062175691127777, "min": 0.01500600203871727, "max": 0.015225622337311506, "mean": 0.015057479636743665, "std": 6.187212206338751e-05, "repeat": 10, "number": 1}]}, "location.Location_0_6_1.time_location_get_sun_rise_set_transit_pyephem": NaN, "location.Location_0_6_1.time_location_get_sun_rise_set_transit_spa": NaN, "solarposition.SolarPosition.time_ephemeris": {"result": [0.01816213154233992], "stats": [{"ci_99": [0.018091552890837193, 0.018508397974073887], "q_25": 0.018105894909240305, "q_75": 0.018244461971335113, "min": 0.018091552890837193, "max": 0.018508397974073887, "mean": 0.01821680534631014, "std": 0.00014493613231323922, "repeat": 10, "number": 1}]}, "solarposition.SolarPosition.time_ephemeris_localized": {"result": [0.0182233564555645], "stats": [{"ci_99": [0.017941101919859648, 0.018374668899923563], "q_25": 0.018152669770643115, "q_75": 0.0183368626749143, "min": 0.017941101919859648, "max": 0.018374668899923563, "mean": 0.018208349449560048, "std": 0.00014595994257412382, "repeat": 10, "number": 1}]}, "solarposition.SolarPosition.time_nrel_earthsun_distance": {"result": [0.022619614843279123], "stats": [{"ci_99": [0.022306514903903008, 0.0229988107457757], "q_25": 0.022396840155124664, "q_75": 0.022653703694231808, "min": 0.022306514903903008, "max": 0.0229988107457757, "mean": 0.02257708227261901, "std": 0.00019651882809875086, "repeat": 10, "number": 1}]}, "solarposition.SolarPosition.time_spa_python": {"result": [0.025439578108489513], "stats": [{"ci_99": [0.025145598221570253, 0.025768884923309088], "q_25": 0.025177656556479633, "q_75": 0.025685979868285358, "min": 0.025145598221570253, "max": 0.025768884923309088, "mean": 0.025442781625315547, "std": 0.0002608319922540613, "repeat": 10, "number": 1}]}, "solarposition.SolarPosition.time_sun_rise_set_transit_spa": {"result": [0.038001902401447296], "stats": [{"ci_99": [0.03766244696453214, 0.03844207525253296], "q_25": 0.03779505274724215, "q_75": 0.03815383662004024, "min": 0.03766244696453214, "max": 0.03844207525253296, "mean": 0.03801903165876865, "std": 0.00025163257298462834, "repeat": 10, "number": 1}]}, "temperature.Fuentes.time_fuentes": NaN, "temperature.SAPM.time_sapm_cell": {"result": [0.0016466934633042132], "stats": [{"ci_99": [0.0016045755307589258, 0.0016743048493351256], "q_25": 0.0016219944061179247, "q_75": 0.0016553931969351002, "min": 0.0016045755307589258, "max": 0.0016743048493351256, "mean": 0.001640492937128459, "std": 2.2361348076419184e-05, "repeat": 10, "number": 7}]}, "tracking.SingleAxis.time_singleaxis": {"result": [0.016816210001707077], "stats": [{"ci_99": [0.014598499052226543, 0.020976159255951643], "q_25": 0.015989582636393607, "q_75": 0.018339165835641325, "min": 0.014598499052226543, "max": 0.020976159255951643, "mean": 0.017231986531987785, "std": 0.001838035447452725, "repeat": 10, "number": 1}]}, "tracking.SingleAxis.time_tracker_singleaxis": {"result": [0.01636937540024519], "stats": [{"ci_99": [0.015014955773949623, 0.018610968254506588], "q_25": 0.015392583794891834, "q_75": 0.017158044036477804, "min": 0.015014955773949623, "max": 0.018610968254506588, "mean": 0.016500397864729167, "std": 0.001218588294877936, "repeat": 10, "number": 1}]}}, "params": {"arch": "x86_64", "cpu": "Intel Xeon Processor (Skylake, IBRS)", "machine": "pvlib-asv.forecasting.energy.arizona.edu", "num_cpu": "4", "os": "Linux 5.7.8-200.fc32.x86_64", "ram": "8145244", "python": "3.6", "numpy": "1.12.0", "pandas": "0.22.0", "scipy": "1.2.0", "pytables": "3.6.1", "ephem": "3.7.6.0"}, "requirements": {"numpy": "1.12.0", "pandas": "0.22.0", "scipy": "1.2.0", "pytables": "3.6.1", "ephem": "3.7.6.0"}, "commit_hash": "1ac14bcae7b0102e8c6a8a6c8bd7f9c6bf633a5a", "date": 1541451474000, "env_name": "conda-py3.6-ephem3.7.6.0-numpy1.12.0-pandas0.22.0-pytables3.6.1-scipy1.2.0", "python": "3.6", "profiles": {},