{"results": {"irradiance.Irradiance.time_aoi": {"result": [0.0023841782938688995], "stats": [{"ci_99": [0.0023622420616447926, 0.00256270719692111], "q_25": 0.002371526323258877, "q_75": 0.002391783846542239, "min": 0.0023622420616447926, "max": 0.00256270719692111, "mean": 0.0023986996617168187, "std": 5.602807230559918e-05, "repeat": 10, "number": 5}]}, "irradiance.Irradiance.time_aoi_projection": {"result": [0.0021533314138650894], "stats": [{"ci_99": [0.0020949820056557654, 0.002183721214532852], "q_25": 0.0021323671098798513, "q_75": 0.0021660859696567055, "min": 0.0020949820056557654, "max": 0.002183721214532852, "mean": 0.0021477224864065642, "std": 2.6220220231725085e-05, "repeat": 10, "number": 5}]}, "irradiance.Irradiance.time_dirindex": {"result": [0.0654761225450784], "stats": [{"ci_99": [0.06517820991575718, 0.06642545014619827], "q_25": 0.0652945616748184, "q_75": 0.06574638874735683, "min": 0.06517820991575718, "max": 0.06642545014619827, "mean": 0.06561906421557069, "std": 0.0004285731763970012, "repeat": 10, "number": 1}]}, "irradiance.Irradiance.time_dirint": {"result": [0.0333623590413481], "stats": [{"ci_99": [0.03260189527645707, 0.037433484103530645], "q_25": 0.03271417098585516, "q_75": 0.03370648727286607, "min": 0.03260189527645707, "max": 0.037433484103530645, "mean": 0.03387985751032829, "std": 0.001607950990510544, "repeat": 10, "number": 1}]}, "irradiance.Irradiance.time_disc": {"result": [0.012634489685297012], "stats": [{"ci_99": [0.01232747407630086, 0.012960969004780054], "q_25": 0.012476276024244726, "q_75": 0.012667844304814935, "min": 0.01232747407630086, "max": 0.012960969004780054, "mean": 0.012614929443225264, "std": 0.00017992087188306179, "repeat": 10, "number": 1}]}, "irradiance.Irradiance.time_erbs": {"result": [0.007275570533238351], "stats": [{"ci_99": [0.00715120998211205, 0.0075581364799290895], "q_25": 0.007197320053819567, "q_75": 0.007410511083435267, "min": 0.00715120998211205, "max": 0.0075581364799290895, "mean": 0.007307834876701236, "std": 0.00013165728213417, "repeat": 10, "number": 2}]}, "irradiance.Irradiance.time_get_extra_radiation": {"result": [0.000543176588651381], "stats": [{"ci_99": [0.0005394888453577694, 0.0005470949078076764], "q_25": 0.0005407036147325446, "q_75": 0.0005441608066719613, "min": 0.0005394888453577694, "max": 0.0005470949078076764, "mean": 0.000542689161375165, "std": 2.284938257243574e-06, "repeat": 10, "number": 19}]}, "irradiance.Irradiance.time_get_ground_diffuse": {"result": [0.00032476097454919536], "stats": [{"ci_99": [0.00032143767320496193, 0.0003325645537937389], "q_25": 0.00032395587699926077, "q_75": 0.00032661691896946113, "min": 0.00032143767320496193, "max": 0.0003325645537937389, "mean": 0.00032537692801698167, "std": 3.0828613198143516e-06, "repeat": 10, "number": 34}]}, "irradiance.Irradiance.time_get_total_irradiance": {"result": [0.00456327471571664], "stats": [{"ci_99": [0.004526447659979264, 0.004616737365722656], "q_25": 0.004557070322334766, "q_75": 0.004579605767503381, "min": 0.004526447659979264, "max": 0.004616737365722656, "mean": 0.004569393396377563, "std": 2.391399233327842e-05, "repeat": 10, "number": 3}]}, "location.Location.time_location_get_airmass": {"result": [0.0013650401670020074], "stats": [{"ci_99": [0.001347931392956525, 0.0014062022673897445], "q_25": 0.0013552298332797363, "q_75": 0.0013723150186706334, "min": 0.001347931392956525, "max": 0.0014062022673897445, "mean": 0.0013666553946677595, "std": 1.5852967446315936e-05, "repeat": 10, "number": 8}]}, "location.Location.time_location_get_clearsky": {"result": [0.009338709525763988], "stats": [{"ci_99": [0.0091336565092206, 0.009549652459099889], "q_25": 0.00930922495899722, "q_75": 0.009427828306797892, "min": 0.0091336565092206, "max": 0.009549652459099889, "mean": 0.009346944885328412, "std": 0.00011404853895416192, "repeat": 10, "number": 2}]}, "location.Location.time_location_get_solarposition": {"result": [0.015336193377152085], "stats": [{"ci_99": [0.015204369556158781, 0.015386218205094337], "q_25": 0.015296490746550262, "q_75": 0.01536372269038111, "min": 0.015204369556158781, "max": 0.015386218205094337, "mean": 0.015324706165120005, "std": 5.220145940303747e-05, "repeat": 10, "number": 1}]}, "location.Location_0_6_1.time_location_get_sun_rise_set_transit_pyephem": {"result": [0.180053586140275], "stats": [{"ci_99": [0.17984261270612478, 0.18058436689898372], "q_25": 0.1799583127722144, "q_75": 0.18028654728550464, "min": 0.17984261270612478, "max": 0.18058436689898372, "mean": 0.18013162002898753, "std": 0.0002307692413101236, "repeat": 10, "number": 1}]}, "location.Location_0_6_1.time_location_get_sun_rise_set_transit_spa": {"result": [0.03377580503001809], "stats": [{"ci_99": [0.03345236834138632, 0.03665477083995938], "q_25": 0.033713837270624936, "q_75": 0.033812387147918344, "min": 0.03345236834138632, "max": 0.03665477083995938, "mean": 0.034028634103015064, "std": 0.000881861193640939, "repeat": 10, "number": 1}]}, "solarposition.SolarPosition.time_ephemeris": {"result": [0.01824376336298883], "stats": [{"ci_99": [0.01808464527130127, 0.018927676137536764], "q_25": 0.018220588914118707, "q_75": 0.018338615773245692, "min": 0.01808464527130127, "max": 0.018927676137536764, "mean": 0.01831532157957554, "std": 0.00021878029342688388, "repeat": 10, "number": 1}]}, "solarposition.SolarPosition.time_ephemeris_localized": {"result": [0.018292230321094394], "stats": [{"ci_99": [0.01807685988023877, 0.018497214186936617], "q_25": 0.01820320636034012, "q_75": 0.018399147666059434, "min": 0.01807685988023877, "max": 0.018497214186936617, "mean": 0.018296586349606514, "std": 0.00012331451699245838, "repeat": 10, "number": 1}]}, "solarposition.SolarPosition.time_nrel_earthsun_distance": {"result": [0.022845491766929626], "stats": [{"ci_99": [0.022690872196108103, 0.024854931980371475], "q_25": 0.022711061174049973, "q_75": 0.02455132978502661, "min": 0.022690872196108103, "max": 0.024854931980371475, "mean": 0.02347381031140685, "std": 0.0009425659732344739, "repeat": 10, "number": 1}]}, "solarposition.SolarPosition.time_spa_python": {"result": [0.026020193239673972], "stats": [{"ci_99": [0.025807084050029516, 0.026109205093234777], "q_25": 0.025993214105255902, "q_75": 0.02604073495604098, "min": 0.025807084050029516, "max": 0.026109205093234777, "mean": 0.0260057729203254, "std": 7.566118241308352e-05, "repeat": 10, "number": 1}]}, "solarposition.SolarPosition.time_sun_rise_set_transit_spa": {"result": [0.038710607681423426], "stats": [{"ci_99": [0.03847613092511892, 0.03877480514347553], "q_25": 0.038517370470799506, "q_75": 0.03874279011506587, "min": 0.03847613092511892, "max": 0.03877480514347553, "mean": 0.038644839404150845, "std": 0.00011987142151903836, "repeat": 10, "number": 1}]}, "temperature.Fuentes.time_fuentes": NaN, "temperature.SAPM.time_sapm_cell": {"result": [0.0009948795407333157], "stats": [{"ci_99": [0.0009608384306457909, 0.0010050199925899506], "q_25": 0.0009653389094058763, "q_75": 0.0009968027430163188, "min": 0.0009608384306457909, "max": 0.0010050199925899506, "mean": 0.000984089203517545, "std": 1.714576259975533e-05, "repeat": 10, "number": 11}]}, "tracking.SingleAxis.time_singleaxis": {"result": [0.021464778343215585], "stats": [{"ci_99": [0.0197677300311625, 0.022932829800993204], "q_25": 0.020916357752867043, "q_75": 0.022108663571998477, "min": 0.0197677300311625, "max": 0.022932829800993204, "mean": 0.021405840199440716, "std": 0.0009309439432948034, "repeat": 10, "number": 1}]}, "tracking.SingleAxis.time_tracker_singleaxis": {"result": [0.021856492152437568], "stats": [{"ci_99": [0.019625140819698572, 0.02463497081771493], "q_25": 0.020725321723148227, "q_75": 0.022504162974655628, "min": 0.019625140819698572, "max": 0.02463497081771493, "mean": 0.021781575120985507, "std": 0.0013780627735099104, "repeat": 10, "number": 1}]}}, "params": {"arch": "x86_64", "cpu": "Intel Xeon Processor (Skylake, IBRS)",