{"results": {"irradiance.Irradiance.time_aoi": {"result": [0.0022495408076792954], "stats": [{"ci_99": [0.0022295620292425156, 0.0023195880465209486], "q_25": 0.00223762015812099, "q_75": 0.002260772371664643, "min": 0.0022295620292425156, "max": 0.0023195880465209486, "mean": 0.00225920706987381, "std": 2.9281770061953117e-05, "repeat": 10, "number": 5}]}, "irradiance.Irradiance.time_aoi_projection": {"result": [0.002251249086111784], "stats": [{"ci_99": [0.002160540968179703, 0.0023159485310316084], "q_25": 0.0022337243193760515, "q_75": 0.0022745084250345824, "min": 0.002160540968179703, "max": 0.0023159485310316084, "mean": 0.00224676551297307, "std": 4.5109855807171045e-05, "repeat": 10, "number": 5}]}, "irradiance.Irradiance.time_dirindex": {"result": [0.1454643993638456], "stats": [{"ci_99": [0.14337518578395247, 0.14847550727427006], "q_25": 0.1440286535071209, "q_75": 0.14645324577577412, "min": 0.14337518578395247, "max": 0.14847550727427006, "mean": 0.14540506722405552, "std": 0.0016164350286833632, "repeat": 10, "number": 1}]}, "irradiance.Irradiance.time_dirint": {"result": [0.07089208532124758], "stats": [{"ci_99": [0.07011687010526657, 0.07222385099157691], "q_25": 0.07047891791444272, "q_75": 0.07166434219107032, "min": 0.07011687010526657, "max": 0.07222385099157691, "mean": 0.07106891507282853, "std": 0.0007241560677293626, "repeat": 10, "number": 1}]}, "irradiance.Irradiance.time_disc": {"result": [0.019314222736284137], "stats": [{"ci_99": [0.018561323173344135, 0.020161042921245098], "q_25": 0.019144629477523267, "q_75": 0.019467199919745326, "min": 0.018561323173344135, "max": 0.020161042921245098, "mean": 0.019296635966748, "std": 0.0003971239204886084, "repeat": 10, "number": 1}]}, "irradiance.Irradiance.time_erbs": {"result": [0.012734425021335483], "stats": [{"ci_99": [0.011594791896641254, 0.012995867058634758], "q_25": 0.011881391168572009, "q_75": 0.01285427191760391, "min": 0.011594791896641254, "max": 0.012995867058634758, "mean": 0.012438222533091903, "std": 0.0005283070203126076, "repeat": 10, "number": 1}]}, "irradiance.Irradiance.time_get_extra_radiation": null, "irradiance.Irradiance.time_get_ground_diffuse": null, "irradiance.Irradiance.time_get_total_irradiance": null, "location.Location.time_location_get_airmass": {"result": [0.005290851695463061], "stats": [{"ci_99": [0.0048730759881436825, 0.005408691009506583], "q_25": 0.005182888591662049, "q_75": 0.005318855633959174, "min": 0.0048730759881436825, "max": 0.005408691009506583, "mean": 0.005218137172050774, "std": 0.00017804520737389412, "repeat": 10, "number": 2}]}, "location.Location.time_location_get_clearsky": {"result": [0.4468361702747643], "stats": [{"ci_99": [0.442382310051471, 0.46228016819804907], "q_25": 0.4437913711881265, "q_75": 0.4500623026397079, "min": 0.442382310051471, "max": 0.46228016819804907, "mean": 0.448938200250268, "std": 0.006595566239209243, "repeat": 10, "number": 1}]}, "location.Location.time_location_get_solarposition": {"result": [0.01784418779425323], "stats": [{"ci_99": [0.017718760296702385, 0.01793378498405218], "q_25": 0.017771583516150713, "q_75": 0.017865695408545434, "min": 0.017718760296702385, "max": 0.01793378498405218, "mean": 0.01782737337052822, "std": 6.516643169991527e-05, "repeat": 10, "number": 1}]}, "location.Location_0_6_1.time_location_get_sun_rise_set_transit_pyephem": NaN, "location.Location_0_6_1.time_location_get_sun_rise_set_transit_spa": NaN, "solarposition.SolarPosition.time_ephemeris": {"result": [0.02488313615322113], "stats": [{"ci_99": [0.023993784561753273, 0.025633534882217646], "q_25": 0.024237317382358015, "q_75": 0.02510827500373125, "min": 0.023993784561753273, "max": 0.025633534882217646, "mean": 0.0247814460657537, "std": 0.0005612768454144239, "repeat": 10, "number": 1}]}, "solarposition.SolarPosition.time_ephemeris_localized": {"result": [0.2350946725346148], "stats": [{"ci_99": [0.2333190510980785, 0.23891473887488246], "q_25": 0.23375951021444052, "q_75": 0.23629801941569895, "min": 0.2333190510980785, "max": 0.23891473887488246, "mean": 0.2352763071656227, "std": 0.0016708776997280397, "repeat": 10, "number": 1}]}, "solarposition.SolarPosition.time_nrel_earthsun_distance": {"result": [0.02321509621106088], "stats": [{"ci_99": [0.023087895940989256, 0.023315841797739267], "q_25": 0.02312368282582611, "q_75": 0.02328180056065321, "min": 0.023087895940989256, "max": 0.023315841797739267, "mean": 0.02320623374544084, "std": 8.333732874207953e-05, "repeat": 10, "number": 1}]}, "solarposition.SolarPosition.time_spa_python": {"result": [0.028321851510554552], "stats": [{"ci_99": [0.028227929957211018, 0.02866567112505436], "q_25": 0.028246573638170958, "q_75": 0.028440314810723066, "min": 0.028227929957211018, "max": 0.02866567112505436, "mean": 0.028364148177206516, "std": 0.00013976351344872516, "repeat": 10, "number": 1}]}, "solarposition.SolarPosition.time_sun_rise_set_transit_spa": {"result": [0.04935203352943063], "stats": [{"ci_99": [0.049070723820477724, 0.050028602592647076], "q_25": 0.04922770394477993, "q_75": 0.049472693586722016, "min": 0.049070723820477724, "max": 0.050028602592647076, "mean": 0.049407078372314575, "std": 0.0002771498438036094, "repeat": 10, "number": 1}]}, "temperature.Fuentes.time_fuentes": NaN, "temperature.SAPM.time_sapm_cell": {"result": [0.002001483070974549], "stats": [{"ci_99": [0.001988926980023583, 0.0021532711883385978], "q_25": 0.00199317066775014, "q_75": 0.002012705313973129, "min": 0.001988926980023583, "max": 0.0021532711883385978, "mean": 0.002019142212035755, "std": 4.720067333709663e-05, "repeat": 10, "number": 6}]}, "tracking.SingleAxis.time_singleaxis": {"result": [0.04505322501063347], "stats": [{"ci_99": [0.04375138599425554, 0.04608673043549061], "q_25": 0.04439913516398519, "q_75": 0.04528615495655686, "min": 0.04375138599425554, "max": 0.04608673043549061, "mean": 0.04488626071251929, "std": 0.0006595801781622355, "repeat": 10, "number": 1}]}, "tracking.SingleAxis.time_tracker_singleaxis": {"result": [0.04514751653186977], "stats": [{"ci_99": [0.043735344894230366, 0.04654289921745658], "q_25": 0.0446942929411307, "q_75": 0.0460846348432824, "min": 0.043735344894230366, "max": 0.04654289921745658, "mean": 0.045279364893212916, "std": 0.000919951087793162, "repeat": 10, "number": 1}]}}, "params": {"arch": "x86_64", "cpu": "Intel Xeon Processor (Skylake, IBRS)", "machine": "pvlib-asv.forecasting.energy.arizona.edu", "num_cpu": "4", "os": "Linux 5.7.8-200.fc32.x86_64", "ram": "8145244", "python": "3.7", "ephem": "3.7.6.0", "numpy": "1.18.5", "pandas": "1.1.0", "pytables": "3.6.1", "scipy": "1.2.0"}, "requirements": {"ephem": "3.7.6.0", "numpy": "1.18.5", "pandas": "1.1.0", "pytables": "3.6.1", "scipy": "1.2.0"}, "commit_hash": "1d5650bd6b4601f101429f874a15dcccdd50a65d", "date": 1496448902000, "env_name": "conda-py3.7-ephem3.7.6.0-numpy1.18.5-pandas1.1.0-pytables3.6.1-scipy1.2.0", "python": "3.7", "profiles": {}, "started_at": {"irradiance.Irradiance.time_aoi": 1599432347620, "irradiance.Irradiance.time_aoi_projection": 1599432352380, "irradiance.Irradiance.time_dirindex": 1599432357140, "irradiance.Irradiance.time_dirint": 1599432362601, "irradiance.Irradiance.time_disc": 1599432367711, "irradiance.Irradiance.time_erbs": 1599432372521, "irradiance.Irradiance.time_get_extra_radiation": 1599432336061, "irradiance.Irradiance.time_get_ground_diffuse": 1599432336915, "irradiance.Irradiance.time_get_total_irradiance": 1599432337769, "location.Location.time_location_get_airmass": 1599432377281, "location.Location.time_location_get_clearsky": 1599432377585, "location.Location.time_location_get_solarposition": 1599432380492, "location.Location_0_6_1.time_location_get_sun_rise_set_transit_pyephem": 1599432380845, "location.Location_0_6_1.time_location_get_sun_rise_set_transit_spa": 1599432380898, "solarposition.SolarPosition.time_ephemeris": 1599432380950, "solarposition.SolarPosition.time_ephemeris_localized": 1599432381254,