{"results": {"irradiance.Irradiance.time_aoi": {"result": [0.002358434442430735], "stats": [{"ci_99": [0.0023024022579193116, 0.002570337988436222], "q_25": 0.0023314055986702444, "q_75": 0.002389378449879587, "min": 0.0023024022579193116, "max": 0.002570337988436222, "mean": 0.002386983837932348, "std": 8.459808675535897e-05, "repeat": 10, "number": 5}]}, "irradiance.Irradiance.time_aoi_projection": {"result": [0.002138640824705362], "stats": [{"ci_99": [0.0020983975380659105, 0.002162839751690626], "q_25": 0.002119392971508205, "q_75": 0.002146182698197663, "min": 0.0020983975380659105, "max": 0.002162839751690626, "mean": 0.0021331849880516533, "std": 1.9855604107927035e-05, "repeat": 10, "number": 5}]}, "irradiance.Irradiance.time_dirindex": {"result": [0.06563175306655467], "stats": [{"ci_99": [0.06434396980330348, 0.0675841523334384], "q_25": 0.06522640422917902, "q_75": 0.06601867836434394, "min": 0.06434396980330348, "max": 0.0675841523334384, "mean": 0.0656660775654018, "std": 0.0008204444110418818, "repeat": 10, "number": 1}]}, "irradiance.Irradiance.time_dirint": {"result": [0.03271547984331846], "stats": [{"ci_99": [0.03253931272774935, 0.03356205718591809], "q_25": 0.03264690993819386, "q_75": 0.032958487747237086, "min": 0.03253931272774935, "max": 0.03356205718591809, "mean": 0.03287432454526425, "std": 0.0003528998031932142, "repeat": 10, "number": 1}]}, "irradiance.Irradiance.time_disc": {"result": [0.012792238965630531], "stats": [{"ci_99": [0.0123503259383142, 0.013007770292460918], "q_25": 0.012673012097366154, "q_75": 0.012820942793041468, "min": 0.0123503259383142, "max": 0.013007770292460918, "mean": 0.012734262412413955, "std": 0.000191168047894711, "repeat": 10, "number": 1}]}, "irradiance.Irradiance.time_erbs": {"result": [0.00660969503223896], "stats": [{"ci_99": [0.006546464515849948, 0.006793828448280692], "q_25": 0.00659762741997838, "q_75": 0.0066385018872097135, "min": 0.006546464515849948, "max": 0.006793828448280692, "mean": 0.006626027449965477, "std": 6.241248119131692e-05, "repeat": 10, "number": 2}]}, "irradiance.Irradiance.time_get_extra_radiation": {"result": [0.0005249391309916973], "stats": [{"ci_99": [0.0005214879056438804, 0.0005302575184032321], "q_25": 0.000523933011572808, "q_75": 0.0005252175324130803, "min": 0.0005214879056438804, "max": 0.0005302575184032321, "mean": 0.0005249296384863555, "std": 2.1797224733061234e-06, "repeat": 10, "number": 20}]}, "irradiance.Irradiance.time_get_ground_diffuse": {"result": [0.0003491598857386458], "stats": [{"ci_99": [0.00034161242506196423, 0.00037809377235751], "q_25": 0.000344927171095004, "q_75": 0.00035459043893722755, "min": 0.00034161242506196423, "max": 0.00037809377235751, "mean": 0.00035241354527252336, "std": 1.05443291538026e-05, "repeat": 10, "number": 31}]}, "irradiance.Irradiance.time_get_total_irradiance": {"result": [0.004557408702870211], "stats": [{"ci_99": [0.004518697348733743, 0.00462998387714227], "q_25": 0.004546744322093825, "q_75": 0.004594661683465044, "min": 0.004518697348733743, "max": 0.00462998387714227, "mean": 0.004567783574263254, "std": 3.2914098195181265e-05, "repeat": 10, "number": 3}]}, "location.Location.time_location_get_airmass": {"result": [0.0013582688407041132], "stats": [{"ci_99": [0.0013496088795363903, 0.0013777127605862916], "q_25": 0.001355758766294457, "q_75": 0.0013648058957187459, "min": 0.0013496088795363903, "max": 0.0013777127605862916, "mean": 0.00136073618195951, "std": 7.737802796322665e-06, "repeat": 10, "number": 8}]}, "location.Location.time_location_get_clearsky": {"result": [0.009491224656812847], "stats": [{"ci_99": [0.009088024031370878, 0.009880740661174059], "q_25": 0.009238649858161807, "q_75": 0.009702947223559022, "min": 0.009088024031370878, "max": 0.009880740661174059, "mean": 0.00947831072844565, "std": 0.000257898186549104, "repeat": 10, "number": 2}]}, "location.Location.time_location_get_solarposition": {"result": [0.015153545187786222], "stats": [{"ci_99": [0.01495717791840434, 0.015232147183269262], "q_25": 0.015114353504031897, "q_75": 0.015182514442130923, "min": 0.01495717791840434, "max": 0.015232147183269262, "mean": 0.015130764152854682, "std": 9.09985028825354e-05, "repeat": 10, "number": 1}]}, "location.Location_0_6_1.time_location_get_sun_rise_set_transit_pyephem": {"result": [0.1812215019017458], "stats": [{"ci_99": [0.17879000026732683, 0.18196709593757987], "q_25": 0.18109950178768486, "q_75": 0.1815738050499931, "min": 0.17879000026732683, "max": 0.18196709593757987, "mean": 0.18107257918454706, "std": 0.0008460693109918119, "repeat": 10, "number": 1}]}, "location.Location_0_6_1.time_location_get_sun_rise_set_transit_spa": {"result": [0.03322675474919379], "stats": [{"ci_99": [0.03298972500488162, 0.03391930181533098], "q_25": 0.033131167641840875, "q_75": 0.033687617746181786, "min": 0.03298972500488162, "max": 0.03391930181533098, "mean": 0.03338854340836406, "std": 0.0003234806155192465, "repeat": 10, "number": 1}]}, "solarposition.SolarPosition.time_ephemeris": {"result": [0.018296724883839488], "stats": [{"ci_99": [0.018243405036628246, 0.018762547057121992], "q_25": 0.01825876801740378, "q_75": 0.01835197419859469, "min": 0.018243405036628246, "max": 0.018762547057121992, "mean": 0.018357081850990654, "std": 0.00015424802688553607, "repeat": 10, "number": 1}]}, "solarposition.SolarPosition.time_ephemeris_localized": {"result": [0.018184775952249765], "stats": [{"ci_99": [0.018049967009574175, 0.018477459903806448], "q_25": 0.018087446689605713, "q_75": 0.01832375884987414, "min": 0.018049967009574175, "max": 0.018477459903806448, "mean": 0.01821348611265421, "std": 0.00013980633272694677, "repeat": 10, "number": 1}]}, "solarposition.SolarPosition.time_nrel_earthsun_distance": {"result": [0.022817744640633464], "stats": [{"ci_99": [0.022740294225513935, 0.02287339000031352], "q_25": 0.022765713627450168, "q_75": 0.022858970565721393, "min": 0.022740294225513935, "max": 0.02287339000031352, "mean": 0.02281327177770436, "std": 4.958959465355914e-05, "repeat": 10, "number": 1}]}, "solarposition.SolarPosition.time_spa_python": {"result": [0.0256550763733685], "stats": [{"ci_99": [0.02533789910376072, 0.025924559216946363], "q_25": 0.025417832424864173, "q_75": 0.02588767558336258, "min": 0.02533789910376072, "max": 0.025924559216946363, "mean": 0.025644703628495337, "std": 0.000229342187187462, "repeat": 10, "number": 1}]}, "solarposition.SolarPosition.time_sun_rise_set_transit_spa": {"result": [0.038330805487930775], "stats": [{"ci_99": [0.03800257109105587, 0.03858913807198405], "q_25": 0.03816457558423281, "q_75": 0.038396212621591985, "min": 0.03800257109105587, "max": 0.03858913807198405, "mean": 0.03829482947476208, "std": 0.00016372186967386244, "repeat": 10, "number": 1}]}, "temperature.Fuentes.time_fuentes": NaN, "temperature.SAPM.time_sapm_cell": {"result": [0.0016427538357675076], "stats": [{"ci_99": [0.0016113399927105223, 0.0016692829584436758], "q_25": 0.0016240791717012013, "q_75": 0.0016565564354615553, "min": 0.0016113399927105223, "max": 0.0016692829584436758, "mean": 0.0016413302426891668, "std": 1.913129365807355e-05, "repeat": 10, "number": 7}]}, "tracking.SingleAxis.time_singleaxis": {"result": [0.01873941207304597], "stats": [{"ci_99": [0.0177431246265769, 0.020359736867249012], "q_25": 0.01806230389047414, "q_75": 0.01935602445155382, "min": 0.0177431246265769, "max": 0.020359736867249012, "mean": 0.01883565904572606, "std": 0.0008595317827998585, "repeat": 10, "number": 1}]}, "tracking.SingleAxis.time_tracker_singleaxis": {"result": [0.01849759160540998], "stats": [{"ci_99": [0.017144964076578617, 0.02028205618262291], "q_25": 0.018017945461906493, "q_75": 0.019150438020005822, "min": 0.017144964076578617, "max": 0.02028205618262291, "mean": 0.018610905017703773, "std": 0.0009057897709034251, "repeat": 10, "number": 1}]}}, "params": {"arch": "x86_64", "cpu": "Intel Xeon Processor (Skylake, IBRS)",