{"results": {"irradiance.TimeSuite.time_aoi": {"result": [0.0021809272933751346], "stats": [{"ci_99": [0.0021359246224164964, 0.0022126194089651108], "q_25": 0.0021686198655515906, "q_75": 0.0022058359347283843, "min": 0.0021359246224164964, "max": 0.0022126194089651108, "mean": 0.002182398121803999, "std": 2.4265162305404328e-05, "repeat": 10, "number": 5}]}, "irradiance.TimeSuite.time_aoi_projection": {"result": [0.0022550470195710657], "stats": [{"ci_99": [0.002169765252619982, 0.002351608779281378], "q_25": 0.002197012864053249, "q_75": 0.0022749397205188873, "min": 0.002169765252619982, "max": 0.002351608779281378, "mean": 0.002247034711763263, "std": 5.5805104571537375e-05, "repeat": 10, "number": 5}]}, "irradiance.TimeSuite.time_dirindex": {"result": [0.14707813784480095], "stats": [{"ci_99": [0.14484557695686817, 0.14986322214826941], "q_25": 0.1449775593355298, "q_75": 0.14844933850690722, "min": 0.14484557695686817, "max": 0.14986322214826941, "mean": 0.14696875521913172, "std": 0.0018853639299245978, "repeat": 10, "number": 1}]}, "irradiance.TimeSuite.time_dirint": {"result": [0.07041852502152324], "stats": [{"ci_99": [0.06983750173822045, 0.07344592502340674], "q_25": 0.06998231238685548, "q_75": 0.07154503057245165, "min": 0.06983750173822045, "max": 0.07344592502340674, "mean": 0.071034245332703, "std": 0.0013122597874696993, "repeat": 10, "number": 1}]}, "irradiance.TimeSuite.time_disc": {"result": [0.018739872379228473], "stats": [{"ci_99": [0.01799448486417532, 0.019991234876215458], "q_25": 0.01831151603255421, "q_75": 0.01964320905972272, "min": 0.01799448486417532, "max": 0.019991234876215458, "mean": 0.018957298854365943, "std": 0.0007186102799941691, "repeat": 10, "number": 1}]}, "irradiance.TimeSuite.time_erbs": {"result": [0.012459995690733194], "stats": [{"ci_99": [0.011503065004944801, 0.012780404184013605], "q_25": 0.01176629273686558, "q_75": 0.012700086808763444, "min": 0.011503065004944801, "max": 0.012780404184013605, "mean": 0.012277332367375493, "std": 0.0004997242115848099, "repeat": 10, "number": 1}]}, "irradiance.TimeSuite.time_get_extra_radiation": {"result": [0.002669747802428901], "stats": [{"ci_99": [0.0026483198162168264, 0.00290450023021549], "q_25": 0.0026643898454494774, "q_75": 0.002682370162801817, "min": 0.0026483198162168264, "max": 0.00290450023021549, "mean": 0.0026917471317574383, "std": 7.188639473796269e-05, "repeat": 10, "number": 4}]}, "irradiance.TimeSuite.time_get_ground_diffuse": {"result": [0.0005494816461578012], "stats": [{"ci_99": [0.0005385163007304072, 0.0005852308124303818], "q_25": 0.0005462720582727343, "q_75": 0.0005536782089620829, "min": 0.0005385163007304072, "max": 0.0005852308124303818, "mean": 0.0005529181868769228, "std": 1.3300862285776073e-05, "repeat": 10, "number": 20}]}, "irradiance.TimeSuite.time_get_total_irradiance": {"result": [0.005098536144942045], "stats": [{"ci_99": [0.0050347950309515, 0.0052964465382198496], "q_25": 0.005078369906793038, "q_75": 0.005107292789034545, "min": 0.0050347950309515, "max": 0.0052964465382198496, "mean": 0.005108408660938342, "std": 6.773315604983454e-05, "repeat": 10, "number": 3}]}, "location.TimeSuite.time_location_get_airmass": {"result": [0.0014783783616232021], "stats": [{"ci_99": [0.0013726572506129742, 0.0014992061603282178], "q_25": 0.001475890665980322, "q_75": 0.0014877642138994166, "min": 0.0013726572506129742, "max": 0.0014992061603282178, "mean": 0.0014719593538237471, "std": 3.4100000471014424e-05, "repeat": 10, "number": 7}]}, "location.TimeSuite.time_location_get_clearsky": {"result": [0.013101211050525308], "stats": [{"ci_99": [0.012123087886720896, 0.013867110945284367], "q_25": 0.012981224455870688, "q_75": 0.013360078213736415, "min": 0.012123087886720896, "max": 0.013867110945284367, "mean": 0.013133231224492193, "std": 0.0004325049769973883, "repeat": 10, "number": 1}]}, "location.TimeSuite.time_location_get_solarposition": {"result": [0.017807316035032272], "stats": [{"ci_99": [0.0176819721236825, 0.018072284758090973], "q_25": 0.017745871446095407, "q_75": 0.01788503327406943, "min": 0.0176819721236825, "max": 0.018072284758090973, "mean": 0.017824277561157943, "std": 0.0001088317883436864, "repeat": 10, "number": 1}]}, "location.TimeSuite.time_location_get_sun_rise_set_transit_pyephem": null, "location.TimeSuite.time_location_get_sun_rise_set_transit_spa": null, "solarposition.TimeSuite.time_ephemeris": {"result": [0.025000972440466285], "stats": [{"ci_99": [0.02392118191346526, 0.025346562266349792], "q_25": 0.02481184620410204, "q_75": 0.02504702960141003, "min": 0.02392118191346526, "max": 0.025346562266349792, "mean": 0.024833562783896923, "std": 0.00044581410579731004, "repeat": 10, "number": 1}]}, "solarposition.TimeSuite.time_ephemeris_localized": {"result": [0.023749633692204952], "stats": [{"ci_99": [0.023538569919764996, 0.02406658697873354], "q_25": 0.023696015356108546, "q_75": 0.02396230399608612, "min": 0.023538569919764996, "max": 0.02406658697873354, "mean": 0.023816449847072364, "std": 0.0001716011863561094, "repeat": 10, "number": 1}]}, "solarposition.TimeSuite.time_nrel_earthsun_distance": {"result": [0.02310837688855827], "stats": [{"ci_99": [0.023040067870169878, 0.02332630893215537], "q_25": 0.023077921476215124, "q_75": 0.023178584640845656, "min": 0.023040067870169878, "max": 0.02332630893215537, "mean": 0.02314263260923326, "std": 9.221607556325148e-05, "repeat": 10, "number": 1}]}, "solarposition.TimeSuite.time_spa_python": {"result": [0.02823308459483087], "stats": [{"ci_99": [0.02814931981265545, 0.0283180121332407], "q_25": 0.028220583451911807, "q_75": 0.02826776762958616, "min": 0.02814931981265545, "max": 0.0283180121332407, "mean": 0.028239705553278326, "std": 4.6821093164503704e-05, "repeat": 10, "number": 1}]}, "solarposition.TimeSuite.time_sun_rise_set_transit_spa": {"result": [0.049199089873582125], "stats": [{"ci_99": [0.04892473900690675, 0.04957447201013565], "q_25": 0.049131780629977584, "q_75": 0.049229137133806944, "min": 0.04892473900690675, "max": 0.04957447201013565, "mean": 0.04920321041718125, "std": 0.00016360027872480804, "repeat": 10, "number": 1}]}, "tracking.TimeSuite.time_singleaxis": {"result": [0.006274523446336389], "stats": [{"ci_99": [0.006143379490822554, 0.0066599424462765455], "q_25": 0.006178208335768431, "q_75": 0.006611354125197977, "min": 0.006143379490822554, "max": 0.0066599424462765455, "mean": 0.006369280768558383, "std": 0.0002096821206116252, "repeat": 10, "number": 2}]}, "tracking.TimeSuite.time_tracker_singleaxis": {"result": [0.006300509790889919], "stats": [{"ci_99": [0.006085039582103491, 0.006616488099098206], "q_25": 0.006183124089147896, "q_75": 0.00649210368283093, "min": 0.006085039582103491, "max": 0.006616488099098206, "mean": 0.006338171334937215, "std": 0.00017916072510232536, "repeat": 10, "number": 2}]}}, "params": {"arch": "x86_64", "cpu": "Intel Xeon Processor (Skylake, IBRS)", "machine": "pvlib-asv.forecasting.energy.arizona.edu", "num_cpu": "4", "os": "Linux 5.7.8-200.fc32.x86_64", "ram": "8145244", "python": "3.7", "ephem": "3.7.6.0", "numpy": "1.18.5", "pandas": "1.1.0", "pytables": "3.6.1", "scipy": "1.2.0"}, "requirements": {"ephem": "3.7.6.0", "numpy": "1.18.5", "pandas": "1.1.0", "pytables": "3.6.1", "scipy": "1.2.0"}, "commit_hash": "20879795b77418f0f47a479d4d51725c603773d1", "date": 1537908761000, "env_name": "conda-py3.7-ephem3.7.6.0-numpy1.18.5-pandas1.1.0-pytables3.6.1-scipy1.2.0", "python": "3.7", "profiles": {}, "started_at": {"irradiance.TimeSuite.time_aoi": 1599348287392, "irradiance.TimeSuite.time_aoi_projection": 1599348289198, "irradiance.TimeSuite.time_dirindex": 1599348291004, "irradiance.TimeSuite.time_dirint": 1599348293561, "irradiance.TimeSuite.time_disc": 1599348295717, "irradiance.TimeSuite.time_erbs": 1599348297572, "irradiance.TimeSuite.time_get_extra_radiation": 1599348299378, "irradiance.TimeSuite.time_get_ground_diffuse": 1599348301184,