{"results": {"irradiance.Irradiance.time_aoi": {"result": [0.002206915244460106], "stats": [{"ci_99": [0.0021846690215170383, 0.0022501119412481783], "q_25": 0.0021935854339972137, "q_75": 0.002225842862389982, "min": 0.0021846690215170383, "max": 0.0022501119412481783, "mean": 0.0022108761314302687, "std": 1.969284984954534e-05, "repeat": 10, "number": 5}]}, "irradiance.Irradiance.time_aoi_projection": {"result": [0.00222071623429656], "stats": [{"ci_99": [0.0021574928425252436, 0.0022565238177776337], "q_25": 0.0021871486911550163, "q_75": 0.0022344788769260047, "min": 0.0021574928425252436, "max": 0.0022565238177776337, "mean": 0.0022115787025541065, "std": 3.081693773790881e-05, "repeat": 10, "number": 5}]}, "irradiance.Irradiance.time_dirindex": {"result": [0.14439435303211212], "stats": [{"ci_99": [0.1430354998447001, 0.15517593594267964], "q_25": 0.14366118947509676, "q_75": 0.14694773079827428, "min": 0.1430354998447001, "max": 0.15517593594267964, "mean": 0.14592852937057615, "std": 0.003498275088338584, "repeat": 10, "number": 1}]}, "irradiance.Irradiance.time_dirint": {"result": [0.07037360267713666], "stats": [{"ci_99": [0.07000094698742032, 0.07392253587022424], "q_25": 0.070256307721138, "q_75": 0.07273645116947591, "min": 0.07000094698742032, "max": 0.07392253587022424, "mean": 0.07128962082788348, "std": 0.0015014025184072743, "repeat": 10, "number": 1}]}, "irradiance.Irradiance.time_disc": {"result": [0.019296991173177958], "stats": [{"ci_99": [0.019050204660743475, 0.019939678255468607], "q_25": 0.019183554220944643, "q_75": 0.019486173638142645, "min": 0.019050204660743475, "max": 0.019939678255468607, "mean": 0.019385490426793696, "std": 0.00027807250659876546, "repeat": 10, "number": 1}]}, "irradiance.Irradiance.time_erbs": {"result": [0.012600022600963712], "stats": [{"ci_99": [0.011643477249890566, 0.013122613076120615], "q_25": 0.012509341235272586, "q_75": 0.012658635270781815, "min": 0.011643477249890566, "max": 0.013122613076120615, "mean": 0.012483250023797155, "std": 0.00041458234993989936, "repeat": 10, "number": 1}]}, "irradiance.Irradiance.time_get_extra_radiation": null, "irradiance.Irradiance.time_get_ground_diffuse": null, "irradiance.Irradiance.time_get_total_irradiance": null, "location.Location.time_location_get_airmass": {"result": [0.005128876189701259], "stats": [{"ci_99": [0.005074159940704703, 0.005152096971869469], "q_25": 0.005100934358779341, "q_75": 0.005137004365678877, "min": 0.005074159940704703, "max": 0.005152096971869469, "mean": 0.005119691882282495, "std": 2.4044779167189674e-05, "repeat": 10, "number": 2}]}, "location.Location.time_location_get_clearsky": {"result": [0.017356859054416418], "stats": [{"ci_99": [0.016055190935730934, 0.018187203910201788], "q_25": 0.016592089436016977, "q_75": 0.017541635548695922, "min": 0.016055190935730934, "max": 0.018187203910201788, "mean": 0.017127667274326085, "std": 0.0006604212216622952, "repeat": 10, "number": 1}]}, "location.Location.time_location_get_solarposition": {"result": [0.017867934191599488], "stats": [{"ci_99": [0.017631138674914837, 0.018082972150295973], "q_25": 0.017796052154153585, "q_75": 0.017939049750566483, "min": 0.017631138674914837, "max": 0.018082972150295973, "mean": 0.017858609044924378, "std": 0.0001246748218985438, "repeat": 10, "number": 1}]}, "location.Location_0_6_1.time_location_get_sun_rise_set_transit_pyephem": NaN, "location.Location_0_6_1.time_location_get_sun_rise_set_transit_spa": NaN, "solarposition.SolarPosition.time_ephemeris": {"result": [0.025269804056733847], "stats": [{"ci_99": [0.02500236639752984, 0.02580923680216074], "q_25": 0.0251242748927325, "q_75": 0.02544326602946967, "min": 0.02500236639752984, "max": 0.02580923680216074, "mean": 0.025323970802128316, "std": 0.0002555368030594055, "repeat": 10, "number": 1}]}, "solarposition.SolarPosition.time_ephemeris_localized": {"result": [0.23796014999970794], "stats": [{"ci_99": [0.23227774910628796, 0.243303210940212], "q_25": 0.23259367572609335, "q_75": 0.24191220640204847, "min": 0.23227774910628796, "max": 0.243303210940212, "mean": 0.2375875789206475, "std": 0.0045316630678005195, "repeat": 10, "number": 1}]}, "solarposition.SolarPosition.time_nrel_earthsun_distance": {"result": [0.02306387689895928], "stats": [{"ci_99": [0.022858671844005585, 0.02360061602666974], "q_25": 0.02299370605032891, "q_75": 0.023170867818407714, "min": 0.022858671844005585, "max": 0.02360061602666974, "mean": 0.023106530867516996, "std": 0.00019444587460806017, "repeat": 10, "number": 1}]}, "solarposition.SolarPosition.time_spa_python": {"result": [0.028625520644709468], "stats": [{"ci_99": [0.028259350918233395, 0.029794672038406134], "q_25": 0.028340652934275568, "q_75": 0.028814533026888967, "min": 0.028259350918233395, "max": 0.029794672038406134, "mean": 0.028739070519804955, "std": 0.0005114472583104729, "repeat": 10, "number": 1}]}, "solarposition.SolarPosition.time_sun_rise_set_transit_spa": {"result": [0.05008912552148104], "stats": [{"ci_99": [0.049588197842240334, 0.05102150375023484], "q_25": 0.04974592209327966, "q_75": 0.050298275775276124, "min": 0.049588197842240334, "max": 0.05102150375023484, "mean": 0.05009075393900275, "std": 0.0004042929733392598, "repeat": 10, "number": 1}]}, "temperature.Fuentes.time_fuentes": NaN, "tracking.SingleAxis.time_singleaxis": {"result": [0.044849489349871874], "stats": [{"ci_99": [0.04301733477041125, 0.045955837704241276], "q_25": 0.04452196916099638, "q_75": 0.045316114323213696, "min": 0.04301733477041125, "max": 0.045955837704241276, "mean": 0.044733869889751074, "std": 0.0008353187973571494, "repeat": 10, "number": 1}]}, "tracking.SingleAxis.time_tracker_singleaxis": {"result": [0.04490678198635578], "stats": [{"ci_99": [0.043263092171400785, 0.05193645507097244], "q_25": 0.04422816599253565, "q_75": 0.04648326523602009, "min": 0.043263092171400785, "max": 0.05193645507097244, "mean": 0.04603880965150893, "std": 0.0027419664060065693, "repeat": 10, "number": 1}]}, "temperature.SAPM.time_sapm_cell": {"result": [0.002250864589586854], "stats": [{"ci_99": [0.002058588806539774, 0.002307035215198994], "q_25": 0.002233612141571939, "q_75": 0.0022833129856735467, "min": 0.002058588806539774, "max": 0.002307035215198994, "mean": 0.0022307895962148908, "std": 7.454517639349e-05, "repeat": 10, "number": 5}]}}, "params": {"arch": "x86_64", "cpu": "Intel Xeon Processor (Skylake, IBRS)", "machine": "pvlib-asv.forecasting.energy.arizona.edu", "num_cpu": "4", "os": "Linux 5.7.8-200.fc32.x86_64", "ram": "8145244", "python": "3.7", "ephem": "3.7.6.0", "numpy": "1.18.5", "pandas": "1.1.0", "pytables": "3.6.1", "scipy": "1.2.0"}, "requirements": {"ephem": "3.7.6.0", "numpy": "1.18.5", "pandas": "1.1.0", "pytables": "3.6.1", "scipy": "1.2.0"}, "commit_hash": "23236b21567ba688dacb4315d5462838dd0740ca", "date": 1523305692000, "env_name": "conda-py3.7-ephem3.7.6.0-numpy1.18.5-pandas1.1.0-pytables3.6.1-scipy1.2.0", "python": "3.7", "profiles": {}, "started_at": {"irradiance.Irradiance.time_aoi": 1599428979988, "irradiance.Irradiance.time_aoi_projection": 1599428981994, "irradiance.Irradiance.time_dirindex": 1599428984000, "irradiance.Irradiance.time_dirint": 1599428986707, "irradiance.Irradiance.time_disc": 1599428989063, "irradiance.Irradiance.time_erbs": 1599428991169, "irradiance.Irradiance.time_get_extra_radiation": 1599428972333, "irradiance.Irradiance.time_get_ground_diffuse": 1599428972736, "irradiance.Irradiance.time_get_total_irradiance": 1599428973139, "location.Location.time_location_get_airmass": 1599428993176, "location.Location.time_location_get_clearsky": 1599428993529, "location.Location.time_location_get_solarposition": 1599428993882, "location.Location_0_6_1.time_location_get_sun_rise_set_transit_pyephem": 1599428994235, "location.Location_0_6_1.time_location_get_sun_rise_set_transit_spa": 1599428994288, "solarposition.SolarPosition.time_ephemeris": 1599428994341,