{"results": {"irradiance.TimeSuite.time_aoi": {"result": [0.0022339513059705498], "stats": [{"ci_99": [0.00217092614620924, 0.0023133146576583387], "q_25": 0.0022172609576955435, "q_75": 0.0023068588925525546, "min": 0.00217092614620924, "max": 0.0023133146576583387, "mean": 0.002252459907904268, "std": 4.8837710429391923e-05, "repeat": 10, "number": 5}]}, "irradiance.TimeSuite.time_aoi_projection": {"result": [0.002199388574808836], "stats": [{"ci_99": [0.0021807259880006315, 0.002444120589643717], "q_25": 0.0021884451853111386, "q_75": 0.002245294861495495, "min": 0.0021807259880006315, "max": 0.002444120589643717, "mean": 0.002248812764883041, "std": 9.846048852192715e-05, "repeat": 10, "number": 5}]}, "irradiance.TimeSuite.time_dirindex": {"result": [0.1459624138660729], "stats": [{"ci_99": [0.14451029105111957, 0.1473598019219935], "q_25": 0.1447111681336537, "q_75": 0.14616146381013095, "min": 0.14451029105111957, "max": 0.1473598019219935, "mean": 0.14564213305711746, "std": 0.0008889304574354792, "repeat": 10, "number": 1}]}, "irradiance.TimeSuite.time_dirint": {"result": [0.07212236546911299], "stats": [{"ci_99": [0.07097072806209326, 0.07356905890628695], "q_25": 0.07172887062188238, "q_75": 0.07273893046658486, "min": 0.07097072806209326, "max": 0.07356905890628695, "mean": 0.07225872362032533, "std": 0.0007780863590465615, "repeat": 10, "number": 1}]}, "irradiance.TimeSuite.time_disc": {"result": [0.019190835999324918], "stats": [{"ci_99": [0.01768016815185547, 0.01961829373613], "q_25": 0.01904779684264213, "q_75": 0.01930276898201555, "min": 0.01768016815185547, "max": 0.01961829373613, "mean": 0.01908644484356046, "std": 0.0005011750461250316, "repeat": 10, "number": 1}]}, "irradiance.TimeSuite.time_erbs": {"result": [0.012446639593690634], "stats": [{"ci_99": [0.011868651024997234, 0.013075480703264475], "q_25": 0.012372036115266383, "q_75": 0.01253932248800993, "min": 0.011868651024997234, "max": 0.013075480703264475, "mean": 0.012436950905248522, "std": 0.0003356449219150353, "repeat": 10, "number": 1}]}, "irradiance.TimeSuite.time_get_extra_radiation": null, "irradiance.TimeSuite.time_get_ground_diffuse": null, "irradiance.TimeSuite.time_get_total_irradiance": null, "location.TimeSuite.time_location_get_airmass": {"result": [0.005493264528922737], "stats": [{"ci_99": [0.005422540009021759, 0.005663268035277724], "q_25": 0.0054554136004298925, "q_75": 0.005527547036763281, "min": 0.005422540009021759, "max": 0.005663268035277724, "mean": 0.005505823157727718, "std": 7.091572707568608e-05, "repeat": 10, "number": 2}]}, "location.TimeSuite.time_location_get_clearsky": {"result": [0.017721850192174315], "stats": [{"ci_99": [0.016557804308831692, 0.01813603099435568], "q_25": 0.017671565525233746, "q_75": 0.01782453549094498, "min": 0.016557804308831692, "max": 0.01813603099435568, "mean": 0.01767714899033308, "std": 0.0004080332340498646, "repeat": 10, "number": 1}]}, "location.TimeSuite.time_location_get_solarposition": {"result": [0.019064199179410934], "stats": [{"ci_99": [0.01895040227100253, 0.019233970902860165], "q_25": 0.01903216599021107, "q_75": 0.019118261872790754, "min": 0.01895040227100253, "max": 0.019233970902860165, "mean": 0.019072711654007434, "std": 7.579998665075652e-05, "repeat": 10, "number": 1}]}, "solarposition.TimeSuite.time_ephemeris": {"result": [0.02558136358857155], "stats": [{"ci_99": [0.024930613115429878, 0.02649122290313244], "q_25": 0.025272968458011746, "q_75": 0.026177380001172423, "min": 0.024930613115429878, "max": 0.02649122290313244, "mean": 0.025699218083173037, "std": 0.0005505530531485678, "repeat": 10, "number": 1}]}, "solarposition.TimeSuite.time_ephemeris_localized": {"result": [0.2648832034319639], "stats": [{"ci_99": [0.24724285444244742, 0.26744203735142946], "q_25": 0.26417634915560484, "q_75": 0.26716930244583637, "min": 0.24724285444244742, "max": 0.26744203735142946, "mean": 0.2637951369397342, "std": 0.005700411371912021, "repeat": 10, "number": 1}]}, "solarposition.TimeSuite.time_nrel_earthsun_distance": {"result": [0.023049528477713466], "stats": [{"ci_99": [0.022993444930762053, 0.02483585709705949], "q_25": 0.023020889842882752, "q_75": 0.023099151672795415, "min": 0.022993444930762053, "max": 0.02483585709705949, "mean": 0.02323704594746232, "std": 0.0005362644187189795, "repeat": 10, "number": 1}]}, "solarposition.TimeSuite.time_spa_python": {"result": [0.030542345019057393], "stats": [{"ci_99": [0.030406776815652847, 0.030751807149499655], "q_25": 0.03047842625528574, "q_75": 0.030578723060898483, "min": 0.030406776815652847, "max": 0.030751807149499655, "mean": 0.03054886655882001, "std": 9.542901711230811e-05, "repeat": 10, "number": 1}]}, "solarposition.TimeSuite.time_sun_rise_set_transit_spa": {"result": [0.05210868688300252], "stats": [{"ci_99": [0.05196299497038126, 0.05305711505934596], "q_25": 0.0520014320500195, "q_75": 0.052641664049588144, "min": 0.05196299497038126, "max": 0.05305711505934596, "mean": 0.052319842390716076, "std": 0.0004305203744101234, "repeat": 10, "number": 1}]}, "tracking.TimeSuite.time_singleaxis": {"result": [0.048662125365808606], "stats": [{"ci_99": [0.04667836520820856, 0.05055903643369675], "q_25": 0.04807471623644233, "q_75": 0.049373151618056, "min": 0.04667836520820856, "max": 0.05055903643369675, "mean": 0.048637662269175055, "std": 0.0011473670806547958, "repeat": 10, "number": 1}]}, "tracking.TimeSuite.time_tracker_singleaxis": {"result": [0.047952018678188324], "stats": [{"ci_99": [0.04667547903954983, 0.05171017022803426], "q_25": 0.04713629954494536, "q_75": 0.04900545673444867, "min": 0.04667547903954983, "max": 0.05171017022803426, "mean": 0.04841714897193015, "std": 0.0015880630986218744, "repeat": 10, "number": 1}]}}, "params": {"arch": "x86_64", "cpu": "Intel Xeon Processor (Skylake, IBRS)", "machine": "pvlib-asv.forecasting.energy.arizona.edu", "num_cpu": "4", "os": "Linux 5.7.8-200.fc32.x86_64", "ram": "8145244", "python": "3.7", "ephem": "3.7.6.0", "numpy": "1.18.5", "pandas": "1.1.0", "pytables": "3.6.1", "scipy": "1.2.0"}, "requirements": {"ephem": "3.7.6.0", "numpy": "1.18.5", "pandas": "1.1.0", "pytables": "3.6.1", "scipy": "1.2.0"}, "commit_hash": "237b03f343d32f3ace51fcb0160232c26007bfa3", "date": 1533091202000, "env_name": "conda-py3.7-ephem3.7.6.0-numpy1.18.5-pandas1.1.0-pytables3.6.1-scipy1.2.0", "python": "3.7", "profiles": {}, "started_at": {"irradiance.TimeSuite.time_aoi": 1599362115781, "irradiance.TimeSuite.time_aoi_projection": 1599362117937, "irradiance.TimeSuite.time_dirindex": 1599362120093, "irradiance.TimeSuite.time_dirint": 1599362122950, "irradiance.TimeSuite.time_disc": 1599362125457, "irradiance.TimeSuite.time_erbs": 1599362127664, "irradiance.TimeSuite.time_get_extra_radiation": 1599362108183, "irradiance.TimeSuite.time_get_ground_diffuse": 1599362108586, "irradiance.TimeSuite.time_get_total_irradiance": 1599362108990, "location.TimeSuite.time_location_get_airmass": 1599362129821, "location.TimeSuite.time_location_get_clearsky": 1599362130174, "location.TimeSuite.time_location_get_solarposition": 1599362130528, "solarposition.TimeSuite.time_ephemeris": 1599362130931, "solarposition.TimeSuite.time_ephemeris_localized": 1599362131235, "solarposition.TimeSuite.time_nrel_earthsun_distance": 1599362132941, "solarposition.TimeSuite.time_spa_python": 1599362133245, "solarposition.TimeSuite.time_sun_rise_set_transit_spa": 1599362133548, "tracking.TimeSuite.time_singleaxis": 1599362134002, "tracking.TimeSuite.time_tracker_singleaxis": 1599362135157}, "ended_at": {"irradiance.TimeSuite.time_aoi": 1599362117937, "irradiance.TimeSuite.time_aoi_projection": 1599362120093, "irradiance.TimeSuite.time_dirindex": 1599362122950, "irradiance.TimeSuite.time_dirint": 1599362125457, "irradiance.TimeSuite.time_disc": 1599362127663, "irradiance.TimeSuite.time_erbs": 1599362129820, "irradiance.TimeSuite.time_get_extra_radiation": 1599362108586, "irradiance.TimeSuite.time_get_ground_diffuse": 1599362108989,