{"results": {"irradiance.Irradiance.time_aoi": {"result": [0.002313067018985748], "stats": [{"ci_99": [0.002212667278945446, 0.00233904542401433], "q_25": 0.0022976114880293606, "q_75": 0.0023234836058691147, "min": 0.002212667278945446, "max": 0.00233904542401433, "mean": 0.0022962711099535223, "std": 4.233082387875588e-05, "repeat": 10, "number": 5}]}, "irradiance.Irradiance.time_aoi_projection": {"result": [0.002317658392712474], "stats": [{"ci_99": [0.0022174361161887645, 0.002368669770658016], "q_25": 0.0022394074127078055, "q_75": 0.002330353739671409, "min": 0.0022174361161887645, "max": 0.002368669770658016, "mean": 0.002292098039761186, "std": 5.240703168935251e-05, "repeat": 10, "number": 5}]}, "irradiance.Irradiance.time_dirindex": null, "irradiance.Irradiance.time_dirint": {"result": [0.07288606069050729], "stats": [{"ci_99": [0.07171143591403961, 0.07362957019358873], "q_25": 0.07235704362392426, "q_75": 0.07350606692489237, "min": 0.07171143591403961, "max": 0.07362957019358873, "mean": 0.07282369825989007, "std": 0.0007116641531417308, "repeat": 10, "number": 1}]}, "irradiance.Irradiance.time_disc": {"result": [0.019535459810867906], "stats": [{"ci_99": [0.01941590616479516, 0.020180256105959415], "q_25": 0.019453174201771617, "q_75": 0.019873317913152277, "min": 0.01941590616479516, "max": 0.020180256105959415, "mean": 0.019669933384284376, "std": 0.0002701523200132544, "repeat": 10, "number": 1}]}, "irradiance.Irradiance.time_erbs": {"result": [0.012812942499294877], "stats": [{"ci_99": [0.01266148779541254, 0.013062659185379744], "q_25": 0.012706494191661477, "q_75": 0.01292372727766633, "min": 0.01266148779541254, "max": 0.013062659185379744, "mean": 0.012826874619349837, "std": 0.00013003284230508425, "repeat": 10, "number": 1}]}, "irradiance.Irradiance.time_get_extra_radiation": null, "irradiance.Irradiance.time_get_ground_diffuse": null, "irradiance.Irradiance.time_get_total_irradiance": null, "location.Location.time_location_get_airmass": {"result": [0.005386685952544212], "stats": [{"ci_99": [0.0049828579649329185, 0.005566277075558901], "q_25": 0.005355791479814798, "q_75": 0.005410374724306166, "min": 0.0049828579649329185, "max": 0.005566277075558901, "mean": 0.005367117840796709, "std": 0.0001441094350814749, "repeat": 10, "number": 2}]}, "location.Location.time_location_get_clearsky": {"result": [0.48358920961618423], "stats": [{"ci_99": [0.44839133275672793, 0.500517075881362], "q_25": 0.48247335047926754, "q_75": 0.49795114144217223, "min": 0.44839133275672793, "max": 0.500517075881362, "mean": 0.4856665990781039, "std": 0.01472612705297917, "repeat": 10, "number": 1}]}, "location.Location.time_location_get_solarposition": {"result": [0.018859960604459047], "stats": [{"ci_99": [0.01874561980366707, 0.018940098583698273], "q_25": 0.018813128350302577, "q_75": 0.018902499694377184, "min": 0.01874561980366707, "max": 0.018940098583698273, "mean": 0.018854665197432043, "std": 6.128876474157437e-05, "repeat": 10, "number": 1}]}, "location.Location_0_6_1.time_location_get_sun_rise_set_transit_pyephem": NaN, "location.Location_0_6_1.time_location_get_sun_rise_set_transit_spa": NaN, "solarposition.SolarPosition.time_ephemeris": null, "solarposition.SolarPosition.time_ephemeris_localized": null, "solarposition.SolarPosition.time_nrel_earthsun_distance": {"result": [0.023042720975354314], "stats": [{"ci_99": [0.022967136930674314, 0.02307259291410446], "q_25": 0.02303480973932892, "q_75": 0.023063550237566233, "min": 0.022967136930674314, "max": 0.02307259291410446, "mean": 0.023035362455993892, "std": 3.5611309515045296e-05, "repeat": 10, "number": 1}]}, "solarposition.SolarPosition.time_spa_python": {"result": [0.030329950153827667], "stats": [{"ci_99": [0.029916875064373016, 0.030421909876167774], "q_25": 0.030272677075117826, "q_75": 0.030396886984817684, "min": 0.029916875064373016, "max": 0.030421909876167774, "mean": 0.03029669839888811, "std": 0.00014219979011354032, "repeat": 10, "number": 1}]}, "solarposition.SolarPosition.time_sun_rise_set_transit_spa": {"result": [0.051093058194965124], "stats": [{"ci_99": [0.05083528393879533, 0.051200390327721834], "q_25": 0.050998811377212405, "q_75": 0.05111446161754429, "min": 0.05083528393879533, "max": 0.051200390327721834, "mean": 0.05106049138121307, "std": 0.00010345835285266027, "repeat": 10, "number": 1}]}, "temperature.Fuentes.time_fuentes": NaN, "tracking.SingleAxis.time_singleaxis": {"result": [0.047523590037599206], "stats": [{"ci_99": [0.04577849805355072, 0.04951109876856208], "q_25": 0.04629096121061593, "q_75": 0.048888089251704514, "min": 0.04577849805355072, "max": 0.04951109876856208, "mean": 0.04757201252505183, "std": 0.0013070368534392443, "repeat": 10, "number": 1}]}, "tracking.SingleAxis.time_tracker_singleaxis": {"result": [0.047286790097132325], "stats": [{"ci_99": [0.043431295081973076, 0.049668838270008564], "q_25": 0.0448323180899024, "q_75": 0.0488373440457508, "min": 0.043431295081973076, "max": 0.049668838270008564, "mean": 0.04690591865219176, "std": 0.0021928902634125733, "repeat": 10, "number": 1}]}}, "params": {"arch": "x86_64", "cpu": "Intel Xeon Processor (Skylake, IBRS)", "machine": "pvlib-asv.forecasting.energy.arizona.edu", "num_cpu": "4", "os": "Linux 5.7.8-200.fc32.x86_64", "ram": "8145244", "python": "3.7", "ephem": "3.7.6.0", "numpy": "1.18.5", "pandas": "1.1.0", "pytables": "3.6.1", "scipy": "1.2.0"}, "requirements": {"ephem": "3.7.6.0", "numpy": "1.18.5", "pandas": "1.1.0", "pytables": "3.6.1", "scipy": "1.2.0"}, "commit_hash": "23a4d1a3751bf732ac5d6fd6d9de9c9ee6fac489", "date": 1476802548000, "env_name": "conda-py3.7-ephem3.7.6.0-numpy1.18.5-pandas1.1.0-pytables3.6.1-scipy1.2.0", "python": "3.7", "profiles": {}, "started_at": {"irradiance.Irradiance.time_aoi": 1599434849781, "irradiance.Irradiance.time_aoi_projection": 1599434854841, "irradiance.Irradiance.time_dirindex": 1599434822737, "irradiance.Irradiance.time_dirint": 1599434859852, "irradiance.Irradiance.time_disc": 1599434865263, "irradiance.Irradiance.time_erbs": 1599434870323, "irradiance.Irradiance.time_get_extra_radiation": 1599434839121, "irradiance.Irradiance.time_get_ground_diffuse": 1599434840025, "irradiance.Irradiance.time_get_total_irradiance": 1599434840928, "location.Location.time_location_get_airmass": 1599434875333, "location.Location.time_location_get_clearsky": 1599434875687, "location.Location.time_location_get_solarposition": 1599434878844, "location.Location_0_6_1.time_location_get_sun_rise_set_transit_pyephem": 1599434879247, "location.Location_0_6_1.time_location_get_sun_rise_set_transit_spa": 1599434879300, "solarposition.SolarPosition.time_ephemeris": 1599434845902, "solarposition.SolarPosition.time_ephemeris_localized": 1599434846005, "solarposition.SolarPosition.time_nrel_earthsun_distance": 1599434879353, "solarposition.SolarPosition.time_spa_python": 1599434879606, "solarposition.SolarPosition.time_sun_rise_set_transit_spa": 1599434879909, "temperature.Fuentes.time_fuentes": 1599434880312, "tracking.SingleAxis.time_singleaxis": 1599434880568, "tracking.SingleAxis.time_tracker_singleaxis": 1599434881672}, "ended_at": {"irradiance.Irradiance.time_aoi": 1599434854841, "irradiance.Irradiance.time_aoi_projection": 1599434859851, "irradiance.Irradiance.time_dirindex": 1599434823641, "irradiance.Irradiance.time_dirint": 1599434865262, "irradiance.Irradiance.time_disc": 1599434870322, "irradiance.Irradiance.time_erbs": 1599434875333, "irradiance.Irradiance.time_get_extra_radiation": 1599434840025, "irradiance.Irradiance.time_get_ground_diffuse": 1599434840928, "irradiance.Irradiance.time_get_total_irradiance": 1599434841832, "location.Location.time_location_get_airmass": 1599434875686, "location.Location.time_location_get_clearsky": 1599434878844,