{"results": {"irradiance.TimeSuite.time_aoi": {"result": [0.0022204751148819923], "stats": [{"ci_99": [0.0021581034176051616, 0.003761119209229946], "q_25": 0.0021823849761858586, "q_75": 0.0022396400338038805, "min": 0.0021581034176051616, "max": 0.003761119209229946, "mean": 0.0023670228198170657, "std": 0.00046598660611561375, "repeat": 10, "number": 5}]}, "irradiance.TimeSuite.time_aoi_projection": {"result": [0.0022289455402642487], "stats": [{"ci_99": [0.0021574906073510646, 0.0023972287774085997], "q_25": 0.002187376981601119, "q_75": 0.0023096771445125343, "min": 0.0021574906073510646, "max": 0.0023972287774085997, "mean": 0.0022528561111539603, "std": 8.020205246639346e-05, "repeat": 10, "number": 5}]}, "irradiance.TimeSuite.time_dirindex": {"result": [0.1464131041429937], "stats": [{"ci_99": [0.1447899886406958, 0.14950668485835195], "q_25": 0.1450902692740783, "q_75": 0.14835056732408702, "min": 0.1447899886406958, "max": 0.14950668485835195, "mean": 0.14673285079188644, "std": 0.0016844369187441145, "repeat": 10, "number": 1}]}, "irradiance.TimeSuite.time_dirint": {"result": [0.07289467682130635], "stats": [{"ci_99": [0.0718196309171617, 0.07817665068432689], "q_25": 0.07273601007182151, "q_75": 0.07347083324566483, "min": 0.0718196309171617, "max": 0.07817665068432689, "mean": 0.0734844384714961, "std": 0.0016570321732358347, "repeat": 10, "number": 1}]}, "irradiance.TimeSuite.time_disc": {"result": [0.01975767407566309], "stats": [{"ci_99": [0.01811034930869937, 0.020236139185726643], "q_25": 0.019640917307697237, "q_75": 0.019830071716569364, "min": 0.01811034930869937, "max": 0.020236139185726643, "mean": 0.019477522140368818, "std": 0.0006992833289703374, "repeat": 10, "number": 1}]}, "irradiance.TimeSuite.time_erbs": {"result": [0.013358393218368292], "stats": [{"ci_99": [0.012275754939764738, 0.014291506726294756], "q_25": 0.013308505178429186, "q_75": 0.013517016544938087, "min": 0.012275754939764738, "max": 0.014291506726294756, "mean": 0.013383689755573868, "std": 0.0004654214152431812, "repeat": 10, "number": 1}]}, "irradiance.TimeSuite.time_get_extra_radiation": {"result": [0.0026114940992556512], "stats": [{"ci_99": [0.002594165736809373, 0.0028459534514695406], "q_25": 0.0026021112862508744, "q_75": 0.002621344377985224, "min": 0.002594165736809373, "max": 0.0028459534514695406, "mean": 0.0026535803452134134, "std": 9.15790887118326e-05, "repeat": 10, "number": 4}]}, "irradiance.TimeSuite.time_get_ground_diffuse": {"result": [0.0005412404774688184], "stats": [{"ci_99": [0.0005094378488138318, 0.0005564957857131958], "q_25": 0.0005362286057788878, "q_75": 0.0005474330100696534, "min": 0.0005094378488138318, "max": 0.0005564957857131958, "mean": 0.0005385754746384918, "std": 1.3811216812325211e-05, "repeat": 10, "number": 20}]}, "irradiance.TimeSuite.time_get_total_irradiance": {"result": [0.005126935080625117], "stats": [{"ci_99": [0.00498453713953495, 0.005612323060631752], "q_25": 0.005079350317828357, "q_75": 0.005328581901267171, "min": 0.00498453713953495, "max": 0.005612323060631752, "mean": 0.0052049774909392, "std": 0.00019243349130678165, "repeat": 10, "number": 2}]}, "location.TimeSuite.time_location_get_airmass": {"result": [0.0014988631010055542], "stats": [{"ci_99": [0.001382439729890653, 0.0015454887013350213], "q_25": 0.0014860631199553609, "q_75": 0.001511959675034242, "min": 0.001382439729890653, "max": 0.0015454887013350213, "mean": 0.0014920808574450865, "std": 4.046017580950545e-05, "repeat": 10, "number": 7}]}, "location.TimeSuite.time_location_get_clearsky": {"result": [0.013044446939602494], "stats": [{"ci_99": [0.012994840741157532, 0.013679976109415293], "q_25": 0.013014737400226295, "q_75": 0.013070811168290675, "min": 0.012994840741157532, "max": 0.013679976109415293, "mean": 0.013105730712413787, "std": 0.0001943866934964565, "repeat": 10, "number": 1}]}, "location.TimeSuite.time_location_get_solarposition": {"result": [0.017834853613749146], "stats": [{"ci_99": [0.017668547108769417, 0.018401467707008123], "q_25": 0.017770162550732493, "q_75": 0.017901148414239287, "min": 0.017668547108769417, "max": 0.018401467707008123, "mean": 0.017877840297296645, "std": 0.0001967505422499509, "repeat": 10, "number": 1}]}, "location.TimeSuite.time_location_get_sun_rise_set_transit_pyephem": {"result": [0.19582846853882074], "stats": [{"ci_99": [0.1954315290786326, 0.19646738236770034], "q_25": 0.1956988270394504, "q_75": 0.196234964649193, "min": 0.1954315290786326, "max": 0.19646738236770034, "mean": 0.1959175815805793, "std": 0.00036513841112989465, "repeat": 10, "number": 1}]}, "location.TimeSuite.time_location_get_sun_rise_set_transit_spa": {"result": [0.043240289902314544], "stats": [{"ci_99": [0.042844468262046576, 0.04352089110761881], "q_25": 0.043128585326485336, "q_75": 0.043421861715614796, "min": 0.042844468262046576, "max": 0.04352089110761881, "mean": 0.04325178116559982, "std": 0.00020445314988562816, "repeat": 10, "number": 1}]}, "solarposition.TimeSuite.time_ephemeris": {"result": [0.024616287322714925], "stats": [{"ci_99": [0.02393209422007203, 0.02559635741636157], "q_25": 0.02406199451070279, "q_75": 0.025310156517662108, "min": 0.02393209422007203, "max": 0.02559635741636157, "mean": 0.024675517715513705, "std": 0.0006564978835861205, "repeat": 10, "number": 1}]}, "solarposition.TimeSuite.time_ephemeris_localized": {"result": [0.025260554859414697], "stats": [{"ci_99": [0.024187694303691387, 0.025529321283102036], "q_25": 0.024950031307525933, "q_75": 0.025275821681134403, "min": 0.024187694303691387, "max": 0.025529321283102036, "mean": 0.025114247063174843, "std": 0.00037371567902130934, "repeat": 10, "number": 1}]}, "solarposition.TimeSuite.time_nrel_earthsun_distance": {"result": [0.023031641962006688], "stats": [{"ci_99": [0.0226513110101223, 0.023129260633140802], "q_25": 0.022987984819337726, "q_75": 0.02305488777346909, "min": 0.0226513110101223, "max": 0.023129260633140802, "mean": 0.02299716677516699, "std": 0.00012371889928876277, "repeat": 10, "number": 1}]}, "solarposition.TimeSuite.time_spa_python": {"result": [0.02848310675472021], "stats": [{"ci_99": [0.028332466259598732, 0.028951832093298435], "q_25": 0.028458412154577672, "q_75": 0.028571925242431462, "min": 0.028332466259598732, "max": 0.028951832093298435, "mean": 0.02854200997389853, "std": 0.00018218790503532988, "repeat": 10, "number": 1}]}, "solarposition.TimeSuite.time_sun_rise_set_transit_spa": {"result": [0.04978745291009545], "stats": [{"ci_99": [0.04916690709069371, 0.05595832224935293], "q_25": 0.049573495402000844, "q_75": 0.049966163001954556, "min": 0.04916690709069371, "max": 0.05595832224935293, "mean": 0.05033138105645776, "std": 0.001897338361657967, "repeat": 10, "number": 1}]}, "tracking.TimeSuite.time_singleaxis": {"result": [0.006486768135800958], "stats": [{"ci_99": [0.0061240424402058125, 0.006895002443343401], "q_25": 0.00633450347231701, "q_75": 0.006537283130455762, "min": 0.0061240424402058125, "max": 0.006895002443343401, "mean": 0.0064570378512144085, "std": 0.0002072263118347977, "repeat": 10, "number": 2}]}, "tracking.TimeSuite.time_tracker_singleaxis": {"result": [0.0064470722572878], "stats": [{"ci_99": [0.0063019010704010725, 0.006872448138892651], "q_25": 0.006339223007671535, "q_75": 0.006662006373517215, "min": 0.0063019010704010725, "max": 0.006872448138892651, "mean": 0.006513494136743248, "std": 0.0002081426277291203, "repeat": 10, "number": 2}]}}, "params": {"arch": "x86_64", "cpu": "Intel Xeon Processor (Skylake, IBRS)", "machine": "pvlib-asv.forecasting.energy.arizona.edu", "num_cpu": "4", "os": "Linux 5.7.8-200.fc32.x86_64", "ram": "8145244", "python": "3.7", "ephem": "3.7.6.0", "numpy": "1.18.5", "pandas": "1.1.0", "pytables": "3.6.1", "scipy": "1.2.0"}, "requirements": {"ephem": "3.7.6.0", "numpy": "1.18.5", "pandas": "1.1.0", "pytables": "3.6.1", "scipy": "1.2.0"}, "commit_hash": "245ace1a2eb5c03ec355566a80635c9ed14b2441", "date": 1578844829000,