{"results": {"irradiance.Irradiance.time_aoi": {"result": [0.002205204591155052], "stats": [{"ci_99": [0.0021632542833685876, 0.002718590572476387], "q_25": 0.002172586042433977, "q_75": 0.0022457556799054144, "min": 0.0021632542833685876, "max": 0.002718590572476387, "mean": 0.002254586163908243, "std": 0.00015864614050193834, "repeat": 10, "number": 5}]}, "irradiance.Irradiance.time_aoi_projection": {"result": [0.002214121399447322], "stats": [{"ci_99": [0.002170817367732525, 0.002282619569450617], "q_25": 0.0022028519306331873, "q_75": 0.0022230499424040315, "min": 0.002170817367732525, "max": 0.002282619569450617, "mean": 0.0022165591362863775, "std": 2.7266124412554992e-05, "repeat": 10, "number": 5}]}, "irradiance.Irradiance.time_dirindex": {"result": [0.14745330740697682], "stats": [{"ci_99": [0.1447334298864007, 0.15202988078817725], "q_25": 0.14608879620209336, "q_75": 0.14901162427850068, "min": 0.1447334298864007, "max": 0.15202988078817725, "mean": 0.1476876836270094, "std": 0.002241891591975803, "repeat": 10, "number": 1}]}, "irradiance.Irradiance.time_dirint": {"result": [0.07157855806872249], "stats": [{"ci_99": [0.07075020391494036, 0.07361828396096826], "q_25": 0.0712191800121218, "q_75": 0.07180131750646979, "min": 0.07075020391494036, "max": 0.07361828396096826, "mean": 0.07171788574196399, "std": 0.0007811423765966313, "repeat": 10, "number": 1}]}, "irradiance.Irradiance.time_disc": {"result": [0.01922972803004086], "stats": [{"ci_99": [0.01796201430261135, 0.019639064092189074], "q_25": 0.018171493080444634, "q_75": 0.019378870609216392, "min": 0.01796201430261135, "max": 0.019639064092189074, "mean": 0.01886262516491115, "std": 0.00063108694722956, "repeat": 10, "number": 1}]}, "irradiance.Irradiance.time_erbs": {"result": [0.011895959032699466], "stats": [{"ci_99": [0.011592166032642126, 0.012886709999293089], "q_25": 0.01179055473767221, "q_75": 0.012444021762348711, "min": 0.011592166032642126, "max": 0.012886709999293089, "mean": 0.012080433359369636, "std": 0.0004507658235425656, "repeat": 10, "number": 1}]}, "irradiance.Irradiance.time_get_extra_radiation": null, "irradiance.Irradiance.time_get_ground_diffuse": null, "irradiance.Irradiance.time_get_total_irradiance": null, "location.Location.time_location_get_airmass": {"result": [0.005345679470337927], "stats": [{"ci_99": [0.005305615486577153, 0.00542818196117878], "q_25": 0.005314001929946244, "q_75": 0.005389632075093687, "min": 0.005305615486577153, "max": 0.00542818196117878, "mean": 0.005354145099408925, "std": 4.3317016185562275e-05, "repeat": 10, "number": 2}]}, "location.Location.time_location_get_clearsky": {"result": [0.017691834596917033], "stats": [{"ci_99": [0.016456863842904568, 0.018723125103861094], "q_25": 0.017570888390764594, "q_75": 0.01780588971450925, "min": 0.016456863842904568, "max": 0.018723125103861094, "mean": 0.017622627969831228, "std": 0.0006265371021408687, "repeat": 10, "number": 1}]}, "location.Location.time_location_get_solarposition": {"result": [0.01801856840029359], "stats": [{"ci_99": [0.017776696011424065, 0.01824605604633689], "q_25": 0.01788916566874832, "q_75": 0.018090225756168365, "min": 0.017776696011424065, "max": 0.01824605604633689, "mean": 0.018002855777740478, "std": 0.00013356346581154863, "repeat": 10, "number": 1}]}, "location.Location_0_6_1.time_location_get_sun_rise_set_transit_pyephem": NaN, "location.Location_0_6_1.time_location_get_sun_rise_set_transit_spa": NaN, "solarposition.SolarPosition.time_ephemeris": {"result": [0.024414718616753817], "stats": [{"ci_99": [0.023808598052710295, 0.025330970995128155], "q_25": 0.02412487508263439, "q_75": 0.025002932408824563, "min": 0.023808598052710295, "max": 0.025330970995128155, "mean": 0.02453329055570066, "std": 0.0005372946269474184, "repeat": 10, "number": 1}]}, "solarposition.SolarPosition.time_ephemeris_localized": {"result": [0.24404972838237882], "stats": [{"ci_99": [0.23607819806784391, 0.2671090830117464], "q_25": 0.23851565271615982, "q_75": 0.26214093854650855, "min": 0.23607819806784391, "max": 0.2671090830117464, "mean": 0.24928548289462923, "std": 0.01232661049474295, "repeat": 10, "number": 1}]}, "solarposition.SolarPosition.time_nrel_earthsun_distance": {"result": [0.023027457995340228], "stats": [{"ci_99": [0.022503162268549204, 0.023110724054276943], "q_25": 0.022992520593106747, "q_75": 0.023064702400006354, "min": 0.022503162268549204, "max": 0.023110724054276943, "mean": 0.022982447966933252, "std": 0.0001655016350160521, "repeat": 10, "number": 1}]}, "solarposition.SolarPosition.time_spa_python": {"result": [0.02838720101863146], "stats": [{"ci_99": [0.028216890059411526, 0.028538017068058252], "q_25": 0.02835184009745717, "q_75": 0.02847444301005453, "min": 0.028216890059411526, "max": 0.028538017068058252, "mean": 0.02840044004842639, "std": 9.258824312897822e-05, "repeat": 10, "number": 1}]}, "solarposition.SolarPosition.time_sun_rise_set_transit_spa": {"result": [0.049863443709909916], "stats": [{"ci_99": [0.04941480793058872, 0.050589132122695446], "q_25": 0.0498364920495078, "q_75": 0.05006944271735847, "min": 0.04941480793058872, "max": 0.050589132122695446, "mean": 0.049936685664579275, "std": 0.0002915490866760013, "repeat": 10, "number": 1}]}, "temperature.Fuentes.time_fuentes": NaN, "temperature.SAPM.time_sapm_cell": {"result": [0.00224918220192194], "stats": [{"ci_99": [0.002219864446669817, 0.0022857739590108395], "q_25": 0.002232381934300065, "q_75": 0.0022607285995036364, "min": 0.002219864446669817, "max": 0.0022857739590108395, "mean": 0.002249564295634628, "std": 2.1823661433019627e-05, "repeat": 10, "number": 5}]}, "tracking.SingleAxis.time_singleaxis": {"result": [0.04563910304568708], "stats": [{"ci_99": [0.043957470916211605, 0.04833483509719372], "q_25": 0.04533535265363753, "q_75": 0.04615652502980083, "min": 0.043957470916211605, "max": 0.04833483509719372, "mean": 0.04584232023917138, "std": 0.0010938323451214643, "repeat": 10, "number": 1}]}, "tracking.SingleAxis.time_tracker_singleaxis": {"result": [0.04584147362038493], "stats": [{"ci_99": [0.04350298596546054, 0.04793538199737668], "q_25": 0.04497783782426268, "q_75": 0.04597378126345575, "min": 0.04350298596546054, "max": 0.04793538199737668, "mean": 0.04571947348304093, "std": 0.0012975832494198179, "repeat": 10, "number": 1}]}}, "params": {"arch": "x86_64", "cpu": "Intel Xeon Processor (Skylake, IBRS)", "machine": "pvlib-asv.forecasting.energy.arizona.edu", "num_cpu": "4", "os": "Linux 5.7.8-200.fc32.x86_64", "ram": "8145244", "python": "3.7", "ephem": "3.7.6.0", "numpy": "1.18.5", "pandas": "1.1.0", "pytables": "3.6.1", "scipy": "1.2.0"}, "requirements": {"ephem": "3.7.6.0", "numpy": "1.18.5", "pandas": "1.1.0", "pytables": "3.6.1", "scipy": "1.2.0"}, "commit_hash": "24980408a6c590aa8903a7a7ca209a3484c90a3c", "date": 1531236296000, "env_name": "conda-py3.7-ephem3.7.6.0-numpy1.18.5-pandas1.1.0-pytables3.6.1-scipy1.2.0", "python": "3.7", "profiles": {}, "started_at": {"irradiance.Irradiance.time_aoi": 1599428230811, "irradiance.Irradiance.time_aoi_projection": 1599428232817, "irradiance.Irradiance.time_dirindex": 1599428234822, "irradiance.Irradiance.time_dirint": 1599428237580, "irradiance.Irradiance.time_disc": 1599428239936, "irradiance.Irradiance.time_erbs": 1599428241992, "irradiance.Irradiance.time_get_extra_radiation": 1599428223304, "irradiance.Irradiance.time_get_ground_diffuse": 1599428223707, "irradiance.Irradiance.time_get_total_irradiance": 1599428224111, "location.Location.time_location_get_airmass": 1599428243999, "location.Location.time_location_get_clearsky": 1599428244302, "location.Location.time_location_get_solarposition": 1599428244656, "location.Location_0_6_1.time_location_get_sun_rise_set_transit_pyephem": 1599428245010, "location.Location_0_6_1.time_location_get_sun_rise_set_transit_spa": 1599428245062, "solarposition.SolarPosition.time_ephemeris": 1599428245115, "solarposition.SolarPosition.time_ephemeris_localized": 1599428245418,