{"results": {"irradiance.Irradiance.time_aoi": {"result": [0.002319849096238613], "stats": [{"ci_99": [0.002263285405933857, 0.0023853671737015247], "q_25": 0.0022957282373681663, "q_75": 0.0023443426238372923, "min": 0.002263285405933857, "max": 0.0023853671737015247, "mean": 0.0023225877434015275, "std": 3.7295497158012276e-05, "repeat": 10, "number": 5}]}, "irradiance.Irradiance.time_aoi_projection": {"result": [0.0020024803234264255], "stats": [{"ci_99": [0.001824071475615104, 0.0021044828463345766], "q_25": 0.0019740392259942987, "q_75": 0.002044571291965743, "min": 0.001824071475615104, "max": 0.0021044828463345766, "mean": 0.002002299670130014, "std": 7.480524773366371e-05, "repeat": 10, "number": 6}]}, "irradiance.Irradiance.time_dirindex": {"result": [0.14120229450054467], "stats": [{"ci_99": [0.13757354486733675, 0.14432358415797353], "q_25": 0.1388471566606313, "q_75": 0.1430918036494404, "min": 0.13757354486733675, "max": 0.14432358415797353, "mean": 0.14108872562646865, "std": 0.0023416013575829476, "repeat": 10, "number": 1}]}, "irradiance.Irradiance.time_dirint": {"result": [0.06879815086722374], "stats": [{"ci_99": [0.06790367886424065, 0.07267908984795213], "q_25": 0.06837388593703508, "q_75": 0.07007639983203262, "min": 0.06790367886424065, "max": 0.07267908984795213, "mean": 0.06949919578619301, "std": 0.0015335334300436206, "repeat": 10, "number": 1}]}, "irradiance.Irradiance.time_disc": {"result": [0.01896655047312379], "stats": [{"ci_99": [0.01801337208598852, 0.019998288713395596], "q_25": 0.018248024280183017, "q_75": 0.01961403654422611, "min": 0.01801337208598852, "max": 0.019998288713395596, "mean": 0.01895864470861852, "std": 0.00073675200037254, "repeat": 10, "number": 1}]}, "irradiance.Irradiance.time_erbs": {"result": [0.013396142981946468], "stats": [{"ci_99": [0.012725607957690954, 0.014111155178397894], "q_25": 0.013146246667020023, "q_75": 0.013606963329948485, "min": 0.012725607957690954, "max": 0.014111155178397894, "mean": 0.013397737313061953, "std": 0.00041578420664539024, "repeat": 10, "number": 1}]}, "irradiance.Irradiance.time_get_extra_radiation": {"result": [0.002630221250001341], "stats": [{"ci_99": [0.00257662998046726, 0.004612549324519932], "q_25": 0.0026058571238536388, "q_75": 0.0026417894987389445, "min": 0.00257662998046726, "max": 0.004612549324519932, "mean": 0.0028238131082616745, "std": 0.0005971143744376711, "repeat": 10, "number": 4}]}, "irradiance.Irradiance.time_get_ground_diffuse": {"result": [0.0005516880191862583], "stats": [{"ci_99": [0.0005195082113560704, 0.000807532419761022], "q_25": 0.0005271207838733163, "q_75": 0.0005955653937740459, "min": 0.0005195082113560704, "max": 0.000807532419761022, "mean": 0.0005972584036903249, "std": 0.00010281447716330574, "repeat": 10, "number": 18}]}, "irradiance.Irradiance.time_get_total_irradiance": {"result": [0.005313131609000266], "stats": [{"ci_99": [0.005151499528437853, 0.005582592915743589], "q_25": 0.005279115051962435, "q_75": 0.005388558027334511, "min": 0.005151499528437853, "max": 0.005582592915743589, "mean": 0.005334455613046884, "std": 0.00012507556145991276, "repeat": 10, "number": 2}]}, "location.Location.time_location_get_airmass": {"result": [0.001409886113833636], "stats": [{"ci_99": [0.0013972277520224452, 0.0014472330221906304], "q_25": 0.0014052698825253174, "q_75": 0.0014166750333970413, "min": 0.0013972277520224452, "max": 0.0014472330221906304, "mean": 0.0014128661714494228, "std": 1.3011894179763797e-05, "repeat": 10, "number": 8}]}, "location.Location.time_location_get_clearsky": {"result": [0.012668024748563766], "stats": [{"ci_99": [0.012588887941092253, 0.01286992384120822], "q_25": 0.012614932842552662, "q_75": 0.012706399080343544, "min": 0.012588887941092253, "max": 0.01286992384120822, "mean": 0.012679544091224671, "std": 8.165932674115754e-05, "repeat": 10, "number": 1}]}, "location.Location.time_location_get_solarposition": {"result": [0.017683071549981833], "stats": [{"ci_99": [0.01739979488775134, 0.017939202021807432], "q_25": 0.017629481852054596, "q_75": 0.017755716457031667, "min": 0.01739979488775134, "max": 0.017939202021807432, "mean": 0.017678154353052377, "std": 0.00015471174616686723, "repeat": 10, "number": 1}]}, "location.Location_0_6_1.time_location_get_sun_rise_set_transit_pyephem": {"result": [0.19432181445881724], "stats": [{"ci_99": [0.19367228401824832, 0.19643627479672432], "q_25": 0.19421353773213923, "q_75": 0.1946707956958562, "min": 0.19367228401824832, "max": 0.19643627479672432, "mean": 0.1945201579015702, "std": 0.0007126681439265343, "repeat": 10, "number": 1}]}, "location.Location_0_6_1.time_location_get_sun_rise_set_transit_spa": {"result": [0.0420495446305722], "stats": [{"ci_99": [0.04178735986351967, 0.042553537990897894], "q_25": 0.04198392725083977, "q_75": 0.042289894772693515, "min": 0.04178735986351967, "max": 0.042553537990897894, "mean": 0.04212705371901393, "std": 0.00022547172183927754, "repeat": 10, "number": 1}]}, "solarposition.SolarPosition.time_ephemeris": {"result": [0.02431142400018871], "stats": [{"ci_99": [0.02351648500189185, 0.02512751892209053], "q_25": 0.02424686076119542, "q_75": 0.02451605722308159, "min": 0.02351648500189185, "max": 0.02512751892209053, "mean": 0.024332861136645078, "std": 0.0004019515596106529, "repeat": 10, "number": 1}]}, "solarposition.SolarPosition.time_ephemeris_localized": {"result": [0.024716415675356984], "stats": [{"ci_99": [0.02344873920083046, 0.02521472005173564], "q_25": 0.023887234390713274, "q_75": 0.024826480424962938, "min": 0.02344873920083046, "max": 0.02521472005173564, "mean": 0.024420149624347687, "std": 0.0006177188566899207, "repeat": 10, "number": 1}]}, "solarposition.SolarPosition.time_nrel_earthsun_distance": {"result": [0.023758157156407833], "stats": [{"ci_99": [0.023572091944515705, 0.024079322814941406], "q_25": 0.023702012840658426, "q_75": 0.023947212612256408, "min": 0.023572091944515705, "max": 0.024079322814941406, "mean": 0.023812162596732377, "std": 0.0001578904148338829, "repeat": 10, "number": 1}]}, "solarposition.SolarPosition.time_spa_python": {"result": [0.028371249558404088], "stats": [{"ci_99": [0.028146796859800816, 0.028675429057329893], "q_25": 0.028298278572037816, "q_75": 0.028480425127781928, "min": 0.028146796859800816, "max": 0.028675429057329893, "mean": 0.028395752608776092, "std": 0.0001543158549812487, "repeat": 10, "number": 1}]}, "solarposition.SolarPosition.time_sun_rise_set_transit_spa": {"result": [0.048542246455326676], "stats": [{"ci_99": [0.04841960361227393, 0.0491788568906486], "q_25": 0.04851185332518071, "q_75": 0.04862606362439692, "min": 0.04841960361227393, "max": 0.0491788568906486, "mean": 0.04861428327858448, "std": 0.0002052289795352108, "repeat": 10, "number": 1}]}, "temperature.Fuentes.time_fuentes": NaN, "temperature.SAPM.time_sapm_cell": {"result": [0.0019694774278572625], "stats": [{"ci_99": [0.0017866408452391624, 0.0019816475521240917], "q_25": 0.001959794566833547, "q_75": 0.001972554816997477, "min": 0.0017866408452391624, "max": 0.0019816475521240917, "mean": 0.0019398216158151627, "std": 6.360656374954652e-05, "repeat": 10, "number": 7}]}, "tracking.SingleAxis.time_singleaxis": {"result": [0.006355798104777932], "stats": [{"ci_99": [0.006126796593889594, 0.006684600142762065], "q_25": 0.006170512468088418, "q_75": 0.006525074248202145, "min": 0.006126796593889594, "max": 0.006684600142762065, "mean": 0.006359304394572973, "std": 0.00019233815279201267, "repeat": 10, "number": 2}]}, "tracking.SingleAxis.time_tracker_singleaxis": {"result": [0.006333689671009779], "stats": [{"ci_99": [0.006039096508175135, 0.006719354074448347], "q_25": 0.006245625496376306, "q_75": 0.006552792154252529, "min": 0.006039096508175135, "max": 0.006719354074448347, "mean": 0.006381476740352809, "std": 0.00019551058762533858, "repeat": 10, "number": 2}]}}, "params": {"arch": "x86_64", "cpu": "Intel Xeon Processor (Skylake, IBRS)",