{"results": {"irradiance.Irradiance.time_aoi": {"result": [0.0022464564070105554], "stats": [{"ci_99": [0.002228904329240322, 0.0022643590345978737], "q_25": 0.0022331601940095425, "q_75": 0.0022563914768397807, "min": 0.002228904329240322, "max": 0.0022643590345978737, "mean": 0.0022452402766793963, "std": 1.2267485576740615e-05, "repeat": 10, "number": 5}]}, "irradiance.Irradiance.time_aoi_projection": {"result": [0.002220419282093644], "stats": [{"ci_99": [0.0021716002374887466, 0.0022429888136684894], "q_25": 0.0022114242194220426, "q_75": 0.0022345512406900525, "min": 0.0021716002374887466, "max": 0.0022429888136684894, "mean": 0.002217359617352486, "std": 2.1601153202400654e-05, "repeat": 10, "number": 5}]}, "irradiance.Irradiance.time_dirindex": {"result": [0.14501762413419783], "stats": [{"ci_99": [0.14282400719821453, 0.1495730010792613], "q_25": 0.1438222861615941, "q_75": 0.14794838707894087, "min": 0.14282400719821453, "max": 0.1495730010792613, "mean": 0.14573470912873746, "std": 0.002390250522621391, "repeat": 10, "number": 1}]}, "irradiance.Irradiance.time_dirint": {"result": [0.07178135169669986], "stats": [{"ci_99": [0.07018267456442118, 0.07465338194742799], "q_25": 0.07120246533304453, "q_75": 0.07336592173669487, "min": 0.07018267456442118, "max": 0.07465338194742799, "mean": 0.07217736174352467, "std": 0.0013655612153179563, "repeat": 10, "number": 1}]}, "irradiance.Irradiance.time_disc": {"result": [0.019050776958465576], "stats": [{"ci_99": [0.018171407282352448, 0.01997180934995413], "q_25": 0.018255472532473505, "q_75": 0.019904015236534178, "min": 0.018171407282352448, "max": 0.01997180934995413, "mean": 0.01906921132467687, "std": 0.0008176066392879812, "repeat": 10, "number": 1}]}, "irradiance.Irradiance.time_erbs": {"result": [0.012777782743796706], "stats": [{"ci_99": [0.011771293822675943, 0.012891969177871943], "q_25": 0.012747546075843275, "q_75": 0.01280426629818976, "min": 0.011771293822675943, "max": 0.012891969177871943, "mean": 0.012596142617985607, "std": 0.00041336615827212357, "repeat": 10, "number": 1}]}, "irradiance.Irradiance.time_get_extra_radiation": {"result": [0.002653178758919239], "stats": [{"ci_99": [0.002642934792675078, 0.002727149287238717], "q_25": 0.002647151908604428, "q_75": 0.0026575782685540617, "min": 0.002642934792675078, "max": 0.002727149287238717, "mean": 0.002659586863592267, "std": 2.327353229870017e-05, "repeat": 10, "number": 4}]}, "irradiance.Irradiance.time_get_ground_diffuse": {"result": [0.0005284884351898323], "stats": [{"ci_99": [0.0005028034052388234, 0.0005679147275672717], "q_25": 0.0005076140884987333, "q_75": 0.0005455661660314283, "min": 0.0005028034052388234, "max": 0.0005679147275672717, "mean": 0.0005292418137700719, "std": 2.266001127353978e-05, "repeat": 10, "number": 22}]}, "irradiance.Irradiance.time_get_total_irradiance": {"result": [0.0050986847685029115], "stats": [{"ci_99": [0.005022297613322735, 0.005355829062561194], "q_25": 0.005035910677785675, "q_75": 0.005138545180670917, "min": 0.005022297613322735, "max": 0.005355829062561194, "mean": 0.005111570066461961, "std": 9.47986786103214e-05, "repeat": 10, "number": 3}]}, "location.Location.time_location_get_airmass": {"result": [0.0014966584941638367], "stats": [{"ci_99": [0.0013746011203953198, 0.0015767341080520833], "q_25": 0.0014812059068520153, "q_75": 0.0015013708034530282, "min": 0.0013746011203953198, "max": 0.0015767341080520833, "mean": 0.0014799170063010284, "std": 5.7072164958285365e-05, "repeat": 10, "number": 7}]}, "location.Location.time_location_get_clearsky": {"result": [0.013149626553058624], "stats": [{"ci_99": [0.012245298363268375, 0.013285815715789795], "q_25": 0.013132886728271842, "q_75": 0.013212675228714943, "min": 0.012245298363268375, "max": 0.013285815715789795, "mean": 0.01308538937009871, "std": 0.0002845755877336362, "repeat": 10, "number": 1}]}, "location.Location.time_location_get_solarposition": {"result": [0.017629131209105253], "stats": [{"ci_99": [0.01740571716800332, 0.017904549837112427], "q_25": 0.0175915869185701, "q_75": 0.01772490201983601, "min": 0.01740571716800332, "max": 0.017904549837112427, "mean": 0.017658952483907343, "std": 0.00014107365401910674, "repeat": 10, "number": 1}]}, "location.Location_0_6_1.time_location_get_sun_rise_set_transit_pyephem": NaN, "location.Location_0_6_1.time_location_get_sun_rise_set_transit_spa": NaN, "solarposition.SolarPosition.time_ephemeris": {"result": [0.024371644482016563], "stats": [{"ci_99": [0.023631684947758913, 0.025314857251942158], "q_25": 0.023903574678115547, "q_75": 0.024910105508752167, "min": 0.023631684947758913, "max": 0.025314857251942158, "mean": 0.02440013666637242, "std": 0.0005914018019634551, "repeat": 10, "number": 1}]}, "solarposition.SolarPosition.time_ephemeris_localized": {"result": [0.024952959502115846], "stats": [{"ci_99": [0.023719912860542536, 0.02559076203033328], "q_25": 0.024500740924850106, "q_75": 0.02510189637541771, "min": 0.023719912860542536, "max": 0.02559076203033328, "mean": 0.024782792013138533, "std": 0.0005803820071022882, "repeat": 10, "number": 1}]}, "solarposition.SolarPosition.time_nrel_earthsun_distance": {"result": [0.02299331594258547], "stats": [{"ci_99": [0.022951065097004175, 0.02303667739033699], "q_25": 0.022975122090429068, "q_75": 0.023005749913863838, "min": 0.022951065097004175, "max": 0.02303667739033699, "mean": 0.022992728790268303, "std": 2.5767711362673234e-05, "repeat": 10, "number": 1}]}, "solarposition.SolarPosition.time_spa_python": {"result": [0.02825830690562725], "stats": [{"ci_99": [0.027986993081867695, 0.02859889669343829], "q_25": 0.02810763253364712, "q_75": 0.028500638087280095, "min": 0.027986993081867695, "max": 0.02859889669343829, "mean": 0.028287081373855473, "std": 0.00021529052621985099, "repeat": 10, "number": 1}]}, "solarposition.SolarPosition.time_sun_rise_set_transit_spa": {"result": [0.04841682291589677], "stats": [{"ci_99": [0.04821268515661359, 0.049444450065493584], "q_25": 0.04825417452957481, "q_75": 0.048588710953481495, "min": 0.04821268515661359, "max": 0.049444450065493584, "mean": 0.048516729893162844, "std": 0.0003596865088787649, "repeat": 10, "number": 1}]}, "temperature.Fuentes.time_fuentes": NaN, "temperature.SAPM.time_sapm_cell": {"result": [0.00223408422122399], "stats": [{"ci_99": [0.002027770116304358, 0.002255800490578016], "q_25": 0.0020625408894071975, "q_75": 0.0022433384438045323, "min": 0.002027770116304358, "max": 0.002255800490578016, "mean": 0.002166952169500291, "std": 9.436494651011985e-05, "repeat": 10, "number": 6}]}, "tracking.SingleAxis.time_singleaxis": {"result": [0.006309848744422197], "stats": [{"ci_99": [0.006057919003069401, 0.006921547465026379], "q_25": 0.006184686964843422, "q_75": 0.006539779773447663, "min": 0.006057919003069401, "max": 0.006921547465026379, "mean": 0.006361839827150106, "std": 0.000261981465649813, "repeat": 10, "number": 2}]}, "tracking.SingleAxis.time_tracker_singleaxis": {"result": [0.006354153505526483], "stats": [{"ci_99": [0.006008672993630171, 0.006586187984794378], "q_25": 0.00614239287097007, "q_75": 0.0064418273395858705, "min": 0.006008672993630171, "max": 0.006586187984794378, "mean": 0.006310150842182338, "std": 0.0001927276637229104, "repeat": 10, "number": 2}]}}, "params": {"arch": "x86_64", "cpu": "Intel Xeon Processor (Skylake, IBRS)", "machine": "pvlib-asv.forecasting.energy.arizona.edu", "num_cpu": "4", "os": "Linux 5.7.8-200.fc32.x86_64", "ram": "8145244", "python": "3.7", "ephem": "3.7.6.0", "numpy": "1.18.5", "pandas": "1.1.0", "pytables": "3.6.1", "scipy": "1.2.0"}, "requirements": {"ephem": "3.7.6.0", "numpy": "1.18.5", "pandas": "1.1.0", "pytables": "3.6.1", "scipy": "1.2.0"}, "commit_hash": "29b2b0cefd8ee150a43903638d44cc9014f5f700", "date": 1548948599000, "env_name": "conda-py3.7-ephem3.7.6.0-numpy1.18.5-pandas1.1.0-pytables3.6.1-scipy1.2.0", "python": "3.7", "profiles": {}, "started_at": {"irradiance.Irradiance.time_aoi": 1599423871469,