{"results": {"irradiance.Irradiance.time_aoi": {"result": [0.002205809112638235], "stats": [{"ci_99": [0.0021629387512803076, 0.002314820419996977], "q_25": 0.0021819676971063014, "q_75": 0.002229476231150329, "min": 0.0021629387512803076, "max": 0.002314820419996977, "mean": 0.002218232238665223, "std": 4.725644641903519e-05, "repeat": 10, "number": 5}]}, "irradiance.Irradiance.time_aoi_projection": {"result": [0.002203507628291845], "stats": [{"ci_99": [0.0021530640311539172, 0.002271475922316313], "q_25": 0.0021818927489221096, "q_75": 0.0022209470625966787, "min": 0.0021530640311539172, "max": 0.002271475922316313, "mean": 0.0022042428329586985, "std": 3.183995731118413e-05, "repeat": 10, "number": 5}]}, "irradiance.Irradiance.time_dirindex": {"result": [0.1451682758051902], "stats": [{"ci_99": [0.14269238896667957, 0.14659600891172886], "q_25": 0.14323509484529495, "q_75": 0.14583421987481415, "min": 0.14269238896667957, "max": 0.14659600891172886, "mean": 0.1446865031030029, "std": 0.0014136450488604977, "repeat": 10, "number": 1}]}, "irradiance.Irradiance.time_dirint": {"result": [0.07146746735088527], "stats": [{"ci_99": [0.0700835520401597, 0.07283808197826147], "q_25": 0.07090946880634874, "q_75": 0.07254837267100811, "min": 0.0700835520401597, "max": 0.07283808197826147, "mean": 0.07159516462124885, "std": 0.0009648046343482646, "repeat": 10, "number": 1}]}, "irradiance.Irradiance.time_disc": {"result": [0.0178571124561131], "stats": [{"ci_99": [0.01765986019745469, 0.019449688028544188], "q_25": 0.017703919322229922, "q_75": 0.01895795192103833, "min": 0.01765986019745469, "max": 0.019449688028544188, "mean": 0.01825586915947497, "std": 0.0007355284137769997, "repeat": 10, "number": 1}]}, "irradiance.Irradiance.time_erbs": {"result": [0.01274105068296194], "stats": [{"ci_99": [0.011635804548859596, 0.01295179920271039], "q_25": 0.011969524901360273, "q_75": 0.012824825244024396, "min": 0.011635804548859596, "max": 0.01295179920271039, "mean": 0.01245994190685451, "std": 0.0005234942112175597, "repeat": 10, "number": 1}]}, "irradiance.Irradiance.time_get_extra_radiation": null, "irradiance.Irradiance.time_get_ground_diffuse": null, "irradiance.Irradiance.time_get_total_irradiance": null, "location.Location.time_location_get_airmass": {"result": [0.005522737163119018], "stats": [{"ci_99": [0.005097000859677792, 0.005978567525744438], "q_25": 0.00550303072668612, "q_75": 0.0055495682754553854, "min": 0.005097000859677792, "max": 0.005978567525744438, "mean": 0.005533661833032966, "std": 0.0002004051551931058, "repeat": 10, "number": 2}]}, "location.Location.time_location_get_clearsky": {"result": [0.45528265507891774], "stats": [{"ci_99": [0.4470304800197482, 0.4668391910381615], "q_25": 0.44815964670851827, "q_75": 0.4626130558317527, "min": 0.4470304800197482, "max": 0.4668391910381615, "mean": 0.45569360833615064, "std": 0.007457015377656939, "repeat": 10, "number": 1}]}, "location.Location.time_location_get_solarposition": {"result": [0.017982179298996925], "stats": [{"ci_99": [0.01790597941726446, 0.01820126688107848], "q_25": 0.01794292964041233, "q_75": 0.018077069194987416, "min": 0.01790597941726446, "max": 0.01820126688107848, "mean": 0.018018390424549578, "std": 9.370323803340587e-05, "repeat": 10, "number": 1}]}, "location.Location_0_6_1.time_location_get_sun_rise_set_transit_pyephem": NaN, "location.Location_0_6_1.time_location_get_sun_rise_set_transit_spa": NaN, "solarposition.SolarPosition.time_ephemeris": {"result": [0.023560453904792666], "stats": [{"ci_99": [0.023395853117108345, 0.024733347818255424], "q_25": 0.023497889284044504, "q_75": 0.02365799609106034, "min": 0.023395853117108345, "max": 0.024733347818255424, "mean": 0.023684285674244167, "std": 0.00036941778387401125, "repeat": 10, "number": 1}]}, "solarposition.SolarPosition.time_ephemeris_localized": {"result": [0.24381612334400415], "stats": [{"ci_99": [0.24270288785919547, 0.25413629692047834], "q_25": 0.24316468858160079, "q_75": 0.2499658534070477, "min": 0.24270288785919547, "max": 0.25413629692047834, "mean": 0.2462930679321289, "std": 0.004166943949089271, "repeat": 10, "number": 1}]}, "solarposition.SolarPosition.time_nrel_earthsun_distance": {"result": [0.023067263653501868], "stats": [{"ci_99": [0.022640193812549114, 0.023204491939395666], "q_25": 0.022969353012740612, "q_75": 0.02309180481825024, "min": 0.022640193812549114, "max": 0.023204491939395666, "mean": 0.023009338043630125, "std": 0.00015926752241045037, "repeat": 10, "number": 1}]}, "solarposition.SolarPosition.time_spa_python": {"result": [0.028575605480000377], "stats": [{"ci_99": [0.028343615122139454, 0.028715849854052067], "q_25": 0.028438723646104336, "q_75": 0.028649687068536878, "min": 0.028343615122139454, "max": 0.028715849854052067, "mean": 0.028547462122514845, "std": 0.00012119621117460489, "repeat": 10, "number": 1}]}, "solarposition.SolarPosition.time_sun_rise_set_transit_spa": {"result": [0.050330369267612696], "stats": [{"ci_99": [0.05009299283847213, 0.05120882112532854], "q_25": 0.050170475617051125, "q_75": 0.050723480992019176, "min": 0.05009299283847213, "max": 0.05120882112532854, "mean": 0.05046321246773004, "std": 0.00036154141453957655, "repeat": 10, "number": 1}]}, "temperature.Fuentes.time_fuentes": NaN, "temperature.SAPM.time_sapm_cell": {"result": [0.0022398346569389104], "stats": [{"ci_99": [0.0021639295853674414, 0.0022829653695225715], "q_25": 0.002218649792484939, "q_75": 0.0022528578760102388, "min": 0.0021639295853674414, "max": 0.0022829653695225715, "mean": 0.0022328964155167346, "std": 3.710075496941363e-05, "repeat": 10, "number": 5}]}, "tracking.SingleAxis.time_singleaxis": {"result": [0.04548402410000563], "stats": [{"ci_99": [0.04346079891547561, 0.04605326196178794], "q_25": 0.04455789679195732, "q_75": 0.045615665381774306, "min": 0.04346079891547561, "max": 0.04605326196178794, "mean": 0.04509220188483596, "std": 0.0007746004437715304, "repeat": 10, "number": 1}]}, "tracking.SingleAxis.time_tracker_singleaxis": {"result": [0.04602167452685535], "stats": [{"ci_99": [0.04306914424523711, 0.04674377990886569], "q_25": 0.04488829558249563, "q_75": 0.04633962642401457, "min": 0.04306914424523711, "max": 0.04674377990886569, "mean": 0.04557147561572492, "std": 0.0010827010732055015, "repeat": 10, "number": 1}]}}, "params": {"arch": "x86_64", "cpu": "Intel Xeon Processor (Skylake, IBRS)", "machine": "pvlib-asv.forecasting.energy.arizona.edu", "num_cpu": "4", "os": "Linux 5.7.8-200.fc32.x86_64", "ram": "8145244", "python": "3.7", "ephem": "3.7.6.0", "numpy": "1.18.5", "pandas": "1.1.0", "pytables": "3.6.1", "scipy": "1.2.0"}, "requirements": {"ephem": "3.7.6.0", "numpy": "1.18.5", "pandas": "1.1.0", "pytables": "3.6.1", "scipy": "1.2.0"}, "commit_hash": "2d08caaa5e94c9b4f70de4c267483c47dacae935", "date": 1502382711000, "env_name": "conda-py3.7-ephem3.7.6.0-numpy1.18.5-pandas1.1.0-pytables3.6.1-scipy1.2.0", "python": "3.7", "profiles": {}, "started_at": {"irradiance.Irradiance.time_aoi": 1599431260151, "irradiance.Irradiance.time_aoi_projection": 1599431264966, "irradiance.Irradiance.time_dirindex": 1599431269775, "irradiance.Irradiance.time_dirint": 1599431275236, "irradiance.Irradiance.time_disc": 1599431280346, "irradiance.Irradiance.time_erbs": 1599431285155, "irradiance.Irradiance.time_get_extra_radiation": 1599431248542, "irradiance.Irradiance.time_get_ground_diffuse": 1599431249395, "irradiance.Irradiance.time_get_total_irradiance": 1599431250249, "location.Location.time_location_get_airmass": 1599431289966, "location.Location.time_location_get_clearsky": 1599431290319, "location.Location.time_location_get_solarposition": 1599431293327, "location.Location_0_6_1.time_location_get_sun_rise_set_transit_pyephem": 1599431293680, "location.Location_0_6_1.time_location_get_sun_rise_set_transit_spa": 1599431293733, "solarposition.SolarPosition.time_ephemeris": 1599431293785, "solarposition.SolarPosition.time_ephemeris_localized": 1599431294088,