{"results": {"irradiance.Irradiance.time_aoi": {"result": [0.0023701332043856386], "stats": [{"ci_99": [0.0023492089472711085, 0.0023972069844603538], "q_25": 0.002364155533723533, "q_75": 0.002372962888330221, "min": 0.0023492089472711085, "max": 0.0023972069844603538, "mean": 0.002370057236403227, "std": 1.1590727055655888e-05, "repeat": 10, "number": 5}]}, "irradiance.Irradiance.time_aoi_projection": {"result": [0.002107749879360199], "stats": [{"ci_99": [0.0020740335807204247, 0.0022086141631007194], "q_25": 0.0020962738897651436, "q_75": 0.0021603167057037357, "min": 0.0020740335807204247, "max": 0.0022086141631007194, "mean": 0.002128016948699951, "std": 4.6414211227089984e-05, "repeat": 10, "number": 5}]}, "irradiance.Irradiance.time_dirindex": {"result": [0.06575488159433007], "stats": [{"ci_99": [0.06492409016937017, 0.06733908969908953], "q_25": 0.0652486925246194, "q_75": 0.0668548874091357, "min": 0.06492409016937017, "max": 0.06733908969908953, "mean": 0.06598910833708942, "std": 0.0008581460238755403, "repeat": 10, "number": 1}]}, "irradiance.Irradiance.time_dirint": {"result": [0.032610899303108454], "stats": [{"ci_99": [0.0323920426890254, 0.033844422083348036], "q_25": 0.032539174193516374, "q_75": 0.03296133317053318, "min": 0.0323920426890254, "max": 0.033844422083348036, "mean": 0.032803642796352506, "std": 0.00041250278788155533, "repeat": 10, "number": 1}]}, "irradiance.Irradiance.time_disc": {"result": [0.012766659958288074], "stats": [{"ci_99": [0.012689855881035328, 0.013412469998002052], "q_25": 0.012726976186968386, "q_75": 0.012803887366317213, "min": 0.012689855881035328, "max": 0.013412469998002052, "mean": 0.012823416106402873, "std": 0.00020057223567445195, "repeat": 10, "number": 1}]}, "irradiance.Irradiance.time_erbs": {"result": [0.0073529500514268875], "stats": [{"ci_99": [0.007206308422610164, 0.008118958910927176], "q_25": 0.007274444040376693, "q_75": 0.007430970901623368, "min": 0.007206308422610164, "max": 0.008118958910927176, "mean": 0.007418939517810941, "std": 0.000250827101401963, "repeat": 10, "number": 2}]}, "irradiance.Irradiance.time_get_extra_radiation": {"result": [0.000533113197889179], "stats": [{"ci_99": [0.0005278603872284293, 0.0005442120134830474], "q_25": 0.0005302824487444013, "q_75": 0.0005365655291825534, "min": 0.0005278603872284293, "max": 0.0005442120134830474, "mean": 0.0005344374431297183, "std": 5.510687768677477e-06, "repeat": 10, "number": 20}]}, "irradiance.Irradiance.time_get_ground_diffuse": {"result": [0.0003543801140040159], "stats": [{"ci_99": [0.0003227307288735001, 0.0003878770361619967], "q_25": 0.00032624678634521033, "q_75": 0.0003823342612358155, "min": 0.0003227307288735001, "max": 0.0003878770361619967, "mean": 0.00035464736219081617, "std": 2.8824442958357176e-05, "repeat": 10, "number": 27}]}, "irradiance.Irradiance.time_get_total_irradiance": {"result": [0.004577313161765535], "stats": [{"ci_99": [0.004463718427966039, 0.004661314655095339], "q_25": 0.004496443162982662, "q_75": 0.004621488973498344, "min": 0.004463718427966039, "max": 0.004661314655095339, "mean": 0.004564491550748547, "std": 7.038128749510685e-05, "repeat": 10, "number": 3}]}, "location.Location.time_location_get_airmass": {"result": [0.0013758302957285196], "stats": [{"ci_99": [0.0013630716130137444, 0.0013975034817121923], "q_25": 0.001367786288028583, "q_75": 0.0013830772077199072, "min": 0.0013630716130137444, "max": 0.0013975034817121923, "mean": 0.0013770660676527768, "std": 1.0569302294496416e-05, "repeat": 10, "number": 8}]}, "location.Location.time_location_get_clearsky": {"result": [0.009058818221092224], "stats": [{"ci_99": [0.008961357409134507, 0.009392392355948687], "q_25": 0.008994002710096538, "q_75": 0.009222456021234393, "min": 0.008961357409134507, "max": 0.009392392355948687, "mean": 0.009118601982481777, "std": 0.00014798201576855262, "repeat": 10, "number": 2}]}, "location.Location.time_location_get_solarposition": {"result": [0.014927539508789778], "stats": [{"ci_99": [0.01488086674362421, 0.014966802205890417], "q_25": 0.014904612326063216, "q_75": 0.014941578614525497, "min": 0.01488086674362421, "max": 0.014966802205890417, "mean": 0.014924055058509111, "std": 2.4733632123495907e-05, "repeat": 10, "number": 1}]}, "location.Location_0_6_1.time_location_get_sun_rise_set_transit_pyephem": {"result": [0.18067860673181713], "stats": [{"ci_99": [0.17837412375956774, 0.18191505409777164], "q_25": 0.1791721008485183, "q_75": 0.18080120347440243, "min": 0.17837412375956774, "max": 0.18191505409777164, "mean": 0.18017339366488158, "std": 0.0011229918138105914, "repeat": 10, "number": 1}]}, "location.Location_0_6_1.time_location_get_sun_rise_set_transit_spa": {"result": [0.03236608929000795], "stats": [{"ci_99": [0.032187563832849264, 0.032629095017910004], "q_25": 0.032250023214146495, "q_75": 0.032501394976861775, "min": 0.032187563832849264, "max": 0.032629095017910004, "mean": 0.03238688944838941, "std": 0.00015741064652314776, "repeat": 10, "number": 1}]}, "solarposition.SolarPosition.time_ephemeris": {"result": [0.018271182430908084], "stats": [{"ci_99": [0.018109528813511133, 0.018540339078754187], "q_25": 0.01822329661808908, "q_75": 0.01844596746377647, "min": 0.018109528813511133, "max": 0.018540339078754187, "mean": 0.018322067614644767, "std": 0.00013761569153518022, "repeat": 10, "number": 1}]}, "solarposition.SolarPosition.time_ephemeris_localized": {"result": [0.018109490629285574], "stats": [{"ci_99": [0.017886342015117407, 0.018310826271772385], "q_25": 0.018022148637101054, "q_75": 0.018200360354967415, "min": 0.017886342015117407, "max": 0.018310826271772385, "mean": 0.0181071141269058, "std": 0.00012734323317105837, "repeat": 10, "number": 1}]}, "solarposition.SolarPosition.time_nrel_earthsun_distance": {"result": [0.022776947123929858], "stats": [{"ci_99": [0.02268105698749423, 0.02288626227527857], "q_25": 0.02275128779001534, "q_75": 0.022837336757220328, "min": 0.02268105698749423, "max": 0.02288626227527857, "mean": 0.022782575245946644, "std": 6.467041133042286e-05, "repeat": 10, "number": 1}]}, "solarposition.SolarPosition.time_spa_python": {"result": [0.025615674909204245], "stats": [{"ci_99": [0.025205204263329506, 0.025876928120851517], "q_25": 0.02560012135654688, "q_75": 0.025796002941206098, "min": 0.025205204263329506, "max": 0.025876928120851517, "mean": 0.025647829426452516, "std": 0.00018592066346768976, "repeat": 10, "number": 1}]}, "solarposition.SolarPosition.time_sun_rise_set_transit_spa": {"result": [0.037309875478968024], "stats": [{"ci_99": [0.0369536061771214, 0.03764498187229037], "q_25": 0.03725973516702652, "q_75": 0.03740111563820392, "min": 0.0369536061771214, "max": 0.03764498187229037, "mean": 0.03732258197851479, "std": 0.0001749095865426824, "repeat": 10, "number": 1}]}, "temperature.Fuentes.time_fuentes": NaN, "temperature.SAPM.time_sapm_cell": {"result": [0.0016192706700946602], "stats": [{"ci_99": [0.0015869861069534505, 0.0016627680244190352], "q_25": 0.0015998812824753778, "q_75": 0.001640101961259331, "min": 0.0015869861069534505, "max": 0.0016627680244190352, "mean": 0.001621965631576521, "std": 2.6630128444278858e-05, "repeat": 10, "number": 7}]}, "tracking.SingleAxis.time_singleaxis": {"result": [0.020710238022729754], "stats": [{"ci_99": [0.01650367397814989, 0.021925910841673613], "q_25": 0.01889333687722683, "q_75": 0.021456906222738326, "min": 0.01650367397814989, "max": 0.021925910841673613, "mean": 0.01995778549462557, "std": 0.0018558577447968, "repeat": 10, "number": 1}]}, "tracking.SingleAxis.time_tracker_singleaxis": {"result": [0.02017480810172856], "stats": [{"ci_99": [0.016598708927631378, 0.02234350237995386], "q_25": 0.01862047764007002, "q_75": 0.02136839658487588, "min": 0.016598708927631378, "max": 0.02234350237995386, "mean": 0.01996742598712444, "std": 0.0017755682368971663, "repeat": 10, "number": 1}]}}, "params": {"arch": "x86_64", "cpu": "Intel Xeon Processor (Skylake, IBRS)",