{"results": {"irradiance.Irradiance.time_aoi": {"result": [0.0022683509159833193], "stats": [{"ci_99": [0.002210142370313406, 0.0024112571962177755], "q_25": 0.002239999687299132, "q_75": 0.002288358961232006, "min": 0.002210142370313406, "max": 0.0024112571962177755, "mean": 0.0022738242056220765, "std": 5.356252905729349e-05, "repeat": 10, "number": 5}]}, "irradiance.Irradiance.time_aoi_projection": {"result": [0.0022633579093962906], "stats": [{"ci_99": [0.002225180994719267, 0.002724070195108652], "q_25": 0.002235087123699486, "q_75": 0.0022731223842129113, "min": 0.002225180994719267, "max": 0.002724070195108652, "mean": 0.0023026514332741494, "std": 0.0001421290753933909, "repeat": 10, "number": 5}]}, "irradiance.Irradiance.time_dirindex": {"result": [0.14870527386665344], "stats": [{"ci_99": [0.14304366474971175, 0.15123632783070207], "q_25": 0.14445134985726327, "q_75": 0.15078480308875442, "min": 0.14304366474971175, "max": 0.15123632783070207, "mean": 0.1477141207549721, "std": 0.0032503077736436513, "repeat": 10, "number": 1}]}, "irradiance.Irradiance.time_dirint": {"result": [0.07287172833457589], "stats": [{"ci_99": [0.07119959499686956, 0.07677462603896856], "q_25": 0.0717419198481366, "q_75": 0.07414743315894157, "min": 0.07119959499686956, "max": 0.07677462603896856, "mean": 0.07315183556638657, "std": 0.0016931326736052553, "repeat": 10, "number": 1}]}, "irradiance.Irradiance.time_disc": {"result": [0.01853431761264801], "stats": [{"ci_99": [0.01810283213853836, 0.020085179712623358], "q_25": 0.018145590089261532, "q_75": 0.01951627293601632, "min": 0.01810283213853836, "max": 0.020085179712623358, "mean": 0.018850274756550787, "std": 0.000773691448718621, "repeat": 10, "number": 1}]}, "irradiance.Irradiance.time_erbs": {"result": [0.012521788943558931], "stats": [{"ci_99": [0.012385069858282804, 0.013492878060787916], "q_25": 0.012436726945452392, "q_75": 0.012688567279838026, "min": 0.012385069858282804, "max": 0.013492878060787916, "mean": 0.012659723637625575, "std": 0.00033438609402769784, "repeat": 10, "number": 1}]}, "irradiance.Irradiance.time_get_extra_radiation": {"result": [0.0026841366197913885], "stats": [{"ci_99": [0.0026650589425116777, 0.002920888946391642], "q_25": 0.002671691734576598, "q_75": 0.002704676386201754, "min": 0.0026650589425116777, "max": 0.002920888946391642, "mean": 0.0027106686611659825, "std": 7.336587887051434e-05, "repeat": 10, "number": 4}]}, "irradiance.Irradiance.time_get_ground_diffuse": {"result": [0.0005273456103168428], "stats": [{"ci_99": [0.0005121378926560283, 0.0005585502600297332], "q_25": 0.0005194104334805161, "q_75": 0.0005320224910974502, "min": 0.0005121378926560283, "max": 0.0005585502600297332, "mean": 0.0005278837820515037, "std": 1.2707994659376617e-05, "repeat": 10, "number": 20}]}, "irradiance.Irradiance.time_get_total_irradiance": {"result": [0.005260268459096551], "stats": [{"ci_99": [0.005092840641736984, 0.005651293555274606], "q_25": 0.005211725539993495, "q_75": 0.005394606618210673, "min": 0.005092840641736984, "max": 0.005651293555274606, "mean": 0.005304740043357015, "std": 0.0001602870280976277, "repeat": 10, "number": 2}]}, "location.Location.time_location_get_airmass": {"result": [0.0014863119327596258], "stats": [{"ci_99": [0.001375469977834395, 0.0015170317409293993], "q_25": 0.001438218102391277, "q_75": 0.001503208452569587, "min": 0.001375469977834395, "max": 0.0015170317409293993, "mean": 0.0014683621469885112, "std": 4.7143563936696866e-05, "repeat": 10, "number": 7}]}, "location.Location.time_location_get_clearsky": {"result": [0.013208446558564901], "stats": [{"ci_99": [0.012227189261466265, 0.0145762930624187], "q_25": 0.013123280368745327, "q_75": 0.01370728004258126, "min": 0.012227189261466265, "max": 0.0145762930624187, "mean": 0.013354233233258128, "std": 0.000698480919412285, "repeat": 10, "number": 1}]}, "location.Location.time_location_get_solarposition": {"result": [0.018277936382219195], "stats": [{"ci_99": [0.018113283906131983, 0.018795405048877], "q_25": 0.018238490098156035, "q_75": 0.018326221499592066, "min": 0.018113283906131983, "max": 0.018795405048877, "mean": 0.018324101995676755, "std": 0.00018002185619031333, "repeat": 10, "number": 1}]}, "location.Location_0_6_1.time_location_get_sun_rise_set_transit_pyephem": {"result": [0.19615183980204165], "stats": [{"ci_99": [0.1783533883281052, 0.19950737291947007], "q_25": 0.1837508421158418, "q_75": 0.19652429490815848, "min": 0.1783533883281052, "max": 0.19950737291947007, "mean": 0.1916809536051005, "std": 0.008261231072840635, "repeat": 10, "number": 1}]}, "location.Location_0_6_1.time_location_get_sun_rise_set_transit_spa": {"result": [0.04407817451283336], "stats": [{"ci_99": [0.04387147631496191, 0.04440245404839516], "q_25": 0.0439282146980986, "q_75": 0.04431123042013496, "min": 0.04387147631496191, "max": 0.04440245404839516, "mean": 0.04411485111340881, "std": 0.00019491773787141888, "repeat": 10, "number": 1}]}, "solarposition.SolarPosition.time_ephemeris": {"result": [0.02462978521361947], "stats": [{"ci_99": [0.02425882127135992, 0.02499709790572524], "q_25": 0.024416122119873762, "q_75": 0.024786004913039505, "min": 0.02425882127135992, "max": 0.02499709790572524, "mean": 0.02461191494949162, "std": 0.00022110888204153407, "repeat": 10, "number": 1}]}, "solarposition.SolarPosition.time_ephemeris_localized": {"result": [0.02513320534490049], "stats": [{"ci_99": [0.02389262104406953, 0.025746236089617014], "q_25": 0.024673166684806347, "q_75": 0.025170247303321958, "min": 0.02389262104406953, "max": 0.025746236089617014, "mean": 0.024908151011914015, "std": 0.0005379683500604016, "repeat": 10, "number": 1}]}, "solarposition.SolarPosition.time_nrel_earthsun_distance": {"result": [0.023195337504148483], "stats": [{"ci_99": [0.023053769953548908, 0.023554272018373013], "q_25": 0.023145053535699844, "q_75": 0.023305958253331482, "min": 0.023053769953548908, "max": 0.023554272018373013, "mean": 0.02323387856595218, "std": 0.00013608575022838965, "repeat": 10, "number": 1}]}, "solarposition.SolarPosition.time_spa_python": {"result": [0.028883038088679314], "stats": [{"ci_99": [0.02872768184170127, 0.029853940941393375], "q_25": 0.02877780864946544, "q_75": 0.028928396990522742, "min": 0.02872768184170127, "max": 0.029853940941393375, "mean": 0.028950406005606055, "std": 0.0003123972434645816, "repeat": 10, "number": 1}]}, "solarposition.SolarPosition.time_sun_rise_set_transit_spa": {"result": [0.050669810734689236], "stats": [{"ci_99": [0.05034422781318426, 0.0509880380704999], "q_25": 0.05061416421085596, "q_75": 0.05079662369098514, "min": 0.05034422781318426, "max": 0.0509880380704999, "mean": 0.05068829245865345, "std": 0.00019572587527011374, "repeat": 10, "number": 1}]}, "temperature.Fuentes.time_fuentes": {"result": [NaN, null, null], "params": [["'a'", "'b'", "'deltaT'"]]}, "temperature.SAPM.time_sapm_cell": {"result": [0.002204458275809884, null, null], "stats": [{"ci_99": [0.002177714183926582, 0.002274687960743904], "q_25": 0.002182492311112583, "q_75": 0.0022418676875531674, "min": 0.002177714183926582, "max": 0.002274687960743904, "mean": 0.002215755647048355, "std": 3.643692691178836e-05, "repeat": 10, "number": 5}, null, null], "params": [["'a'", "'b'", "'deltaT'"]]}, "tracking.SingleAxis.time_singleaxis": {"result": [0.006431662244722247], "stats": [{"ci_99": [0.0061364551074802876, 0.006783610209822655], "q_25": 0.0063399242935702205, "q_75": 0.006560432608239353, "min": 0.0061364551074802876, "max": 0.006783610209822655, "mean": 0.006446887739002705, "std": 0.000185986401729728, "repeat": 10, "number": 2}]}, "tracking.SingleAxis.time_tracker_singleaxis": {"result": [0.006432083551771939], "stats": [{"ci_99": [0.006176267052069306, 0.006832733517512679], "q_25": 0.006394618598278612, "q_75": 0.006718958320561796, "min": 0.006176267052069306, "max": 0.006832733517512679, "mean": 0.006517406064085662, "std": 0.0001997952769374955, "repeat": 10, "number": 2}]}},