{"results": {"irradiance.Irradiance.time_aoi": {"result": [0.002198613900691271], "stats": [{"ci_99": [0.0021699019707739353, 0.002382344380021095], "q_25": 0.002184832654893398, "q_75": 0.002210964052937925, "min": 0.0021699019707739353, "max": 0.002382344380021095, "mean": 0.00221763988956809, "std": 5.875572007670741e-05, "repeat": 10, "number": 5}]}, "irradiance.Irradiance.time_aoi_projection": {"result": [0.0022500359918922186], "stats": [{"ci_99": [0.0021805684082210064, 0.0023264585994184016], "q_25": 0.002228583814576268, "q_75": 0.0022600064519792793, "min": 0.0021805684082210064, "max": 0.0023264585994184016, "mean": 0.002250303775072098, "std": 3.766353593213677e-05, "repeat": 10, "number": 5}]}, "irradiance.Irradiance.time_dirindex": {"result": [0.14460737304762006], "stats": [{"ci_99": [0.14193771686404943, 0.15032636327669024], "q_25": 0.1427061358699575, "q_75": 0.14881327073089778, "min": 0.14193771686404943, "max": 0.15032636327669024, "mean": 0.1456367330159992, "std": 0.003208910981222793, "repeat": 10, "number": 1}]}, "irradiance.Irradiance.time_dirint": {"result": [0.07083765254355967], "stats": [{"ci_99": [0.0700928783044219, 0.07555790292099118], "q_25": 0.0706338215386495, "q_75": 0.0716932505602017, "min": 0.0700928783044219, "max": 0.07555790292099118, "mean": 0.07151735699735581, "std": 0.0015615421123837544, "repeat": 10, "number": 1}]}, "irradiance.Irradiance.time_disc": {"result": [0.01940439734607935], "stats": [{"ci_99": [0.01794857019558549, 0.0208097156137228], "q_25": 0.018685261602513492, "q_75": 0.019822223344817758, "min": 0.01794857019558549, "max": 0.0208097156137228, "mean": 0.01929661352187395, "std": 0.0008902047173849953, "repeat": 10, "number": 1}]}, "irradiance.Irradiance.time_erbs": {"result": [0.013550814241170883], "stats": [{"ci_99": [0.01343018189072609, 0.013825322967022657], "q_25": 0.01353991194628179, "q_75": 0.01367507257964462, "min": 0.01343018189072609, "max": 0.013825322967022657, "mean": 0.013596859527751803, "std": 0.00011896544392094419, "repeat": 10, "number": 1}]}, "irradiance.Irradiance.time_get_extra_radiation": {"result": [0.0026554089272394776], "stats": [{"ci_99": [0.0026290586683899164, 0.002676828997209668], "q_25": 0.002638377802213654, "q_75": 0.002667987020686269, "min": 0.0026290586683899164, "max": 0.002676828997209668, "mean": 0.0026536105666309594, "std": 1.596760027970088e-05, "repeat": 10, "number": 4}]}, "irradiance.Irradiance.time_get_ground_diffuse": {"result": [0.0005390560989709277], "stats": [{"ci_99": [0.00050573411250585, 0.0006062490865588188], "q_25": 0.0005141468351020624, "q_75": 0.0005525340583469523, "min": 0.00050573411250585, "max": 0.0006062490865588188, "mean": 0.0005385237231262421, "std": 2.9182591076807172e-05, "repeat": 10, "number": 19}]}, "irradiance.Irradiance.time_get_total_irradiance": {"result": [0.0051209155935794115], "stats": [{"ci_99": [0.005009241634979844, 0.005431733559817076], "q_25": 0.005064938042778522, "q_75": 0.005175125261303037, "min": 0.005009241634979844, "max": 0.005431733559817076, "mean": 0.005139159807004035, "std": 0.0001178246757180162, "repeat": 10, "number": 2}]}, "location.Location.time_location_get_airmass": {"result": [0.001481844178800072], "stats": [{"ci_99": [0.0013733093094612872, 0.0014884112003658498], "q_25": 0.0014778976328670979, "q_75": 0.0014872511383146048, "min": 0.0013733093094612872, "max": 0.0014884112003658498, "mean": 0.0014719757517533641, "std": 3.3186356649039095e-05, "repeat": 10, "number": 7}]}, "location.Location.time_location_get_clearsky": {"result": [0.012879804940894246], "stats": [{"ci_99": [0.012076525017619133, 0.01366475922986865], "q_25": 0.01251499354839325, "q_75": 0.013241625507362187, "min": 0.012076525017619133, "max": 0.01366475922986865, "mean": 0.012878065649420022, "std": 0.0005380831134884725, "repeat": 10, "number": 1}]}, "location.Location.time_location_get_solarposition": {"result": [0.017694039503112435], "stats": [{"ci_99": [0.01755373878404498, 0.017854906152933836], "q_25": 0.017644669278524816, "q_75": 0.01776002428960055, "min": 0.01755373878404498, "max": 0.017854906152933836, "mean": 0.01769897239282727, "std": 8.279822829934937e-05, "repeat": 10, "number": 1}]}, "location.Location_0_6_1.time_location_get_sun_rise_set_transit_pyephem": {"result": [0.20233950181864202], "stats": [{"ci_99": [0.18489885609596968, 0.20418770797550678], "q_25": 0.18953475798480213, "q_75": 0.20304970676079392, "min": 0.18489885609596968, "max": 0.20418770797550678, "mean": 0.1975186883006245, "std": 0.008101554970490815, "repeat": 10, "number": 1}]}, "location.Location_0_6_1.time_location_get_sun_rise_set_transit_spa": {"result": [0.04305283795110881], "stats": [{"ci_99": [0.04253641190007329, 0.04371886979788542], "q_25": 0.042839215602725744, "q_75": 0.04332304862327874, "min": 0.04253641190007329, "max": 0.04371886979788542, "mean": 0.04307259162887931, "std": 0.00034886132087925964, "repeat": 10, "number": 1}]}, "solarposition.SolarPosition.time_ephemeris": {"result": [0.024905615719035268], "stats": [{"ci_99": [0.023657089099287987, 0.02556718699634075], "q_25": 0.024577964446507394, "q_75": 0.025070092640817165, "min": 0.023657089099287987, "max": 0.02556718699634075, "mean": 0.0247507166583091, "std": 0.0005477768834789179, "repeat": 10, "number": 1}]}, "solarposition.SolarPosition.time_ephemeris_localized": {"result": [0.024774308782070875], "stats": [{"ci_99": [0.024001273326575756, 0.025483335368335247], "q_25": 0.024187931790947914, "q_75": 0.0249634770443663, "min": 0.024001273326575756, "max": 0.025483335368335247, "mean": 0.024633676512166858, "std": 0.00047622412429060713, "repeat": 10, "number": 1}]}, "solarposition.SolarPosition.time_nrel_earthsun_distance": {"result": [0.023052327102050185], "stats": [{"ci_99": [0.02292729401960969, 0.02406454784795642], "q_25": 0.022996764513663948, "q_75": 0.02316505287308246, "min": 0.02292729401960969, "max": 0.02406454784795642, "mean": 0.023238987708464266, "std": 0.0003970565472527002, "repeat": 10, "number": 1}]}, "solarposition.SolarPosition.time_spa_python": {"result": [0.028315928764641285], "stats": [{"ci_99": [0.02820439636707306, 0.028544113039970398], "q_25": 0.028285106644034386, "q_75": 0.028349961852654815, "min": 0.02820439636707306, "max": 0.028544113039970398, "mean": 0.02833618354052305, "std": 9.200178254520273e-05, "repeat": 10, "number": 1}]}, "solarposition.SolarPosition.time_sun_rise_set_transit_spa": {"result": [0.04964834661222994], "stats": [{"ci_99": [0.049178055953234434, 0.049956567119807005], "q_25": 0.04947485704906285, "q_75": 0.04983539739623666, "min": 0.049178055953234434, "max": 0.049956567119807005, "mean": 0.04962539528496564, "std": 0.00024099822389754823, "repeat": 10, "number": 1}]}, "temperature.Fuentes.time_fuentes": {"result": [NaN, null, null], "params": [["'a'", "'b'", "'deltaT'"]]}, "temperature.SAPM.time_sapm_cell": {"result": [0.002274653501808643, null, null], "stats": [{"ci_99": [0.0022424070164561273, 0.0022977580316364764], "q_25": 0.002257699682377279, "q_75": 0.0022854168666526673, "min": 0.0022424070164561273, "max": 0.0022977580316364764, "mean": 0.002271217294037342, "std": 1.7902211703751578e-05, "repeat": 10, "number": 5}, null, null], "params": [["'a'", "'b'", "'deltaT'"]]}, "tracking.SingleAxis.time_singleaxis": {"result": [0.0063503062119707465], "stats": [{"ci_99": [0.006063595414161682, 0.006813965970650315], "q_25": 0.006255966145545244, "q_75": 0.00669462070800364, "min": 0.006063595414161682, "max": 0.006813965970650315, "mean": 0.006427793344482779, "std": 0.0002604935881012724, "repeat": 10, "number": 2}]}, "tracking.SingleAxis.time_tracker_singleaxis": {"result": [0.006378647987730801], "stats": [{"ci_99": [0.006188582628965378, 0.006720585050061345], "q_25": 0.00624008005252108, "q_75": 0.006587204756215215, "min": 0.006188582628965378, "max": 0.006720585050061345, "mean": 0.0064115724992007015, "std": 0.00018574903234159105, "repeat": 10, "number": 2}]}},