{"results": {"irradiance.Irradiance.time_aoi": {"result": [0.0024020013399422167], "stats": [{"ci_99": [0.002351375762373209, 0.002556865010410547], "q_25": 0.002379552507773042, "q_75": 0.0024111051112413406, "min": 0.002351375762373209, "max": 0.002556865010410547, "mean": 0.0024120533373206856, "std": 5.584649761759469e-05, "repeat": 10, "number": 5}]}, "irradiance.Irradiance.time_aoi_projection": {"result": [0.0021522148977965116], "stats": [{"ci_99": [0.0020938483998179437, 0.0022583652287721636], "q_25": 0.0021365280728787186, "q_75": 0.0021605073707178235, "min": 0.0020938483998179437, "max": 0.0022583652287721636, "mean": 0.002153228251263499, "std": 4.155635642513726e-05, "repeat": 10, "number": 5}]}, "irradiance.Irradiance.time_dirindex": {"result": [0.06604570895433426], "stats": [{"ci_99": [0.06414810288697481, 0.0710461800917983], "q_25": 0.06551353679969907, "q_75": 0.06689360761083663, "min": 0.06414810288697481, "max": 0.0710461800917983, "mean": 0.066390924109146, "std": 0.0018291505340149927, "repeat": 10, "number": 1}]}, "irradiance.Irradiance.time_dirint": {"result": [0.03253860794939101], "stats": [{"ci_99": [0.03199877589941025, 0.033562238328158855], "q_25": 0.032158345566131175, "q_75": 0.03276840934995562, "min": 0.03199877589941025, "max": 0.033562238328158855, "mean": 0.03256263271905482, "std": 0.0004700834711698152, "repeat": 10, "number": 1}]}, "irradiance.Irradiance.time_disc": {"result": [0.012630533427000046], "stats": [{"ci_99": [0.012220523320138454, 0.013711259700357914], "q_25": 0.012541197938844562, "q_75": 0.012706889072433114, "min": 0.012220523320138454, "max": 0.013711259700357914, "mean": 0.012682393798604608, "std": 0.0003737971404917384, "repeat": 10, "number": 1}]}, "irradiance.Irradiance.time_erbs": {"result": [0.0073698272462934256], "stats": [{"ci_99": [0.007277725031599402, 0.007389071164652705], "q_25": 0.007327274943236262, "q_75": 0.007380362076219171, "min": 0.007277725031599402, "max": 0.007389071164652705, "mean": 0.00735276653431356, "std": 3.881556625192405e-05, "repeat": 10, "number": 2}]}, "irradiance.Irradiance.time_get_extra_radiation": {"result": [0.0005380728184000442], "stats": [{"ci_99": [0.0005297561078087279, 0.0006076531043570293], "q_25": 0.0005352009014275513, "q_75": 0.000587663545861448, "min": 0.0005297561078087279, "max": 0.0006076531043570293, "mean": 0.0005571646713896803, "std": 3.1798762834282574e-05, "repeat": 10, "number": 19}]}, "irradiance.Irradiance.time_get_ground_diffuse": {"result": [0.00035118564753042116], "stats": [{"ci_99": [0.0003424509007844233, 0.00036655121573036717], "q_25": 0.0003494209001561807, "q_75": 0.0003545497236172518, "min": 0.0003424509007844233, "max": 0.00036655121573036717, "mean": 0.00035287443428270277, "std": 6.758755020729817e-06, "repeat": 10, "number": 31}]}, "irradiance.Irradiance.time_get_total_irradiance": {"result": [0.004579500295221806], "stats": [{"ci_99": [0.004529179694751899, 0.004983160023887952], "q_25": 0.004555829994690915, "q_75": 0.004626483151999612, "min": 0.004529179694751899, "max": 0.004983160023887952, "mean": 0.004620727042978009, "std": 0.00012572625754134203, "repeat": 10, "number": 3}]}, "location.Location.time_location_get_airmass": {"result": [0.001368013967294246], "stats": [{"ci_99": [0.0013637383817695081, 0.0013885516091249883], "q_25": 0.0013659397955052555, "q_75": 0.0013708950718864799, "min": 0.0013637383817695081, "max": 0.0013885516091249883, "mean": 0.001370665815193206, "std": 7.280630283529919e-06, "repeat": 10, "number": 8}]}, "location.Location.time_location_get_clearsky": {"result": [0.009115270338952541], "stats": [{"ci_99": [0.009000459918752313, 0.009440284920856357], "q_25": 0.0090216452954337, "q_75": 0.009309708140790462, "min": 0.009000459918752313, "max": 0.009440284920856357, "mean": 0.009174721222370863, "std": 0.00016421711377784435, "repeat": 10, "number": 2}]}, "location.Location.time_location_get_solarposition": {"result": [0.015109014697372913], "stats": [{"ci_99": [0.015014758799225092, 0.015447772108018398], "q_25": 0.015030898503027856, "q_75": 0.015172478859312832, "min": 0.015014758799225092, "max": 0.015447772108018398, "mean": 0.015150111401453614, "std": 0.00014697023663061678, "repeat": 10, "number": 1}]}, "location.Location_0_6_1.time_location_get_sun_rise_set_transit_pyephem": {"result": [0.1822551100049168], "stats": [{"ci_99": [0.1820254079066217, 0.1831616908311844], "q_25": 0.18209600448608398, "q_75": 0.18246986286249012, "min": 0.1820254079066217, "max": 0.1831616908311844, "mean": 0.18238341123797, "std": 0.0003748059303255924, "repeat": 10, "number": 1}]}, "location.Location_0_6_1.time_location_get_sun_rise_set_transit_spa": {"result": [0.03321729111485183], "stats": [{"ci_99": [0.03285065200179815, 0.033306607976555824], "q_25": 0.033065884723328054, "q_75": 0.03329283022321761, "min": 0.03285065200179815, "max": 0.033306607976555824, "mean": 0.0331631485838443, "std": 0.00015103203953340248, "repeat": 10, "number": 1}]}, "solarposition.SolarPosition.time_ephemeris": {"result": [0.018279109383001924], "stats": [{"ci_99": [0.01794898882508278, 0.01862229499965906], "q_25": 0.018080095062032342, "q_75": 0.018468217691406608, "min": 0.01794898882508278, "max": 0.01862229499965906, "mean": 0.018276434484869243, "std": 0.00022302338239053713, "repeat": 10, "number": 1}]}, "solarposition.SolarPosition.time_ephemeris_localized": {"result": [0.018124530324712396], "stats": [{"ci_99": [0.017964065074920654, 0.01829212624579668], "q_25": 0.018057422246783972, "q_75": 0.018196808639913797, "min": 0.017964065074920654, "max": 0.01829212624579668, "mean": 0.018126642564311624, "std": 0.00010437810145185052, "repeat": 10, "number": 1}]}, "solarposition.SolarPosition.time_nrel_earthsun_distance": {"result": [0.022344940342009068], "stats": [{"ci_99": [0.022228966001421213, 0.022959699388593435], "q_25": 0.02229772345162928, "q_75": 0.022799083846621215, "min": 0.022228966001421213, "max": 0.022959699388593435, "mean": 0.022515673097223042, "std": 0.00027119665128570866, "repeat": 10, "number": 1}]}, "solarposition.SolarPosition.time_spa_python": {"result": [0.025694604497402906], "stats": [{"ci_99": [0.025120594073086977, 0.02601709822192788], "q_25": 0.025252637220546603, "q_75": 0.025871678139083087, "min": 0.025120594073086977, "max": 0.02601709822192788, "mean": 0.02559029464609921, "std": 0.0003230129622193019, "repeat": 10, "number": 1}]}, "solarposition.SolarPosition.time_sun_rise_set_transit_spa": {"result": [0.03801956167444587], "stats": [{"ci_99": [0.03764550620689988, 0.038417259231209755], "q_25": 0.03781237290240824, "q_75": 0.0382207331713289, "min": 0.03764550620689988, "max": 0.038417259231209755, "mean": 0.03802806390449405, "std": 0.0002625985667988778, "repeat": 10, "number": 1}]}, "temperature.Fuentes.time_fuentes": NaN, "temperature.SAPM.time_sapm_cell": {"result": [0.0016367490336831126], "stats": [{"ci_99": [0.0016015144730252878, 0.0016678864402430399], "q_25": 0.0016211137242083038, "q_75": 0.0016510429725583111, "min": 0.0016015144730252878, "max": 0.0016678864402430399, "mean": 0.001637544130374278, "std": 2.0523034180153377e-05, "repeat": 10, "number": 7}]}, "tracking.SingleAxis.time_singleaxis": {"result": [0.01683973683975637], "stats": [{"ci_99": [0.01473453501239419, 0.018913852982223034], "q_25": 0.01587137463502586, "q_75": 0.017767795594409108, "min": 0.01473453501239419, "max": 0.018913852982223034, "mean": 0.01678655738942325, "std": 0.0013468374423920369, "repeat": 10, "number": 1}]}, "tracking.SingleAxis.time_tracker_singleaxis": {"result": [0.01818035007454455], "stats": [{"ci_99": [0.015234155114740133, 0.019847216084599495], "q_25": 0.01581101049669087, "q_75": 0.01910104730632156, "min": 0.015234155114740133, "max": 0.019847216084599495, "mean": 0.01758565604686737, "std": 0.001724188017604497, "repeat": 10, "number": 1}]}}, "params": {"arch": "x86_64", "cpu": "Intel Xeon Processor (Skylake, IBRS)",