{"results": {"irradiance.Irradiance.time_aoi": {"result": [0.0024423627648502587], "stats": [{"ci_99": [0.0023203521966934206, 0.00247982582077384], "q_25": 0.0024249628884717824, "q_75": 0.0024649121332913637, "min": 0.0023203521966934206, "max": 0.00247982582077384, "mean": 0.002428878014907241, "std": 4.9432124317756024e-05, "repeat": 10, "number": 5}]}, "irradiance.Irradiance.time_aoi_projection": {"result": [0.0020684449312587576], "stats": [{"ci_99": [0.002005060048153003, 0.002164174492160479], "q_25": 0.002034784857338915, "q_75": 0.00208379157508413, "min": 0.002005060048153003, "max": 0.002164174492160479, "mean": 0.0020684335225572186, "std": 4.585438883565993e-05, "repeat": 10, "number": 6}]}, "irradiance.Irradiance.time_dirindex": {"result": [0.14207778149284422], "stats": [{"ci_99": [0.1403131620027125, 0.14972866512835026], "q_25": 0.14089949615299702, "q_75": 0.1427983194589615, "min": 0.1403131620027125, "max": 0.14972866512835026, "mean": 0.14252635282464327, "std": 0.0025639715431870535, "repeat": 10, "number": 1}]}, "irradiance.Irradiance.time_dirint": {"result": [0.07165667740628123], "stats": [{"ci_99": [0.06969615817070007, 0.07358852820470929], "q_25": 0.07020184467546642, "q_75": 0.07218089140951633, "min": 0.06969615817070007, "max": 0.07358852820470929, "mean": 0.07141598779708147, "std": 0.001202024119878555, "repeat": 10, "number": 1}]}, "irradiance.Irradiance.time_disc": {"result": [0.019639475969597697], "stats": [{"ci_99": [0.01889589475467801, 0.020313261076807976], "q_25": 0.019508275436237454, "q_75": 0.01991195243317634, "min": 0.01889589475467801, "max": 0.020313261076807976, "mean": 0.01965817520394921, "std": 0.00041596445761845046, "repeat": 10, "number": 1}]}, "irradiance.Irradiance.time_erbs": {"result": [0.013087715487927198], "stats": [{"ci_99": [0.012705016881227493, 0.01414977665990591], "q_25": 0.012968465103767812, "q_75": 0.01348190603312105, "min": 0.012705016881227493, "max": 0.01414977665990591, "mean": 0.013246019277721644, "std": 0.00043711577001396927, "repeat": 10, "number": 1}]}, "irradiance.Irradiance.time_get_extra_radiation": {"result": [0.0026816639001481235], "stats": [{"ci_99": [0.0026172527577728033, 0.002755727036856115], "q_25": 0.0026466629933565855, "q_75": 0.0026977714151144028, "min": 0.0026172527577728033, "max": 0.002755727036856115, "mean": 0.002679527527652681, "std": 4.421646564602212e-05, "repeat": 10, "number": 4}]}, "irradiance.Irradiance.time_get_ground_diffuse": {"result": [0.0005674702697433531], "stats": [{"ci_99": [0.0005302530014887452, 0.0006033181911334395], "q_25": 0.0005542989005334675, "q_75": 0.0005944549979176372, "min": 0.0005302530014887452, "max": 0.0006033181911334395, "mean": 0.0005701366462744771, "std": 2.4185709226536945e-05, "repeat": 10, "number": 20}]}, "irradiance.Irradiance.time_get_total_irradiance": {"result": [0.005467022070661187], "stats": [{"ci_99": [0.005244509549811482, 0.00562432617880404], "q_25": 0.005363787291571498, "q_75": 0.005489437317010015, "min": 0.005244509549811482, "max": 0.00562432617880404, "mean": 0.0054447051836177705, "std": 0.00010739014747263198, "repeat": 10, "number": 2}]}, "location.Location.time_location_get_airmass": {"result": [0.0014319969923235476], "stats": [{"ci_99": [0.0013022622442804277, 0.0014525091391988099], "q_25": 0.0014232583635021001, "q_75": 0.00144056866702158, "min": 0.0013022622442804277, "max": 0.0014525091391988099, "mean": 0.001420499646337703, "std": 4.0751843175030186e-05, "repeat": 10, "number": 8}]}, "location.Location.time_location_get_clearsky": {"result": [0.013096024049445987], "stats": [{"ci_99": [0.012321373913437128, 0.01361197978258133], "q_25": 0.012952693970873952, "q_75": 0.013384682475589216, "min": 0.012321373913437128, "max": 0.01361197978258133, "mean": 0.013081940496340394, "std": 0.00040574094832711554, "repeat": 10, "number": 1}]}, "location.Location.time_location_get_solarposition": {"result": [0.018461788073182106], "stats": [{"ci_99": [0.0183430309407413, 0.0185885326936841], "q_25": 0.01841660332866013, "q_75": 0.018500115838833153, "min": 0.0183430309407413, "max": 0.0185885326936841, "mean": 0.01846304382197559, "std": 7.461502751860526e-05, "repeat": 10, "number": 1}]}, "location.Location_0_6_1.time_location_get_sun_rise_set_transit_pyephem": {"result": [0.1885239405091852], "stats": [{"ci_99": [0.17764816898852587, 0.19718173192813993], "q_25": 0.1805305676534772, "q_75": 0.1968777517322451, "min": 0.17764816898852587, "max": 0.19718173192813993, "mean": 0.18841921212151647, "std": 0.008428722385402614, "repeat": 10, "number": 1}]}, "location.Location_0_6_1.time_location_get_sun_rise_set_transit_spa": {"result": [0.043739618733525276], "stats": [{"ci_99": [0.04343079775571823, 0.04405314102768898], "q_25": 0.04369184060487896, "q_75": 0.04388572170864791, "min": 0.04343079775571823, "max": 0.04405314102768898, "mean": 0.043775066081434486, "std": 0.0001769230186135768, "repeat": 10, "number": 1}]}, "solarposition.SolarPosition.time_ephemeris": {"result": [0.024799042847007513], "stats": [{"ci_99": [0.023565690964460373, 0.025176418013870716], "q_25": 0.024264640524052083, "q_75": 0.025043160771019757, "min": 0.023565690964460373, "max": 0.025176418013870716, "mean": 0.024598005786538125, "std": 0.000537795595631106, "repeat": 10, "number": 1}]}, "solarposition.SolarPosition.time_ephemeris_localized": {"result": [0.02483879658393562], "stats": [{"ci_99": [0.023544483818113804, 0.02544793114066124], "q_25": 0.024196532554924488, "q_75": 0.02512608957476914, "min": 0.023544483818113804, "max": 0.02544793114066124, "mean": 0.02463949308730662, "std": 0.0006308349018653143, "repeat": 10, "number": 1}]}, "solarposition.SolarPosition.time_nrel_earthsun_distance": {"result": [0.024009043350815773], "stats": [{"ci_99": [0.023679320700466633, 0.024319039657711983], "q_25": 0.023983829421922565, "q_75": 0.024142802343703806, "min": 0.023679320700466633, "max": 0.024319039657711983, "mean": 0.024026210745796563, "std": 0.00016802173740170217, "repeat": 10, "number": 1}]}, "solarposition.SolarPosition.time_spa_python": {"result": [0.029639686923474073], "stats": [{"ci_99": [0.029301126021891832, 0.030527892988175154], "q_25": 0.029487622901797295, "q_75": 0.029695301549509168, "min": 0.029301126021891832, "max": 0.030527892988175154, "mean": 0.029691527411341668, "std": 0.0003327080761235, "repeat": 10, "number": 1}]}, "solarposition.SolarPosition.time_sun_rise_set_transit_spa": {"result": [0.051359594566747546], "stats": [{"ci_99": [0.05055988300591707, 0.051696192007511854], "q_25": 0.05092513270210475, "q_75": 0.051560222171247005, "min": 0.05055988300591707, "max": 0.051696192007511854, "mean": 0.05123197152279317, "std": 0.0003893426969747076, "repeat": 10, "number": 1}]}, "temperature.Fuentes.time_fuentes": NaN, "temperature.SAPM.time_sapm_cell": {"result": [0.0016375030723533462], "stats": [{"ci_99": [0.0014135792319263732, 0.0016631075580205237], "q_25": 0.0016184464995084064, "q_75": 0.0016407802468165755, "min": 0.0014135792319263732, "max": 0.0016631075580205237, "mean": 0.0016113459465226959, "std": 6.905551352671034e-05, "repeat": 10, "number": 7}]}, "tracking.SingleAxis.time_singleaxis": {"result": [0.006585248745977879], "stats": [{"ci_99": [0.006380138453096151, 0.006914209108799696], "q_25": 0.006456092465668917, "q_75": 0.006711850292049348, "min": 0.006380138453096151, "max": 0.006914209108799696, "mean": 0.0066129657672718166, "std": 0.00017511814706237862, "repeat": 10, "number": 2}]}, "tracking.SingleAxis.time_tracker_singleaxis": {"result": [0.0064523636829108], "stats": [{"ci_99": [0.006232649087905884, 0.0069973955396562815], "q_25": 0.006320229615084827, "q_75": 0.006651060364674777, "min": 0.006232649087905884, "max": 0.0069973955396562815, "mean": 0.0064995545661076905, "std": 0.00022496395337951355, "repeat": 10, "number": 2}]}}, "params": {"arch": "x86_64", "cpu": "Intel Xeon Processor (Skylake, IBRS)",