{"results": {"irradiance.Irradiance.time_aoi": {"result": [0.0023905870504677294], "stats": [{"ci_99": [0.0023493638262152674, 0.0024465003982186316], "q_25": 0.0023567698895931243, "q_75": 0.0024274082388728857, "min": 0.0023493638262152674, "max": 0.0024465003982186316, "mean": 0.002392592756077647, "std": 3.591884142037233e-05, "repeat": 10, "number": 5}]}, "irradiance.Irradiance.time_aoi_projection": {"result": [0.0021656398661434647], "stats": [{"ci_99": [0.0021395568735897543, 0.002211747970432043], "q_25": 0.0021497561130672696, "q_75": 0.0021719989133998753, "min": 0.0021395568735897543, "max": 0.002211747970432043, "mean": 0.002163968188688159, "std": 1.985218494192994e-05, "repeat": 10, "number": 5}]}, "irradiance.Irradiance.time_dirindex": {"result": [0.06546182441525161], "stats": [{"ci_99": [0.06363247195258737, 0.06662645190954208], "q_25": 0.06467255938332528, "q_75": 0.06586735171731561, "min": 0.06363247195258737, "max": 0.06662645190954208, "mean": 0.06525633996352553, "std": 0.0008492863299729547, "repeat": 10, "number": 1}]}, "irradiance.Irradiance.time_dirint": {"result": [0.03249348676763475], "stats": [{"ci_99": [0.0319351083599031, 0.03557765716686845], "q_25": 0.0320388525724411, "q_75": 0.032966700033284724, "min": 0.0319351083599031, "max": 0.03557765716686845, "mean": 0.03275278196670115, "std": 0.0010344373230873863, "repeat": 10, "number": 1}]}, "irradiance.Irradiance.time_disc": {"result": [0.012760763755068183], "stats": [{"ci_99": [0.012497349176555872, 0.014073833357542753], "q_25": 0.012672273442149162, "q_75": 0.012903905124403536, "min": 0.012497349176555872, "max": 0.014073833357542753, "mean": 0.012898930069059133, "std": 0.00043064780153614864, "repeat": 10, "number": 1}]}, "irradiance.Irradiance.time_erbs": {"result": [0.0073734556790441275], "stats": [{"ci_99": [0.007268082583323121, 0.007947155041620135], "q_25": 0.007327718194574118, "q_75": 0.007402328250464052, "min": 0.007268082583323121, "max": 0.007947155041620135, "mean": 0.007411691779270768, "std": 0.0001850373983081648, "repeat": 10, "number": 2}]}, "irradiance.Irradiance.time_get_extra_radiation": {"result": [0.0005317179951816797], "stats": [{"ci_99": [0.0005265311570838094, 0.000557857844978571], "q_25": 0.0005285941413603724, "q_75": 0.000540207204176113, "min": 0.0005265311570838094, "max": 0.000557857844978571, "mean": 0.0005353467445820571, "std": 9.277619171973356e-06, "repeat": 10, "number": 20}]}, "irradiance.Irradiance.time_get_ground_diffuse": {"result": [0.00034951588467640034], "stats": [{"ci_99": [0.0003404648810186807, 0.00035422429551973064], "q_25": 0.00034897854921462783, "q_75": 0.0003513112314976752, "min": 0.0003404648810186807, "max": 0.00035422429551973064, "mean": 0.00034911691019421113, "std": 3.753115205614898e-06, "repeat": 10, "number": 34}]}, "irradiance.Irradiance.time_get_total_irradiance": {"result": [0.004583422715465227], "stats": [{"ci_99": [0.004467896030594905, 0.004615285744269689], "q_25": 0.0045557343401014805, "q_75": 0.004603403775642316, "min": 0.004467896030594905, "max": 0.004615285744269689, "mean": 0.004566239782919486, "std": 5.187874509376465e-05, "repeat": 10, "number": 3}]}, "location.Location.time_location_get_airmass": {"result": [0.001393909682519734], "stats": [{"ci_99": [0.001353544881567359, 0.0014994496013969183], "q_25": 0.0013608198933070526, "q_75": 0.0014690517127746716, "min": 0.001353544881567359, "max": 0.0014994496013969183, "mean": 0.0014132114942185582, "std": 5.4993566655657456e-05, "repeat": 10, "number": 8}]}, "location.Location.time_location_get_clearsky": {"result": [0.009250334231182933], "stats": [{"ci_99": [0.008989763911813498, 0.009416444459930062], "q_25": 0.009086401551030576, "q_75": 0.009389283484779298, "min": 0.008989763911813498, "max": 0.009416444459930062, "mean": 0.009232721640728414, "std": 0.00015203352506065103, "repeat": 10, "number": 2}]}, "location.Location.time_location_get_solarposition": {"result": [0.015663551865145564], "stats": [{"ci_99": [0.014920704066753387, 0.01667908811941743], "q_25": 0.014954614802263677, "q_75": 0.016569372033700347, "min": 0.014920704066753387, "max": 0.01667908811941743, "mean": 0.015756280487403275, "std": 0.0007627197947630436, "repeat": 10, "number": 1}]}, "location.Location_0_6_1.time_location_get_sun_rise_set_transit_pyephem": {"result": [0.18215512996539474], "stats": [{"ci_99": [0.1809681262820959, 0.19549897592514753], "q_25": 0.18166377383749932, "q_75": 0.18267152877524495, "min": 0.1809681262820959, "max": 0.19549897592514753, "mean": 0.18337608901783825, "std": 0.004082645510103776, "repeat": 10, "number": 1}]}, "location.Location_0_6_1.time_location_get_sun_rise_set_transit_spa": {"result": [0.0324210599064827], "stats": [{"ci_99": [0.031938556116074324, 0.03263567993417382], "q_25": 0.03232183994259685, "q_75": 0.03251452522817999, "min": 0.031938556116074324, "max": 0.03263567993417382, "mean": 0.03238271656446159, "std": 0.00018842257137745532, "repeat": 10, "number": 1}]}, "solarposition.SolarPosition.time_ephemeris": {"result": [0.018199192127212882], "stats": [{"ci_99": [0.017932593822479248, 0.01886808266863227], "q_25": 0.018171760137192905, "q_75": 0.0184718199307099, "min": 0.017932593822479248, "max": 0.01886808266863227, "mean": 0.018329451326280832, "std": 0.00027319813560496876, "repeat": 10, "number": 1}]}, "solarposition.SolarPosition.time_ephemeris_localized": {"result": [0.018173948861658573], "stats": [{"ci_99": [0.018009700812399387, 0.018446594011038542], "q_25": 0.018077877699397504, "q_75": 0.01832649821881205, "min": 0.018009700812399387, "max": 0.018446594011038542, "mean": 0.018201595358550548, "std": 0.00014851159121153414, "repeat": 10, "number": 1}]}, "solarposition.SolarPosition.time_nrel_earthsun_distance": {"result": [0.022748246556147933], "stats": [{"ci_99": [0.022614746820181608, 0.02299565775319934], "q_25": 0.022655497188679874, "q_75": 0.022856261231936514, "min": 0.022614746820181608, "max": 0.02299565775319934, "mean": 0.022775480477139353, "std": 0.0001324387865394695, "repeat": 10, "number": 1}]}, "solarposition.SolarPosition.time_spa_python": {"result": [0.025836691493168473], "stats": [{"ci_99": [0.025591289158910513, 0.026223773136734962], "q_25": 0.02573451108764857, "q_75": 0.025882230373099446, "min": 0.025591289158910513, "max": 0.026223773136734962, "mean": 0.025836286367848516, "std": 0.0001634368848606887, "repeat": 10, "number": 1}]}, "solarposition.SolarPosition.time_sun_rise_set_transit_spa": {"result": [0.037869633408263326], "stats": [{"ci_99": [0.03733539395034313, 0.04081293195486069], "q_25": 0.03760448098182678, "q_75": 0.03819450316950679, "min": 0.03733539395034313, "max": 0.04081293195486069, "mean": 0.038136447640135886, "std": 0.0009376588163850023, "repeat": 10, "number": 1}]}, "temperature.Fuentes.time_fuentes": null, "temperature.SAPM.time_sapm_cell": {"result": [0.0009713303086093881], "stats": [{"ci_99": [0.0009310910986228423, 0.001014921644871885], "q_25": 0.0009380891305309805, "q_75": 0.0010003660255196419, "min": 0.0009310910986228423, "max": 0.001014921644871885, "mean": 0.0009703249712897972, "std": 3.182076840288642e-05, "repeat": 10, "number": 11}]}, "tracking.SingleAxis.time_singleaxis": {"result": [0.02058206731453538], "stats": [{"ci_99": [0.017938327975571156, 0.024137201253324747], "q_25": 0.01886946987360716, "q_75": 0.022376763983629644, "min": 0.017938327975571156, "max": 0.024137201253324747, "mean": 0.020776144973933697, "std": 0.002207392731050261, "repeat": 10, "number": 1}]}, "tracking.SingleAxis.time_tracker_singleaxis": {"result": [0.02109773992560804], "stats": [{"ci_99": [0.01770029217004776, 0.02310500480234623], "q_25": 0.017917082062922418, "q_75": 0.022811110480688512, "min": 0.01770029217004776, "max": 0.02310500480234623, "mean": 0.020512523408979178, "std": 0.002311135338551569, "repeat": 10, "number": 1}]}}, "params": {"arch": "x86_64", "cpu": "Intel Xeon Processor (Skylake, IBRS)",