{"results": {"irradiance.TimeSuite.time_aoi": {"result": [0.002198024233803153], "stats": [{"ci_99": [0.0021287360228598117, 0.0023563779890537263], "q_25": 0.0021479807794094084, "q_75": 0.0022515260148793462, "min": 0.0021287360228598117, "max": 0.0023563779890537263, "mean": 0.002209463231265545, "std": 6.998960352833691e-05, "repeat": 10, "number": 5}]}, "irradiance.TimeSuite.time_aoi_projection": {"result": [0.0022004728205502035], "stats": [{"ci_99": [0.002138146571815014, 0.0024498287588357926], "q_25": 0.002154672355391085, "q_75": 0.0023554051062092186, "min": 0.002138146571815014, "max": 0.0024498287588357926, "mean": 0.0022527900431305176, "std": 0.00010934514404671876, "repeat": 10, "number": 5}]}, "irradiance.TimeSuite.time_dirindex": {"result": [0.14752749213948846], "stats": [{"ci_99": [0.14328119717538357, 0.149674111045897], "q_25": 0.14419741311576217, "q_75": 0.14836655196268111, "min": 0.14328119717538357, "max": 0.149674111045897, "mean": 0.146629722090438, "std": 0.002335488222997845, "repeat": 10, "number": 1}]}, "irradiance.TimeSuite.time_dirint": {"result": [0.07304899347946048], "stats": [{"ci_99": [0.07170489011332393, 0.07366355275735259], "q_25": 0.07276990578975528, "q_75": 0.07331715465988964, "min": 0.07170489011332393, "max": 0.07366355275735259, "mean": 0.07297242470085621, "std": 0.0005352319172137459, "repeat": 10, "number": 1}]}, "irradiance.TimeSuite.time_disc": {"result": [0.01958660315722227], "stats": [{"ci_99": [0.0183843276463449, 0.0197913427837193], "q_25": 0.0195509031182155, "q_75": 0.0196594400331378, "min": 0.0183843276463449, "max": 0.0197913427837193, "mean": 0.01949900509789586, "std": 0.00038541339808009924, "repeat": 10, "number": 1}]}, "irradiance.TimeSuite.time_erbs": {"result": [0.01343808020465076], "stats": [{"ci_99": [0.012555416207760572, 0.014399060979485512], "q_25": 0.012725271517410874, "q_75": 0.013617033371701837, "min": 0.012555416207760572, "max": 0.014399060979485512, "mean": 0.013271749950945377, "std": 0.0005722915973243792, "repeat": 10, "number": 1}]}, "irradiance.TimeSuite.time_get_extra_radiation": {"result": [0.002608930866699666], "stats": [{"ci_99": [0.00259315874427557, 0.0026650765212252736], "q_25": 0.002603957225801423, "q_75": 0.002626982983201742, "min": 0.00259315874427557, "max": 0.0026650765212252736, "mean": 0.0026166670839302244, "std": 1.9983946726479264e-05, "repeat": 10, "number": 4}]}, "irradiance.TimeSuite.time_get_ground_diffuse": {"result": [0.0005122257396578788], "stats": [{"ci_99": [0.0005074762040749193, 0.0005655810004100203], "q_25": 0.0005100537033285946, "q_75": 0.0005381390685215592, "min": 0.0005074762040749193, "max": 0.0005655810004100203, "mean": 0.0005235647899098694, "std": 2.0766508066521296e-05, "repeat": 10, "number": 20}]}, "irradiance.TimeSuite.time_get_total_irradiance": {"result": [0.005044754051292935], "stats": [{"ci_99": [0.004911372282852729, 0.005144837312400341], "q_25": 0.004960739441836874, "q_75": 0.005065839854069054, "min": 0.004911372282852729, "max": 0.005144837312400341, "mean": 0.005026214274888237, "std": 7.330841844336871e-05, "repeat": 10, "number": 3}]}, "location.TimeSuite.time_location_get_airmass": {"result": [0.001467588299419731], "stats": [{"ci_99": [0.0014597222907468677, 0.0014799961354583502], "q_25": 0.0014618862041970715, "q_75": 0.0014704071363667026, "min": 0.0014597222907468677, "max": 0.0014799961354583502, "mean": 0.0014673298632260413, "std": 6.10537340839062e-06, "repeat": 10, "number": 8}]}, "location.TimeSuite.time_location_get_clearsky": {"result": [0.013032313203439116], "stats": [{"ci_99": [0.012503530830144882, 0.013233238831162453], "q_25": 0.012995102093555033, "q_75": 0.013106703874655068, "min": 0.012503530830144882, "max": 0.013233238831162453, "mean": 0.013021121127530932, "std": 0.00019235883994707584, "repeat": 10, "number": 1}]}, "location.TimeSuite.time_location_get_solarposition": {"result": [0.018016126472502947], "stats": [{"ci_99": [0.01768597075715661, 0.01918977126479149], "q_25": 0.017732573905959725, "q_75": 0.018803426763042808, "min": 0.01768597075715661, "max": 0.01918977126479149, "mean": 0.018282756116241215, "std": 0.0006063444486605596, "repeat": 10, "number": 1}]}, "location.TimeSuite.time_location_get_sun_rise_set_transit_pyephem": {"result": [0.19840293913148344], "stats": [{"ci_99": [0.19715398689731956, 0.19900181097909808], "q_25": 0.1976386095630005, "q_75": 0.19889932603109628, "min": 0.19715398689731956, "max": 0.19900181097909808, "mean": 0.19825822738930582, "std": 0.0006936433245251088, "repeat": 10, "number": 1}]}, "location.TimeSuite.time_location_get_sun_rise_set_transit_spa": {"result": [0.04311818489804864], "stats": [{"ci_99": [0.04265211522579193, 0.04389790305867791], "q_25": 0.04286599799524993, "q_75": 0.04334944358561188, "min": 0.04265211522579193, "max": 0.04389790305867791, "mean": 0.04314265083521605, "std": 0.00035724925835812924, "repeat": 10, "number": 1}]}, "solarposition.TimeSuite.time_ephemeris": {"result": [0.023590227821841836], "stats": [{"ci_99": [0.02348314505070448, 0.024457515217363834], "q_25": 0.023568398784846067, "q_75": 0.023691751179285347, "min": 0.02348314505070448, "max": 0.024457515217363834, "mean": 0.023696674732491374, "std": 0.0002702824178057296, "repeat": 10, "number": 1}]}, "solarposition.TimeSuite.time_ephemeris_localized": {"result": [0.025222920579835773], "stats": [{"ci_99": [0.024669250939041376, 0.025456412229686975], "q_25": 0.02515064796898514, "q_75": 0.02532618714030832, "min": 0.024669250939041376, "max": 0.025456412229686975, "mean": 0.02518879808485508, "std": 0.00021215845947728957, "repeat": 10, "number": 1}]}, "solarposition.TimeSuite.time_nrel_earthsun_distance": {"result": [0.02306299959309399], "stats": [{"ci_99": [0.0228283298201859, 0.023371106944978237], "q_25": 0.023042529239319265, "q_75": 0.02327585348393768, "min": 0.0228283298201859, "max": 0.023371106944978237, "mean": 0.0231197661254555, "std": 0.0001681964306881551, "repeat": 10, "number": 1}]}, "solarposition.TimeSuite.time_spa_python": {"result": [0.028460312634706497], "stats": [{"ci_99": [0.028260081075131893, 0.028651084750890732], "q_25": 0.028331420267932117, "q_75": 0.028490633936598897, "min": 0.028260081075131893, "max": 0.028651084750890732, "mean": 0.028432713449001314, "std": 0.00012373074236992216, "repeat": 10, "number": 1}]}, "solarposition.TimeSuite.time_sun_rise_set_transit_spa": {"result": [0.049284523352980614], "stats": [{"ci_99": [0.04867182765156031, 0.04994437005370855], "q_25": 0.048919565277174115, "q_75": 0.04967803764156997, "min": 0.04867182765156031, "max": 0.04994437005370855, "mean": 0.04929631394334137, "std": 0.000420151021274173, "repeat": 10, "number": 1}]}, "tracking.TimeSuite.time_singleaxis": {"result": [0.006569665623828769], "stats": [{"ci_99": [0.006276119966059923, 0.006952000083401799], "q_25": 0.006413698953110725, "q_75": 0.00682036904618144, "min": 0.006276119966059923, "max": 0.006952000083401799, "mean": 0.006601179344579577, "std": 0.0002292608578484463, "repeat": 10, "number": 2}]}, "tracking.TimeSuite.time_tracker_singleaxis": {"result": [0.006476453738287091], "stats": [{"ci_99": [0.0062521109357476234, 0.0068267283495515585], "q_25": 0.006432092632167041, "q_75": 0.006607630115468055, "min": 0.0062521109357476234, "max": 0.0068267283495515585, "mean": 0.006527332006953657, "std": 0.0001683256136446671, "repeat": 10, "number": 2}]}}, "params": {"arch": "x86_64", "cpu": "Intel Xeon Processor (Skylake, IBRS)", "machine": "pvlib-asv.forecasting.energy.arizona.edu", "num_cpu": "4", "os": "Linux 5.7.8-200.fc32.x86_64", "ram": "8145244", "python": "3.7", "ephem": "3.7.6.0", "numpy": "1.18.5", "pandas": "1.1.0", "pytables": "3.6.1", "scipy": "1.2.0"}, "requirements": {"ephem": "3.7.6.0", "numpy": "1.18.5", "pandas": "1.1.0", "pytables": "3.6.1", "scipy": "1.2.0"}, "commit_hash": "363884dbbffca66c85742b8ace2954f50923c4f9", "date": 1579731377000,