{"results": {"irradiance.Irradiance.time_aoi": {"result": [0.0021947988774627444], "stats": [{"ci_99": [0.0021582032553851605, 0.002385182958096266], "q_25": 0.0021725900238379835, "q_75": 0.0022152798483148217, "min": 0.0021582032553851605, "max": 0.002385182958096266, "mean": 0.002225774591788649, "std": 8.080736912867034e-05, "repeat": 10, "number": 5}]}, "irradiance.Irradiance.time_aoi_projection": {"result": [0.0022044905927032232], "stats": [{"ci_99": [0.0021634164266288282, 0.0023819842375814916], "q_25": 0.0021694840164855123, "q_75": 0.0022430498618632552, "min": 0.0021634164266288282, "max": 0.0023819842375814916, "mean": 0.0022211510874330996, "std": 6.47582323190161e-05, "repeat": 10, "number": 5}]}, "irradiance.Irradiance.time_dirindex": {"result": [0.1458405253943056], "stats": [{"ci_99": [0.1428017020225525, 0.15069074276834726], "q_25": 0.14437611412722617, "q_75": 0.14747992379125208, "min": 0.1428017020225525, "max": 0.15069074276834726, "mean": 0.14611331545747816, "std": 0.002261376970037377, "repeat": 10, "number": 1}]}, "irradiance.Irradiance.time_dirint": {"result": [0.07110141799785197], "stats": [{"ci_99": [0.0704138083383441, 0.0735233691520989], "q_25": 0.07075685460586101, "q_75": 0.07148273685015738, "min": 0.0704138083383441, "max": 0.0735233691520989, "mean": 0.07130766385234892, "std": 0.0008619611103724776, "repeat": 10, "number": 1}]}, "irradiance.Irradiance.time_disc": {"result": [0.018410542514175177], "stats": [{"ci_99": [0.017973617184907198, 0.019831187091767788], "q_25": 0.01807287789415568, "q_75": 0.01949305785819888, "min": 0.017973617184907198, "max": 0.019831187091767788, "mean": 0.018729373021051286, "std": 0.000728720938461973, "repeat": 10, "number": 1}]}, "irradiance.Irradiance.time_erbs": {"result": [0.01284669921733439], "stats": [{"ci_99": [0.012636509258300066, 0.013066043145954609], "q_25": 0.012793703004717827, "q_75": 0.012961649685166776, "min": 0.012636509258300066, "max": 0.013066043145954609, "mean": 0.01285456926561892, "std": 0.00013125814479970365, "repeat": 10, "number": 1}]}, "irradiance.Irradiance.time_get_extra_radiation": {"result": [0.0027107151690870523], "stats": [{"ci_99": [0.0026972260093316436, 0.002723476034589112], "q_25": 0.002703379432205111, "q_75": 0.0027162727783434093, "min": 0.0026972260093316436, "max": 0.002723476034589112, "mean": 0.0027098598540760575, "std": 8.383833178182411e-06, "repeat": 10, "number": 4}]}, "irradiance.Irradiance.time_get_ground_diffuse": {"result": [0.0005666773741770731], "stats": [{"ci_99": [0.00053918369016365, 0.0005980992787762693], "q_25": 0.0005492585539621743, "q_75": 0.0005691231436733352, "min": 0.00053918369016365, "max": 0.0005980992787762693, "mean": 0.0005654687503058658, "std": 1.882110112365524e-05, "repeat": 10, "number": 19}]}, "irradiance.Irradiance.time_get_total_irradiance": {"result": [0.005124529474414885], "stats": [{"ci_99": [0.005028036888688803, 0.005454513011500239], "q_25": 0.005065304751042277, "q_75": 0.0052434991812333465, "min": 0.005028036888688803, "max": 0.005454513011500239, "mean": 0.005164149776101112, "std": 0.00012604283336050588, "repeat": 10, "number": 2}]}, "location.Location.time_location_get_airmass": {"result": [0.0015198145660438708], "stats": [{"ci_99": [0.0014286455698311329, 0.0015577017994863646], "q_25": 0.0015073141881397792, "q_75": 0.0015367619759802306, "min": 0.0014286455698311329, "max": 0.0015577017994863646, "mean": 0.0015162487447793996, "std": 3.3524392069777414e-05, "repeat": 10, "number": 7}]}, "location.Location.time_location_get_clearsky": {"result": [0.01338046696037054], "stats": [{"ci_99": [0.01286781020462513, 0.013715282082557678], "q_25": 0.013257954153232276, "q_75": 0.013458422617986798, "min": 0.01286781020462513, "max": 0.013715282082557678, "mean": 0.01334555223584175, "std": 0.00021866328318562693, "repeat": 10, "number": 1}]}, "location.Location.time_location_get_solarposition": {"result": [0.0179439305793494], "stats": [{"ci_99": [0.017779186833649874, 0.018526933155953884], "q_25": 0.017873119213618338, "q_75": 0.017973301466554403, "min": 0.017779186833649874, "max": 0.018526933155953884, "mean": 0.01798543813638389, "std": 0.00020454399326543082, "repeat": 10, "number": 1}]}, "location.Location_0_6_1.time_location_get_sun_rise_set_transit_pyephem": NaN, "location.Location_0_6_1.time_location_get_sun_rise_set_transit_spa": NaN, "solarposition.SolarPosition.time_ephemeris": {"result": [0.025004804832860827], "stats": [{"ci_99": [0.02390608936548233, 0.025370286777615547], "q_25": 0.024351576925255358, "q_75": 0.02510141138918698, "min": 0.02390608936548233, "max": 0.025370286777615547, "mean": 0.024765684455633163, "std": 0.0005230047264938353, "repeat": 10, "number": 1}]}, "solarposition.SolarPosition.time_ephemeris_localized": {"result": [0.02522257622331381], "stats": [{"ci_99": [0.024481432978063822, 0.025604213122278452], "q_25": 0.0251290297601372, "q_75": 0.02534315176308155, "min": 0.024481432978063822, "max": 0.025604213122278452, "mean": 0.02520495289936662, "std": 0.0002880970126586692, "repeat": 10, "number": 1}]}, "solarposition.SolarPosition.time_nrel_earthsun_distance": {"result": [0.023077833699062467], "stats": [{"ci_99": [0.02293205400928855, 0.023289624135941267], "q_25": 0.023035509511828423, "q_75": 0.02323996915947646, "min": 0.02293205400928855, "max": 0.023289624135941267, "mean": 0.023112890031188726, "std": 0.00012155655538692593, "repeat": 10, "number": 1}]}, "solarposition.SolarPosition.time_spa_python": {"result": [0.02861290378496051], "stats": [{"ci_99": [0.028149292804300785, 0.028990535996854305], "q_25": 0.028540100320242345, "q_75": 0.028844583313912153, "min": 0.028149292804300785, "max": 0.028990535996854305, "mean": 0.028645010152831673, "std": 0.00023910388223833846, "repeat": 10, "number": 1}]}, "solarposition.SolarPosition.time_sun_rise_set_transit_spa": {"result": [0.05022982810623944], "stats": [{"ci_99": [0.04990208428353071, 0.05105832312256098], "q_25": 0.05012466502375901, "q_75": 0.0503567858831957, "min": 0.04990208428353071, "max": 0.05105832312256098, "mean": 0.05032128221355379, "std": 0.00032439180408672834, "repeat": 10, "number": 1}]}, "temperature.Fuentes.time_fuentes": NaN, "temperature.SAPM.time_sapm_cell": {"result": [0.002262739511206746], "stats": [{"ci_99": [0.0020487875677645206, 0.002304447256028652], "q_25": 0.0021167696919292215, "q_75": 0.0022825582651421427, "min": 0.0020487875677645206, "max": 0.002304447256028652, "mean": 0.002209358559921384, "std": 0.00010007317977392356, "repeat": 10, "number": 5}]}, "tracking.SingleAxis.time_singleaxis": {"result": [0.0066435452317819], "stats": [{"ci_99": [0.006136906566098332, 0.007063031429424882], "q_25": 0.0063789013074710965, "q_75": 0.006814890832174569, "min": 0.006136906566098332, "max": 0.007063031429424882, "mean": 0.006592196901328862, "std": 0.0002845922655472726, "repeat": 10, "number": 2}]}, "tracking.SingleAxis.time_tracker_singleaxis": {"result": [0.006580964429304004], "stats": [{"ci_99": [0.006191713968291879, 0.006973799550905824], "q_25": 0.006362493906635791, "q_75": 0.006899846892338246, "min": 0.006191713968291879, "max": 0.006973799550905824, "mean": 0.0066071900771930816, "std": 0.0002761965705462373, "repeat": 10, "number": 2}]}}, "params": {"arch": "x86_64", "cpu": "Intel Xeon Processor (Skylake, IBRS)", "machine": "pvlib-asv.forecasting.energy.arizona.edu", "num_cpu": "4", "os": "Linux 5.7.8-200.fc32.x86_64", "ram": "8145244", "python": "3.7", "ephem": "3.7.6.0", "numpy": "1.18.5", "pandas": "1.1.0", "pytables": "3.6.1", "scipy": "1.2.0"}, "requirements": {"ephem": "3.7.6.0", "numpy": "1.18.5", "pandas": "1.1.0", "pytables": "3.6.1", "scipy": "1.2.0"}, "commit_hash": "38a52b1e7f43a4f4f9a9ccbf53dc0f6b58b41d07", "date": 1537467746000, "env_name": "conda-py3.7-ephem3.7.6.0-numpy1.18.5-pandas1.1.0-pytables3.6.1-scipy1.2.0", "python": "3.7", "profiles": {}, "started_at": {"irradiance.Irradiance.time_aoi": 1599425519358,