{"results": {"irradiance.Irradiance.time_aoi": {"result": [0.0023580817971378563], "stats": [{"ci_99": [0.002321742009371519, 0.0023983508348464967], "q_25": 0.002326241671107709, "q_75": 0.0023827733006328345, "min": 0.002321742009371519, "max": 0.0023983508348464967, "mean": 0.002357167610898614, "std": 3.017139593657004e-05, "repeat": 10, "number": 5}]}, "irradiance.Irradiance.time_aoi_projection": {"result": [0.0021238718181848526], "stats": [{"ci_99": [0.0020756940357387066, 0.0021488210186362267], "q_25": 0.0020950887817889454, "q_75": 0.002140569663606584, "min": 0.0020756940357387066, "max": 0.0021488210186362267, "mean": 0.0021182834170758724, "std": 2.6909258421084976e-05, "repeat": 10, "number": 5}]}, "irradiance.Irradiance.time_dirindex": {"result": [0.06551320757716894], "stats": [{"ci_99": [0.06473454693332314, 0.06645078817382455], "q_25": 0.06527492112945765, "q_75": 0.06583754252642393, "min": 0.06473454693332314, "max": 0.06645078817382455, "mean": 0.06558060217648745, "std": 0.00047419321625940706, "repeat": 10, "number": 1}]}, "irradiance.Irradiance.time_dirint": {"result": [0.032499602530151606], "stats": [{"ci_99": [0.031891105230897665, 0.03344816667959094], "q_25": 0.03235654649324715, "q_75": 0.032636714866384864, "min": 0.031891105230897665, "max": 0.03344816667959094, "mean": 0.032512869825586675, "std": 0.0003886714913448636, "repeat": 10, "number": 1}]}, "irradiance.Irradiance.time_disc": {"result": [0.012768285581842065], "stats": [{"ci_99": [0.012254706118255854, 0.013628216926008463], "q_25": 0.012467224383726716, "q_75": 0.012962185079231858, "min": 0.012254706118255854, "max": 0.013628216926008463, "mean": 0.01279920879751444, "std": 0.0004217284299077938, "repeat": 10, "number": 1}]}, "irradiance.Irradiance.time_erbs": {"result": [0.00689008180052042], "stats": [{"ci_99": [0.006736137671396136, 0.007088009035214782], "q_25": 0.006760579242836684, "q_75": 0.00699252902995795, "min": 0.006736137671396136, "max": 0.007088009035214782, "mean": 0.0068923714337870475, "std": 0.00013126177740034554, "repeat": 10, "number": 2}]}, "irradiance.Irradiance.time_get_extra_radiation": null, "irradiance.Irradiance.time_get_ground_diffuse": null, "irradiance.Irradiance.time_get_total_irradiance": null, "location.Location.time_location_get_airmass": {"result": [0.003933794874077042], "stats": [{"ci_99": [0.0037796207082768283, 0.004233583963165681], "q_25": 0.003797343233600259, "q_75": 0.004026642340856294, "min": 0.0037796207082768283, "max": 0.004233583963165681, "mean": 0.003938862572734555, "std": 0.0001426233840978934, "repeat": 10, "number": 3}]}, "location.Location.time_location_get_clearsky": {"result": [0.4607031480409205], "stats": [{"ci_99": [0.447942181956023, 0.4646043786779046], "q_25": 0.4535740162245929, "q_75": 0.4630625545978546, "min": 0.447942181956023, "max": 0.4646043786779046, "mean": 0.45873763961717484, "std": 0.005875620268636083, "repeat": 10, "number": 1}]}, "location.Location.time_location_get_solarposition": {"result": [0.01527597988024354], "stats": [{"ci_99": [0.015178946778178215, 0.015543903224170208], "q_25": 0.015240986947901547, "q_75": 0.015417604940012097, "min": 0.015178946778178215, "max": 0.015543903224170208, "mean": 0.015325294574722648, "std": 0.00011473473669729551, "repeat": 10, "number": 1}]}, "location.Location_0_6_1.time_location_get_sun_rise_set_transit_pyephem": NaN, "location.Location_0_6_1.time_location_get_sun_rise_set_transit_spa": NaN, "solarposition.SolarPosition.time_ephemeris": {"result": [0.01914053480140865], "stats": [{"ci_99": [0.01860899291932583, 0.019795618951320648], "q_25": 0.01896742172539234, "q_75": 0.019230712321586907, "min": 0.01860899291932583, "max": 0.019795618951320648, "mean": 0.019148429622873664, "std": 0.00030847656659539063, "repeat": 10, "number": 1}]}, "solarposition.SolarPosition.time_ephemeris_localized": {"result": [0.2254977780394256], "stats": [{"ci_99": [0.22140109818428755, 0.22881964268162847], "q_25": 0.22331625723745674, "q_75": 0.22701851348392665, "min": 0.22140109818428755, "max": 0.22881964268162847, "mean": 0.22522475230507552, "std": 0.0024529392609397575, "repeat": 10, "number": 1}]}, "solarposition.SolarPosition.time_nrel_earthsun_distance": {"result": [0.02313150418922305], "stats": [{"ci_99": [0.022785339038819075, 0.023801741190254688], "q_25": 0.022936666384339333, "q_75": 0.023480234085582197, "min": 0.022785339038819075, "max": 0.023801741190254688, "mean": 0.023207800230011344, "std": 0.00033259571911824204, "repeat": 10, "number": 1}]}, "solarposition.SolarPosition.time_spa_python": {"result": [0.026241174433380365], "stats": [{"ci_99": [0.026023718062788248, 0.026571104303002357], "q_25": 0.02606033720076084, "q_75": 0.026422742172144353, "min": 0.026023718062788248, "max": 0.026571104303002357, "mean": 0.026258085621520877, "std": 0.00020072282518757847, "repeat": 10, "number": 1}]}, "solarposition.SolarPosition.time_sun_rise_set_transit_spa": {"result": [0.03977685747668147], "stats": [{"ci_99": [0.03928532171994448, 0.040304847061634064], "q_25": 0.03949854779057205, "q_75": 0.040016713668592274, "min": 0.03928532171994448, "max": 0.040304847061634064, "mean": 0.039781879540532826, "std": 0.0003220945200745814, "repeat": 10, "number": 1}]}, "temperature.Fuentes.time_fuentes": NaN, "temperature.SAPM.time_sapm_cell": {"result": [0.0016492158507129975], "stats": [{"ci_99": [0.0016363543192190783, 0.0017020244018307754], "q_25": 0.0016421958903915115, "q_75": 0.0016621878603473306, "min": 0.0016363543192190783, "max": 0.0017020244018307754, "mean": 0.0016555565475885356, "std": 1.8812060437281924e-05, "repeat": 10, "number": 7}]}, "tracking.SingleAxis.time_singleaxis": {"result": [0.02572903921827674], "stats": [{"ci_99": [0.024548447225242853, 0.02744065085425973], "q_25": 0.025451771914958954, "q_75": 0.026306826737709343, "min": 0.024548447225242853, "max": 0.02744065085425973, "mean": 0.025882749864831568, "std": 0.0007607003529699488, "repeat": 10, "number": 1}]}, "tracking.SingleAxis.time_tracker_singleaxis": {"result": [0.02558018290437758], "stats": [{"ci_99": [0.02519688243046403, 0.026484289672225714], "q_25": 0.02553665649611503, "q_75": 0.02592347946483642, "min": 0.02519688243046403, "max": 0.026484289672225714, "mean": 0.025718346936628222, "std": 0.0003400245112455588, "repeat": 10, "number": 1}]}}, "params": {"arch": "x86_64", "cpu": "Intel Xeon Processor (Skylake, IBRS)", "machine": "pvlib-asv.forecasting.energy.arizona.edu", "num_cpu": "4", "os": "Linux 5.7.8-200.fc32.x86_64", "ram": "8145244", "python": "3.6", "numpy": "1.12.0", "pandas": "0.22.0", "scipy": "1.2.0", "pytables": "3.6.1", "ephem": "3.7.6.0"}, "requirements": {"numpy": "1.12.0", "pandas": "0.22.0", "scipy": "1.2.0", "pytables": "3.6.1", "ephem": "3.7.6.0"}, "commit_hash": "39c0862a33c3b6286ef1458a036547ed6beec399", "date": 1502816516000, "env_name": "conda-py3.6-ephem3.7.6.0-numpy1.12.0-pandas0.22.0-pytables3.6.1-scipy1.2.0", "python": "3.6", "profiles": {}, "started_at": {"irradiance.Irradiance.time_aoi": 1599840508054, "irradiance.Irradiance.time_aoi_projection": 1599840512764, "irradiance.Irradiance.time_dirindex": 1599840517475, "irradiance.Irradiance.time_dirint": 1599840522535, "irradiance.Irradiance.time_disc": 1599840527395, "irradiance.Irradiance.time_erbs": 1599840532106, "irradiance.Irradiance.time_get_extra_radiation": 1599840496842, "irradiance.Irradiance.time_get_ground_diffuse": 1599840497696, "irradiance.Irradiance.time_get_total_irradiance": 1599840498550, "location.Location.time_location_get_airmass": 1599840536816, "location.Location.time_location_get_clearsky": 1599840537119, "location.Location.time_location_get_solarposition": 1599840540076, "location.Location_0_6_1.time_location_get_sun_rise_set_transit_pyephem": 1599840540379, "location.Location_0_6_1.time_location_get_sun_rise_set_transit_spa": 1599840540432, "solarposition.SolarPosition.time_ephemeris": 1599840540485,