{"results": {"irradiance.Irradiance.time_aoi": {"result": [0.0022151610814034935], "stats": [{"ci_99": [0.002139772195369005, 0.002263343520462513], "q_25": 0.0021965108113363384, "q_75": 0.0022387751145288345, "min": 0.002139772195369005, "max": 0.002263343520462513, "mean": 0.0022151759453117844, "std": 3.571246402237775e-05, "repeat": 10, "number": 5}]}, "irradiance.Irradiance.time_aoi_projection": {"result": [0.0021709382068365816], "stats": [{"ci_99": [0.002145441249012947, 0.00227689016610384], "q_25": 0.002162403473630548, "q_75": 0.0022118580294772983, "min": 0.002145441249012947, "max": 0.00227689016610384, "mean": 0.0021883019618690017, "std": 3.771784352627855e-05, "repeat": 10, "number": 5}]}, "irradiance.Irradiance.time_dirindex": {"result": [0.14711801474913955], "stats": [{"ci_99": [0.14107930986210704, 0.14972938131541014], "q_25": 0.14218865823931992, "q_75": 0.14861259353347123, "min": 0.14107930986210704, "max": 0.14972938131541014, "mean": 0.14573450926691295, "std": 0.003256748409977636, "repeat": 10, "number": 1}]}, "irradiance.Irradiance.time_dirint": {"result": [0.07117402902804315], "stats": [{"ci_99": [0.07003596378490329, 0.0743519919924438], "q_25": 0.07074681739322841, "q_75": 0.07292576949112117, "min": 0.07003596378490329, "max": 0.0743519919924438, "mean": 0.0718096983153373, "std": 0.0015020012574626992, "repeat": 10, "number": 1}]}, "irradiance.Irradiance.time_disc": {"result": [0.018063913332298398], "stats": [{"ci_99": [0.01771703688427806, 0.018691393081098795], "q_25": 0.017837459570728242, "q_75": 0.01813118637073785, "min": 0.01771703688427806, "max": 0.018691393081098795, "mean": 0.018065037997439505, "std": 0.00027783208051019106, "repeat": 10, "number": 1}]}, "irradiance.Irradiance.time_erbs": {"result": [0.012825971702113748], "stats": [{"ci_99": [0.012661335989832878, 0.013276976998895407], "q_25": 0.012734812684357166, "q_75": 0.012921685818582773, "min": 0.012661335989832878, "max": 0.013276976998895407, "mean": 0.012864861683920027, "std": 0.00017423721895543272, "repeat": 10, "number": 1}]}, "irradiance.Irradiance.time_get_extra_radiation": null, "irradiance.Irradiance.time_get_ground_diffuse": null, "irradiance.Irradiance.time_get_total_irradiance": null, "location.Location.time_location_get_airmass": {"result": [0.005578442593105137], "stats": [{"ci_99": [0.005547272507101297, 0.005656230030581355], "q_25": 0.0055512795224785805, "q_75": 0.005609150044620037, "min": 0.005547272507101297, "max": 0.005656230030581355, "mean": 0.005587218538857996, "std": 4.0020185454315465e-05, "repeat": 10, "number": 2}]}, "location.Location.time_location_get_clearsky": {"result": [0.4511932104360312], "stats": [{"ci_99": [0.4477435168810189, 0.463811363093555], "q_25": 0.4495804592734203, "q_75": 0.461568750673905, "min": 0.4477435168810189, "max": 0.463811363093555, "mean": 0.45457234466448426, "std": 0.006253080486760879, "repeat": 10, "number": 1}]}, "location.Location.time_location_get_solarposition": {"result": [0.017889660550281405], "stats": [{"ci_99": [0.017692731227725744, 0.018298194743692875], "q_25": 0.01785519439727068, "q_75": 0.01794428506400436, "min": 0.017692731227725744, "max": 0.018298194743692875, "mean": 0.017905236408114433, "std": 0.0001604029169493796, "repeat": 10, "number": 1}]}, "location.Location_0_6_1.time_location_get_sun_rise_set_transit_pyephem": NaN, "location.Location_0_6_1.time_location_get_sun_rise_set_transit_spa": NaN, "solarposition.SolarPosition.time_ephemeris": {"result": [0.025461904471740127], "stats": [{"ci_99": [0.024710654746741056, 0.02586469706147909], "q_25": 0.025033082463778555, "q_75": 0.025690929498523474, "min": 0.024710654746741056, "max": 0.02586469706147909, "mean": 0.025376233831048013, "std": 0.00038159100427906476, "repeat": 10, "number": 1}]}, "solarposition.SolarPosition.time_ephemeris_localized": {"result": [0.2536533013917506], "stats": [{"ci_99": [0.2510977522470057, 0.256244202144444], "q_25": 0.2519809731747955, "q_75": 0.25433920102659613, "min": 0.2510977522470057, "max": 0.256244202144444, "mean": 0.2534692811779678, "std": 0.001643636859590886, "repeat": 10, "number": 1}]}, "solarposition.SolarPosition.time_nrel_earthsun_distance": {"result": [0.023014702834188938], "stats": [{"ci_99": [0.02296739723533392, 0.023107239976525307], "q_25": 0.022989191813394427, "q_75": 0.023036997998133302, "min": 0.02296739723533392, "max": 0.023107239976525307, "mean": 0.02301857233978808, "std": 4.017862502795995e-05, "repeat": 10, "number": 1}]}, "solarposition.SolarPosition.time_spa_python": {"result": [0.028691727435216308], "stats": [{"ci_99": [0.028608357068151236, 0.02889602305367589], "q_25": 0.0286400894401595, "q_75": 0.028836959274485707, "min": 0.028608357068151236, "max": 0.02889602305367589, "mean": 0.02873044740408659, "std": 0.00010644530302600141, "repeat": 10, "number": 1}]}, "solarposition.SolarPosition.time_sun_rise_set_transit_spa": {"result": [0.04989242786541581], "stats": [{"ci_99": [0.049669348169118166, 0.05046567367389798], "q_25": 0.04984595545101911, "q_75": 0.05025825137272477, "min": 0.049669348169118166, "max": 0.05046567367389798, "mean": 0.050008062226697805, "std": 0.00026121247264386386, "repeat": 10, "number": 1}]}, "temperature.Fuentes.time_fuentes": NaN, "tracking.SingleAxis.time_singleaxis": {"result": [0.045667895348742604], "stats": [{"ci_99": [0.0435983557254076, 0.04722036235034466], "q_25": 0.04477925889659673, "q_75": 0.046531675034202635, "min": 0.0435983557254076, "max": 0.04722036235034466, "mean": 0.04552428796887398, "std": 0.0011828840750615786, "repeat": 10, "number": 1}]}, "tracking.SingleAxis.time_tracker_singleaxis": {"result": [0.04555843351408839], "stats": [{"ci_99": [0.042105433996766806, 0.04724412364885211], "q_25": 0.04377037286758423, "q_75": 0.04642417759168893, "min": 0.042105433996766806, "max": 0.04724412364885211, "mean": 0.045054920157417654, "std": 0.0016931140441908334, "repeat": 10, "number": 1}]}}, "params": {"arch": "x86_64", "cpu": "Intel Xeon Processor (Skylake, IBRS)", "machine": "pvlib-asv.forecasting.energy.arizona.edu", "num_cpu": "4", "os": "Linux 5.7.8-200.fc32.x86_64", "ram": "8145244", "python": "3.7", "ephem": "3.7.6.0", "numpy": "1.18.5", "pandas": "1.1.0", "pytables": "3.6.1", "scipy": "1.2.0"}, "requirements": {"ephem": "3.7.6.0", "numpy": "1.18.5", "pandas": "1.1.0", "pytables": "3.6.1", "scipy": "1.2.0"}, "commit_hash": "3b0a86b28487fe3cafe2f1d706fc7dfecb5ab22d", "date": 1501622947000, "env_name": "conda-py3.7-ephem3.7.6.0-numpy1.18.5-pandas1.1.0-pytables3.6.1-scipy1.2.0", "python": "3.7", "profiles": {}, "started_at": {"irradiance.Irradiance.time_aoi": 1599431678919, "irradiance.Irradiance.time_aoi_projection": 1599431683728, "irradiance.Irradiance.time_dirindex": 1599431688538, "irradiance.Irradiance.time_dirint": 1599431694048, "irradiance.Irradiance.time_disc": 1599431699209, "irradiance.Irradiance.time_erbs": 1599431704069, "irradiance.Irradiance.time_get_extra_radiation": 1599431667108, "irradiance.Irradiance.time_get_ground_diffuse": 1599431667962, "irradiance.Irradiance.time_get_total_irradiance": 1599431668866, "location.Location.time_location_get_airmass": 1599431708879, "location.Location.time_location_get_clearsky": 1599431709232, "location.Location.time_location_get_solarposition": 1599431712189, "location.Location_0_6_1.time_location_get_sun_rise_set_transit_pyephem": 1599431712542, "location.Location_0_6_1.time_location_get_sun_rise_set_transit_spa": 1599431712595, "solarposition.SolarPosition.time_ephemeris": 1599431712647, "solarposition.SolarPosition.time_ephemeris_localized": 1599431712950, "solarposition.SolarPosition.time_nrel_earthsun_distance": 1599431714555, "solarposition.SolarPosition.time_spa_python": 1599431714808, "solarposition.SolarPosition.time_sun_rise_set_transit_spa": 1599431715112, "temperature.Fuentes.time_fuentes": 1599431715515, "tracking.SingleAxis.time_singleaxis": 1599431715771,