{"results": {"irradiance.TimeSuite.time_aoi": {"result": [0.0022246012929826977], "stats": [{"ci_99": [0.0021397038362920284, 0.0023587469942867754], "q_25": 0.002154273143969476, "q_75": 0.00225075853522867, "min": 0.0021397038362920284, "max": 0.0023587469942867754, "mean": 0.002216961681842804, "std": 6.417275084550988e-05, "repeat": 10, "number": 5}]}, "irradiance.TimeSuite.time_aoi_projection": {"result": [0.002228409005329013], "stats": [{"ci_99": [0.002155054546892643, 0.002339852787554264], "q_25": 0.0021826245356351137, "q_75": 0.002240031911060214, "min": 0.002155054546892643, "max": 0.002339852787554264, "mean": 0.0022297869622707367, "std": 5.740732851630992e-05, "repeat": 10, "number": 5}]}, "irradiance.TimeSuite.time_dirindex": {"result": [0.14646467217244208], "stats": [{"ci_99": [0.14257914014160633, 0.15099689364433289], "q_25": 0.14508188411127776, "q_75": 0.1487351331161335, "min": 0.14257914014160633, "max": 0.15099689364433289, "mean": 0.14668255089782178, "std": 0.0024725836207877094, "repeat": 10, "number": 1}]}, "irradiance.TimeSuite.time_dirint": {"result": [0.07158548338338733], "stats": [{"ci_99": [0.07002593204379082, 0.07906908495351672], "q_25": 0.07066237775143236, "q_75": 0.07280574622564018, "min": 0.07002593204379082, "max": 0.07906908495351672, "mean": 0.07267031036317348, "std": 0.0029563177056072857, "repeat": 10, "number": 1}]}, "irradiance.TimeSuite.time_disc": {"result": [0.019648835994303226], "stats": [{"ci_99": [0.018388715106993914, 0.020224425941705704], "q_25": 0.018603511969558895, "q_75": 0.019902282510884106, "min": 0.018388715106993914, "max": 0.020224425941705704, "mean": 0.019351137755438685, "std": 0.0007012369238803371, "repeat": 10, "number": 1}]}, "irradiance.TimeSuite.time_erbs": {"result": [0.012963355053216219], "stats": [{"ci_99": [0.012267923913896084, 0.013590220361948013], "q_25": 0.012448709923774004, "q_75": 0.01342149660922587, "min": 0.012267923913896084, "max": 0.013590220361948013, "mean": 0.012936182180419564, "std": 0.0005314390628857023, "repeat": 10, "number": 1}]}, "irradiance.TimeSuite.time_get_extra_radiation": {"result": [0.002644751046318561], "stats": [{"ci_99": [0.002625961904413998, 0.002901177271269262], "q_25": 0.0026416087930556387, "q_75": 0.0026757354207802564, "min": 0.002625961904413998, "max": 0.002901177271269262, "mean": 0.002694665058515966, "std": 9.709532919652618e-05, "repeat": 10, "number": 4}]}, "irradiance.TimeSuite.time_get_ground_diffuse": {"result": [0.0005043795681558549], "stats": [{"ci_99": [0.0004954749019816518, 0.0005525358952581883], "q_25": 0.0005018968775402754, "q_75": 0.0005048675579018891, "min": 0.0004954749019816518, "max": 0.0005525358952581883, "mean": 0.0005119654652662575, "std": 1.990647773711687e-05, "repeat": 10, "number": 20}]}, "irradiance.TimeSuite.time_get_total_irradiance": {"result": [0.005084619469319781], "stats": [{"ci_99": [0.005045942651728789, 0.005194503348320723], "q_25": 0.005064500030130148, "q_75": 0.005138809133010606, "min": 0.005045942651728789, "max": 0.005194503348320723, "mean": 0.005102018903320035, "std": 4.6799737071443136e-05, "repeat": 10, "number": 3}]}, "location.TimeSuite.time_location_get_airmass": {"result": [0.0014936401442225491], "stats": [{"ci_99": [0.0014876025462789194, 0.0015262981344546591], "q_25": 0.0014916229494182126, "q_75": 0.001507181258473013, "min": 0.0014876025462789194, "max": 0.0015262981344546591, "mean": 0.0015010241751692124, "std": 1.3338588990566067e-05, "repeat": 10, "number": 7}]}, "location.TimeSuite.time_location_get_clearsky": {"result": [0.013121079187840223], "stats": [{"ci_99": [0.012163909152150154, 0.013623500242829323], "q_25": 0.013063352438621223, "q_75": 0.013179216999560595, "min": 0.012163909152150154, "max": 0.013623500242829323, "mean": 0.013046882348135114, "std": 0.0003669336011354082, "repeat": 10, "number": 1}]}, "location.TimeSuite.time_location_get_solarposition": {"result": [0.017829405143857002], "stats": [{"ci_99": [0.017650237772613764, 0.018003819044679403], "q_25": 0.017762984847649932, "q_75": 0.017883375636301935, "min": 0.017650237772613764, "max": 0.018003819044679403, "mean": 0.01782287871465087, "std": 9.984725240559088e-05, "repeat": 10, "number": 1}]}, "location.TimeSuite.time_location_get_sun_rise_set_transit_pyephem": {"result": [0.19588070642203093], "stats": [{"ci_99": [0.19481209432706237, 0.19734635204076767], "q_25": 0.195677061798051, "q_75": 0.19612632191274315, "min": 0.19481209432706237, "max": 0.19734635204076767, "mean": 0.1959378606174141, "std": 0.0006093596180566376, "repeat": 10, "number": 1}]}, "location.TimeSuite.time_location_get_sun_rise_set_transit_spa": {"result": [0.043267326429486275], "stats": [{"ci_99": [0.043074706103652716, 0.044188314117491245], "q_25": 0.04322671261616051, "q_75": 0.04341933724936098, "min": 0.043074706103652716, "max": 0.044188314117491245, "mean": 0.04339045719243586, "std": 0.0003191334682875268, "repeat": 10, "number": 1}]}, "solarposition.TimeSuite.time_ephemeris": {"result": [0.0252346049528569], "stats": [{"ci_99": [0.023823926225304604, 0.025478271767497063], "q_25": 0.02513053931761533, "q_75": 0.025269599864259362, "min": 0.023823926225304604, "max": 0.025478271767497063, "mean": 0.025040097208693622, "std": 0.00048825853714541673, "repeat": 10, "number": 1}]}, "solarposition.TimeSuite.time_ephemeris_localized": {"result": [0.024725739378482103], "stats": [{"ci_99": [0.02410433068871498, 0.02522643283009529], "q_25": 0.024382698931731284, "q_75": 0.025072142016142607, "min": 0.02410433068871498, "max": 0.02522643283009529, "mean": 0.024707972770556808, "std": 0.00041655658276481243, "repeat": 10, "number": 1}]}, "solarposition.TimeSuite.time_nrel_earthsun_distance": {"result": [0.02313970448449254], "stats": [{"ci_99": [0.023071518167853355, 0.023444099817425013], "q_25": 0.023128842934966087, "q_75": 0.023218059446662664, "min": 0.023071518167853355, "max": 0.023444099817425013, "mean": 0.023184088198468088, "std": 0.00010218828837912421, "repeat": 10, "number": 1}]}, "solarposition.TimeSuite.time_spa_python": {"result": [0.028423500945791602], "stats": [{"ci_99": [0.028256230987608433, 0.0291054118424654], "q_25": 0.02830814989283681, "q_75": 0.028686295729130507, "min": 0.028256230987608433, "max": 0.0291054118424654, "mean": 0.028520306292921304, "std": 0.000261103697702225, "repeat": 10, "number": 1}]}, "solarposition.TimeSuite.time_sun_rise_set_transit_spa": {"result": [0.04980269051156938], "stats": [{"ci_99": [0.04934574104845524, 0.05037534283474088], "q_25": 0.04953588731586933, "q_75": 0.0498563926666975, "min": 0.04934574104845524, "max": 0.05037534283474088, "mean": 0.04977592471987009, "std": 0.000305646261323114, "repeat": 10, "number": 1}]}, "tracking.TimeSuite.time_singleaxis": {"result": [0.006497903843410313], "stats": [{"ci_99": [0.006222894880920649, 0.006992768961936235], "q_25": 0.006345779343973845, "q_75": 0.006820431095547974, "min": 0.006222894880920649, "max": 0.006992768961936235, "mean": 0.0065641750814393164, "std": 0.000260096410547572, "repeat": 10, "number": 2}]}, "tracking.TimeSuite.time_tracker_singleaxis": {"result": [0.006611686199903488], "stats": [{"ci_99": [0.006417754339054227, 0.006985329557210207], "q_25": 0.006508749618660659, "q_75": 0.006878436543047428, "min": 0.006417754339054227, "max": 0.006985329557210207, "mean": 0.006674125767312944, "std": 0.00020646125362042866, "repeat": 10, "number": 2}]}}, "params": {"arch": "x86_64", "cpu": "Intel Xeon Processor (Skylake, IBRS)", "machine": "pvlib-asv.forecasting.energy.arizona.edu", "num_cpu": "4", "os": "Linux 5.7.8-200.fc32.x86_64", "ram": "8145244", "python": "3.7", "ephem": "3.7.6.0", "numpy": "1.18.5", "pandas": "1.1.0", "pytables": "3.6.1", "scipy": "1.2.0"}, "requirements": {"ephem": "3.7.6.0", "numpy": "1.18.5", "pandas": "1.1.0", "pytables": "3.6.1", "scipy": "1.2.0"}, "commit_hash": "3c84edd644fa4db54955e2225a183fa3e0405eb0", "date": 1568073579000,