{"results": {"irradiance.Irradiance.time_aoi": {"result": [0.002335073659196496], "stats": [{"ci_99": [0.0023226319812238217, 0.0023965956643223763], "q_25": 0.0023263966431841254, "q_75": 0.002387591358274221, "min": 0.0023226319812238217, "max": 0.0023965956643223763, "mean": 0.0023527000844478607, "std": 3.0759318071293365e-05, "repeat": 10, "number": 5}]}, "irradiance.Irradiance.time_aoi_projection": {"result": [0.0021465325728058813], "stats": [{"ci_99": [0.002092550601810217, 0.002171104773879051], "q_25": 0.002140987361781299, "q_75": 0.002162614045664668, "min": 0.002092550601810217, "max": 0.002171104773879051, "mean": 0.0021446697786450387, "std": 2.318023971184744e-05, "repeat": 10, "number": 5}]}, "irradiance.Irradiance.time_dirindex": {"result": [0.06635761633515358], "stats": [{"ci_99": [0.06398567417636514, 0.0687782452441752], "q_25": 0.06476760876830667, "q_75": 0.0685036393115297, "min": 0.06398567417636514, "max": 0.0687782452441752, "mean": 0.06649864544160664, "std": 0.0019021782624155917, "repeat": 10, "number": 1}]}, "irradiance.Irradiance.time_dirint": {"result": [0.03239053930155933], "stats": [{"ci_99": [0.03202422009781003, 0.038382135797291994], "q_25": 0.03216318762861192, "q_75": 0.03298221586737782, "min": 0.03202422009781003, "max": 0.038382135797291994, "mean": 0.033482648245990274, "std": 0.0022474581840057476, "repeat": 10, "number": 1}]}, "irradiance.Irradiance.time_disc": {"result": [0.012537775794044137], "stats": [{"ci_99": [0.012172585353255272, 0.01296817697584629], "q_25": 0.01246142282616347, "q_75": 0.012800368713214993, "min": 0.012172585353255272, "max": 0.01296817697584629, "mean": 0.012606409611180425, "std": 0.00023688959611578838, "repeat": 10, "number": 1}]}, "irradiance.Irradiance.time_erbs": {"result": [0.0067336392821744084], "stats": [{"ci_99": [0.006581042660400271, 0.006878360407426953], "q_25": 0.0066068945452570915, "q_75": 0.00682251644320786, "min": 0.006581042660400271, "max": 0.006878360407426953, "mean": 0.006723543489351868, "std": 0.00011822807025006008, "repeat": 10, "number": 2}]}, "irradiance.Irradiance.time_get_extra_radiation": {"result": [0.0005286253173835576], "stats": [{"ci_99": [0.0005244349129498004, 0.0005422246409580112], "q_25": 0.0005261742044240236, "q_75": 0.0005318154755514116, "min": 0.0005244349129498004, "max": 0.0005422246409580112, "mean": 0.0005300731980241835, "std": 5.154451753225324e-06, "repeat": 10, "number": 20}]}, "irradiance.Irradiance.time_get_ground_diffuse": {"result": [0.0003645742282031044], "stats": [{"ci_99": [0.00033405809212596184, 0.0003876466183893142], "q_25": 0.0003625503102798135, "q_75": 0.000378228344714209, "min": 0.00033405809212596184, "max": 0.0003876466183893142, "mean": 0.0003657681987650933, "std": 1.629350374887981e-05, "repeat": 10, "number": 31}]}, "irradiance.Irradiance.time_get_total_irradiance": {"result": [0.004636720676595966], "stats": [{"ci_99": [0.004580738954246044, 0.004695614955077569], "q_25": 0.004601275470728676, "q_75": 0.004670075296113889, "min": 0.004580738954246044, "max": 0.004695614955077569, "mean": 0.004636991877729694, "std": 3.9165780893463244e-05, "repeat": 10, "number": 3}]}, "location.Location.time_location_get_airmass": {"result": [0.0013770147925242782], "stats": [{"ci_99": [0.0013640514225699008, 0.0013908902183175087], "q_25": 0.0013663738063769415, "q_75": 0.0013840843603247777, "min": 0.0013640514225699008, "max": 0.0013908902183175087, "mean": 0.001376197492936626, "std": 9.512031319289828e-06, "repeat": 10, "number": 8}]}, "location.Location.time_location_get_clearsky": {"result": [0.009052390581928194], "stats": [{"ci_99": [0.008965592365711927, 0.009300041012465954], "q_25": 0.009033317677676678, "q_75": 0.009084753459319472, "min": 0.008965592365711927, "max": 0.009300041012465954, "mean": 0.009083209303207695, "std": 9.164055679049477e-05, "repeat": 10, "number": 2}]}, "location.Location.time_location_get_solarposition": {"result": [0.014922984642907977], "stats": [{"ci_99": [0.014636802021414042, 0.015027460176497698], "q_25": 0.014856196357868612, "q_75": 0.014961355947889388, "min": 0.014636802021414042, "max": 0.015027460176497698, "mean": 0.01488903579302132, "std": 0.00011994462959488175, "repeat": 10, "number": 1}]}, "location.Location_0_6_1.time_location_get_sun_rise_set_transit_pyephem": NaN, "location.Location_0_6_1.time_location_get_sun_rise_set_transit_spa": NaN, "solarposition.SolarPosition.time_ephemeris": {"result": [0.01837153942324221], "stats": [{"ci_99": [0.018237974029034376, 0.018816792871803045], "q_25": 0.01827724778559059, "q_75": 0.018406653427518904, "min": 0.018237974029034376, "max": 0.018816792871803045, "mean": 0.018414493976160885, "std": 0.00018932217914833987, "repeat": 10, "number": 1}]}, "solarposition.SolarPosition.time_ephemeris_localized": {"result": [0.01824275846593082], "stats": [{"ci_99": [0.018014186061918736, 0.018791023176163435], "q_25": 0.018168474547564983, "q_75": 0.018510136869736016, "min": 0.018014186061918736, "max": 0.018791023176163435, "mean": 0.01832449692301452, "std": 0.00023283368001074191, "repeat": 10, "number": 1}]}, "solarposition.SolarPosition.time_nrel_earthsun_distance": {"result": [0.02285329019650817], "stats": [{"ci_99": [0.02263316186144948, 0.02317765075713396], "q_25": 0.022697871085256338, "q_75": 0.02301526244264096, "min": 0.02263316186144948, "max": 0.02317765075713396, "mean": 0.02287244568578899, "std": 0.000185884871827292, "repeat": 10, "number": 1}]}, "solarposition.SolarPosition.time_spa_python": {"result": [0.025567806791514158], "stats": [{"ci_99": [0.025165973231196404, 0.025697022210806608], "q_25": 0.02550442621577531, "q_75": 0.025626985589042306, "min": 0.025165973231196404, "max": 0.025697022210806608, "mean": 0.025542811397463082, "std": 0.00014247579986877035, "repeat": 10, "number": 1}]}, "solarposition.SolarPosition.time_sun_rise_set_transit_spa": {"result": [0.03747896826826036], "stats": [{"ci_99": [0.037258686032146215, 0.037759238854050636], "q_25": 0.037400269182398915, "q_75": 0.03756264189723879, "min": 0.037258686032146215, "max": 0.037759238854050636, "mean": 0.037490580882877114, "std": 0.00013323672344634746, "repeat": 10, "number": 1}]}, "temperature.Fuentes.time_fuentes": NaN, "temperature.SAPM.time_sapm_cell": {"result": [0.001657342937375818], "stats": [{"ci_99": [0.001629530984376158, 0.0016835058507110392], "q_25": 0.0016425243312759058, "q_75": 0.0016702085766675217, "min": 0.001629530984376158, "max": 0.0016835058507110392, "mean": 0.0016556844780487676, "std": 1.806955024365493e-05, "repeat": 10, "number": 7}]}, "tracking.SingleAxis.time_singleaxis": {"result": [0.018209483940154314], "stats": [{"ci_99": [0.01453915424644947, 0.019882463850080967], "q_25": 0.016061506466940045, "q_75": 0.019360141828656197, "min": 0.01453915424644947, "max": 0.019882463850080967, "mean": 0.017695211851969362, "std": 0.001970024259853595, "repeat": 10, "number": 1}]}, "tracking.SingleAxis.time_tracker_singleaxis": {"result": [0.01811915240250528], "stats": [{"ci_99": [0.016949866898357868, 0.02039054874330759], "q_25": 0.01777355873491615, "q_75": 0.01926861423999071, "min": 0.016949866898357868, "max": 0.02039054874330759, "mean": 0.018402611510828136, "std": 0.0010769410001276155, "repeat": 10, "number": 1}]}}, "params": {"arch": "x86_64", "cpu": "Intel Xeon Processor (Skylake, IBRS)", "machine": "pvlib-asv.forecasting.energy.arizona.edu", "num_cpu": "4", "os": "Linux 5.7.8-200.fc32.x86_64", "ram": "8145244", "python": "3.6", "numpy": "1.12.0", "pandas": "0.22.0", "scipy": "1.2.0", "pytables": "3.6.1", "ephem": "3.7.6.0"}, "requirements": {"numpy": "1.12.0", "pandas": "0.22.0", "scipy": "1.2.0", "pytables": "3.6.1", "ephem": "3.7.6.0"}, "commit_hash": "3e4b86d297e865c40a7d52870ad3af5f12c53646", "date": 1540845314000, "env_name": "conda-py3.6-ephem3.7.6.0-numpy1.12.0-pandas0.22.0-pytables3.6.1-scipy1.2.0", "python": "3.6", "profiles": {},