{"results": {"irradiance.Irradiance.time_aoi": {"result": [0.0022844406310468914], "stats": [{"ci_99": [0.002224348206073046, 0.002560468204319477], "q_25": 0.0022486644564196465, "q_75": 0.002379405638203025, "min": 0.002224348206073046, "max": 0.002560468204319477, "mean": 0.0023251394368708133, "std": 9.880638951775013e-05, "repeat": 10, "number": 5}]}, "irradiance.Irradiance.time_aoi_projection": {"result": [0.002254571532830596], "stats": [{"ci_99": [0.0022212560288608074, 0.002414610330015421], "q_25": 0.0022416488965973256, "q_75": 0.0022900318261235954, "min": 0.0022212560288608074, "max": 0.002414610330015421, "mean": 0.00227815393358469, "std": 5.7092540571550076e-05, "repeat": 10, "number": 5}]}, "irradiance.Irradiance.time_dirindex": {"result": [0.14727049740031362], "stats": [{"ci_99": [0.14319300465285778, 0.16630483511835337], "q_25": 0.14526319433934987, "q_75": 0.1495102223707363, "min": 0.14319300465285778, "max": 0.16630483511835337, "mean": 0.1496817371342331, "std": 0.007015787610087377, "repeat": 10, "number": 1}]}, "irradiance.Irradiance.time_dirint": {"result": [0.07147277262993157], "stats": [{"ci_99": [0.07086926000192761, 0.07377427024766803], "q_25": 0.07118684623856097, "q_75": 0.07184173469431698, "min": 0.07086926000192761, "max": 0.07377427024766803, "mean": 0.07182967946864664, "std": 0.0009660855137277974, "repeat": 10, "number": 1}]}, "irradiance.Irradiance.time_disc": {"result": [0.018008785089477897], "stats": [{"ci_99": [0.01786158187314868, 0.019576149992644787], "q_25": 0.01793251419439912, "q_75": 0.018217947683297098, "min": 0.01786158187314868, "max": 0.019576149992644787, "mean": 0.018277394538745283, "std": 0.0005692527412874301, "repeat": 10, "number": 1}]}, "irradiance.Irradiance.time_erbs": {"result": [0.0117563814856112], "stats": [{"ci_99": [0.011653251014649868, 0.012608390767127275], "q_25": 0.01173457084223628, "q_75": 0.011922643636353314, "min": 0.011653251014649868, "max": 0.012608390767127275, "mean": 0.011873261351138354, "std": 0.0002638728656439538, "repeat": 10, "number": 1}]}, "irradiance.Irradiance.time_get_extra_radiation": {"result": [0.002676919917576015], "stats": [{"ci_99": [0.0026687985518947244, 0.0029203357407823205], "q_25": 0.002670203655725345, "q_75": 0.002684679493540898, "min": 0.0026687985518947244, "max": 0.0029203357407823205, "mean": 0.002700981858652085, "std": 7.340209753127455e-05, "repeat": 10, "number": 4}]}, "irradiance.Irradiance.time_get_ground_diffuse": {"result": [0.0005402776296250522], "stats": [{"ci_99": [0.0005132968537509442, 0.0005575784482061863], "q_25": 0.0005288800864946097, "q_75": 0.0005457417224533856, "min": 0.0005132968537509442, "max": 0.0005575784482061863, "mean": 0.0005367455305531621, "std": 1.4247369084464054e-05, "repeat": 10, "number": 20}]}, "irradiance.Irradiance.time_get_total_irradiance": {"result": [0.0050902883522212505], "stats": [{"ci_99": [0.005001364431033532, 0.005159328226000071], "q_25": 0.005071430699899793, "q_75": 0.005117464927025139, "min": 0.005001364431033532, "max": 0.005159328226000071, "mean": 0.005087510496377945, "std": 5.178398289091554e-05, "repeat": 10, "number": 3}]}, "location.Location.time_location_get_airmass": {"result": [0.0014986864158085414], "stats": [{"ci_99": [0.0013819615622716291, 0.0015378440065043314], "q_25": 0.001493201674228268, "q_75": 0.0015040730525340354, "min": 0.0013819615622716291, "max": 0.0015378440065043314, "mean": 0.0014927109969513756, "std": 3.9626930477121415e-05, "repeat": 10, "number": 7}]}, "location.Location.time_location_get_clearsky": {"result": [0.013230460463091731], "stats": [{"ci_99": [0.013117683120071888, 0.013384288176894188], "q_25": 0.013185529387556016, "q_75": 0.013292937306687236, "min": 0.013117683120071888, "max": 0.013384288176894188, "mean": 0.013239629194140434, "std": 7.663174917579062e-05, "repeat": 10, "number": 1}]}, "location.Location.time_location_get_solarposition": {"result": [0.017767996760085225], "stats": [{"ci_99": [0.017657528165727854, 0.018158262129873037], "q_25": 0.017732019536197186, "q_75": 0.017793835606426, "min": 0.017657528165727854, "max": 0.018158262129873037, "mean": 0.017792577669024468, "std": 0.00013174480699931228, "repeat": 10, "number": 1}]}, "location.Location_0_6_1.time_location_get_sun_rise_set_transit_pyephem": NaN, "location.Location_0_6_1.time_location_get_sun_rise_set_transit_spa": NaN, "solarposition.SolarPosition.time_ephemeris": {"result": [0.024600598495453596], "stats": [{"ci_99": [0.023571566678583622, 0.025429304223507643], "q_25": 0.023828559322282672, "q_75": 0.025263461750000715, "min": 0.023571566678583622, "max": 0.025429304223507643, "mean": 0.024543166812509298, "std": 0.0007508813395528048, "repeat": 10, "number": 1}]}, "solarposition.SolarPosition.time_ephemeris_localized": {"result": [0.024501804960891604], "stats": [{"ci_99": [0.023511698935180902, 0.025392907671630383], "q_25": 0.023940580897033215, "q_75": 0.024863865692168474, "min": 0.023511698935180902, "max": 0.025392907671630383, "mean": 0.024445241736248135, "std": 0.0005961653076917798, "repeat": 10, "number": 1}]}, "solarposition.SolarPosition.time_nrel_earthsun_distance": {"result": [0.023049675161018968], "stats": [{"ci_99": [0.02297702571377158, 0.02312129084020853], "q_25": 0.02303847123403102, "q_75": 0.023085031076334417, "min": 0.02297702571377158, "max": 0.02312129084020853, "mean": 0.023057071771472693, "std": 3.790759307238759e-05, "repeat": 10, "number": 1}]}, "solarposition.SolarPosition.time_spa_python": {"result": [0.0283891879953444], "stats": [{"ci_99": [0.02811563527211547, 0.029285904951393604], "q_25": 0.028223225031979382, "q_75": 0.028876344789750874, "min": 0.02811563527211547, "max": 0.029285904951393604, "mean": 0.028551311139017342, "std": 0.00039492917921140063, "repeat": 10, "number": 1}]}, "solarposition.SolarPosition.time_sun_rise_set_transit_spa": {"result": [0.04945619683712721], "stats": [{"ci_99": [0.048751463647931814, 0.05005048913881183], "q_25": 0.049410352599807084, "q_75": 0.04979494016151875, "min": 0.048751463647931814, "max": 0.05005048913881183, "mean": 0.0494837970007211, "std": 0.0004286521516784026, "repeat": 10, "number": 1}]}, "temperature.Fuentes.time_fuentes": NaN, "temperature.SAPM.time_sapm_cell": {"result": [0.002260362170636654], "stats": [{"ci_99": [0.002239012345671654, 0.002295295614749193], "q_25": 0.0022453108569607137, "q_75": 0.0022734825732186434, "min": 0.002239012345671654, "max": 0.002295295614749193, "mean": 0.0022620267141610383, "std": 1.8905335371396557e-05, "repeat": 10, "number": 5}]}, "tracking.SingleAxis.time_singleaxis": {"result": [0.04546930640935898], "stats": [{"ci_99": [0.044799165334552526, 0.04788988037034869], "q_25": 0.04497703677043319, "q_75": 0.04671656899154186, "min": 0.044799165334552526, "max": 0.04788988037034869, "mean": 0.045878811692819, "std": 0.0010432297455767099, "repeat": 10, "number": 1}]}, "tracking.SingleAxis.time_tracker_singleaxis": {"result": [0.04586497461423278], "stats": [{"ci_99": [0.04488117713481188, 0.04980255197733641], "q_25": 0.045296451076865196, "q_75": 0.04652391269337386, "min": 0.04488117713481188, "max": 0.04980255197733641, "mean": 0.04626771970652044, "std": 0.0014020412528206142, "repeat": 10, "number": 1}]}}, "params": {"arch": "x86_64", "cpu": "Intel Xeon Processor (Skylake, IBRS)", "machine": "pvlib-asv.forecasting.energy.arizona.edu", "num_cpu": "4", "os": "Linux 5.7.8-200.fc32.x86_64", "ram": "8145244", "python": "3.7", "ephem": "3.7.6.0", "numpy": "1.18.5", "pandas": "1.1.0", "pytables": "3.6.1", "scipy": "1.2.0"}, "requirements": {"ephem": "3.7.6.0", "numpy": "1.18.5", "pandas": "1.1.0", "pytables": "3.6.1", "scipy": "1.2.0"}, "commit_hash": "3e629d2cdcf4c58bcccecd1151b8270086d414b8", "date": 1536691119000, "env_name": "conda-py3.7-ephem3.7.6.0-numpy1.18.5-pandas1.1.0-pytables3.6.1-scipy1.2.0", "python": "3.7", "profiles": {}, "started_at": {"irradiance.Irradiance.time_aoi": 1599426357034,