{"results": {"irradiance.Irradiance.time_aoi": {"result": [0.002368310512974858], "stats": [{"ci_99": [0.0023426705971360206, 0.0023878208361566068], "q_25": 0.0023556520231068135, "q_75": 0.002376223308965564, "min": 0.0023426705971360206, "max": 0.0023878208361566068, "mean": 0.0023666584212332963, "std": 1.3350905814233666e-05, "repeat": 10, "number": 5}]}, "irradiance.Irradiance.time_aoi_projection": {"result": [0.0021412439644336702], "stats": [{"ci_99": [0.0020729735493659972, 0.002182929217815399], "q_25": 0.0021332730539143085, "q_75": 0.002160240872763097, "min": 0.0020729735493659972, "max": 0.002182929217815399, "mean": 0.002142487978562713, "std": 2.982921145054911e-05, "repeat": 10, "number": 5}]}, "irradiance.Irradiance.time_dirindex": {"result": [0.06448071054182947], "stats": [{"ci_99": [0.06345163285732269, 0.06609454518184066], "q_25": 0.06379417737480253, "q_75": 0.06536441703792661, "min": 0.06345163285732269, "max": 0.06609454518184066, "mean": 0.06457580709829927, "std": 0.0008804753654665356, "repeat": 10, "number": 1}]}, "irradiance.Irradiance.time_dirint": {"result": [0.03217553184367716], "stats": [{"ci_99": [0.03155819792300463, 0.03283622907474637], "q_25": 0.03205468086525798, "q_75": 0.0325051078107208, "min": 0.03155819792300463, "max": 0.03283622907474637, "mean": 0.032217623014003036, "std": 0.00039900120705647983, "repeat": 10, "number": 1}]}, "irradiance.Irradiance.time_disc": {"result": [0.01263005891814828], "stats": [{"ci_99": [0.012499378062784672, 0.013123416807502508], "q_25": 0.012561914161778986, "q_75": 0.012702839565463364, "min": 0.012499378062784672, "max": 0.013123416807502508, "mean": 0.012671022629365324, "std": 0.00016851244678246007, "repeat": 10, "number": 1}]}, "irradiance.Irradiance.time_erbs": {"result": [0.0067440897691994905], "stats": [{"ci_99": [0.006524399388581514, 0.00705443462356925], "q_25": 0.0066805455717258155, "q_75": 0.006847769662272185, "min": 0.006524399388581514, "max": 0.00705443462356925, "mean": 0.0067666042130440475, "std": 0.00015056998429965096, "repeat": 10, "number": 2}]}, "irradiance.Irradiance.time_get_extra_radiation": {"result": [0.0005398683482781053], "stats": [{"ci_99": [0.0005327977007254959, 0.0005483394488692284], "q_25": 0.0005376960325520486, "q_75": 0.0005417483916971833, "min": 0.0005327977007254959, "max": 0.0005483394488692284, "mean": 0.0005400286964140833, "std": 3.980800855636177e-06, "repeat": 10, "number": 20}]}, "irradiance.Irradiance.time_get_ground_diffuse": {"result": [0.00036206251363559013], "stats": [{"ci_99": [0.0003311997279524803, 0.0003957924400937968], "q_25": 0.00033750638751120406, "q_75": 0.00037428219240672627, "min": 0.0003311997279524803, "max": 0.0003957924400937968, "mean": 0.00035911202430725095, "std": 2.1046864697383247e-05, "repeat": 10, "number": 29}]}, "irradiance.Irradiance.time_get_total_irradiance": {"result": [0.004433193244040012], "stats": [{"ci_99": [0.0044037955813109875, 0.004727640654891729], "q_25": 0.004420755780301988, "q_75": 0.004454454911562304, "min": 0.0044037955813109875, "max": 0.004727640654891729, "mean": 0.004472781407336394, "std": 9.472813356435752e-05, "repeat": 10, "number": 3}]}, "location.Location.time_location_get_airmass": {"result": [0.0013570480805356055], "stats": [{"ci_99": [0.0013498823973350227, 0.0013749093632213771], "q_25": 0.0013551005104091018, "q_75": 0.0013607902510557324, "min": 0.0013498823973350227, "max": 0.0013749093632213771, "mean": 0.001358948991401121, "std": 6.4445213689094825e-06, "repeat": 10, "number": 8}]}, "location.Location.time_location_get_clearsky": {"result": [0.009358975803479552], "stats": [{"ci_99": [0.009268349036574364, 0.009454645914956927], "q_25": 0.00932357320562005, "q_75": 0.009377219539601356, "min": 0.009268349036574364, "max": 0.009454645914956927, "mean": 0.009356199018657207, "std": 5.042169771446914e-05, "repeat": 10, "number": 2}]}, "location.Location.time_location_get_solarposition": {"result": [0.015085669700056314], "stats": [{"ci_99": [0.015005308669060469, 0.016461614053696394], "q_25": 0.015066666062921286, "q_75": 0.015153198037296534, "min": 0.015005308669060469, "max": 0.016461614053696394, "mean": 0.01523656933568418, "std": 0.00041395207547614496, "repeat": 10, "number": 1}]}, "location.Location_0_6_1.time_location_get_sun_rise_set_transit_pyephem": NaN, "location.Location_0_6_1.time_location_get_sun_rise_set_transit_spa": NaN, "solarposition.SolarPosition.time_ephemeris": {"result": [0.018175731878727674], "stats": [{"ci_99": [0.018060396891087294, 0.018374901730567217], "q_25": 0.01811004406772554, "q_75": 0.01823526923544705, "min": 0.018060396891087294, "max": 0.018374901730567217, "mean": 0.018193131871521474, "std": 0.00010247195226496136, "repeat": 10, "number": 1}]}, "solarposition.SolarPosition.time_ephemeris_localized": {"result": [0.018151474185287952], "stats": [{"ci_99": [0.017885811161249876, 0.018534544855356216], "q_25": 0.01800805446691811, "q_75": 0.018263194360770285, "min": 0.017885811161249876, "max": 0.018534544855356216, "mean": 0.018159001180902124, "std": 0.00019287341238684191, "repeat": 10, "number": 1}]}, "solarposition.SolarPosition.time_nrel_earthsun_distance": {"result": [0.022664287826046348], "stats": [{"ci_99": [0.02262347936630249, 0.022820353973656893], "q_25": 0.02265802340116352, "q_75": 0.02274196525104344, "min": 0.02262347936630249, "max": 0.022820353973656893, "mean": 0.02270037648268044, "std": 6.450821430576104e-05, "repeat": 10, "number": 1}]}, "solarposition.SolarPosition.time_spa_python": {"result": [0.025872140424326062], "stats": [{"ci_99": [0.025760974269360304, 0.02615382894873619], "q_25": 0.025827500503510237, "q_75": 0.02598175755701959, "min": 0.025760974269360304, "max": 0.02615382894873619, "mean": 0.025904452335089444, "std": 0.0001182032466647369, "repeat": 10, "number": 1}]}, "solarposition.SolarPosition.time_sun_rise_set_transit_spa": {"result": [0.038147394778206944], "stats": [{"ci_99": [0.03788973391056061, 0.04128175461664796], "q_25": 0.03805519174784422, "q_75": 0.03848504077177495, "min": 0.03788973391056061, "max": 0.04128175461664796, "mean": 0.03849728284403682, "std": 0.0009561518258667154, "repeat": 10, "number": 1}]}, "temperature.Fuentes.time_fuentes": NaN, "temperature.SAPM.time_sapm_cell": {"result": [0.001636741084179708], "stats": [{"ci_99": [0.001590733283332416, 0.0016671215583171164], "q_25": 0.0016204418082322394, "q_75": 0.0016516529056908827, "min": 0.001590733283332416, "max": 0.0016671215583171164, "mean": 0.0016346454420792203, "std": 2.1104463634109603e-05, "repeat": 10, "number": 7}]}, "tracking.SingleAxis.time_singleaxis": {"result": [0.037527614971622825], "stats": [{"ci_99": [0.035475920885801315, 0.03920534811913967], "q_25": 0.03683966922108084, "q_75": 0.03792311786673963, "min": 0.035475920885801315, "max": 0.03920534811913967, "mean": 0.037397166108712555, "std": 0.0011541183142713466, "repeat": 10, "number": 1}]}, "tracking.SingleAxis.time_tracker_singleaxis": {"result": [0.03831376857124269], "stats": [{"ci_99": [0.03601334476843476, 0.039124906063079834], "q_25": 0.03676390240434557, "q_75": 0.03900451271329075, "min": 0.03601334476843476, "max": 0.039124906063079834, "mean": 0.03790011671371758, "std": 0.0011744410787324672, "repeat": 10, "number": 1}]}}, "params": {"arch": "x86_64", "cpu": "Intel Xeon Processor (Skylake, IBRS)", "machine": "pvlib-asv.forecasting.energy.arizona.edu", "num_cpu": "4", "os": "Linux 5.7.8-200.fc32.x86_64", "ram": "8145244", "python": "3.6", "numpy": "1.12.0", "pandas": "0.22.0", "scipy": "1.2.0", "pytables": "3.6.1", "ephem": "3.7.6.0"}, "requirements": {"numpy": "1.12.0", "pandas": "0.22.0", "scipy": "1.2.0", "pytables": "3.6.1", "ephem": "3.7.6.0"}, "commit_hash": "3e629d2cdcf4c58bcccecd1151b8270086d414b8", "date": 1536691119000, "env_name": "conda-py3.6-ephem3.7.6.0-numpy1.12.0-pandas0.22.0-pytables3.6.1-scipy1.2.0", "python": "3.6", "profiles": {},