{"results": {"irradiance.Irradiance.time_aoi": {"result": [0.002343416213989258], "stats": [{"ci_99": [0.0022807748056948183, 0.002400011755526066], "q_25": 0.0023301557404920457, "q_75": 0.002350220712833107, "min": 0.0022807748056948183, "max": 0.002400011755526066, "mean": 0.002339414088055492, "std": 3.0166275090078252e-05, "repeat": 10, "number": 5}]}, "irradiance.Irradiance.time_aoi_projection": {"result": [0.0020029653484622636], "stats": [{"ci_99": [0.0019306281271080177, 0.0020851531686882177], "q_25": 0.001950453093741089, "q_75": 0.0020176978626598916, "min": 0.0019306281271080177, "max": 0.0020851531686882177, "mean": 0.001991848632072409, "std": 4.657148066076418e-05, "repeat": 10, "number": 6}]}, "irradiance.Irradiance.time_dirindex": {"result": [0.13968605850823224], "stats": [{"ci_99": [0.13799075316637754, 0.1434454577974975], "q_25": 0.1392073220340535, "q_75": 0.14017912547569722, "min": 0.13799075316637754, "max": 0.1434454577974975, "mean": 0.14007149692624807, "std": 0.0015383314894643599, "repeat": 10, "number": 1}]}, "irradiance.Irradiance.time_dirint": {"result": [0.06974711059592664], "stats": [{"ci_99": [0.06802501808851957, 0.07127027586102486], "q_25": 0.06824293895624578, "q_75": 0.070640763733536, "min": 0.06802501808851957, "max": 0.07127027586102486, "mean": 0.06956555577926338, "std": 0.0012406159988167036, "repeat": 10, "number": 1}]}, "irradiance.Irradiance.time_disc": {"result": [0.019269124139100313], "stats": [{"ci_99": [0.018375819083303213, 0.020734679885208607], "q_25": 0.018788874614983797, "q_75": 0.019832217833027244, "min": 0.018375819083303213, "max": 0.020734679885208607, "mean": 0.019356513489037754, "std": 0.0006938108419109061, "repeat": 10, "number": 1}]}, "irradiance.Irradiance.time_erbs": {"result": [0.01215683133341372], "stats": [{"ci_99": [0.011899762786924839, 0.0131594343110919], "q_25": 0.011964306584559381, "q_75": 0.012347524636425078, "min": 0.011899762786924839, "max": 0.0131594343110919, "mean": 0.012272750306874514, "std": 0.0003825965784465708, "repeat": 10, "number": 1}]}, "irradiance.Irradiance.time_get_extra_radiation": {"result": [0.002673233160749078], "stats": [{"ci_99": [0.002616269397549331, 0.0027043154696002603], "q_25": 0.002652910625329241, "q_75": 0.0026923224213533103, "min": 0.002616269397549331, "max": 0.0027043154696002603, "mean": 0.002666957536712289, "std": 2.8794929094443263e-05, "repeat": 10, "number": 4}]}, "irradiance.Irradiance.time_get_ground_diffuse": {"result": [0.0005611371404180925], "stats": [{"ci_99": [0.0005155932675633165, 0.0006275376718905237], "q_25": 0.0005338610240465237, "q_75": 0.0005863997567858961, "min": 0.0005155932675633165, "max": 0.0006275376718905237, "mean": 0.0005637830071565178, "std": 3.448657323669875e-05, "repeat": 10, "number": 18}]}, "irradiance.Irradiance.time_get_total_irradiance": {"result": [0.0053432658314704895], "stats": [{"ci_99": [0.005260937614366412, 0.005638652481138706], "q_25": 0.005296653544064611, "q_75": 0.005432171339634806, "min": 0.005260937614366412, "max": 0.005638652481138706, "mean": 0.005387654644437134, "std": 0.00011933989985316212, "repeat": 10, "number": 2}]}, "location.Location.time_location_get_airmass": {"result": [0.0014132199285086244], "stats": [{"ci_99": [0.001406724622938782, 0.0014348240219987929], "q_25": 0.0014091518823988736, "q_75": 0.0014196242118487135, "min": 0.001406724622938782, "max": 0.0014348240219987929, "mean": 0.0014166583423502743, "std": 9.459846101788882e-06, "repeat": 10, "number": 8}]}, "location.Location.time_location_get_clearsky": {"result": [0.012855431996285915], "stats": [{"ci_99": [0.012345829047262669, 0.013211571611464024], "q_25": 0.012805431382730603, "q_75": 0.012970597483217716, "min": 0.012345829047262669, "max": 0.013211571611464024, "mean": 0.012853313749656082, "std": 0.0002112674440937351, "repeat": 10, "number": 1}]}, "location.Location.time_location_get_solarposition": {"result": [0.017875870456919074], "stats": [{"ci_99": [0.01772188302129507, 0.018139833118766546], "q_25": 0.017811172059737146, "q_75": 0.017963761813007295, "min": 0.01772188302129507, "max": 0.018139833118766546, "mean": 0.01789060072042048, "std": 0.00011878963699000027, "repeat": 10, "number": 1}]}, "location.Location_0_6_1.time_location_get_sun_rise_set_transit_pyephem": {"result": [0.19395422539673746], "stats": [{"ci_99": [0.17762019718065858, 0.1945248139090836], "q_25": 0.193574427976273, "q_75": 0.19427915487904102, "min": 0.17762019718065858, "max": 0.1945248139090836, "mean": 0.19083884335123003, "std": 0.006461828992993731, "repeat": 10, "number": 1}]}, "location.Location_0_6_1.time_location_get_sun_rise_set_transit_spa": {"result": [0.043057291535660625], "stats": [{"ci_99": [0.042542323004454374, 0.043430645018815994], "q_25": 0.04271191859152168, "q_75": 0.04316927376203239, "min": 0.042542323004454374, "max": 0.043430645018815994, "mean": 0.04298307476565242, "std": 0.00027801251877629407, "repeat": 10, "number": 1}]}, "solarposition.SolarPosition.time_ephemeris": {"result": [0.025883026188239455], "stats": [{"ci_99": [0.024563355837017298, 0.027222254313528538], "q_25": 0.024837438366375864, "q_75": 0.026953333290293813, "min": 0.024563355837017298, "max": 0.027222254313528538, "mean": 0.025882485136389733, "std": 0.0011309028295704094, "repeat": 10, "number": 1}]}, "solarposition.SolarPosition.time_ephemeris_localized": {"result": [0.025812021922320127], "stats": [{"ci_99": [0.024655601009726524, 0.02694306569173932], "q_25": 0.024796220008283854, "q_75": 0.026814163895323873, "min": 0.024655601009726524, "max": 0.02694306569173932, "mean": 0.025810927525162695, "std": 0.0009921246454776523, "repeat": 10, "number": 1}]}, "solarposition.SolarPosition.time_nrel_earthsun_distance": {"result": [0.023833292769268155], "stats": [{"ci_99": [0.023399220779538155, 0.024071173276752234], "q_25": 0.023729065782390535, "q_75": 0.023945407359860837, "min": 0.023399220779538155, "max": 0.024071173276752234, "mean": 0.02381638400256634, "std": 0.0001830992405898925, "repeat": 10, "number": 1}]}, "solarposition.SolarPosition.time_spa_python": {"result": [0.028470132034271955], "stats": [{"ci_99": [0.028323235921561718, 0.028773190919309855], "q_25": 0.028358037932775915, "q_75": 0.02856008941307664, "min": 0.028323235921561718, "max": 0.028773190919309855, "mean": 0.02848814972676337, "std": 0.0001452659629710547, "repeat": 10, "number": 1}]}, "solarposition.SolarPosition.time_sun_rise_set_transit_spa": {"result": [0.04959526238963008], "stats": [{"ci_99": [0.049098581075668335, 0.05039190128445625], "q_25": 0.04933417518623173, "q_75": 0.049874922377057374, "min": 0.049098581075668335, "max": 0.05039190128445625, "mean": 0.049655449530109766, "std": 0.00038972184213128776, "repeat": 10, "number": 1}]}, "temperature.Fuentes.time_fuentes": NaN, "temperature.SAPM.time_sapm_cell": {"result": [0.0022108728298917413], "stats": [{"ci_99": [0.002159195331235727, 0.0022724127241720757], "q_25": 0.0021965527169716856, "q_75": 0.0022183662125219903, "min": 0.002159195331235727, "max": 0.0022724127241720757, "mean": 0.002213372600575288, "std": 3.070541505841239e-05, "repeat": 10, "number": 6}]}, "tracking.SingleAxis.time_singleaxis": {"result": [0.006483286735601723], "stats": [{"ci_99": [0.006177128991112113, 0.006812168983742595], "q_25": 0.00641489023109898, "q_75": 0.006585968076251447, "min": 0.006177128991112113, "max": 0.006812168983742595, "mean": 0.006491052592173219, "std": 0.00020260564621840825, "repeat": 10, "number": 2}]}, "tracking.SingleAxis.time_tracker_singleaxis": {"result": [0.0064705475233495235], "stats": [{"ci_99": [0.006315138889476657, 0.006748786196112633], "q_25": 0.006375709956046194, "q_75": 0.006640431936830282, "min": 0.006315138889476657, "max": 0.006748786196112633, "mean": 0.006507318140938878, "std": 0.0001560839576326456, "repeat": 10, "number": 2}]}}, "params": {"arch": "x86_64", "cpu": "Intel Xeon Processor (Skylake, IBRS)",