{"results": {"irradiance.Irradiance.time_aoi": {"result": [0.0024472829885780812], "stats": [{"ci_99": [0.002343131974339485, 0.002512282598763704], "q_25": 0.0023892131401225926, "q_75": 0.0024644033284857867, "min": 0.002343131974339485, "max": 0.002512282598763704, "mean": 0.0024350279942154883, "std": 5.2893855123031924e-05, "repeat": 10, "number": 5}]}, "irradiance.Irradiance.time_aoi_projection": {"result": [0.00212300312705338], "stats": [{"ci_99": [0.002090326976031065, 0.002261631190776825], "q_25": 0.0021081838058307767, "q_75": 0.002148445788770914, "min": 0.002090326976031065, "max": 0.002261631190776825, "mean": 0.0021392596047371624, "std": 4.889762597696676e-05, "repeat": 10, "number": 5}]}, "irradiance.Irradiance.time_dirindex": {"result": [0.06576352776028216], "stats": [{"ci_99": [0.0640788059681654, 0.066677276045084], "q_25": 0.06493696814868599, "q_75": 0.06637813476845622, "min": 0.0640788059681654, "max": 0.066677276045084, "mean": 0.06562969852238894, "std": 0.0008515812263556249, "repeat": 10, "number": 1}]}, "irradiance.Irradiance.time_dirint": {"result": [0.03269217046909034], "stats": [{"ci_99": [0.03247451223433018, 0.03285043500363827], "q_25": 0.03261121758259833, "q_75": 0.03277862851973623, "min": 0.03247451223433018, "max": 0.03285043500363827, "mean": 0.032680684234946966, "std": 0.00011465393303544741, "repeat": 10, "number": 1}]}, "irradiance.Irradiance.time_disc": {"result": [0.012837597168982029], "stats": [{"ci_99": [0.01249169185757637, 0.013864508830010891], "q_25": 0.012692458694800735, "q_75": 0.012927229749038815, "min": 0.01249169185757637, "max": 0.013864508830010891, "mean": 0.012966491607949137, "std": 0.0004483769188176902, "repeat": 10, "number": 1}]}, "irradiance.Irradiance.time_erbs": {"result": [0.006786632118746638], "stats": [{"ci_99": [0.00667411251924932, 0.008248514030128717], "q_25": 0.006737197225447744, "q_75": 0.007038254349026829, "min": 0.00667411251924932, "max": 0.008248514030128717, "mean": 0.007007007626816631, "std": 0.000458925485402506, "repeat": 10, "number": 2}]}, "irradiance.Irradiance.time_get_extra_radiation": {"result": [0.0005312472931109369], "stats": [{"ci_99": [0.000527066900394857, 0.0005767015041783452], "q_25": 0.0005284130980726331, "q_75": 0.0005325972975697369, "min": 0.000527066900394857, "max": 0.0005767015041783452, "mean": 0.0005354059650562703, "std": 1.4055367045850336e-05, "repeat": 10, "number": 20}]}, "irradiance.Irradiance.time_get_ground_diffuse": {"result": [0.00032979877227369477], "stats": [{"ci_99": [0.0003215251490473747, 0.00036287491264588693], "q_25": 0.0003236603977925637, "q_75": 0.00035237472312634485, "min": 0.0003215251490473747, "max": 0.00036287491264588693, "mean": 0.00033776941572261207, "std": 1.567022668356905e-05, "repeat": 10, "number": 34}]}, "irradiance.Irradiance.time_get_total_irradiance": {"result": [0.004573256631071368], "stats": [{"ci_99": [0.004514765304823716, 0.004643467720597982], "q_25": 0.00453781324904412, "q_75": 0.004584698084120949, "min": 0.004514765304823716, "max": 0.004643467720597982, "mean": 0.004568444301063816, "std": 3.674040470760888e-05, "repeat": 10, "number": 3}]}, "location.Location.time_location_get_airmass": {"result": [0.0013712267391383648], "stats": [{"ci_99": [0.001357271452434361, 0.0014066657749935985], "q_25": 0.0013614965428132564, "q_75": 0.0013731801736867055, "min": 0.001357271452434361, "max": 0.0014066657749935985, "mean": 0.0013711757608689367, "std": 1.3288748651115216e-05, "repeat": 10, "number": 8}]}, "location.Location.time_location_get_clearsky": {"result": [0.009365461766719818], "stats": [{"ci_99": [0.009034627815708518, 0.010432532522827387], "q_25": 0.009287353081163019, "q_75": 0.009574999625328928, "min": 0.009034627815708518, "max": 0.010432532522827387, "mean": 0.009463530243374407, "std": 0.00037575749054484677, "repeat": 10, "number": 2}]}, "location.Location.time_location_get_solarposition": {"result": [0.014932711608707905], "stats": [{"ci_99": [0.01485620066523552, 0.015120961237698793], "q_25": 0.014902429422363639, "q_75": 0.014960387721657753, "min": 0.01485620066523552, "max": 0.015120961237698793, "mean": 0.014943225542083383, "std": 7.201099002513941e-05, "repeat": 10, "number": 1}]}, "location.Location_0_6_1.time_location_get_sun_rise_set_transit_pyephem": {"result": [0.18092310125939548], "stats": [{"ci_99": [0.1805536770261824, 0.18130847765132785], "q_25": 0.18059226567856967, "q_75": 0.18097247125115246, "min": 0.1805536770261824, "max": 0.18130847765132785, "mean": 0.1808525340165943, "std": 0.00024604446286129644, "repeat": 10, "number": 1}]}, "location.Location_0_6_1.time_location_get_sun_rise_set_transit_spa": {"result": [0.03233582805842161], "stats": [{"ci_99": [0.032252706587314606, 0.0327323991805315], "q_25": 0.03230235096998513, "q_75": 0.03238303156103939, "min": 0.032252706587314606, "max": 0.0327323991805315, "mean": 0.03238535430282354, "std": 0.00013786474607845956, "repeat": 10, "number": 1}]}, "solarposition.SolarPosition.time_ephemeris": {"result": [0.018130877055227757], "stats": [{"ci_99": [0.017943209037184715, 0.018333434127271175], "q_25": 0.018075550440698862, "q_75": 0.018260172684676945, "min": 0.017943209037184715, "max": 0.018333434127271175, "mean": 0.01815537493675947, "std": 0.00011906172250085314, "repeat": 10, "number": 1}]}, "solarposition.SolarPosition.time_ephemeris_localized": {"result": [0.018154209246858954], "stats": [{"ci_99": [0.01791872875764966, 0.01845664530992508], "q_25": 0.018051017075777054, "q_75": 0.0182575776707381, "min": 0.01791872875764966, "max": 0.01845664530992508, "mean": 0.01816910821944475, "std": 0.00015590853600799394, "repeat": 10, "number": 1}]}, "solarposition.SolarPosition.time_nrel_earthsun_distance": {"result": [0.02272356511093676], "stats": [{"ci_99": [0.022550506982952356, 0.022810257971286774], "q_25": 0.022653307067230344, "q_75": 0.022755591198801994, "min": 0.022550506982952356, "max": 0.022810257971286774, "mean": 0.022707017464563252, "std": 7.987452281964917e-05, "repeat": 10, "number": 1}]}, "solarposition.SolarPosition.time_spa_python": {"result": [0.025667049223557115], "stats": [{"ci_99": [0.025562548078596592, 0.026128352154046297], "q_25": 0.025615480495616794, "q_75": 0.025695340824313462, "min": 0.025562548078596592, "max": 0.026128352154046297, "mean": 0.025733848009258507, "std": 0.00019219539990359213, "repeat": 10, "number": 1}]}, "solarposition.SolarPosition.time_sun_rise_set_transit_spa": {"result": [0.037191924173384905], "stats": [{"ci_99": [0.03702811198309064, 0.03807563195005059], "q_25": 0.03711504687089473, "q_75": 0.037361263879574835, "min": 0.03702811198309064, "max": 0.03807563195005059, "mean": 0.0372978291939944, "std": 0.00028983315307946965, "repeat": 10, "number": 1}]}, "temperature.Fuentes.time_fuentes": NaN, "temperature.SAPM.time_sapm_cell": {"result": [0.0016330228785851172], "stats": [{"ci_99": [0.0016177885367402009, 0.0016717431800706045], "q_25": 0.001622086191283805, "q_75": 0.0016485318109127026, "min": 0.0016177885367402009, "max": 0.0016717431800706045, "mean": 0.0016364734287240674, "std": 1.6601332586400988e-05, "repeat": 10, "number": 7}]}, "tracking.SingleAxis.time_singleaxis": {"result": [0.016875473083928227], "stats": [{"ci_99": [0.014844869263470173, 0.017869967967271805], "q_25": 0.015334307332523167, "q_75": 0.017450615181587636, "min": 0.014844869263470173, "max": 0.017869967967271805, "mean": 0.016457892023026943, "std": 0.0011259377045412652, "repeat": 10, "number": 1}]}, "tracking.SingleAxis.time_tracker_singleaxis": {"result": [0.015785064781084657], "stats": [{"ci_99": [0.014807979110628366, 0.018477197270840406], "q_25": 0.015498978551477194, "q_75": 0.01662163867149502, "min": 0.014807979110628366, "max": 0.018477197270840406, "mean": 0.01621124125085771, "std": 0.0012001318195354988, "repeat": 10, "number": 1}]}}, "params": {"arch": "x86_64", "cpu": "Intel Xeon Processor (Skylake, IBRS)",