{"results": {"irradiance.Irradiance.time_aoi": {"result": [0.0023689068388193847], "stats": [{"ci_99": [0.0023434531874954702, 0.00247903261333704], "q_25": 0.002356268744915724, "q_75": 0.00239640602376312, "min": 0.0023434531874954702, "max": 0.00247903261333704, "mean": 0.0023812990076839927, "std": 3.797932560667891e-05, "repeat": 10, "number": 5}]}, "irradiance.Irradiance.time_aoi_projection": {"result": [0.002168343542143703], "stats": [{"ci_99": [0.0021350822411477567, 0.0021865892224013804], "q_25": 0.0021599709521979093, "q_75": 0.0021770830964669583, "min": 0.0021350822411477567, "max": 0.0021865892224013804, "mean": 0.0021663695573806764, "std": 1.3948195366577958e-05, "repeat": 10, "number": 5}]}, "irradiance.Irradiance.time_dirindex": {"result": [0.06492113997228444], "stats": [{"ci_99": [0.06427872413769364, 0.0689261113293469], "q_25": 0.06481093866750598, "q_75": 0.06621587264817208, "min": 0.06427872413769364, "max": 0.0689261113293469, "mean": 0.06567022525705397, "std": 0.0013469279821205513, "repeat": 10, "number": 1}]}, "irradiance.Irradiance.time_dirint": {"result": [0.03293693531304598], "stats": [{"ci_99": [0.032358764205127954, 0.03854444483295083], "q_25": 0.032570827985182405, "q_75": 0.03311932075303048, "min": 0.032358764205127954, "max": 0.03854444483295083, "mean": 0.03376737916842103, "std": 0.002041776114071686, "repeat": 10, "number": 1}]}, "irradiance.Irradiance.time_disc": {"result": [0.012836183654144406], "stats": [{"ci_99": [0.012705191038548946, 0.014394093304872513], "q_25": 0.012788397492840886, "q_75": 0.012904220493510365, "min": 0.012705191038548946, "max": 0.014394093304872513, "mean": 0.012983604380860925, "std": 0.0004763670039545727, "repeat": 10, "number": 1}]}, "irradiance.Irradiance.time_erbs": {"result": [0.007473850157111883], "stats": [{"ci_99": [0.007325669517740607, 0.007648746948689222], "q_25": 0.007384375552646816, "q_75": 0.007522582076489925, "min": 0.007325669517740607, "max": 0.007648746948689222, "mean": 0.007465197332203388, "std": 9.965893464816217e-05, "repeat": 10, "number": 2}]}, "irradiance.Irradiance.time_get_extra_radiation": {"result": [0.0005383965442888438], "stats": [{"ci_99": [0.0005302484380081296, 0.0005431666970252991], "q_25": 0.0005356262146960943, "q_75": 0.0005403895978815854, "min": 0.0005302484380081296, "max": 0.0005431666970252991, "mean": 0.0005376028781756759, "std": 4.02641134278099e-06, "repeat": 10, "number": 20}]}, "irradiance.Irradiance.time_get_ground_diffuse": {"result": [0.00034121859439269263], "stats": [{"ci_99": [0.000325052740259303, 0.00037861263586415187], "q_25": 0.0003290471612234358, "q_75": 0.0003586439286462135, "min": 0.000325052740259303, "max": 0.00037861263586415187, "mean": 0.0003449600396884812, "std": 1.763889464911081e-05, "repeat": 10, "number": 27}]}, "irradiance.Irradiance.time_get_total_irradiance": {"result": [0.00457340688444674], "stats": [{"ci_99": [0.004515910365929206, 0.004907958209514618], "q_25": 0.004542788219017287, "q_75": 0.004594268859364092, "min": 0.004515910365929206, "max": 0.004907958209514618, "mean": 0.004606251496200761, "std": 0.0001099557404025537, "repeat": 10, "number": 3}]}, "location.Location.time_location_get_airmass": {"result": [0.0013979900977574289], "stats": [{"ci_99": [0.0013770096120424569, 0.0014138351543806493], "q_25": 0.0013809562078677118, "q_75": 0.0014080131222726777, "min": 0.0013770096120424569, "max": 0.0014138351543806493, "mean": 0.0013957759307231753, "std": 1.3733195141391548e-05, "repeat": 10, "number": 8}]}, "location.Location.time_location_get_clearsky": {"result": [0.009418008965440094], "stats": [{"ci_99": [0.009209692012518644, 0.01032222737558186], "q_25": 0.009373347042128444, "q_75": 0.009565202402882278, "min": 0.009209692012518644, "max": 0.01032222737558186, "mean": 0.009542433242313565, "std": 0.00031372701769512426, "repeat": 10, "number": 2}]}, "location.Location.time_location_get_solarposition": {"result": [0.01535751298069954], "stats": [{"ci_99": [0.0150395636446774, 0.015518244355916977], "q_25": 0.015217350795865059, "q_75": 0.015423064702190459, "min": 0.0150395636446774, "max": 0.015518244355916977, "mean": 0.015317142521962524, "std": 0.0001518504805073957, "repeat": 10, "number": 1}]}, "location.Location_0_6_1.time_location_get_sun_rise_set_transit_pyephem": {"result": [0.18182903062552214], "stats": [{"ci_99": [0.1805048850364983, 0.18302070209756494], "q_25": 0.18137295171618462, "q_75": 0.1822882085107267, "min": 0.1805048850364983, "max": 0.18302070209756494, "mean": 0.1817602703347802, "std": 0.0007492407290956226, "repeat": 10, "number": 1}]}, "location.Location_0_6_1.time_location_get_sun_rise_set_transit_spa": {"result": [0.03308052499778569], "stats": [{"ci_99": [0.03283953480422497, 0.03331743786111474], "q_25": 0.033023826661519706, "q_75": 0.033257993403822184, "min": 0.03283953480422497, "max": 0.03331743786111474, "mean": 0.03310376787558198, "std": 0.0001560283185553867, "repeat": 10, "number": 1}]}, "solarposition.SolarPosition.time_ephemeris": {"result": [0.01843758882023394], "stats": [{"ci_99": [0.018139692954719067, 0.018704223912209272], "q_25": 0.01837507134769112, "q_75": 0.018587588449008763, "min": 0.018139692954719067, "max": 0.018704223912209272, "mean": 0.018462235759943723, "std": 0.0001632968063503534, "repeat": 10, "number": 1}]}, "solarposition.SolarPosition.time_ephemeris_localized": {"result": [0.018425567308440804], "stats": [{"ci_99": [0.018091950099915266, 0.01866626087576151], "q_25": 0.01825915602967143, "q_75": 0.018531728186644614, "min": 0.018091950099915266, "max": 0.01866626087576151, "mean": 0.018398570036515592, "std": 0.00017866666403247174, "repeat": 10, "number": 1}]}, "solarposition.SolarPosition.time_nrel_earthsun_distance": {"result": [0.02283353451639414], "stats": [{"ci_99": [0.022576574236154556, 0.023248523008078337], "q_25": 0.02269489166792482, "q_75": 0.022988572134636343, "min": 0.022576574236154556, "max": 0.023248523008078337, "mean": 0.02285985932685435, "std": 0.00021484813283978262, "repeat": 10, "number": 1}]}, "solarposition.SolarPosition.time_spa_python": {"result": [0.027269511483609676], "stats": [{"ci_99": [0.02573260199278593, 0.028041034005582333], "q_25": 0.026160047622397542, "q_75": 0.027423251303844154, "min": 0.02573260199278593, "max": 0.028041034005582333, "mean": 0.026967419730499386, "std": 0.0008124239740584146, "repeat": 10, "number": 1}]}, "solarposition.SolarPosition.time_sun_rise_set_transit_spa": {"result": [0.03819392551667988], "stats": [{"ci_99": [0.037780222948640585, 0.0384326851926744], "q_25": 0.038105160696431994, "q_75": 0.03825752448756248, "min": 0.037780222948640585, "max": 0.0384326851926744, "mean": 0.03816657667048275, "std": 0.00018139760448088974, "repeat": 10, "number": 1}]}, "temperature.Fuentes.time_fuentes": NaN, "temperature.SAPM.time_sapm_cell": {"result": [0.0009976070882244544], "stats": [{"ci_99": [0.0009735820984298533, 0.0010126403702253645], "q_25": 0.0009857271797955036, "q_75": 0.0010058102938769894, "min": 0.0009735820984298533, "max": 0.0010126403702253645, "mean": 0.0009952127044512466, "std": 1.3220496697084074e-05, "repeat": 10, "number": 11}]}, "tracking.SingleAxis.time_singleaxis": {"result": [0.02045099949464202], "stats": [{"ci_99": [0.017858833074569702, 0.02218670630827546], "q_25": 0.01928766758646816, "q_75": 0.021639872575178742, "min": 0.017858833074569702, "max": 0.02218670630827546, "mean": 0.020356447156518697, "std": 0.001380588044108027, "repeat": 10, "number": 1}]}, "tracking.SingleAxis.time_tracker_singleaxis": {"result": [0.021228581434115767], "stats": [{"ci_99": [0.01796765299513936, 0.022858047857880592], "q_25": 0.019581273547373712, "q_75": 0.021976760821416974, "min": 0.01796765299513936, "max": 0.022858047857880592, "mean": 0.020865735271945594, "std": 0.0015584526445048858, "repeat": 10, "number": 1}]}}, "params": {"arch": "x86_64", "cpu": "Intel Xeon Processor (Skylake, IBRS)",