{"results": {"irradiance.Irradiance.time_aoi": {"result": [0.0023488765116781], "stats": [{"ci_99": [0.002272956632077694, 0.002438514772802591], "q_25": 0.002291044732555747, "q_75": 0.00238385375123471, "min": 0.002272956632077694, "max": 0.002438514772802591, "mean": 0.0023450322169810537, "std": 5.409568501277943e-05, "repeat": 10, "number": 5}]}, "irradiance.Irradiance.time_aoi_projection": {"result": [0.0020635087974369528], "stats": [{"ci_99": [0.002039298973977566, 0.002119059581309557], "q_25": 0.002047908492386341, "q_75": 0.0020882705459371207, "min": 0.002039298973977566, "max": 0.002119059581309557, "mean": 0.00207057923078537, "std": 2.6029507078602538e-05, "repeat": 10, "number": 5}]}, "irradiance.Irradiance.time_dirindex": {"result": [0.14114582282491028], "stats": [{"ci_99": [0.13792179012671113, 0.14565784111618996], "q_25": 0.14024278812576085, "q_75": 0.1430134376278147, "min": 0.13792179012671113, "max": 0.14565784111618996, "mean": 0.14151625358499587, "std": 0.0021325639929229735, "repeat": 10, "number": 1}]}, "irradiance.Irradiance.time_dirint": {"result": [0.07148353499360383], "stats": [{"ci_99": [0.06977513106539845, 0.07490726187825203], "q_25": 0.07108575594611466, "q_75": 0.07177073939237744, "min": 0.06977513106539845, "max": 0.07490726187825203, "mean": 0.07170255430974067, "std": 0.0013221581608261748, "repeat": 10, "number": 1}]}, "irradiance.Irradiance.time_disc": {"result": [0.01893075299449265], "stats": [{"ci_99": [0.017942179925739765, 0.019828104879707098], "q_25": 0.018466576701030135, "q_75": 0.01931556884665042, "min": 0.017942179925739765, "max": 0.019828104879707098, "mean": 0.018899439089000224, "std": 0.000556171905358203, "repeat": 10, "number": 1}]}, "irradiance.Irradiance.time_erbs": {"result": [0.01225362904369831], "stats": [{"ci_99": [0.011677362024784088, 0.013019260950386524], "q_25": 0.012010870734229684, "q_75": 0.01289144135080278, "min": 0.011677362024784088, "max": 0.013019260950386524, "mean": 0.012384783336892724, "std": 0.00047777821352009184, "repeat": 10, "number": 1}]}, "irradiance.Irradiance.time_get_extra_radiation": null, "irradiance.Irradiance.time_get_ground_diffuse": null, "irradiance.Irradiance.time_get_total_irradiance": null, "location.Location.time_location_get_airmass": {"result": [0.00528642488643527], "stats": [{"ci_99": [0.005213861353695393, 0.005399704445153475], "q_25": 0.005256371514406055, "q_75": 0.005324849102180451, "min": 0.005213861353695393, "max": 0.005399704445153475, "mean": 0.005290900147520006, "std": 5.2449671123993766e-05, "repeat": 10, "number": 2}]}, "location.Location.time_location_get_clearsky": {"result": [0.45122681953944266], "stats": [{"ci_99": [0.4492670940235257, 0.46475080912932754], "q_25": 0.45043072884436697, "q_75": 0.4637584195006639, "min": 0.4492670940235257, "max": 0.46475080912932754, "mean": 0.4558795710559934, "std": 0.006678737306020989, "repeat": 10, "number": 1}]}, "location.Location.time_location_get_solarposition": {"result": [0.017904301173985004], "stats": [{"ci_99": [0.017777474131435156, 0.018100075889378786], "q_25": 0.017832553014159203, "q_75": 0.017920971964485943, "min": 0.017777474131435156, "max": 0.018100075889378786, "mean": 0.01789713497273624, "std": 8.791039612889565e-05, "repeat": 10, "number": 1}]}, "location.Location_0_6_1.time_location_get_sun_rise_set_transit_pyephem": NaN, "location.Location_0_6_1.time_location_get_sun_rise_set_transit_spa": NaN, "solarposition.SolarPosition.time_ephemeris": {"result": [0.024874719558283687], "stats": [{"ci_99": [0.024568901862949133, 0.025943714193999767], "q_25": 0.024722276837565005, "q_75": 0.0251363436691463, "min": 0.024568901862949133, "max": 0.025943714193999767, "mean": 0.024978261534124614, "std": 0.00037820764546472917, "repeat": 10, "number": 1}]}, "solarposition.SolarPosition.time_ephemeris_localized": {"result": [0.24899921705946326], "stats": [{"ci_99": [0.24692155281081796, 0.2579864379949868], "q_25": 0.2480821191566065, "q_75": 0.2545576149132103, "min": 0.24692155281081796, "max": 0.2579864379949868, "mean": 0.25093260006979107, "std": 0.004170810947132167, "repeat": 10, "number": 1}]}, "solarposition.SolarPosition.time_nrel_earthsun_distance": {"result": [0.023991889553144574], "stats": [{"ci_99": [0.02390014613047242, 0.024212168995290995], "q_25": 0.023932112380862236, "q_75": 0.024041705997660756, "min": 0.02390014613047242, "max": 0.024212168995290995, "mean": 0.0240083122625947, "std": 9.67317272265235e-05, "repeat": 10, "number": 1}]}, "solarposition.SolarPosition.time_spa_python": {"result": [0.02867685374803841], "stats": [{"ci_99": [0.028465873561799526, 0.02888872381299734], "q_25": 0.028605535277165473, "q_75": 0.0287643683841452, "min": 0.028465873561799526, "max": 0.02888872381299734, "mean": 0.028685448784381153, "std": 0.0001224802549419351, "repeat": 10, "number": 1}]}, "solarposition.SolarPosition.time_sun_rise_set_transit_spa": {"result": [0.04992588981986046], "stats": [{"ci_99": [0.049358571879565716, 0.05053122714161873], "q_25": 0.04987049929331988, "q_75": 0.050161125138401985, "min": 0.049358571879565716, "max": 0.05053122714161873, "mean": 0.04997017630375922, "std": 0.00033207710203738783, "repeat": 10, "number": 1}]}, "temperature.Fuentes.time_fuentes": NaN, "temperature.SAPM.time_sapm_cell": {"result": [0.0021953578572720287], "stats": [{"ci_99": [0.0020520756021142005, 0.0023078559897840023], "q_25": 0.002068529883399606, "q_75": 0.0022411793703213338, "min": 0.0020520756021142005, "max": 0.0023078559897840023, "mean": 0.002167775416746736, "std": 9.02587758564472e-05, "repeat": 10, "number": 5}]}, "tracking.SingleAxis.time_singleaxis": {"result": [0.031256432412192225], "stats": [{"ci_99": [0.029375404119491577, 0.032698176335543394], "q_25": 0.030560594284906983, "q_75": 0.03224694635719061, "min": 0.029375404119491577, "max": 0.032698176335543394, "mean": 0.031286357436329126, "std": 0.0010465844987140255, "repeat": 10, "number": 1}]}, "tracking.SingleAxis.time_tracker_singleaxis": {"result": [0.031321495305746794], "stats": [{"ci_99": [0.029681722167879343, 0.03298074472695589], "q_25": 0.03013130580075085, "q_75": 0.03225431952159852, "min": 0.029681722167879343, "max": 0.03298074472695589, "mean": 0.031257060403004286, "std": 0.0011311250945544634, "repeat": 10, "number": 1}]}}, "params": {"arch": "x86_64", "cpu": "Intel Xeon Processor (Skylake, IBRS)", "machine": "pvlib-asv.forecasting.energy.arizona.edu", "num_cpu": "4", "os": "Linux 5.7.8-200.fc32.x86_64", "ram": "8145244", "python": "3.8", "numpy": "", "pandas": "", "scipy": "", "pytables": "", "ephem": ""}, "requirements": {"numpy": "", "pandas": "", "scipy": "", "pytables": "", "ephem": ""}, "commit_hash": "449e86b8c16b0eeb6232365496da501c6bc27d2e", "date": 1507563831000, "env_name": "conda-py3.8-ephem-numpy-pandas-pytables-scipy", "python": "3.8", "profiles": {}, "started_at": {"irradiance.Irradiance.time_aoi": 1599839243400, "irradiance.Irradiance.time_aoi_projection": 1599839248110, "irradiance.Irradiance.time_dirindex": 1599839252819, "irradiance.Irradiance.time_dirint": 1599839258284, "irradiance.Irradiance.time_disc": 1599839263344, "irradiance.Irradiance.time_erbs": 1599839268104, "irradiance.Irradiance.time_get_extra_radiation": 1599839231788, "irradiance.Irradiance.time_get_ground_diffuse": 1599839232641, "irradiance.Irradiance.time_get_total_irradiance": 1599839233495, "location.Location.time_location_get_airmass": 1599839272814, "location.Location.time_location_get_clearsky": 1599839273167, "location.Location.time_location_get_solarposition": 1599839276124, "location.Location_0_6_1.time_location_get_sun_rise_set_transit_pyephem": 1599839276477, "location.Location_0_6_1.time_location_get_sun_rise_set_transit_spa": 1599839276530, "solarposition.SolarPosition.time_ephemeris": 1599839276582, "solarposition.SolarPosition.time_ephemeris_localized": 1599839276885, "solarposition.SolarPosition.time_nrel_earthsun_distance": 1599839278440,