{"results": {"irradiance.Irradiance.time_aoi": {"result": [0.0023724775761365894], "stats": [{"ci_99": [0.002348505612462759, 0.00242731086909771], "q_25": 0.0023631219053640963, "q_75": 0.0023787452606484297, "min": 0.002348505612462759, "max": 0.00242731086909771, "mean": 0.002375508472323418, "std": 2.0741232628911604e-05, "repeat": 10, "number": 5}]}, "irradiance.Irradiance.time_aoi_projection": {"result": [0.0021241714246571066], "stats": [{"ci_99": [0.0021104011684656143, 0.0021472182124853134], "q_25": 0.0021146125858649612, "q_75": 0.0021304598310962317, "min": 0.0021104011684656143, "max": 0.0021472182124853134, "mean": 0.002124292086809874, "std": 1.0897485061322496e-05, "repeat": 10, "number": 5}]}, "irradiance.Irradiance.time_dirindex": {"result": [0.0644630640745163], "stats": [{"ci_99": [0.06347935693338513, 0.06554483901709318], "q_25": 0.06400118151213974, "q_75": 0.06484974198974669, "min": 0.06347935693338513, "max": 0.06554483901709318, "mean": 0.06445264406502246, "std": 0.0005897661327911033, "repeat": 10, "number": 1}]}, "irradiance.Irradiance.time_dirint": {"result": [0.03210318856872618], "stats": [{"ci_99": [0.03167519299313426, 0.032809259835630655], "q_25": 0.0319578074850142, "q_75": 0.03228183195460588, "min": 0.03167519299313426, "max": 0.032809259835630655, "mean": 0.03213732875883579, "std": 0.0003161116984243316, "repeat": 10, "number": 1}]}, "irradiance.Irradiance.time_disc": {"result": [0.012972916942089796], "stats": [{"ci_99": [0.01229244889691472, 0.013767041731625795], "q_25": 0.012458274373784661, "q_75": 0.013445128104649484, "min": 0.01229244889691472, "max": 0.013767041731625795, "mean": 0.012970907427370549, "std": 0.0005368029203138088, "repeat": 10, "number": 1}]}, "irradiance.Irradiance.time_erbs": {"result": [0.006752795074135065], "stats": [{"ci_99": [0.006706884363666177, 0.006936271442100406], "q_25": 0.006736437906511128, "q_75": 0.006803581432905048, "min": 0.006706884363666177, "max": 0.006936271442100406, "mean": 0.0067767990753054615, "std": 6.238703096461925e-05, "repeat": 10, "number": 2}]}, "irradiance.Irradiance.time_get_extra_radiation": null, "irradiance.Irradiance.time_get_ground_diffuse": null, "irradiance.Irradiance.time_get_total_irradiance": null, "location.Location.time_location_get_airmass": {"result": [0.003868189329902331], "stats": [{"ci_99": [0.0038182626788814864, 0.0038986406289041042], "q_25": 0.0038440272134418287, "q_75": 0.003891915859033664, "min": 0.0038182626788814864, "max": 0.0038986406289041042, "mean": 0.003865034723033507, "std": 2.749857306273138e-05, "repeat": 10, "number": 3}]}, "location.Location.time_location_get_clearsky": {"result": [0.4609437654726207], "stats": [{"ci_99": [0.44728617975488305, 0.4680750919505954], "q_25": 0.45925665425602347, "q_75": 0.46161808411125094, "min": 0.44728617975488305, "max": 0.4680750919505954, "mean": 0.4589828559197485, "std": 0.006061983378853521, "repeat": 10, "number": 1}]}, "location.Location.time_location_get_solarposition": {"result": [0.015081820543855429], "stats": [{"ci_99": [0.014979068655520678, 0.016486271750181913], "q_25": 0.015054254210554063, "q_75": 0.015168359037488699, "min": 0.014979068655520678, "max": 0.016486271750181913, "mean": 0.015267066098749638, "std": 0.00043602075331410675, "repeat": 10, "number": 1}]}, "location.Location_0_6_1.time_location_get_sun_rise_set_transit_pyephem": NaN, "location.Location_0_6_1.time_location_get_sun_rise_set_transit_spa": NaN, "solarposition.SolarPosition.time_ephemeris": {"result": [0.018076895736157894], "stats": [{"ci_99": [0.017976374831050634, 0.018511077854782343], "q_25": 0.01799688453320414, "q_75": 0.01840397866908461, "min": 0.017976374831050634, "max": 0.018511077854782343, "mean": 0.018179990304633974, "std": 0.0002114499985609087, "repeat": 10, "number": 1}]}, "solarposition.SolarPosition.time_ephemeris_localized": {"result": [0.21241063345223665], "stats": [{"ci_99": [0.21055360278114676, 0.21478720800951123], "q_25": 0.21134918299503624, "q_75": 0.21311024425085634, "min": 0.21055360278114676, "max": 0.21478720800951123, "mean": 0.21236608792096376, "std": 0.0011866159880809305, "repeat": 10, "number": 1}]}, "solarposition.SolarPosition.time_nrel_earthsun_distance": {"result": [0.02271260623820126], "stats": [{"ci_99": [0.02267543924972415, 0.02278632903471589], "q_25": 0.022707799565978348, "q_75": 0.022730630123987794, "min": 0.02267543924972415, "max": 0.02278632903471589, "mean": 0.022720255330204962, "std": 2.853240167039726e-05, "repeat": 10, "number": 1}]}, "solarposition.SolarPosition.time_spa_python": {"result": [0.02592696389183402], "stats": [{"ci_99": [0.025832529179751873, 0.026775102131068707], "q_25": 0.02587375813163817, "q_75": 0.025991605944000185, "min": 0.025832529179751873, "max": 0.026775102131068707, "mean": 0.02601811829954386, "std": 0.00026658270001942114, "repeat": 10, "number": 1}]}, "solarposition.SolarPosition.time_sun_rise_set_transit_spa": {"result": [0.038011228665709496], "stats": [{"ci_99": [0.03758533904328942, 0.03860327787697315], "q_25": 0.037887267651967704, "q_75": 0.03807775967288762, "min": 0.03758533904328942, "max": 0.03860327787697315, "mean": 0.03801100621931255, "std": 0.00024376439132736647, "repeat": 10, "number": 1}]}, "temperature.Fuentes.time_fuentes": NaN, "temperature.SAPM.time_sapm_cell": {"result": [0.0016717883492154734], "stats": [{"ci_99": [0.001625442478273596, 0.0017166441705610072], "q_25": 0.0016365424463791506, "q_75": 0.0017052632091300829, "min": 0.001625442478273596, "max": 0.0017166441705610072, "mean": 0.0016704892207469256, "std": 3.660843098913112e-05, "repeat": 10, "number": 7}]}, "tracking.SingleAxis.time_singleaxis": {"result": [0.025164829567074776], "stats": [{"ci_99": [0.024825544096529484, 0.02600817382335663], "q_25": 0.02494276105426252, "q_75": 0.025644417153671384, "min": 0.024825544096529484, "max": 0.02600817382335663, "mean": 0.02531076571904123, "std": 0.0004088547556109497, "repeat": 10, "number": 1}]}, "tracking.SingleAxis.time_tracker_singleaxis": {"result": [0.02502365503460169], "stats": [{"ci_99": [0.024464150425046682, 0.02591483434662223], "q_25": 0.024853809736669064, "q_75": 0.025606553768739104, "min": 0.024464150425046682, "max": 0.02591483434662223, "mean": 0.02516877744346857, "std": 0.00048004888152991575, "repeat": 10, "number": 1}]}}, "params": {"arch": "x86_64", "cpu": "Intel Xeon Processor (Skylake, IBRS)", "machine": "pvlib-asv.forecasting.energy.arizona.edu", "num_cpu": "4", "os": "Linux 5.7.8-200.fc32.x86_64", "ram": "8145244", "python": "3.6", "numpy": "1.12.0", "pandas": "0.22.0", "scipy": "1.2.0", "pytables": "3.6.1", "ephem": "3.7.6.0"}, "requirements": {"numpy": "1.12.0", "pandas": "0.22.0", "scipy": "1.2.0", "pytables": "3.6.1", "ephem": "3.7.6.0"}, "commit_hash": "449e86b8c16b0eeb6232365496da501c6bc27d2e", "date": 1507563831000, "env_name": "conda-py3.6-ephem3.7.6.0-numpy1.12.0-pandas0.22.0-pytables3.6.1-scipy1.2.0", "python": "3.6", "profiles": {}, "started_at": {"irradiance.Irradiance.time_aoi": 1599839161867, "irradiance.Irradiance.time_aoi_projection": 1599839166527, "irradiance.Irradiance.time_dirindex": 1599839171187, "irradiance.Irradiance.time_dirint": 1599839176197, "irradiance.Irradiance.time_disc": 1599839181007, "irradiance.Irradiance.time_erbs": 1599839185716, "irradiance.Irradiance.time_get_extra_radiation": 1599839150859, "irradiance.Irradiance.time_get_ground_diffuse": 1599839151713, "irradiance.Irradiance.time_get_total_irradiance": 1599839152567, "location.Location.time_location_get_airmass": 1599839190376, "location.Location.time_location_get_clearsky": 1599839190680, "location.Location.time_location_get_solarposition": 1599839193637, "location.Location_0_6_1.time_location_get_sun_rise_set_transit_pyephem": 1599839193940, "location.Location_0_6_1.time_location_get_sun_rise_set_transit_spa": 1599839193993, "solarposition.SolarPosition.time_ephemeris": 1599839194045,