{"results": {"irradiance.TimeSuite.time_aoi": {"result": [0.0022421473171561953], "stats": [{"ci_99": [0.0022042091935873032, 0.0028192861936986446], "q_25": 0.002231970033608377, "q_75": 0.0023305179784074426, "min": 0.0022042091935873032, "max": 0.0028192861936986446, "mean": 0.0023148516844958065, "std": 0.00017574493641273948, "repeat": 10, "number": 5}]}, "irradiance.TimeSuite.time_aoi_projection": {"result": [0.002224266668781638], "stats": [{"ci_99": [0.002148751076310873, 0.002355637028813362], "q_25": 0.0022164215566590427, "q_75": 0.002235623076558113, "min": 0.002148751076310873, "max": 0.002355637028813362, "mean": 0.0022268734686076647, "std": 5.137786805835012e-05, "repeat": 10, "number": 5}]}, "irradiance.TimeSuite.time_dirindex": {"result": [0.14661974948830903], "stats": [{"ci_99": [0.14586081029847264, 0.14931310387328267], "q_25": 0.14619734068401158, "q_75": 0.14848910283762962, "min": 0.14586081029847264, "max": 0.14931310387328267, "mean": 0.14725676984526218, "std": 0.0013036463262243914, "repeat": 10, "number": 1}]}, "irradiance.TimeSuite.time_dirint": {"result": [0.07314231153577566], "stats": [{"ci_99": [0.0702682132832706, 0.0762481433339417], "q_25": 0.0719339222414419, "q_75": 0.07398057670798153, "min": 0.0702682132832706, "max": 0.0762481433339417, "mean": 0.07289923238568008, "std": 0.0017153603510684334, "repeat": 10, "number": 1}]}, "irradiance.TimeSuite.time_disc": {"result": [0.018766945227980614], "stats": [{"ci_99": [0.017790221143513918, 0.019738831091672182], "q_25": 0.01819757476914674, "q_75": 0.019565198803320527, "min": 0.017790221143513918, "max": 0.019738831091672182, "mean": 0.01883439379744232, "std": 0.0007050223238944622, "repeat": 10, "number": 1}]}, "irradiance.TimeSuite.time_erbs": {"result": [0.012712008552625775], "stats": [{"ci_99": [0.011853029020130634, 0.012816056609153748], "q_25": 0.012502995203249156, "q_75": 0.012760837678797543, "min": 0.011853029020130634, "max": 0.012816056609153748, "mean": 0.01258230796083808, "std": 0.00028017844199430147, "repeat": 10, "number": 1}]}, "irradiance.TimeSuite.time_get_extra_radiation": {"result": [0.0026559815742075443], "stats": [{"ci_99": [0.002626690431497991, 0.0028678016969934106], "q_25": 0.00263272927259095, "q_75": 0.0028546652756631374, "min": 0.002626690431497991, "max": 0.0028678016969934106, "mean": 0.0027282054303213953, "std": 0.00010872846110018267, "repeat": 10, "number": 4}]}, "irradiance.TimeSuite.time_get_ground_diffuse": {"result": [0.0005388094810768961], "stats": [{"ci_99": [0.0005349863087758422, 0.0005740934051573276], "q_25": 0.0005362049676477909, "q_75": 0.0005483872315380723, "min": 0.0005349863087758422, "max": 0.0005740934051573276, "mean": 0.0005440084240399301, "std": 1.1452055666010463e-05, "repeat": 10, "number": 20}]}, "irradiance.TimeSuite.time_get_total_irradiance": {"result": [0.005053499170268576], "stats": [{"ci_99": [0.004985216384132703, 0.005365639304121335], "q_25": 0.005008236970752478, "q_75": 0.005099100060760975, "min": 0.004985216384132703, "max": 0.005365639304121335, "mean": 0.005079660285264254, "std": 0.00010722532818185314, "repeat": 10, "number": 3}]}, "location.TimeSuite.time_location_get_airmass": {"result": [0.0014905383411262718], "stats": [{"ci_99": [0.0014831768348813057, 0.0015131966876132147], "q_25": 0.001488899512748633, "q_75": 0.0015033408833135453, "min": 0.0014831768348813057, "max": 0.0015131966876132147, "mean": 0.001495277535702501, "std": 9.58310083190939e-06, "repeat": 10, "number": 7}]}, "location.TimeSuite.time_location_get_clearsky": {"result": [0.01472928049042821], "stats": [{"ci_99": [0.013097896240651608, 0.016957850195467472], "q_25": 0.013157976791262627, "q_75": 0.016289983526803553, "min": 0.013097896240651608, "max": 0.016957850195467472, "mean": 0.014813926350325347, "std": 0.0016501694820415152, "repeat": 10, "number": 1}]}, "location.TimeSuite.time_location_get_solarposition": {"result": [0.018666425021365285], "stats": [{"ci_99": [0.017840735148638487, 0.019318569917231798], "q_25": 0.01800288027152419, "q_75": 0.019070967216975987, "min": 0.017840735148638487, "max": 0.019318569917231798, "mean": 0.018556919088587163, "std": 0.0005758079831106978, "repeat": 10, "number": 1}]}, "solarposition.TimeSuite.time_ephemeris": {"result": [0.025302389170974493], "stats": [{"ci_99": [0.024777988903224468, 0.025916954968124628], "q_25": 0.025134225259535015, "q_75": 0.025463527534157038, "min": 0.024777988903224468, "max": 0.025916954968124628, "mean": 0.025295710377395152, "std": 0.0002973705582623581, "repeat": 10, "number": 1}]}, "solarposition.TimeSuite.time_ephemeris_localized": {"result": [0.025208130944520235], "stats": [{"ci_99": [0.023949534632265568, 0.026088909711688757], "q_25": 0.02421491767745465, "q_75": 0.025973240029998124, "min": 0.023949534632265568, "max": 0.026088909711688757, "mean": 0.025099454959854484, "std": 0.0008931941667236945, "repeat": 10, "number": 1}]}, "solarposition.TimeSuite.time_nrel_earthsun_distance": {"result": [0.02327849599532783], "stats": [{"ci_99": [0.02306700497865677, 0.025162631180137396], "q_25": 0.02316153235733509, "q_75": 0.02334372024051845, "min": 0.02306700497865677, "max": 0.025162631180137396, "mean": 0.02345874407328665, "std": 0.0005865304395329726, "repeat": 10, "number": 1}]}, "solarposition.TimeSuite.time_spa_python": {"result": [0.02952139498665929], "stats": [{"ci_99": [0.02840286772698164, 0.0306470999494195], "q_25": 0.0286236823303625, "q_75": 0.030503942514769733, "min": 0.02840286772698164, "max": 0.0306470999494195, "mean": 0.029552703071385623, "std": 0.0009924211516580002, "repeat": 10, "number": 1}]}, "solarposition.TimeSuite.time_sun_rise_set_transit_spa": {"result": [0.051402267068624496], "stats": [{"ci_99": [0.04973800294101238, 0.05267662322148681], "q_25": 0.05062316555995494, "q_75": 0.05230451317038387, "min": 0.04973800294101238, "max": 0.05267662322148681, "mean": 0.05139431832358241, "std": 0.0009532970596746081, "repeat": 10, "number": 1}]}, "tracking.TimeSuite.time_singleaxis": {"result": [0.04799008183181286], "stats": [{"ci_99": [0.04492129385471344, 0.050382657907903194], "q_25": 0.04646441841032356, "q_75": 0.04947519488632679, "min": 0.04492129385471344, "max": 0.050382657907903194, "mean": 0.04786760038696229, "std": 0.001839224733315866, "repeat": 10, "number": 1}]}, "tracking.TimeSuite.time_tracker_singleaxis": {"result": [0.048302978510037065], "stats": [{"ci_99": [0.045317781157791615, 0.051857453770935535], "q_25": 0.046956545556895435, "q_75": 0.04900058021303266, "min": 0.045317781157791615, "max": 0.051857453770935535, "mean": 0.04809027626179159, "std": 0.0017907446711690252, "repeat": 10, "number": 1}]}}, "params": {"arch": "x86_64", "cpu": "Intel Xeon Processor (Skylake, IBRS)", "machine": "pvlib-asv.forecasting.energy.arizona.edu", "num_cpu": "4", "os": "Linux 5.7.8-200.fc32.x86_64", "ram": "8145244", "python": "3.7", "ephem": "3.7.6.0", "numpy": "1.18.5", "pandas": "1.1.0", "pytables": "3.6.1", "scipy": "1.2.0"}, "requirements": {"ephem": "3.7.6.0", "numpy": "1.18.5", "pandas": "1.1.0", "pytables": "3.6.1", "scipy": "1.2.0"}, "commit_hash": "45109de2883d0930e0233ce65d2124f679ade021", "date": 1536077920000, "env_name": "conda-py3.7-ephem3.7.6.0-numpy1.18.5-pandas1.1.0-pytables3.6.1-scipy1.2.0", "python": "3.7", "profiles": {}, "started_at": {"irradiance.TimeSuite.time_aoi": 1599361003219, "irradiance.TimeSuite.time_aoi_projection": 1599361005124, "irradiance.TimeSuite.time_dirindex": 1599361006930, "irradiance.TimeSuite.time_dirint": 1599361009487, "irradiance.TimeSuite.time_disc": 1599361011643, "irradiance.TimeSuite.time_erbs": 1599361013499, "irradiance.TimeSuite.time_get_extra_radiation": 1599361015355, "irradiance.TimeSuite.time_get_ground_diffuse": 1599361017161, "irradiance.TimeSuite.time_get_total_irradiance": 1599361018966, "location.TimeSuite.time_location_get_airmass": 1599361020822, "location.TimeSuite.time_location_get_clearsky": 1599361021176,