{"results": {"irradiance.Irradiance.time_aoi": {"result": [0.002314180275425315], "stats": [{"ci_99": [0.0022603582590818407, 0.0023667657747864722], "q_25": 0.0022828995482996103, "q_75": 0.002338183391839266, "min": 0.0022603582590818407, "max": 0.0023667657747864722, "mean": 0.0023109557572752234, "std": 3.387616126884228e-05, "repeat": 10, "number": 5}]}, "irradiance.Irradiance.time_aoi_projection": {"result": [0.0019899993591631455], "stats": [{"ci_99": [0.001954709878191352, 0.0020459816635896764], "q_25": 0.001973115218182405, "q_75": 0.0020040704403072596, "min": 0.001954709878191352, "max": 0.0020459816635896764, "mean": 0.0019924367933223646, "std": 2.6412680582070854e-05, "repeat": 10, "number": 6}]}, "irradiance.Irradiance.time_dirindex": {"result": [0.14049530704505742], "stats": [{"ci_99": [0.1373302978463471, 0.15238989610224962], "q_25": 0.13865080173127353, "q_75": 0.14188307849690318, "min": 0.1373302978463471, "max": 0.15238989610224962, "mean": 0.1411561280488968, "std": 0.00409917441188645, "repeat": 10, "number": 1}]}, "irradiance.Irradiance.time_dirint": {"result": [0.07075591827742755], "stats": [{"ci_99": [0.06809934182092547, 0.0719146728515625], "q_25": 0.07005995907820761, "q_75": 0.07119780732318759, "min": 0.06809934182092547, "max": 0.0719146728515625, "mean": 0.0704276893287897, "std": 0.001162795961266045, "repeat": 10, "number": 1}]}, "irradiance.Irradiance.time_disc": {"result": [0.01954526244662702], "stats": [{"ci_99": [0.018177140038460493, 0.019987728912383318], "q_25": 0.01867944246623665, "q_75": 0.01975646778009832, "min": 0.018177140038460493, "max": 0.019987728912383318, "mean": 0.01926504555158317, "std": 0.0006726517280686336, "repeat": 10, "number": 1}]}, "irradiance.Irradiance.time_erbs": {"result": [0.01266971230506897], "stats": [{"ci_99": [0.01190940197557211, 0.013078724034130573], "q_25": 0.012464389204978943, "q_75": 0.01277604466304183, "min": 0.01190940197557211, "max": 0.013078724034130573, "mean": 0.012614616472274066, "std": 0.00031594902145937946, "repeat": 10, "number": 1}]}, "irradiance.Irradiance.time_get_extra_radiation": {"result": [0.002661612001247704], "stats": [{"ci_99": [0.0026246130000799894, 0.0027041459688916802], "q_25": 0.0026530564355198294, "q_75": 0.002680127858184278, "min": 0.0026246130000799894, "max": 0.0027041459688916802, "mean": 0.002664085477590561, "std": 2.2442877235147543e-05, "repeat": 10, "number": 4}]}, "irradiance.Irradiance.time_get_ground_diffuse": {"result": [0.0005400384543463588], "stats": [{"ci_99": [0.0005115124448719951, 0.0005775066092610359], "q_25": 0.0005353667656891048, "q_75": 0.0005670481477864087, "min": 0.0005115124448719951, "max": 0.0005775066092610359, "mean": 0.0005475262697372172, "std": 2.0125329943058123e-05, "repeat": 10, "number": 18}]}, "irradiance.Irradiance.time_get_total_irradiance": {"result": [0.005417133215814829], "stats": [{"ci_99": [0.005362228024750948, 0.0056276144459843636], "q_25": 0.005386568955145776, "q_75": 0.005576622323133051, "min": 0.005362228024750948, "max": 0.0056276144459843636, "mean": 0.005469836061820388, "std": 9.945519153452667e-05, "repeat": 10, "number": 2}]}, "location.Location.time_location_get_airmass": {"result": [0.0014210717636160553], "stats": [{"ci_99": [0.0014091137563809752, 0.0014384548994712532], "q_25": 0.0014154225791571662, "q_75": 0.0014256891590775922, "min": 0.0014091137563809752, "max": 0.0014384548994712532, "mean": 0.0014217815245501698, "std": 8.716401272747903e-06, "repeat": 10, "number": 8}]}, "location.Location.time_location_get_clearsky": {"result": [0.012803472578525543], "stats": [{"ci_99": [0.012213856913149357, 0.012992025818675756], "q_25": 0.01230206887703389, "q_75": 0.012838026392273605, "min": 0.012213856913149357, "max": 0.012992025818675756, "mean": 0.012637757370248437, "std": 0.00029461692497294404, "repeat": 10, "number": 1}]}, "location.Location.time_location_get_solarposition": {"result": [0.017723283963277936], "stats": [{"ci_99": [0.017585327848792076, 0.01781144132837653], "q_25": 0.01769877038896084, "q_75": 0.017750822007656097, "min": 0.017585327848792076, "max": 0.01781144132837653, "mean": 0.017722858441993596, "std": 5.9092147670782e-05, "repeat": 10, "number": 1}]}, "location.Location_0_6_1.time_location_get_sun_rise_set_transit_pyephem": NaN, "location.Location_0_6_1.time_location_get_sun_rise_set_transit_spa": NaN, "solarposition.SolarPosition.time_ephemeris": {"result": [0.024916195776313543], "stats": [{"ci_99": [0.0240320460870862, 0.026048202998936176], "q_25": 0.02447552199009806, "q_75": 0.02529538399539888, "min": 0.0240320460870862, "max": 0.026048202998936176, "mean": 0.024965431448072194, "std": 0.0006162389222119005, "repeat": 10, "number": 1}]}, "solarposition.SolarPosition.time_ephemeris_localized": {"result": [0.025977025041356683], "stats": [{"ci_99": [0.02507416531443596, 0.026792564895004034], "q_25": 0.025220885989256203, "q_75": 0.026546076056547463, "min": 0.02507416531443596, "max": 0.026792564895004034, "mean": 0.025922912172973156, "std": 0.00068741861323395, "repeat": 10, "number": 1}]}, "solarposition.SolarPosition.time_nrel_earthsun_distance": {"result": [0.02405264344997704], "stats": [{"ci_99": [0.023442149627953768, 0.024184982758015394], "q_25": 0.02401650627143681, "q_75": 0.024086320656351745, "min": 0.023442149627953768, "max": 0.024184982758015394, "mean": 0.023996642651036383, "std": 0.0001961338333080012, "repeat": 10, "number": 1}]}, "solarposition.SolarPosition.time_spa_python": {"result": [0.028389655519276857], "stats": [{"ci_99": [0.028170788660645485, 0.029034470207989216], "q_25": 0.02829524758271873, "q_75": 0.0285033721011132, "min": 0.028170788660645485, "max": 0.029034470207989216, "mean": 0.028452339163050056, "std": 0.00023761826350358973, "repeat": 10, "number": 1}]}, "solarposition.SolarPosition.time_sun_rise_set_transit_spa": {"result": [0.04927565646357834], "stats": [{"ci_99": [0.04894681693986058, 0.049998123198747635], "q_25": 0.04922478552907705, "q_75": 0.049454098334535956, "min": 0.04894681693986058, "max": 0.049998123198747635, "mean": 0.049376014666631815, "std": 0.00028352718515905107, "repeat": 10, "number": 1}]}, "temperature.Fuentes.time_fuentes": NaN, "temperature.SAPM.time_sapm_cell": {"result": [0.002082640926043193], "stats": [{"ci_99": [0.0020440586376935244, 0.0022098933501789966], "q_25": 0.002066063170786947, "q_75": 0.0021820190207411847, "min": 0.0020440586376935244, "max": 0.0022098933501789966, "mean": 0.0021160803114374477, "std": 6.156119420748152e-05, "repeat": 10, "number": 6}]}, "tracking.SingleAxis.time_singleaxis": {"result": [0.006497451802715659], "stats": [{"ci_99": [0.0062130773440003395, 0.007044075522571802], "q_25": 0.006330548319965601, "q_75": 0.006722243211697787, "min": 0.0062130773440003395, "max": 0.007044075522571802, "mean": 0.00655172981787473, "std": 0.0002637633531637719, "repeat": 10, "number": 2}]}, "tracking.SingleAxis.time_tracker_singleaxis": {"result": [0.006437468342483044], "stats": [{"ci_99": [0.0062846781220287085, 0.007049419917166233], "q_25": 0.006362241460010409, "q_75": 0.006642200285568833, "min": 0.0062846781220287085, "max": 0.007049419917166233, "mean": 0.006532426504418254, "std": 0.0002329081781583052, "repeat": 10, "number": 2}]}}, "params": {"arch": "x86_64", "cpu": "Intel Xeon Processor (Skylake, IBRS)", "machine": "pvlib-asv.forecasting.energy.arizona.edu", "num_cpu": "4", "os": "Linux 5.7.8-200.fc32.x86_64", "ram": "8145244", "python": "3.8", "numpy": "", "pandas": "", "scipy": "", "pytables": "", "ephem": ""}, "requirements": {"numpy": "", "pandas": "", "scipy": "", "pytables": "", "ephem": ""}, "commit_hash": "4538befdc7b7e8be2b2f42bc6ec849b37b844b95", "date": 1539110173000, "env_name": "conda-py3.8-ephem-numpy-pandas-pytables-scipy", "python": "3.8", "profiles": {}, "started_at": {"irradiance.Irradiance.time_aoi": 1599806787689, "irradiance.Irradiance.time_aoi_projection": 1599806789545,