{"results": {"irradiance.Irradiance.time_aoi": {"result": [0.0023625675123184918], "stats": [{"ci_99": [0.002329930569976568, 0.0023840967565774917], "q_25": 0.002335930080153048, "q_75": 0.002375877113081515, "min": 0.002329930569976568, "max": 0.0023840967565774917, "mean": 0.002357887467369437, "std": 2.0557023470347956e-05, "repeat": 10, "number": 5}]}, "irradiance.Irradiance.time_aoi_projection": {"result": [0.0021551952231675386], "stats": [{"ci_99": [0.0021341651678085326, 0.0022010738030076027], "q_25": 0.002146173734217882, "q_75": 0.002162395208142698, "min": 0.0021341651678085326, "max": 0.0022010738030076027, "mean": 0.002158109452575445, "std": 1.8369591054683115e-05, "repeat": 10, "number": 5}]}, "irradiance.Irradiance.time_dirindex": {"result": [0.06522316904738545], "stats": [{"ci_99": [0.06371748214587569, 0.0762802129611373], "q_25": 0.06476163386832923, "q_75": 0.06688207376282662, "min": 0.06371748214587569, "max": 0.0762802129611373, "mean": 0.06719921692274511, "std": 0.00428788698157699, "repeat": 10, "number": 1}]}, "irradiance.Irradiance.time_dirint": {"result": [0.03209440293721855], "stats": [{"ci_99": [0.03160963300615549, 0.03248927416279912], "q_25": 0.03185341681819409, "q_75": 0.03235339466482401, "min": 0.03160963300615549, "max": 0.03248927416279912, "mean": 0.03208715626969934, "std": 0.00028952742203693804, "repeat": 10, "number": 1}]}, "irradiance.Irradiance.time_disc": {"result": [0.012581223621964455], "stats": [{"ci_99": [0.012153281830251217, 0.012998524121940136], "q_25": 0.0122607167577371, "q_75": 0.012700763996690512, "min": 0.012153281830251217, "max": 0.012998524121940136, "mean": 0.012535805907100439, "std": 0.00029266422977915554, "repeat": 10, "number": 1}]}, "irradiance.Irradiance.time_erbs": {"result": [0.006764161866158247], "stats": [{"ci_99": [0.006731314118951559, 0.006996358511969447], "q_25": 0.006747055507730693, "q_75": 0.006873603444546461, "min": 0.006731314118951559, "max": 0.006996358511969447, "mean": 0.0068126256112009285, "std": 8.604363006364923e-05, "repeat": 10, "number": 2}]}, "irradiance.Irradiance.time_get_extra_radiation": {"result": [0.0005349430837668478], "stats": [{"ci_99": [0.0005261355545371771, 0.0005406492389738559], "q_25": 0.0005312511522788554, "q_75": 0.000538673042319715, "min": 0.0005261355545371771, "max": 0.0005406492389738559, "mean": 0.0005346045014448464, "std": 4.488897551779981e-06, "repeat": 10, "number": 20}]}, "irradiance.Irradiance.time_get_ground_diffuse": {"result": [0.00035128186667157755], "stats": [{"ci_99": [0.0003477106051098916, 0.0003691323161605866], "q_25": 0.0003500104498779101, "q_75": 0.00036065769006287865, "min": 0.0003477106051098916, "max": 0.0003691323161605866, "mean": 0.00035548216152575713, "std": 7.219256519309124e-06, "repeat": 10, "number": 31}]}, "irradiance.Irradiance.time_get_total_irradiance": {"result": [0.004577901757632693], "stats": [{"ci_99": [0.004518405379106601, 0.004633412696421146], "q_25": 0.004570680631635089, "q_75": 0.004595085318821172, "min": 0.004518405379106601, "max": 0.004633412696421146, "mean": 0.004579754530762632, "std": 3.4219526878480093e-05, "repeat": 10, "number": 3}]}, "location.Location.time_location_get_airmass": {"result": [0.0013757500855717808], "stats": [{"ci_99": [0.0013663384597748518, 0.0014084508293308318], "q_25": 0.0013695399975404143, "q_75": 0.0013788146898150444, "min": 0.0013663384597748518, "max": 0.0014084508293308318, "mean": 0.0013781199930235743, "std": 1.2412855603025984e-05, "repeat": 10, "number": 8}]}, "location.Location.time_location_get_clearsky": {"result": [0.009328001062385738], "stats": [{"ci_99": [0.009005135856568813, 0.009384030010551214], "q_25": 0.009252342104446143, "q_75": 0.009361479722429067, "min": 0.009005135856568813, "max": 0.009384030010551214, "mean": 0.009269974147900938, "std": 0.00013628092204758847, "repeat": 10, "number": 2}]}, "location.Location.time_location_get_solarposition": {"result": [0.014983621891587973], "stats": [{"ci_99": [0.01492675207555294, 0.015078228898346424], "q_25": 0.014965637004934251, "q_75": 0.015040051657706499, "min": 0.01492675207555294, "max": 0.015078228898346424, "mean": 0.014999527437612414, "std": 4.69294429171306e-05, "repeat": 10, "number": 1}]}, "location.Location_0_6_1.time_location_get_sun_rise_set_transit_pyephem": NaN, "location.Location_0_6_1.time_location_get_sun_rise_set_transit_spa": NaN, "solarposition.SolarPosition.time_ephemeris": {"result": [0.018290185369551182], "stats": [{"ci_99": [0.018079679924994707, 0.018464661668986082], "q_25": 0.01811015186831355, "q_75": 0.018371035810559988, "min": 0.018079679924994707, "max": 0.018464661668986082, "mean": 0.01825641104951501, "std": 0.00013570283382855822, "repeat": 10, "number": 1}]}, "solarposition.SolarPosition.time_ephemeris_localized": {"result": [0.018245908664539456], "stats": [{"ci_99": [0.018083639908581972, 0.018880868330597878], "q_25": 0.018122318666428328, "q_75": 0.018435173900797963, "min": 0.018083639908581972, "max": 0.018880868330597878, "mean": 0.018317655986174942, "std": 0.00023811214714049647, "repeat": 10, "number": 1}]}, "solarposition.SolarPosition.time_nrel_earthsun_distance": {"result": [0.022651755949482322], "stats": [{"ci_99": [0.022571411915123463, 0.022688657976686954], "q_25": 0.022623544791713357, "q_75": 0.02265837008599192, "min": 0.022571411915123463, "max": 0.022688657976686954, "mean": 0.022640368342399596, "std": 3.227825857069665e-05, "repeat": 10, "number": 1}]}, "solarposition.SolarPosition.time_spa_python": {"result": [0.025699790101498365], "stats": [{"ci_99": [0.02566160401329398, 0.02579408697783947], "q_25": 0.025692559778690338, "q_75": 0.025756277609616518, "min": 0.02566160401329398, "max": 0.02579408697783947, "mean": 0.02571725700981915, "std": 4.417260316475737e-05, "repeat": 10, "number": 1}]}, "solarposition.SolarPosition.time_sun_rise_set_transit_spa": {"result": [0.03755274950526655], "stats": [{"ci_99": [0.03736544819548726, 0.037703467067331076], "q_25": 0.03745212941430509, "q_75": 0.03756069124210626, "min": 0.03736544819548726, "max": 0.037703467067331076, "mean": 0.037527508148923513, "std": 0.00010462301757169963, "repeat": 10, "number": 1}]}, "temperature.Fuentes.time_fuentes": NaN, "temperature.SAPM.time_sapm_cell": {"result": [0.0016407190289880547], "stats": [{"ci_99": [0.0015897764159100397, 0.0016726902686059475], "q_25": 0.0016151177530576077, "q_75": 0.0016426833878670421, "min": 0.0015897764159100397, "max": 0.0016726902686059475, "mean": 0.0016321783286652395, "std": 2.280066937761858e-05, "repeat": 10, "number": 7}]}, "tracking.SingleAxis.time_singleaxis": {"result": [0.018647970631718636], "stats": [{"ci_99": [0.016643413808196783, 0.02025428367778659], "q_25": 0.01728777843527496, "q_75": 0.019101069658063352, "min": 0.016643413808196783, "max": 0.02025428367778659, "mean": 0.018350480310618877, "std": 0.0011590241988514692, "repeat": 10, "number": 1}]}, "tracking.SingleAxis.time_tracker_singleaxis": {"result": [0.017757727298885584], "stats": [{"ci_99": [0.01577160833403468, 0.021205544006079435], "q_25": 0.01725961861666292, "q_75": 0.019189788727089763, "min": 0.01577160833403468, "max": 0.021205544006079435, "mean": 0.018128973245620728, "std": 0.0015318933107677664, "repeat": 10, "number": 1}]}}, "params": {"arch": "x86_64", "cpu": "Intel Xeon Processor (Skylake, IBRS)", "machine": "pvlib-asv.forecasting.energy.arizona.edu", "num_cpu": "4", "os": "Linux 5.7.8-200.fc32.x86_64", "ram": "8145244", "python": "3.6", "numpy": "1.12.0", "pandas": "0.22.0", "scipy": "1.2.0", "pytables": "3.6.1", "ephem": "3.7.6.0"}, "requirements": {"numpy": "1.12.0", "pandas": "0.22.0", "scipy": "1.2.0", "pytables": "3.6.1", "ephem": "3.7.6.0"}, "commit_hash": "4538befdc7b7e8be2b2f42bc6ec849b37b844b95", "date": 1539110173000, "env_name": "conda-py3.6-ephem3.7.6.0-numpy1.12.0-pandas0.22.0-pytables3.6.1-scipy1.2.0", "python": "3.6", "profiles": {},