{"results": {"irradiance.Irradiance.time_aoi": {"result": [0.0023686615750193596], "stats": [{"ci_99": [0.0023442748002707957, 0.002397934999316931], "q_25": 0.002360766171477735, "q_75": 0.0023817068431526423, "min": 0.0023442748002707957, "max": 0.002397934999316931, "mean": 0.0023712559044361116, "std": 1.5592549890576283e-05, "repeat": 10, "number": 5}]}, "irradiance.Irradiance.time_aoi_projection": {"result": [0.0021603150293231007], "stats": [{"ci_99": [0.0021428109146654608, 0.0021788385696709157], "q_25": 0.002153537445701659, "q_75": 0.0021694312803447247, "min": 0.0021428109146654608, "max": 0.0021788385696709157, "mean": 0.0021608332451432946, "std": 1.1393791628864609e-05, "repeat": 10, "number": 5}]}, "irradiance.Irradiance.time_dirindex": {"result": [0.06440873723477125], "stats": [{"ci_99": [0.06397485500201583, 0.06691910279914737], "q_25": 0.0641539094503969, "q_75": 0.06465615576598793, "min": 0.06397485500201583, "max": 0.06691910279914737, "mean": 0.06465715188533068, "std": 0.0008188008412977189, "repeat": 10, "number": 1}]}, "irradiance.Irradiance.time_dirint": {"result": [0.03206988866440952], "stats": [{"ci_99": [0.031569293700158596, 0.03264023922383785], "q_25": 0.03178688290063292, "q_75": 0.03228842234238982, "min": 0.031569293700158596, "max": 0.03264023922383785, "mean": 0.03207175359129906, "std": 0.0003503707934255037, "repeat": 10, "number": 1}]}, "irradiance.Irradiance.time_disc": {"result": [0.012320972513407469], "stats": [{"ci_99": [0.012019953690469265, 0.012769068125635386], "q_25": 0.012202337151393294, "q_75": 0.012515497044660151, "min": 0.012019953690469265, "max": 0.012769068125635386, "mean": 0.012363263685256243, "std": 0.00022522440145018136, "repeat": 10, "number": 1}]}, "irradiance.Irradiance.time_erbs": {"result": [0.007313718553632498], "stats": [{"ci_99": [0.007192778401076794, 0.007461923640221357], "q_25": 0.0072850469732657075, "q_75": 0.007346585742197931, "min": 0.007192778401076794, "max": 0.007461923640221357, "mean": 0.007317682448774576, "std": 7.180062812585866e-05, "repeat": 10, "number": 2}]}, "irradiance.Irradiance.time_get_extra_radiation": {"result": [0.0005365532473661005], "stats": [{"ci_99": [0.0005336853908374905, 0.0005468125920742751], "q_25": 0.0005345775978639723, "q_75": 0.0005404904019087553, "min": 0.0005336853908374905, "max": 0.0005468125920742751, "mean": 0.0005378246260806917, "std": 3.98913542207261e-06, "repeat": 10, "number": 20}]}, "irradiance.Irradiance.time_get_ground_diffuse": {"result": [0.0003518408474822839], "stats": [{"ci_99": [0.00032458522667487463, 0.00036177410123248895], "q_25": 0.00034379879167924324, "q_75": 0.00035573865752667186, "min": 0.00032458522667487463, "max": 0.00036177410123248895, "mean": 0.0003482222013796369, "std": 1.2371131485723304e-05, "repeat": 10, "number": 30}]}, "irradiance.Irradiance.time_get_total_irradiance": {"result": [0.004518327536061406], "stats": [{"ci_99": [0.004431706232329209, 0.004639645417531331], "q_25": 0.004443470427456002, "q_75": 0.004549910391991337, "min": 0.004431706232329209, "max": 0.004639645417531331, "mean": 0.0045101918745785955, "std": 6.49097702613897e-05, "repeat": 10, "number": 3}]}, "location.Location.time_location_get_airmass": {"result": [0.001360403111902997], "stats": [{"ci_99": [0.001352395978756249, 0.0013916692114435136], "q_25": 0.001358670531772077, "q_75": 0.0013726094621233642, "min": 0.001352395978756249, "max": 0.0013916692114435136, "mean": 0.0013661745819263161, "std": 1.175173274141393e-05, "repeat": 10, "number": 8}]}, "location.Location.time_location_get_clearsky": {"result": [0.0093088133726269], "stats": [{"ci_99": [0.009061310905963182, 0.009578404016792774], "q_25": 0.009154995204880834, "q_75": 0.009352600376587361, "min": 0.009061310905963182, "max": 0.009578404016792774, "mean": 0.009273691056296229, "std": 0.00015292311116281922, "repeat": 10, "number": 2}]}, "location.Location.time_location_get_solarposition": {"result": [0.015042151091620326], "stats": [{"ci_99": [0.014972459990531206, 0.015183070208877325], "q_25": 0.015013541094958782, "q_75": 0.015068339533172548, "min": 0.014972459990531206, "max": 0.015183070208877325, "mean": 0.015048896428197622, "std": 5.660980371341794e-05, "repeat": 10, "number": 1}]}, "location.Location_0_6_1.time_location_get_sun_rise_set_transit_pyephem": {"result": [0.18019698490388691], "stats": [{"ci_99": [0.17833973187953234, 0.18075516121461987], "q_25": 0.17990907246712595, "q_75": 0.1805545116076246, "min": 0.17833973187953234, "max": 0.18075516121461987, "mean": 0.18009673887863756, "std": 0.0006665342060970469, "repeat": 10, "number": 1}]}, "location.Location_0_6_1.time_location_get_sun_rise_set_transit_spa": {"result": [0.033055420499294996], "stats": [{"ci_99": [0.0325263449922204, 0.03323281230404973], "q_25": 0.03299322724342346, "q_75": 0.03312436689157039, "min": 0.0325263449922204, "max": 0.03323281230404973, "mean": 0.033019887562841174, "std": 0.00018277469007287959, "repeat": 10, "number": 1}]}, "solarposition.SolarPosition.time_ephemeris": {"result": [0.018318367889150977], "stats": [{"ci_99": [0.018086723051965237, 0.018902067095041275], "q_25": 0.01824984373524785, "q_75": 0.018672593287192285, "min": 0.018086723051965237, "max": 0.018902067095041275, "mean": 0.018436064990237356, "std": 0.0002742357065498955, "repeat": 10, "number": 1}]}, "solarposition.SolarPosition.time_ephemeris_localized": {"result": [0.018261624267324805], "stats": [{"ci_99": [0.01804525824263692, 0.019026714842766523], "q_25": 0.01820241112727672, "q_75": 0.0186898335814476, "min": 0.01804525824263692, "max": 0.019026714842766523, "mean": 0.018430828209966423, "std": 0.000306471811117784, "repeat": 10, "number": 1}]}, "solarposition.SolarPosition.time_nrel_earthsun_distance": {"result": [0.022722730413079262], "stats": [{"ci_99": [0.022621520794928074, 0.02294602384790778], "q_25": 0.022664488875307143, "q_75": 0.02274077944457531, "min": 0.022621520794928074, "max": 0.02294602384790778, "mean": 0.022726826881989837, "std": 8.61644178968472e-05, "repeat": 10, "number": 1}]}, "solarposition.SolarPosition.time_spa_python": {"result": [0.02526592114008963], "stats": [{"ci_99": [0.025161819998174906, 0.0257441820576787], "q_25": 0.025204357341863215, "q_75": 0.025389572838321328, "min": 0.025161819998174906, "max": 0.0257441820576787, "mean": 0.025351411662995815, "std": 0.00020570305231531222, "repeat": 10, "number": 1}]}, "solarposition.SolarPosition.time_sun_rise_set_transit_spa": {"result": [0.03797015896998346], "stats": [{"ci_99": [0.037776026874780655, 0.038087093736976385], "q_25": 0.037939746980555356, "q_75": 0.038022109773010015, "min": 0.037776026874780655, "max": 0.038087093736976385, "mean": 0.0379608154296875, "std": 9.114845624932669e-05, "repeat": 10, "number": 1}]}, "temperature.Fuentes.time_fuentes": NaN, "temperature.SAPM.time_sapm_cell": {"result": [0.0016275795974901744], "stats": [{"ci_99": [0.0016088996614728654, 0.0016445574084562914], "q_25": 0.001615369143629713, "q_75": 0.001641422959177622, "min": 0.0016088996614728654, "max": 0.0016445574084562914, "mean": 0.0016278163463409458, "std": 1.3415822647873963e-05, "repeat": 10, "number": 7}]}, "tracking.SingleAxis.time_singleaxis": {"result": [0.021276690997183323], "stats": [{"ci_99": [0.0177862117998302, 0.021715576760470867], "q_25": 0.01970040367450565, "q_75": 0.02153484837617725, "min": 0.0177862117998302, "max": 0.021715576760470867, "mean": 0.020601225178688766, "std": 0.0012433939120026212, "repeat": 10, "number": 1}]}, "tracking.SingleAxis.time_tracker_singleaxis": {"result": [0.021446425933390856], "stats": [{"ci_99": [0.01932399533689022, 0.024643289856612682], "q_25": 0.020440890220925212, "q_75": 0.02173582569230348, "min": 0.01932399533689022, "max": 0.024643289856612682, "mean": 0.021408792398869992, "std": 0.0015463112614227167, "repeat": 10, "number": 1}]}}, "params": {"arch": "x86_64", "cpu": "Intel Xeon Processor (Skylake, IBRS)",