{"results": {"irradiance.Irradiance.time_aoi": {"result": [0.0023592313285917045], "stats": [{"ci_99": [0.002294519916176796, 0.0025449898093938828], "q_25": 0.002310692705214024, "q_75": 0.002394976653158665, "min": 0.002294519916176796, "max": 0.0025449898093938828, "mean": 0.0023726791609078647, "std": 7.621673764425449e-05, "repeat": 10, "number": 5}]}, "irradiance.Irradiance.time_aoi_projection": {"result": [0.0021181325893849133], "stats": [{"ci_99": [0.002092827204614878, 0.002182571217417717], "q_25": 0.0021031967597082255, "q_75": 0.002140770526602864, "min": 0.002092827204614878, "max": 0.002182571217417717, "mean": 0.002128063933923841, "std": 3.120111056869106e-05, "repeat": 10, "number": 5}]}, "irradiance.Irradiance.time_dirindex": {"result": [0.0647526120301336], "stats": [{"ci_99": [0.06353611405938864, 0.06610753713175654], "q_25": 0.06403633125592023, "q_75": 0.06520875473506749, "min": 0.06353611405938864, "max": 0.06610753713175654, "mean": 0.06475175525993108, "std": 0.0008311076314049584, "repeat": 10, "number": 1}]}, "irradiance.Irradiance.time_dirint": {"result": [0.03240743139758706], "stats": [{"ci_99": [0.03209387697279453, 0.034907275810837746], "q_25": 0.03222314082086086, "q_75": 0.033325481112115085, "min": 0.03209387697279453, "max": 0.034907275810837746, "mean": 0.032951047038659455, "std": 0.0009865147356702363, "repeat": 10, "number": 1}]}, "irradiance.Irradiance.time_disc": {"result": [0.012468246743083], "stats": [{"ci_99": [0.012358773965388536, 0.013613821938633919], "q_25": 0.01242181146517396, "q_75": 0.012607433251105249, "min": 0.012358773965388536, "max": 0.013613821938633919, "mean": 0.012643218412995339, "std": 0.00038308035849638774, "repeat": 10, "number": 1}]}, "irradiance.Irradiance.time_erbs": {"result": [0.006681154482066631], "stats": [{"ci_99": [0.0065859544556587934, 0.006758941570296884], "q_25": 0.006653399032074958, "q_75": 0.0067104093614034355, "min": 0.0065859544556587934, "max": 0.006758941570296884, "mean": 0.00667661945335567, "std": 5.2107502634647677e-05, "repeat": 10, "number": 2}]}, "irradiance.Irradiance.time_get_extra_radiation": {"result": [0.0005301634198985993], "stats": [{"ci_99": [0.0005213962867856026, 0.0005484552355483174], "q_25": 0.0005275913630612195, "q_75": 0.0005315990478266031, "min": 0.0005213962867856026, "max": 0.0005484552355483174, "mean": 0.0005322031700052321, "std": 8.074824463114009e-06, "repeat": 10, "number": 20}]}, "irradiance.Irradiance.time_get_ground_diffuse": {"result": [0.00033185662537374915], "stats": [{"ci_99": [0.00032310856177526363, 0.0003548762350178817], "q_25": 0.000328114817795508, "q_75": 0.00034808217862840085, "min": 0.00032310856177526363, "max": 0.0003548762350178817, "mean": 0.00033670636030900126, "std": 1.1581852758227391e-05, "repeat": 10, "number": 34}]}, "irradiance.Irradiance.time_get_total_irradiance": {"result": [0.0045184936219205465], "stats": [{"ci_99": [0.004484773923953374, 0.004924753059943517], "q_25": 0.004508607943231861, "q_75": 0.004567207458118598, "min": 0.004484773923953374, "max": 0.004924753059943517, "mean": 0.004600438149645924, "std": 0.00015941229498003833, "repeat": 10, "number": 3}]}, "location.Location.time_location_get_airmass": {"result": [0.0013584302505478263], "stats": [{"ci_99": [0.0013415066059678793, 0.0014020811067894101], "q_25": 0.0013490332494257018, "q_75": 0.0013762338639935479, "min": 0.0013415066059678793, "max": 0.0014020811067894101, "mean": 0.0013634057657327503, "std": 1.8407960846139918e-05, "repeat": 10, "number": 8}]}, "location.Location.time_location_get_clearsky": {"result": [0.009159896289929748], "stats": [{"ci_99": [0.008975789416581392, 0.009397582150995731], "q_25": 0.00901866052299738, "q_75": 0.00931775983190164, "min": 0.008975789416581392, "max": 0.009397582150995731, "mean": 0.009169131796807051, "std": 0.000164116358268713, "repeat": 10, "number": 2}]}, "location.Location.time_location_get_solarposition": {"result": [0.015064762439578772], "stats": [{"ci_99": [0.014975811820477247, 0.01511291228234768], "q_25": 0.015035139629617333, "q_75": 0.015085068182088435, "min": 0.014975811820477247, "max": 0.01511291228234768, "mean": 0.015053618280217052, "std": 4.39659913819967e-05, "repeat": 10, "number": 1}]}, "location.Location_0_6_1.time_location_get_sun_rise_set_transit_pyephem": NaN, "location.Location_0_6_1.time_location_get_sun_rise_set_transit_spa": NaN, "solarposition.SolarPosition.time_ephemeris": {"result": [0.018342888448387384], "stats": [{"ci_99": [0.01805823901668191, 0.018732001073658466], "q_25": 0.01827230246271938, "q_75": 0.0185197324026376, "min": 0.01805823901668191, "max": 0.018732001073658466, "mean": 0.018383305007591843, "std": 0.0001965028860408281, "repeat": 10, "number": 1}]}, "solarposition.SolarPosition.time_ephemeris_localized": {"result": [0.018305149395018816], "stats": [{"ci_99": [0.01806503487750888, 0.0185526548884809], "q_25": 0.01816699537448585, "q_75": 0.018451893934980035, "min": 0.01806503487750888, "max": 0.0185526548884809, "mean": 0.018306652456521987, "std": 0.00016170887260177235, "repeat": 10, "number": 1}]}, "solarposition.SolarPosition.time_nrel_earthsun_distance": {"result": [0.022728440584614873], "stats": [{"ci_99": [0.0227168588899076, 0.023194992914795876], "q_25": 0.022722432389855385, "q_75": 0.02284412574954331, "min": 0.0227168588899076, "max": 0.023194992914795876, "mean": 0.02283666334114969, "std": 0.00017697604489110773, "repeat": 10, "number": 1}]}, "solarposition.SolarPosition.time_spa_python": {"result": [0.025702389422804117], "stats": [{"ci_99": [0.02567046182230115, 0.02618303196504712], "q_25": 0.025688005494885147, "q_75": 0.025723523925989866, "min": 0.02567046182230115, "max": 0.02618303196504712, "mean": 0.02578983036801219, "std": 0.00018635706733582326, "repeat": 10, "number": 1}]}, "solarposition.SolarPosition.time_sun_rise_set_transit_spa": {"result": [0.03772812336683273], "stats": [{"ci_99": [0.037389704026281834, 0.03791340813040733], "q_25": 0.037536404212005436, "q_75": 0.037810741807334125, "min": 0.037389704026281834, "max": 0.03791340813040733, "mean": 0.03768310560844838, "std": 0.00016573101969413254, "repeat": 10, "number": 1}]}, "temperature.Fuentes.time_fuentes": NaN, "temperature.SAPM.time_sapm_cell": {"result": [0.0016322528743850334], "stats": [{"ci_99": [0.0016059606069965021, 0.0016620366035827569], "q_25": 0.001613830598736448, "q_75": 0.0016425967582368425, "min": 0.0016059606069965021, "max": 0.0016620366035827569, "mean": 0.0016298517252185517, "std": 1.7779292971083476e-05, "repeat": 10, "number": 7}]}, "tracking.SingleAxis.time_singleaxis": {"result": [0.036188262049108744], "stats": [{"ci_99": [0.034917704295367, 0.03918080823495984], "q_25": 0.035295639536343515, "q_75": 0.038187548401765525, "min": 0.034917704295367, "max": 0.03918080823495984, "mean": 0.036679796129465106, "std": 0.0015344182756141052, "repeat": 10, "number": 1}]}, "tracking.SingleAxis.time_tracker_singleaxis": {"result": [0.036874371115118265], "stats": [{"ci_99": [0.034954373724758625, 0.038985699880868196], "q_25": 0.0357031716266647, "q_75": 0.037700120359659195, "min": 0.034954373724758625, "max": 0.038985699880868196, "mean": 0.036842440534383056, "std": 0.001291043029380461, "repeat": 10, "number": 1}]}}, "params": {"arch": "x86_64", "cpu": "Intel Xeon Processor (Skylake, IBRS)", "machine": "pvlib-asv.forecasting.energy.arizona.edu", "num_cpu": "4", "os": "Linux 5.7.8-200.fc32.x86_64", "ram": "8145244", "python": "3.6", "numpy": "1.12.0", "pandas": "0.22.0", "scipy": "1.2.0", "pytables": "3.6.1", "ephem": "3.7.6.0"}, "requirements": {"numpy": "1.12.0", "pandas": "0.22.0", "scipy": "1.2.0", "pytables": "3.6.1", "ephem": "3.7.6.0"}, "commit_hash": "487cdb91824da2878d0669d468009ab659926786", "date": 1534639222000, "env_name": "conda-py3.6-ephem3.7.6.0-numpy1.12.0-pandas0.22.0-pytables3.6.1-scipy1.2.0", "python": "3.6", "profiles": {}, "started_at": {"irradiance.Irradiance.time_aoi": 1599833963443,