{"results": {"irradiance.Irradiance.time_aoi": {"result": [0.0024162384681403635], "stats": [{"ci_99": [0.002363880816847086, 0.002455804590135813], "q_25": 0.0023909082170575856, "q_75": 0.002427116991020739, "min": 0.002363880816847086, "max": 0.002455804590135813, "mean": 0.0024107467103749516, "std": 2.6784391593859057e-05, "repeat": 10, "number": 5}]}, "irradiance.Irradiance.time_aoi_projection": {"result": [0.002161338971927762], "stats": [{"ci_99": [0.002090741600841284, 0.002415566053241491], "q_25": 0.0021509588696062565, "q_75": 0.0021772326435893774, "min": 0.002090741600841284, "max": 0.002415566053241491, "mean": 0.002200168510898948, "std": 9.955676298066592e-05, "repeat": 10, "number": 5}]}, "irradiance.Irradiance.time_dirindex": {"result": [0.06526620988734066], "stats": [{"ci_99": [0.06453547300770879, 0.06663115508854389], "q_25": 0.06506084685679525, "q_75": 0.06565061246510595, "min": 0.06453547300770879, "max": 0.06663115508854389, "mean": 0.06538916770368815, "std": 0.0005843128239498762, "repeat": 10, "number": 1}]}, "irradiance.Irradiance.time_dirint": {"result": [0.03224774752743542], "stats": [{"ci_99": [0.03155437717214227, 0.03558437107130885], "q_25": 0.031967072281986475, "q_75": 0.032941116951406, "min": 0.03155437717214227, "max": 0.03558437107130885, "mean": 0.032624695682898164, "std": 0.0011275720211973215, "repeat": 10, "number": 1}]}, "irradiance.Irradiance.time_disc": {"result": [0.013160646427422762], "stats": [{"ci_99": [0.012597377877682447, 0.014216123148798943], "q_25": 0.012878674897365272, "q_75": 0.013568433816544712, "min": 0.012597377877682447, "max": 0.014216123148798943, "mean": 0.01321817017160356, "std": 0.00048765937008206383, "repeat": 10, "number": 1}]}, "irradiance.Irradiance.time_erbs": {"result": [0.006968328263610601], "stats": [{"ci_99": [0.006626839051023126, 0.0071646354626864195], "q_25": 0.0068603031686507165, "q_75": 0.007082795025780797, "min": 0.006626839051023126, "max": 0.0071646354626864195, "mean": 0.006955115729942918, "std": 0.00015275219348525115, "repeat": 10, "number": 2}]}, "irradiance.Irradiance.time_get_extra_radiation": null, "irradiance.Irradiance.time_get_ground_diffuse": null, "irradiance.Irradiance.time_get_total_irradiance": null, "location.Location.time_location_get_airmass": {"result": [0.0040750287007540464], "stats": [{"ci_99": [0.003859767224639654, 0.00421372102573514], "q_25": 0.003936178904647629, "q_75": 0.004129141685552895, "min": 0.003859767224639654, "max": 0.00421372102573514, "mean": 0.004037803209697207, "std": 0.00011520353574450291, "repeat": 10, "number": 3}]}, "location.Location.time_location_get_clearsky": {"result": [0.4625469078309834], "stats": [{"ci_99": [0.4488892978988588, 0.4677464682608843], "q_25": 0.46149765572045, "q_75": 0.46481437736656517, "min": 0.4488892978988588, "max": 0.4677464682608843, "mean": 0.4613340338692069, "std": 0.005755908600945981, "repeat": 10, "number": 1}]}, "location.Location.time_location_get_solarposition": {"result": [0.015105647034943104], "stats": [{"ci_99": [0.015029401984065771, 0.01527205714955926], "q_25": 0.015061570098623633, "q_75": 0.015186043572612107, "min": 0.015029401984065771, "max": 0.01527205714955926, "mean": 0.015130776260048152, "std": 8.138418915768927e-05, "repeat": 10, "number": 1}]}, "location.Location_0_6_1.time_location_get_sun_rise_set_transit_pyephem": NaN, "location.Location_0_6_1.time_location_get_sun_rise_set_transit_spa": NaN, "solarposition.SolarPosition.time_ephemeris": {"result": [0.018404847476631403], "stats": [{"ci_99": [0.018164040055125952, 0.018907757941633463], "q_25": 0.018272790242917836, "q_75": 0.018542040372267365, "min": 0.018164040055125952, "max": 0.018907757941633463, "mean": 0.018458991777151823, "std": 0.0002416161428056341, "repeat": 10, "number": 1}]}, "solarposition.SolarPosition.time_ephemeris_localized": {"result": [0.21482052048668265], "stats": [{"ci_99": [0.21178703289479017, 0.22974162129685283], "q_25": 0.21333916927687824, "q_75": 0.21802618890069425, "min": 0.21178703289479017, "max": 0.22974162129685283, "mean": 0.21644516731612384, "std": 0.0049484040488484505, "repeat": 10, "number": 1}]}, "solarposition.SolarPosition.time_nrel_earthsun_distance": {"result": [0.02278511761687696], "stats": [{"ci_99": [0.022640787065029144, 0.022925040684640408], "q_25": 0.022722747642546892, "q_75": 0.022864873055368662, "min": 0.022640787065029144, "max": 0.022925040684640408, "mean": 0.022787204198539256, "std": 9.462105435679267e-05, "repeat": 10, "number": 1}]}, "solarposition.SolarPosition.time_spa_python": {"result": [0.02593749202787876], "stats": [{"ci_99": [0.025825259741395712, 0.026048766914755106], "q_25": 0.02588488580659032, "q_75": 0.02603644924238324, "min": 0.025825259741395712, "max": 0.026048766914755106, "mean": 0.025950902560725807, "std": 7.958972258862563e-05, "repeat": 10, "number": 1}]}, "solarposition.SolarPosition.time_sun_rise_set_transit_spa": {"result": [0.03817154001444578], "stats": [{"ci_99": [0.03758247895166278, 0.03861771710216999], "q_25": 0.037924192496575415, "q_75": 0.03830003389157355, "min": 0.03758247895166278, "max": 0.03861771710216999, "mean": 0.0381288283970207, "std": 0.00029049568991179446, "repeat": 10, "number": 1}]}, "temperature.Fuentes.time_fuentes": NaN, "temperature.SAPM.time_sapm_cell": {"result": [0.0016681364338312831], "stats": [{"ci_99": [0.0016459794049816473, 0.0017931835858949593], "q_25": 0.0016550898352371795, "q_75": 0.0017037990868889858, "min": 0.0016459794049816473, "max": 0.0017931835858949593, "mean": 0.0016849548555910587, "std": 4.2509863182689594e-05, "repeat": 10, "number": 7}]}, "tracking.SingleAxis.time_singleaxis": {"result": [0.025528623955324292], "stats": [{"ci_99": [0.024231274146586657, 0.02610025368630886], "q_25": 0.02510570304002613, "q_75": 0.025743281468749046, "min": 0.024231274146586657, "max": 0.02610025368630886, "mean": 0.025381210073828698, "std": 0.000538162591650206, "repeat": 10, "number": 1}]}, "tracking.SingleAxis.time_tracker_singleaxis": {"result": [0.026031760964542627], "stats": [{"ci_99": [0.025181685108691454, 0.026946510188281536], "q_25": 0.025449261418543756, "q_75": 0.026216174475848675, "min": 0.025181685108691454, "max": 0.026946510188281536, "mean": 0.02596939345821738, "std": 0.0006065290676182273, "repeat": 10, "number": 1}]}}, "params": {"arch": "x86_64", "cpu": "Intel Xeon Processor (Skylake, IBRS)", "machine": "pvlib-asv.forecasting.energy.arizona.edu", "num_cpu": "4", "os": "Linux 5.7.8-200.fc32.x86_64", "ram": "8145244", "python": "3.6", "numpy": "1.12.0", "pandas": "0.22.0", "scipy": "1.2.0", "pytables": "3.6.1", "ephem": "3.7.6.0"}, "requirements": {"numpy": "1.12.0", "pandas": "0.22.0", "scipy": "1.2.0", "pytables": "3.6.1", "ephem": "3.7.6.0"}, "commit_hash": "487e0e8a3d35fc482523c657f24bf740b5dbe360", "date": 1507308377000, "env_name": "conda-py3.6-ephem3.7.6.0-numpy1.12.0-pandas0.22.0-pytables3.6.1-scipy1.2.0", "python": "3.6", "profiles": {}, "started_at": {"irradiance.Irradiance.time_aoi": 1599839494147, "irradiance.Irradiance.time_aoi_projection": 1599839498907, "irradiance.Irradiance.time_dirindex": 1599839503719, "irradiance.Irradiance.time_dirint": 1599839508781, "irradiance.Irradiance.time_disc": 1599839513692, "irradiance.Irradiance.time_erbs": 1599839518603, "irradiance.Irradiance.time_get_extra_radiation": 1599839482966, "irradiance.Irradiance.time_get_ground_diffuse": 1599839483820, "irradiance.Irradiance.time_get_total_irradiance": 1599839484687, "location.Location.time_location_get_airmass": 1599839523315, "location.Location.time_location_get_clearsky": 1599839523618, "location.Location.time_location_get_solarposition": 1599839526626, "location.Location_0_6_1.time_location_get_sun_rise_set_transit_pyephem": 1599839526979, "location.Location_0_6_1.time_location_get_sun_rise_set_transit_spa": 1599839527032, "solarposition.SolarPosition.time_ephemeris": 1599839527084,