{"results": {"irradiance.Irradiance.time_aoi": {"result": [0.002188148722052574], "stats": [{"ci_99": [0.002158021554350853, 0.0022461713291704656], "q_25": 0.0021815431537106633, "q_75": 0.002231579879298806, "min": 0.002158021554350853, "max": 0.0022461713291704656, "mean": 0.0021999059431254864, "std": 3.073294059502693e-05, "repeat": 10, "number": 5}]}, "irradiance.Irradiance.time_aoi_projection": {"result": [0.0022042174823582172], "stats": [{"ci_99": [0.0021873259916901588, 0.0022675737738609312], "q_25": 0.002189978491514921, "q_75": 0.002235049940645695, "min": 0.0021873259916901588, "max": 0.0022675737738609312, "mean": 0.0022147295344620947, "std": 2.745158650344399e-05, "repeat": 10, "number": 5}]}, "irradiance.Irradiance.time_dirindex": {"result": [0.14666248997673392], "stats": [{"ci_99": [0.1440787771716714, 0.14864988578483462], "q_25": 0.14500717364717275, "q_75": 0.14738271804526448, "min": 0.1440787771716714, "max": 0.14864988578483462, "mean": 0.14630809146910906, "std": 0.001439074875584448, "repeat": 10, "number": 1}]}, "irradiance.Irradiance.time_dirint": {"result": [0.07343233237043023], "stats": [{"ci_99": [0.07213135808706284, 0.07448296388611197], "q_25": 0.07319382869172841, "q_75": 0.07395706092938781, "min": 0.07213135808706284, "max": 0.07448296388611197, "mean": 0.07347304252907634, "std": 0.0006612163836478698, "repeat": 10, "number": 1}]}, "irradiance.Irradiance.time_disc": {"result": [0.01957042538560927], "stats": [{"ci_99": [0.018164911307394505, 0.02033084398135543], "q_25": 0.019460274139419198, "q_75": 0.019627877743914723, "min": 0.018164911307394505, "max": 0.02033084398135543, "mean": 0.01938603282906115, "std": 0.0006215091707439267, "repeat": 10, "number": 1}]}, "irradiance.Irradiance.time_erbs": {"result": [0.012327228905633092], "stats": [{"ci_99": [0.011590627953410149, 0.012979921884834766], "q_25": 0.011681766016408801, "q_75": 0.012770000495947897, "min": 0.011590627953410149, "max": 0.012979921884834766, "mean": 0.012266667792573571, "std": 0.000569069363699893, "repeat": 10, "number": 1}]}, "irradiance.Irradiance.time_get_extra_radiation": null, "irradiance.Irradiance.time_get_ground_diffuse": null, "irradiance.Irradiance.time_get_total_irradiance": null, "location.Location.time_location_get_airmass": {"result": [0.005317215109243989], "stats": [{"ci_99": [0.00528537854552269, 0.005530420923605561], "q_25": 0.005306613980792463, "q_75": 0.00537528534187004, "min": 0.00528537854552269, "max": 0.005530420923605561, "mean": 0.005359325837343931, "std": 8.2928880252043e-05, "repeat": 10, "number": 2}]}, "location.Location.time_location_get_clearsky": {"result": [0.45191327296197414], "stats": [{"ci_99": [0.44823184702545404, 0.4632692229934037], "q_25": 0.4505367784295231, "q_75": 0.46153807709924877, "min": 0.44823184702545404, "max": 0.4632692229934037, "mean": 0.45507468190044165, "std": 0.005919721379497006, "repeat": 10, "number": 1}]}, "location.Location.time_location_get_solarposition": {"result": [0.017766275443136692], "stats": [{"ci_99": [0.017560293897986412, 0.017918001860380173], "q_25": 0.017688855878077447, "q_75": 0.017804216127842665, "min": 0.017560293897986412, "max": 0.017918001860380173, "mean": 0.017751464853063226, "std": 9.99384198121234e-05, "repeat": 10, "number": 1}]}, "location.Location_0_6_1.time_location_get_sun_rise_set_transit_pyephem": NaN, "location.Location_0_6_1.time_location_get_sun_rise_set_transit_spa": NaN, "solarposition.SolarPosition.time_ephemeris": {"result": [0.024969825986772776], "stats": [{"ci_99": [0.024175172671675682, 0.025482058059424162], "q_25": 0.024926746846176684, "q_75": 0.025192509056068957, "min": 0.024175172671675682, "max": 0.025482058059424162, "mean": 0.024985627457499503, "std": 0.0003526913633972248, "repeat": 10, "number": 1}]}, "solarposition.SolarPosition.time_ephemeris_localized": {"result": [0.24416963732801378], "stats": [{"ci_99": [0.24137615412473679, 0.24572128569707274], "q_25": 0.24351051822304726, "q_75": 0.2447646262589842, "min": 0.24137615412473679, "max": 0.24572128569707274, "mean": 0.24403651873581111, "std": 0.0011939259790845706, "repeat": 10, "number": 1}]}, "solarposition.SolarPosition.time_nrel_earthsun_distance": {"result": [0.023081433726474643], "stats": [{"ci_99": [0.023065581917762756, 0.023189178202301264], "q_25": 0.02306872676126659, "q_75": 0.023095380514860153, "min": 0.023065581917762756, "max": 0.023189178202301264, "mean": 0.023095555370673537, "std": 3.7953132944396615e-05, "repeat": 10, "number": 1}]}, "solarposition.SolarPosition.time_spa_python": {"result": [0.02837706613354385], "stats": [{"ci_99": [0.027969548013061285, 0.02912241220474243], "q_25": 0.028305459185503423, "q_75": 0.02879459923133254, "min": 0.027969548013061285, "max": 0.02912241220474243, "mean": 0.028503167303279044, "std": 0.0003433438356188385, "repeat": 10, "number": 1}]}, "solarposition.SolarPosition.time_sun_rise_set_transit_spa": {"result": [0.04889569594524801], "stats": [{"ci_99": [0.04868184821680188, 0.04977671708911657], "q_25": 0.0487806920427829, "q_75": 0.04904052056372166, "min": 0.04868184821680188, "max": 0.04977671708911657, "mean": 0.04901741528883576, "std": 0.0003490196759621929, "repeat": 10, "number": 1}]}, "temperature.Fuentes.time_fuentes": NaN, "temperature.SAPM.time_sapm_cell": {"result": [0.002254100749269128], "stats": [{"ci_99": [0.0022196163423359393, 0.0023204142227768896], "q_25": 0.0022357009816914796, "q_75": 0.0022858767537400123, "min": 0.0022196163423359393, "max": 0.0023204142227768896, "mean": 0.0022610423061996702, "std": 3.3256248166880635e-05, "repeat": 10, "number": 5}]}, "tracking.SingleAxis.time_singleaxis": {"result": [0.04586942121386528], "stats": [{"ci_99": [0.04412681143730879, 0.04984041675925255], "q_25": 0.04492548608686775, "q_75": 0.04661809070967138, "min": 0.04412681143730879, "max": 0.04984041675925255, "mean": 0.04607729618437588, "std": 0.0015367030754832888, "repeat": 10, "number": 1}]}, "tracking.SingleAxis.time_tracker_singleaxis": {"result": [0.046264403499662876], "stats": [{"ci_99": [0.0447832359932363, 0.04713815730065107], "q_25": 0.04582484869752079, "q_75": 0.046993468538857996, "min": 0.0447832359932363, "max": 0.04713815730065107, "mean": 0.04621274839155376, "std": 0.0008138446675797146, "repeat": 10, "number": 1}]}}, "params": {"arch": "x86_64", "cpu": "Intel Xeon Processor (Skylake, IBRS)", "machine": "pvlib-asv.forecasting.energy.arizona.edu", "num_cpu": "4", "os": "Linux 5.7.8-200.fc32.x86_64", "ram": "8145244", "python": "3.7", "ephem": "3.7.6.0", "numpy": "1.18.5", "pandas": "1.1.0", "pytables": "3.6.1", "scipy": "1.2.0"}, "requirements": {"ephem": "3.7.6.0", "numpy": "1.18.5", "pandas": "1.1.0", "pytables": "3.6.1", "scipy": "1.2.0"}, "commit_hash": "487e0e8a3d35fc482523c657f24bf740b5dbe360", "date": 1507308377000, "env_name": "conda-py3.7-ephem3.7.6.0-numpy1.18.5-pandas1.1.0-pytables3.6.1-scipy1.2.0", "python": "3.7", "profiles": {}, "started_at": {"irradiance.Irradiance.time_aoi": 1599430341524, "irradiance.Irradiance.time_aoi_projection": 1599430346233, "irradiance.Irradiance.time_dirindex": 1599430350943, "irradiance.Irradiance.time_dirint": 1599430356354, "irradiance.Irradiance.time_disc": 1599430361414, "irradiance.Irradiance.time_erbs": 1599430366124, "irradiance.Irradiance.time_get_extra_radiation": 1599430329915, "irradiance.Irradiance.time_get_ground_diffuse": 1599430330769, "irradiance.Irradiance.time_get_total_irradiance": 1599430331623, "location.Location.time_location_get_airmass": 1599430370784, "location.Location.time_location_get_clearsky": 1599430371138, "location.Location.time_location_get_solarposition": 1599430374095, "location.Location_0_6_1.time_location_get_sun_rise_set_transit_pyephem": 1599430374449, "location.Location_0_6_1.time_location_get_sun_rise_set_transit_spa": 1599430374502, "solarposition.SolarPosition.time_ephemeris": 1599430374555, "solarposition.SolarPosition.time_ephemeris_localized": 1599430374858,