{"results": {"irradiance.Irradiance.time_aoi": {"result": [0.00234926869161427], "stats": [{"ci_99": [0.0022834692150354385, 0.002790125273168087], "q_25": 0.002334741945378482, "q_75": 0.002410954423248768, "min": 0.0022834692150354385, "max": 0.002790125273168087, "mean": 0.0023990451451390985, "std": 0.0001391289716810315, "repeat": 10, "number": 5}]}, "irradiance.Irradiance.time_aoi_projection": {"result": [0.0019608729441339774], "stats": [{"ci_99": [0.0019352818684031565, 0.0021736481382201114], "q_25": 0.0019506479341847203, "q_75": 0.001987778271238009, "min": 0.0019352818684031565, "max": 0.0021736481382201114, "mean": 0.0019854844470197953, "std": 6.619091872971305e-05, "repeat": 10, "number": 6}]}, "irradiance.Irradiance.time_dirindex": {"result": [0.14307760749943554], "stats": [{"ci_99": [0.14146262919530272, 0.14617351442575455], "q_25": 0.1427302792435512, "q_75": 0.14339266065508127, "min": 0.14146262919530272, "max": 0.14617351442575455, "mean": 0.14315295564010738, "std": 0.0012462408286543045, "repeat": 10, "number": 1}]}, "irradiance.Irradiance.time_dirint": {"result": [0.07121207844465971], "stats": [{"ci_99": [0.06941955676302314, 0.07478976994752884], "q_25": 0.07050276990048587, "q_75": 0.072084806044586, "min": 0.06941955676302314, "max": 0.07478976994752884, "mean": 0.0714419239666313, "std": 0.0014154417261334712, "repeat": 10, "number": 1}]}, "irradiance.Irradiance.time_disc": {"result": [0.019714576425030828], "stats": [{"ci_99": [0.018728103023022413, 0.024540501181036234], "q_25": 0.019385437364690006, "q_75": 0.019932489143684506, "min": 0.018728103023022413, "max": 0.024540501181036234, "mean": 0.020248449873179197, "std": 0.0017073499157236405, "repeat": 10, "number": 1}]}, "irradiance.Irradiance.time_erbs": {"result": [0.013009629445150495], "stats": [{"ci_99": [0.01227729395031929, 0.013797399122267962], "q_25": 0.012809847248718143, "q_75": 0.013139956980012357, "min": 0.01227729395031929, "max": 0.013797399122267962, "mean": 0.01301884944550693, "std": 0.0003839928099364244, "repeat": 10, "number": 1}]}, "irradiance.Irradiance.time_get_extra_radiation": null, "irradiance.Irradiance.time_get_ground_diffuse": null, "irradiance.Irradiance.time_get_total_irradiance": null, "location.Location.time_location_get_airmass": {"result": [0.005201084422878921], "stats": [{"ci_99": [0.00477127730846405, 0.005242023151367903], "q_25": 0.005186450318433344, "q_75": 0.005206962639931589, "min": 0.00477127730846405, "max": 0.005242023151367903, "mean": 0.00515985582023859, "std": 0.00013049871992463368, "repeat": 10, "number": 2}]}, "location.Location.time_location_get_clearsky": {"result": [0.4838962899520993], "stats": [{"ci_99": [0.4444373967126012, 0.49848980689421296], "q_25": 0.4796791964909062, "q_75": 0.4872420278843492, "min": 0.4444373967126012, "max": 0.49848980689421296, "mean": 0.4819607174955308, "std": 0.014207562265576354, "repeat": 10, "number": 1}]}, "location.Location.time_location_get_solarposition": {"result": [0.019335996359586716], "stats": [{"ci_99": [0.01901502115651965, 0.022846858948469162], "q_25": 0.019240165362134576, "q_75": 0.019971300614997745, "min": 0.01901502115651965, "max": 0.022846858948469162, "mean": 0.01988464971072972, "std": 0.0011645875798681653, "repeat": 10, "number": 1}]}, "location.Location_0_6_1.time_location_get_sun_rise_set_transit_pyephem": NaN, "location.Location_0_6_1.time_location_get_sun_rise_set_transit_spa": NaN, "solarposition.SolarPosition.time_ephemeris": {"result": [0.02559281699359417], "stats": [{"ci_99": [0.025080674327909946, 0.026773927733302116], "q_25": 0.025289523415267467, "q_75": 0.025672285933978856, "min": 0.025080674327909946, "max": 0.026773927733302116, "mean": 0.02562962966039777, "std": 0.00048440113361235634, "repeat": 10, "number": 1}]}, "solarposition.SolarPosition.time_ephemeris_localized": {"result": [0.2602808652445674], "stats": [{"ci_99": [0.2551753888837993, 0.2718283608555794], "q_25": 0.2576175129506737, "q_75": 0.26447447238024324, "min": 0.2551753888837993, "max": 0.2718283608555794, "mean": 0.26129230023361744, "std": 0.004884050832998391, "repeat": 10, "number": 1}]}, "solarposition.SolarPosition.time_nrel_earthsun_distance": {"result": [0.024320662720128894], "stats": [{"ci_99": [0.023799883667379618, 0.026431145146489143], "q_25": 0.02413791138678789, "q_75": 0.02492220397107303, "min": 0.023799883667379618, "max": 0.026431145146489143, "mean": 0.024705237708985806, "std": 0.0008319448796431148, "repeat": 10, "number": 1}]}, "solarposition.SolarPosition.time_spa_python": {"result": [0.030994723783805966], "stats": [{"ci_99": [0.03078516200184822, 0.031199160031974316], "q_25": 0.030962164397351444, "q_75": 0.031064772279933095, "min": 0.03078516200184822, "max": 0.031199160031974316, "mean": 0.031010060850530864, "std": 0.00010684436841674379, "repeat": 10, "number": 1}]}, "solarposition.SolarPosition.time_sun_rise_set_transit_spa": {"result": [0.05254335212521255], "stats": [{"ci_99": [0.052372073754668236, 0.05623801704496145], "q_25": 0.05244693974964321, "q_75": 0.053468083729967475, "min": 0.052372073754668236, "max": 0.05623801704496145, "mean": 0.0531271768733859, "std": 0.0011610467296254627, "repeat": 10, "number": 1}]}, "temperature.Fuentes.time_fuentes": NaN, "temperature.SAPM.time_sapm_cell": {"result": [0.0021757828071713448], "stats": [{"ci_99": [0.0020694036036729814, 0.0022502359934151173], "q_25": 0.0020963079063221813, "q_75": 0.0022365994984284046, "min": 0.0020694036036729814, "max": 0.0022502359934151173, "mean": 0.0021668337471783157, "std": 7.160312347390979e-05, "repeat": 10, "number": 5}]}, "tracking.SingleAxis.time_singleaxis": {"result": [0.03278532694093883], "stats": [{"ci_99": [0.030797408893704414, 0.03577690292149782], "q_25": 0.03208872757386416, "q_75": 0.033477041753940284, "min": 0.030797408893704414, "max": 0.03577690292149782, "mean": 0.03279978889040649, "std": 0.0013511825132685674, "repeat": 10, "number": 1}]}, "tracking.SingleAxis.time_tracker_singleaxis": {"result": [0.032619338016957045], "stats": [{"ci_99": [0.031106450594961643, 0.033614931628108025], "q_25": 0.031923182075843215, "q_75": 0.03279322921298444, "min": 0.031106450594961643, "max": 0.033614931628108025, "mean": 0.03241496803238988, "std": 0.0006782723452621555, "repeat": 10, "number": 1}]}}, "params": {"arch": "x86_64", "cpu": "Intel Xeon Processor (Skylake, IBRS)", "machine": "pvlib-asv.forecasting.energy.arizona.edu", "num_cpu": "4", "os": "Linux 5.7.8-200.fc32.x86_64", "ram": "8145244", "python": "3.8", "numpy": "", "pandas": "", "scipy": "", "pytables": "", "ephem": ""}, "requirements": {"numpy": "", "pandas": "", "scipy": "", "pytables": "", "ephem": ""}, "commit_hash": "487e0e8a3d35fc482523c657f24bf740b5dbe360", "date": 1507308377000, "env_name": "conda-py3.8-ephem-numpy-pandas-pytables-scipy", "python": "3.8", "profiles": {}, "started_at": {"irradiance.Irradiance.time_aoi": 1599839578955, "irradiance.Irradiance.time_aoi_projection": 1599839584016, "irradiance.Irradiance.time_dirindex": 1599839589127, "irradiance.Irradiance.time_dirint": 1599839594939, "irradiance.Irradiance.time_disc": 1599839600350, "irradiance.Irradiance.time_erbs": 1599839605661, "irradiance.Irradiance.time_get_extra_radiation": 1599839566840, "irradiance.Irradiance.time_get_ground_diffuse": 1599839567745, "irradiance.Irradiance.time_get_total_irradiance": 1599839568649, "location.Location.time_location_get_airmass": 1599839610722, "location.Location.time_location_get_clearsky": 1599839611076, "location.Location.time_location_get_solarposition": 1599839614184, "location.Location_0_6_1.time_location_get_sun_rise_set_transit_pyephem": 1599839614587, "location.Location_0_6_1.time_location_get_sun_rise_set_transit_spa": 1599839614640, "solarposition.SolarPosition.time_ephemeris": 1599839614693, "solarposition.SolarPosition.time_ephemeris_localized": 1599839614996, "solarposition.SolarPosition.time_nrel_earthsun_distance": 1599839616652,