{"results": {"irradiance.Irradiance.time_aoi": {"result": [0.002401765016838908], "stats": [{"ci_99": [0.002378997951745987, 0.0026181399822235107], "q_25": 0.00238182982429862, "q_75": 0.0025609730277210475, "min": 0.002378997951745987, "max": 0.0026181399822235107, "mean": 0.0024630424473434686, "std": 9.319200563656397e-05, "repeat": 10, "number": 5}]}, "irradiance.Irradiance.time_aoi_projection": {"result": [0.002141179004684091], "stats": [{"ci_99": [0.0021193607710301874, 0.002305418066680431], "q_25": 0.0021340722450986505, "q_75": 0.002148504997603595, "min": 0.0021193607710301874, "max": 0.002305418066680431, "mean": 0.002170237144455314, "std": 6.717883058928623e-05, "repeat": 10, "number": 5}]}, "irradiance.Irradiance.time_dirindex": {"result": [0.06568833091296256], "stats": [{"ci_99": [0.06447322061285377, 0.06850163917988539], "q_25": 0.06497025315184146, "q_75": 0.06615963112562895, "min": 0.06447322061285377, "max": 0.06850163917988539, "mean": 0.06594789931550622, "std": 0.0012637276589895702, "repeat": 10, "number": 1}]}, "irradiance.Irradiance.time_dirint": {"result": [0.03268808242864907], "stats": [{"ci_99": [0.03243236895650625, 0.034876208286732435], "q_25": 0.0325197814963758, "q_75": 0.03307897434569895, "min": 0.03243236895650625, "max": 0.034876208286732435, "mean": 0.03311142032034695, "std": 0.0008940073052860165, "repeat": 10, "number": 1}]}, "irradiance.Irradiance.time_disc": {"result": [0.013006568187847733], "stats": [{"ci_99": [0.012541695963591337, 0.014278087299317122], "q_25": 0.012751257978379726, "q_75": 0.013377577648498118, "min": 0.012541695963591337, "max": 0.014278087299317122, "mean": 0.013123500160872936, "std": 0.0004942453110520816, "repeat": 10, "number": 1}]}, "irradiance.Irradiance.time_erbs": {"result": [0.007369341910816729], "stats": [{"ci_99": [0.007235535886138678, 0.0082295429892838], "q_25": 0.007332531735301018, "q_75": 0.007383005751762539, "min": 0.007235535886138678, "max": 0.0082295429892838, "mean": 0.00751214160118252, "std": 0.0003615031996883386, "repeat": 10, "number": 2}]}, "irradiance.Irradiance.time_get_extra_radiation": {"result": [0.0005382829927839339], "stats": [{"ci_99": [0.0005312235560268163, 0.0005846137646585703], "q_25": 0.0005352654377929867, "q_75": 0.0005464408663101494, "min": 0.0005312235560268163, "max": 0.0005846137646585703, "mean": 0.0005469877296127378, "std": 1.9104682290721675e-05, "repeat": 10, "number": 20}]}, "irradiance.Irradiance.time_get_ground_diffuse": {"result": [0.0003561664450292786], "stats": [{"ci_99": [0.0003244093619287014, 0.0003801040661831697], "q_25": 0.000346508944251885, "q_75": 0.0003617848890523116, "min": 0.0003244093619287014, "max": 0.0003801040661831697, "mean": 0.000354183348827064, "std": 1.5393945540320333e-05, "repeat": 10, "number": 30}]}, "irradiance.Irradiance.time_get_total_irradiance": {"result": [0.004601674542451898], "stats": [{"ci_99": [0.004513520126541455, 0.00467489364867409], "q_25": 0.004558388764659564, "q_75": 0.00462702630708615, "min": 0.004513520126541455, "max": 0.00467489364867409, "mean": 0.0045959901530295616, "std": 5.19528205869938e-05, "repeat": 10, "number": 3}]}, "location.Location.time_location_get_airmass": {"result": [0.0013749039790127426], "stats": [{"ci_99": [0.0013643598649650812, 0.0014010595041327178], "q_25": 0.0013687974569620565, "q_75": 0.00138637084455695, "min": 0.0013643598649650812, "max": 0.0014010595041327178, "mean": 0.0013790709956083447, "std": 1.2045669236039938e-05, "repeat": 10, "number": 8}]}, "location.Location.time_location_get_clearsky": {"result": [0.00939988752361387], "stats": [{"ci_99": [0.009345647413283587, 0.009911475470289588], "q_25": 0.009379578405059874, "q_75": 0.009480858221650124, "min": 0.009345647413283587, "max": 0.009911475470289588, "mean": 0.009464658494107426, "std": 0.00015738438794655639, "repeat": 10, "number": 2}]}, "location.Location.time_location_get_solarposition": {"result": [0.01512390561401844], "stats": [{"ci_99": [0.01482893293723464, 0.015192640945315361], "q_25": 0.014980146661400795, "q_75": 0.015141145326197147, "min": 0.01482893293723464, "max": 0.015192640945315361, "mean": 0.015070137754082679, "std": 0.00011471086364168257, "repeat": 10, "number": 1}]}, "location.Location_0_6_1.time_location_get_sun_rise_set_transit_pyephem": {"result": [0.18012130656279624], "stats": [{"ci_99": [0.178901223000139, 0.19669861858710647], "q_25": 0.17985347798094153, "q_75": 0.18227227695751935, "min": 0.178901223000139, "max": 0.19669861858710647, "mean": 0.18352089007385075, "std": 0.006565201044104416, "repeat": 10, "number": 1}]}, "location.Location_0_6_1.time_location_get_sun_rise_set_transit_spa": {"result": [0.03291690372861922], "stats": [{"ci_99": [0.0327387866564095, 0.03313315287232399], "q_25": 0.03284896560944617, "q_75": 0.032985965022817254, "min": 0.0327387866564095, "max": 0.03313315287232399, "mean": 0.03291515544988215, "std": 0.00011016378288148717, "repeat": 10, "number": 1}]}, "solarposition.SolarPosition.time_ephemeris": {"result": [0.018410030053928494], "stats": [{"ci_99": [0.01821458525955677, 0.018674833234399557], "q_25": 0.018374664010480046, "q_75": 0.018545885919593275, "min": 0.01821458525955677, "max": 0.018674833234399557, "mean": 0.018447584891691803, "std": 0.00014050329552374883, "repeat": 10, "number": 1}]}, "solarposition.SolarPosition.time_ephemeris_localized": {"result": [0.018300542142242193], "stats": [{"ci_99": [0.018074885942041874, 0.018525518011301756], "q_25": 0.018134059850126505, "q_75": 0.01842768758069724, "min": 0.018074885942041874, "max": 0.018525518011301756, "mean": 0.018292092997580767, "std": 0.0001714687423544816, "repeat": 10, "number": 1}]}, "solarposition.SolarPosition.time_nrel_earthsun_distance": {"result": [0.02258802205324173], "stats": [{"ci_99": [0.02237440226599574, 0.023318851366639137], "q_25": 0.02242522221058607, "q_75": 0.02277603722177446, "min": 0.02237440226599574, "max": 0.023318851366639137, "mean": 0.02264406280592084, "std": 0.000280413164740901, "repeat": 10, "number": 1}]}, "solarposition.SolarPosition.time_spa_python": {"result": [0.025829639518633485], "stats": [{"ci_99": [0.02577726123854518, 0.025911876000463963], "q_25": 0.02579662576317787, "q_75": 0.0258395466953516, "min": 0.02577726123854518, "max": 0.025911876000463963, "mean": 0.025827757455408572, "std": 3.8539334580255406e-05, "repeat": 10, "number": 1}]}, "solarposition.SolarPosition.time_sun_rise_set_transit_spa": {"result": [0.037743870401754975], "stats": [{"ci_99": [0.037366364151239395, 0.037851653061807156], "q_25": 0.03763340238947421, "q_75": 0.03779549989849329, "min": 0.037366364151239395, "max": 0.037851653061807156, "mean": 0.03767746593803167, "std": 0.00015843734179820672, "repeat": 10, "number": 1}]}, "temperature.Fuentes.time_fuentes": NaN, "temperature.SAPM.time_sapm_cell": {"result": [0.0010228037453171883], "stats": [{"ci_99": [0.0010108628987588666, 0.0010743970051407814], "q_25": 0.00101424349387261, "q_75": 0.0010319362415678122, "min": 0.0010108628987588666, "max": 0.0010743970051407814, "mean": 0.0010271201629868964, "std": 1.791446109559494e-05, "repeat": 10, "number": 11}]}, "tracking.SingleAxis.time_singleaxis": {"result": [0.02060983353294432], "stats": [{"ci_99": [0.01747002312913537, 0.02416166290640831], "q_25": 0.02031897392589599, "q_75": 0.02185000421013683, "min": 0.01747002312913537, "max": 0.02416166290640831, "mean": 0.020778334932401776, "std": 0.0017606311242274006, "repeat": 10, "number": 1}]}, "tracking.SingleAxis.time_tracker_singleaxis": {"result": [0.020118686370551586], "stats": [{"ci_99": [0.017565916292369366, 0.02274956787005067], "q_25": 0.019603974535129964, "q_75": 0.020718800486065447, "min": 0.017565916292369366, "max": 0.02274956787005067, "mean": 0.02007613475434482, "std": 0.0013324685362557482, "repeat": 10, "number": 1}]}}, "params": {"arch": "x86_64", "cpu": "Intel Xeon Processor (Skylake, IBRS)",