{"results": {"irradiance.TimeSuite.time_aoi": {"result": [0.002252376079559326], "stats": [{"ci_99": [0.002190926484763622, 0.0023765424266457558], "q_25": 0.002230218658223748, "q_75": 0.0022774084471166136, "min": 0.002190926484763622, "max": 0.0023765424266457558, "mean": 0.0022582720778882505, "std": 4.924295741268347e-05, "repeat": 10, "number": 5}]}, "irradiance.TimeSuite.time_aoi_projection": {"result": [0.0022755796555429695], "stats": [{"ci_99": [0.002217859774827957, 0.0023753621615469457], "q_25": 0.0022578339790925383, "q_75": 0.002317259018309414, "min": 0.002217859774827957, "max": 0.0023753621615469457, "mean": 0.002285965103656054, "std": 4.554545737769334e-05, "repeat": 10, "number": 5}]}, "irradiance.TimeSuite.time_dirindex": {"result": [0.14461615472100675], "stats": [{"ci_99": [0.1424606880173087, 0.14786681905388832], "q_25": 0.14275882998481393, "q_75": 0.14647030225023627, "min": 0.1424606880173087, "max": 0.14786681905388832, "mean": 0.14478037445805966, "std": 0.0019601595839781943, "repeat": 10, "number": 1}]}, "irradiance.TimeSuite.time_dirint": {"result": [0.0712049261201173], "stats": [{"ci_99": [0.0700764930807054, 0.0794971608556807], "q_25": 0.07072435948066413, "q_75": 0.07269267225638032, "min": 0.0700764930807054, "max": 0.0794971608556807, "mean": 0.07226245887577534, "std": 0.002607855144131861, "repeat": 10, "number": 1}]}, "irradiance.TimeSuite.time_disc": {"result": [0.018794776406139135], "stats": [{"ci_99": [0.017889826092869043, 0.020297551061958075], "q_25": 0.018099323380738497, "q_75": 0.01910903211683035, "min": 0.017889826092869043, "max": 0.020297551061958075, "mean": 0.01883738567121327, "std": 0.0008365760760357888, "repeat": 10, "number": 1}]}, "irradiance.TimeSuite.time_erbs": {"result": [0.012893237406387925], "stats": [{"ci_99": [0.01213450776413083, 0.013928246684372425], "q_25": 0.01232009835075587, "q_75": 0.013451154693029821, "min": 0.01213450776413083, "max": 0.013928246684372425, "mean": 0.012919507315382361, "std": 0.0006311189214256512, "repeat": 10, "number": 1}]}, "irradiance.TimeSuite.time_get_extra_radiation": {"result": [0.002634911274071783], "stats": [{"ci_99": [0.002619422972202301, 0.0028676437214016914], "q_25": 0.002629103313665837, "q_75": 0.0026710608799476177, "min": 0.002619422972202301, "max": 0.0028676437214016914, "mean": 0.002665877260733396, "std": 7.120263322797675e-05, "repeat": 10, "number": 4}]}, "irradiance.TimeSuite.time_get_ground_diffuse": {"result": [0.0005345377774739807], "stats": [{"ci_99": [0.0005027347413653678, 0.0005510799078778787], "q_25": 0.0005093109476464716, "q_75": 0.0005399292779409072, "min": 0.0005027347413653678, "max": 0.0005510799078778787, "mean": 0.0005284261297095905, "std": 1.7696848363743287e-05, "repeat": 10, "number": 22}]}, "irradiance.TimeSuite.time_get_total_irradiance": {"result": [0.005101455026306212], "stats": [{"ci_99": [0.0049991849809885025, 0.005312597146257758], "q_25": 0.0050637731910683215, "q_75": 0.005198354308959097, "min": 0.0049991849809885025, "max": 0.005312597146257758, "mean": 0.005134151922538877, "std": 0.00010450264055864485, "repeat": 10, "number": 2}]}, "location.TimeSuite.time_location_get_airmass": {"result": [0.001472865996350135], "stats": [{"ci_99": [0.0013609032944909164, 0.0014850861126823084], "q_25": 0.0014612398808822036, "q_75": 0.001479213441988187, "min": 0.0013609032944909164, "max": 0.0014850861126823084, "mean": 0.0014526646384703263, "std": 4.361176260142273e-05, "repeat": 10, "number": 7}]}, "location.TimeSuite.time_location_get_clearsky": {"result": [0.01296636601909995], "stats": [{"ci_99": [0.012005084194242954, 0.013143538031727076], "q_25": 0.012114685028791428, "q_75": 0.013042797218076885, "min": 0.012005084194242954, "max": 0.013143538031727076, "mean": 0.012650873465463518, "std": 0.00047984172937094987, "repeat": 10, "number": 1}]}, "location.TimeSuite.time_location_get_solarposition": {"result": [0.01761143608018756], "stats": [{"ci_99": [0.017528839875012636, 0.018525828141719103], "q_25": 0.01759277970995754, "q_75": 0.017786748823709786, "min": 0.017528839875012636, "max": 0.018525828141719103, "mean": 0.01774569498375058, "std": 0.000278897101897422, "repeat": 10, "number": 1}]}, "location.TimeSuite.time_location_get_sun_rise_set_transit_pyephem": {"result": [0.1965023847296834], "stats": [{"ci_99": [0.17961755394935608, 0.20194680010899901], "q_25": 0.19624581863172352, "q_75": 0.19745745602995157, "min": 0.17961755394935608, "max": 0.20194680010899901, "mean": 0.19576835026964545, "std": 0.005691089542914933, "repeat": 10, "number": 1}]}, "location.TimeSuite.time_location_get_sun_rise_set_transit_spa": {"result": [0.04267856036312878], "stats": [{"ci_99": [0.04244669480249286, 0.04338859999552369], "q_25": 0.04265829746145755, "q_75": 0.042817884124815464, "min": 0.04244669480249286, "max": 0.04338859999552369, "mean": 0.04274488384835422, "std": 0.00024742586380739373, "repeat": 10, "number": 1}]}, "solarposition.TimeSuite.time_ephemeris": {"result": [0.023603745503351092], "stats": [{"ci_99": [0.02347709611058235, 0.02425671834498644], "q_25": 0.02356506825890392, "q_75": 0.02363584644626826, "min": 0.02347709611058235, "max": 0.02425671834498644, "mean": 0.02367365323007107, "std": 0.00021356305758949608, "repeat": 10, "number": 1}]}, "solarposition.TimeSuite.time_ephemeris_localized": {"result": [0.02495161909610033], "stats": [{"ci_99": [0.024314807262271643, 0.025391777977347374], "q_25": 0.02462887077126652, "q_75": 0.0250506877200678, "min": 0.024314807262271643, "max": 0.025391777977347374, "mean": 0.024869428714737296, "std": 0.0003170215492144541, "repeat": 10, "number": 1}]}, "solarposition.TimeSuite.time_nrel_earthsun_distance": {"result": [0.022946420591324568], "stats": [{"ci_99": [0.022454703226685524, 0.02325043687596917], "q_25": 0.022911372128874063, "q_75": 0.02302850689738989, "min": 0.022454703226685524, "max": 0.02325043687596917, "mean": 0.02295823753811419, "std": 0.00020409407327885563, "repeat": 10, "number": 1}]}, "solarposition.TimeSuite.time_spa_python": {"result": [0.028317598858848214], "stats": [{"ci_99": [0.02810337394475937, 0.02850978309288621], "q_25": 0.028237353079020977, "q_75": 0.028426350909285247, "min": 0.02810337394475937, "max": 0.02850978309288621, "mean": 0.028321762196719648, "std": 0.00012437169321164582, "repeat": 10, "number": 1}]}, "solarposition.TimeSuite.time_sun_rise_set_transit_spa": {"result": [0.04916251660324633], "stats": [{"ci_99": [0.04868857003748417, 0.04948312882333994], "q_25": 0.04894083400722593, "q_75": 0.049319570418447256, "min": 0.04868857003748417, "max": 0.04948312882333994, "mean": 0.049133282620459795, "std": 0.0002340474677631491, "repeat": 10, "number": 1}]}, "tracking.TimeSuite.time_singleaxis": {"result": [0.006256705382838845], "stats": [{"ci_99": [0.006190108833834529, 0.006458039162680507], "q_25": 0.006211502768564969, "q_75": 0.006337298371363431, "min": 0.006190108833834529, "max": 0.006458039162680507, "mean": 0.006285813963040709, "std": 8.999341696075784e-05, "repeat": 10, "number": 2}]}, "tracking.TimeSuite.time_tracker_singleaxis": {"result": [0.0063955350778996944], "stats": [{"ci_99": [0.00619118195027113, 0.006488392595201731], "q_25": 0.006336983060464263, "q_75": 0.006451904133427888, "min": 0.00619118195027113, "max": 0.006488392595201731, "mean": 0.006371978181414306, "std": 0.00010069039097546804, "repeat": 10, "number": 2}]}}, "params": {"arch": "x86_64", "cpu": "Intel Xeon Processor (Skylake, IBRS)", "machine": "pvlib-asv.forecasting.energy.arizona.edu", "num_cpu": "4", "os": "Linux 5.7.8-200.fc32.x86_64", "ram": "8145244", "python": "3.7", "ephem": "3.7.6.0", "numpy": "1.18.5", "pandas": "1.1.0", "pytables": "3.6.1", "scipy": "1.2.0"}, "requirements": {"ephem": "3.7.6.0", "numpy": "1.18.5", "pandas": "1.1.0", "pytables": "3.6.1", "scipy": "1.2.0"}, "commit_hash": "49da0318256d8b46f90d4b29a7023de680f8410b", "date": 1597420275000,