{"results": {"irradiance.Irradiance.time_aoi": {"result": [0.0021961091086268427], "stats": [{"ci_99": [0.0021749378181993963, 0.002229638397693634], "q_25": 0.0021861881949007513, "q_75": 0.002210432314313948, "min": 0.0021749378181993963, "max": 0.002229638397693634, "mean": 0.0021988170314580203, "std": 1.7861703026168443e-05, "repeat": 10, "number": 5}]}, "irradiance.Irradiance.time_aoi_projection": {"result": [0.002209255611523986], "stats": [{"ci_99": [0.002163691632449627, 0.002329900022596121], "q_25": 0.0021781844319775697, "q_75": 0.0022140773246064785, "min": 0.002163691632449627, "max": 0.002329900022596121, "mean": 0.002210722751915455, "std": 4.546997441930241e-05, "repeat": 10, "number": 5}]}, "irradiance.Irradiance.time_dirindex": {"result": [0.14373972942121327], "stats": [{"ci_99": [0.14239602768793702, 0.1519881752319634], "q_25": 0.14316198229789734, "q_75": 0.14558212598785758, "min": 0.14239602768793702, "max": 0.1519881752319634, "mean": 0.14483367688953877, "std": 0.002677167223964971, "repeat": 10, "number": 1}]}, "irradiance.Irradiance.time_dirint": {"result": [0.07101183501072228], "stats": [{"ci_99": [0.069936977699399, 0.07388313999399543], "q_25": 0.07026713935192674, "q_75": 0.07176735159009695, "min": 0.069936977699399, "max": 0.07388313999399543, "mean": 0.0712883451487869, "std": 0.0012383128684640286, "repeat": 10, "number": 1}]}, "irradiance.Irradiance.time_disc": {"result": [0.019538620952516794], "stats": [{"ci_99": [0.019189985003322363, 0.01963944686576724], "q_25": 0.019340223749168217, "q_75": 0.01962004939559847, "min": 0.019189985003322363, "max": 0.01963944686576724, "mean": 0.01947761941701174, "std": 0.00015672858217651557, "repeat": 10, "number": 1}]}, "irradiance.Irradiance.time_erbs": {"result": [0.013418690301477909], "stats": [{"ci_99": [0.01315235998481512, 0.013624168001115322], "q_25": 0.01332436129450798, "q_75": 0.013502357178367674, "min": 0.01315235998481512, "max": 0.013624168001115322, "mean": 0.013411651412025095, "std": 0.0001345501157091576, "repeat": 10, "number": 1}]}, "irradiance.Irradiance.time_get_extra_radiation": {"result": [0.002600171777885407], "stats": [{"ci_99": [0.0025928067043423653, 0.0028313305228948593], "q_25": 0.00259620847646147, "q_75": 0.002613223565276712, "min": 0.0025928067043423653, "max": 0.0028313305228948593, "mean": 0.0026251533650793134, "std": 6.916606384746924e-05, "repeat": 10, "number": 4}]}, "irradiance.Irradiance.time_get_ground_diffuse": {"result": [0.0005452537760985169], "stats": [{"ci_99": [0.0005037531426007098, 0.0005579378074881705], "q_25": 0.0005268105517395518, "q_75": 0.0005537032266147435, "min": 0.0005037531426007098, "max": 0.0005579378074881705, "mean": 0.0005384244850244035, "std": 1.792247517780103e-05, "repeat": 10, "number": 22}]}, "irradiance.Irradiance.time_get_total_irradiance": {"result": [0.0050760707041869555], "stats": [{"ci_99": [0.0049220517588158446, 0.005376018738994996], "q_25": 0.005054920950594048, "q_75": 0.005163030310844381, "min": 0.0049220517588158446, "max": 0.005376018738994996, "mean": 0.005107284337282181, "std": 0.00011408594179097283, "repeat": 10, "number": 3}]}, "location.Location.time_location_get_airmass": {"result": [0.0014842777579490627], "stats": [{"ci_99": [0.00147742558536785, 0.0014959579067570822], "q_25": 0.0014791204760383283, "q_75": 0.0014871058519929647, "min": 0.00147742558536785, "max": 0.0014959579067570822, "mean": 0.0014847120469702142, "std": 6.135167436174526e-06, "repeat": 10, "number": 7}]}, "location.Location.time_location_get_clearsky": {"result": [0.013157356530427933], "stats": [{"ci_99": [0.012019589077681303, 0.013633300084620714], "q_25": 0.013032942893914878, "q_75": 0.013319957535713911, "min": 0.012019589077681303, "max": 0.013633300084620714, "mean": 0.013119859248399734, "std": 0.000417597915039293, "repeat": 10, "number": 1}]}, "location.Location.time_location_get_solarposition": {"result": [0.017763253301382065], "stats": [{"ci_99": [0.01764885801821947, 0.017960979137569666], "q_25": 0.01774578308686614, "q_75": 0.01787925965618342, "min": 0.01764885801821947, "max": 0.017960979137569666, "mean": 0.017796751158311964, "std": 9.885316419520166e-05, "repeat": 10, "number": 1}]}, "location.Location_0_6_1.time_location_get_sun_rise_set_transit_pyephem": {"result": [0.19681622507050633], "stats": [{"ci_99": [0.19586753193289042, 0.1975637162104249], "q_25": 0.19672739715315402, "q_75": 0.19707080267835408, "min": 0.19586753193289042, "max": 0.1975637162104249, "mean": 0.196844278043136, "std": 0.00041544289325790793, "repeat": 10, "number": 1}]}, "location.Location_0_6_1.time_location_get_sun_rise_set_transit_spa": {"result": [0.04309582174755633], "stats": [{"ci_99": [0.042819852009415627, 0.04360275203362107], "q_25": 0.04305172723252326, "q_75": 0.04312307154759765, "min": 0.042819852009415627, "max": 0.04360275203362107, "mean": 0.04312171791680157, "std": 0.00018801375492236776, "repeat": 10, "number": 1}]}, "solarposition.SolarPosition.time_ephemeris": {"result": [0.024947808356955647], "stats": [{"ci_99": [0.024199557956308126, 0.025760737247765064], "q_25": 0.02482727321330458, "q_75": 0.025166996638290584, "min": 0.024199557956308126, "max": 0.025760737247765064, "mean": 0.024966941867023706, "std": 0.0004179758175668871, "repeat": 10, "number": 1}]}, "solarposition.SolarPosition.time_ephemeris_localized": {"result": [0.024370372528210282], "stats": [{"ci_99": [0.023793022148311138, 0.025425629690289497], "q_25": 0.02407514280639589, "q_75": 0.024790336843580008, "min": 0.023793022148311138, "max": 0.025425629690289497, "mean": 0.024476977670565246, "std": 0.0005129601465964291, "repeat": 10, "number": 1}]}, "solarposition.SolarPosition.time_nrel_earthsun_distance": {"result": [0.023082446539774537], "stats": [{"ci_99": [0.02297563385218382, 0.023421952966600657], "q_25": 0.02301843522582203, "q_75": 0.023208244005218148, "min": 0.02297563385218382, "max": 0.023421952966600657, "mean": 0.02312917015515268, "std": 0.00014173854639293782, "repeat": 10, "number": 1}]}, "solarposition.SolarPosition.time_spa_python": {"result": [0.028514646692201495], "stats": [{"ci_99": [0.02830827608704567, 0.028680313378572464], "q_25": 0.028330964967608452, "q_75": 0.02864722686354071, "min": 0.02830827608704567, "max": 0.028680313378572464, "mean": 0.02849723012186587, "std": 0.00015110510910824995, "repeat": 10, "number": 1}]}, "solarposition.SolarPosition.time_sun_rise_set_transit_spa": {"result": [0.04951032088138163], "stats": [{"ci_99": [0.04908014787361026, 0.04993501305580139], "q_25": 0.049410392763093114, "q_75": 0.04974163498263806, "min": 0.04908014787361026, "max": 0.04993501305580139, "mean": 0.04954595067538321, "std": 0.00025618229566459305, "repeat": 10, "number": 1}]}, "temperature.Fuentes.time_fuentes": {"result": [NaN, null, null], "params": [["'a'", "'b'", "'deltaT'"]]}, "temperature.SAPM.time_sapm_cell": {"result": [0.0015011928709489958, null, null], "stats": [{"ci_99": [0.0014016804551439626, 0.0016153461432882718], "q_25": 0.0014106445679707186, "q_75": 0.0016028214013203979, "min": 0.0014016804551439626, "max": 0.0016153461432882718, "mean": 0.0015060720965266226, "std": 9.650093860339457e-05, "repeat": 10, "number": 7}, null, null], "params": [["'a'", "'b'", "'deltaT'"]]}, "tracking.SingleAxis.time_singleaxis": {"result": [0.006523796240799129], "stats": [{"ci_99": [0.006232737563550472, 0.006718485150486231], "q_25": 0.006301672547124326, "q_75": 0.006553186860401183, "min": 0.006232737563550472, "max": 0.006718485150486231, "mean": 0.006460249214433134, "std": 0.00015271432112125296, "repeat": 10, "number": 2}]}, "tracking.SingleAxis.time_tracker_singleaxis": {"result": [0.006593559519387782], "stats": [{"ci_99": [0.006352031836286187, 0.007014318602159619], "q_25": 0.00637610093690455, "q_75": 0.0067691419972106814, "min": 0.006352031836286187, "max": 0.007014318602159619, "mean": 0.0065974138211458925, "std": 0.0002178951785036314, "repeat": 10,