{"results": {"irradiance.TimeSuite.time_aoi": {"result": [0.002243005111813545], "stats": [{"ci_99": [0.002164473570883274, 0.0022843466140329838], "q_25": 0.0022255382733419537, "q_75": 0.0022570710629224774, "min": 0.002164473570883274, "max": 0.0022843466140329838, "mean": 0.0022349458839744326, "std": 3.453723736471459e-05, "repeat": 10, "number": 5}]}, "irradiance.TimeSuite.time_aoi_projection": {"result": [0.0022096179891377687], "stats": [{"ci_99": [0.0021598831750452518, 0.0022568034008145334], "q_25": 0.002183987176977098, "q_75": 0.0022289501270279285, "min": 0.0021598831750452518, "max": 0.0022568034008145334, "mean": 0.002208241205662489, "std": 3.039599285767813e-05, "repeat": 10, "number": 5}]}, "irradiance.TimeSuite.time_dirindex": {"result": [0.14875441300682724], "stats": [{"ci_99": [0.1436930918134749, 0.1522462354041636], "q_25": 0.1470227895770222, "q_75": 0.14944222278427333, "min": 0.1436930918134749, "max": 0.1522462354041636, "mean": 0.14836290213279427, "std": 0.0023121388955386415, "repeat": 10, "number": 1}]}, "irradiance.TimeSuite.time_dirint": {"result": [0.07393375295214355], "stats": [{"ci_99": [0.07135762413963675, 0.07497545937076211], "q_25": 0.0730217561358586, "q_75": 0.07405717461369932, "min": 0.07135762413963675, "max": 0.07497545937076211, "mean": 0.07353206304833293, "std": 0.001098937243236326, "repeat": 10, "number": 1}]}, "irradiance.TimeSuite.time_disc": {"result": [0.018331368453800678], "stats": [{"ci_99": [0.017997866962105036, 0.02010776987299323], "q_25": 0.01818435825407505, "q_75": 0.018478233832865953, "min": 0.017997866962105036, "max": 0.02010776987299323, "mean": 0.018480908870697022, "std": 0.0005738192323523182, "repeat": 10, "number": 1}]}, "irradiance.TimeSuite.time_erbs": {"result": [0.013084087986499071], "stats": [{"ci_99": [0.012274271808564663, 0.014311744831502438], "q_25": 0.012370939482934773, "q_75": 0.013874946045689285, "min": 0.012274271808564663, "max": 0.014311744831502438, "mean": 0.013157598860561847, "std": 0.0008085513326374118, "repeat": 10, "number": 1}]}, "irradiance.TimeSuite.time_get_extra_radiation": {"result": [0.0026567816385068], "stats": [{"ci_99": [0.0026403528172522783, 0.0029232732485979795], "q_25": 0.0026488122530281544, "q_75": 0.002663381746970117, "min": 0.0026403528172522783, "max": 0.0029232732485979795, "mean": 0.002683309803251177, "std": 8.07744756214213e-05, "repeat": 10, "number": 4}]}, "irradiance.TimeSuite.time_get_ground_diffuse": {"result": [0.0005472220522774892], "stats": [{"ci_99": [0.0005101558583026582, 0.0005581301890990951], "q_25": 0.0005136688335121355, "q_75": 0.0005538958622227339, "min": 0.0005101558583026582, "max": 0.0005581301890990951, "mean": 0.0005365870469673113, "std": 1.987112195757951e-05, "repeat": 10, "number": 22}]}, "irradiance.TimeSuite.time_get_total_irradiance": {"result": [0.00499638596860071], "stats": [{"ci_99": [0.004948590106020371, 0.005648471104602019], "q_25": 0.004974292203163107, "q_75": 0.005075771827250719, "min": 0.004948590106020371, "max": 0.005648471104602019, "mean": 0.005076874264826378, "std": 0.00019929055599629975, "repeat": 10, "number": 3}]}, "location.TimeSuite.time_location_get_airmass": {"result": [0.0015024738386273384], "stats": [{"ci_99": [0.001385149745536702, 0.0015456458952810084], "q_25": 0.0014957808390525834, "q_75": 0.0015175221654187354, "min": 0.001385149745536702, "max": 0.0015456458952810084, "mean": 0.0014992864137249335, "std": 4.229364139260059e-05, "repeat": 10, "number": 7}]}, "location.TimeSuite.time_location_get_clearsky": {"result": [0.013254899298772216], "stats": [{"ci_99": [0.012143292929977179, 0.01342508103698492], "q_25": 0.013146850280463696, "q_75": 0.013351995381526649, "min": 0.012143292929977179, "max": 0.01342508103698492, "mean": 0.013078725710511208, "std": 0.0004433646884992062, "repeat": 10, "number": 1}]}, "location.TimeSuite.time_location_get_solarposition": {"result": [0.0185403055511415], "stats": [{"ci_99": [0.01781276986002922, 0.020603640004992485], "q_25": 0.018250941997393966, "q_75": 0.01903298986144364, "min": 0.01781276986002922, "max": 0.020603640004992485, "mean": 0.018760634679347278, "std": 0.0007847487135292867, "repeat": 10, "number": 1}]}, "location.TimeSuite.time_location_get_sun_rise_set_transit_pyephem": {"result": [0.19951817858964205], "stats": [{"ci_99": [0.19697703514248133, 0.21081688906997442], "q_25": 0.19894341204781085, "q_75": 0.20003583619836718, "min": 0.19697703514248133, "max": 0.21081688906997442, "mean": 0.20026152734644712, "std": 0.0036614014417969956, "repeat": 10, "number": 1}]}, "location.TimeSuite.time_location_get_sun_rise_set_transit_spa": {"result": [0.04392022150568664], "stats": [{"ci_99": [0.04331098310649395, 0.044331520795822144], "q_25": 0.043467625277116895, "q_75": 0.04404601454734802, "min": 0.04331098310649395, "max": 0.044331520795822144, "mean": 0.04381287330761552, "std": 0.0003411924853702972, "repeat": 10, "number": 1}]}, "solarposition.TimeSuite.time_ephemeris": {"result": [0.024672385305166245], "stats": [{"ci_99": [0.02420581690967083, 0.025590017903596163], "q_25": 0.024505542241968215, "q_75": 0.025090514565818012, "min": 0.02420581690967083, "max": 0.025590017903596163, "mean": 0.02483155415393412, "std": 0.00045333027861482923, "repeat": 10, "number": 1}]}, "solarposition.TimeSuite.time_ephemeris_localized": {"result": [0.025273673003539443], "stats": [{"ci_99": [0.02368159592151642, 0.025732094887644053], "q_25": 0.025076622609049082, "q_75": 0.02561875502578914, "min": 0.02368159592151642, "max": 0.025732094887644053, "mean": 0.025126414140686393, "std": 0.00062543266932297, "repeat": 10, "number": 1}]}, "solarposition.TimeSuite.time_nrel_earthsun_distance": {"result": [0.023240357637405396], "stats": [{"ci_99": [0.02299452293664217, 0.023483905009925365], "q_25": 0.023179887095466256, "q_75": 0.023320909589529037, "min": 0.02299452293664217, "max": 0.023483905009925365, "mean": 0.02325291242450476, "std": 0.00013006464856035063, "repeat": 10, "number": 1}]}, "solarposition.TimeSuite.time_spa_python": {"result": [0.028463840018957853], "stats": [{"ci_99": [0.028273992706090212, 0.02885523159056902], "q_25": 0.02845140197314322, "q_75": 0.028767805313691497, "min": 0.028273992706090212, "max": 0.02885523159056902, "mean": 0.02856044378131628, "std": 0.00021115156634396613, "repeat": 10, "number": 1}]}, "solarposition.TimeSuite.time_sun_rise_set_transit_spa": {"result": [0.05061367689631879], "stats": [{"ci_99": [0.049481858033686876, 0.0548620717599988], "q_25": 0.050047535449266434, "q_75": 0.054320584051311016, "min": 0.049481858033686876, "max": 0.0548620717599988, "mean": 0.05182908521965146, "std": 0.0021887505695830094, "repeat": 10, "number": 1}]}, "tracking.TimeSuite.time_singleaxis": {"result": [0.006669714231975377], "stats": [{"ci_99": [0.006488933460786939, 0.007453342899680138], "q_25": 0.006579247186891735, "q_75": 0.006772865715902299, "min": 0.006488933460786939, "max": 0.007453342899680138, "mean": 0.006736092246137559, "std": 0.00026070113856089465, "repeat": 10, "number": 2}]}, "tracking.TimeSuite.time_tracker_singleaxis": {"result": [0.006507470505312085], "stats": [{"ci_99": [0.006317048100754619, 0.0071236996445804834], "q_25": 0.006354889657814056, "q_75": 0.006703606282826513, "min": 0.006317048100754619, "max": 0.0071236996445804834, "mean": 0.006557759363204241, "std": 0.0002436915885849602, "repeat": 10, "number": 2}]}}, "params": {"arch": "x86_64", "cpu": "Intel Xeon Processor (Skylake, IBRS)", "machine": "pvlib-asv.forecasting.energy.arizona.edu", "num_cpu": "4", "os": "Linux 5.7.8-200.fc32.x86_64", "ram": "8145244", "python": "3.7", "ephem": "3.7.6.0", "numpy": "1.18.5", "pandas": "1.1.0", "pytables": "3.6.1", "scipy": "1.2.0"}, "requirements": {"ephem": "3.7.6.0", "numpy": "1.18.5", "pandas": "1.1.0", "pytables": "3.6.1", "scipy": "1.2.0"}, "commit_hash": "4c8a49f42096d6892fa2f750f2be5a0f6dfee900", "date": 1599085411000,