{"results": {"irradiance.Irradiance.time_aoi": {"result": [0.0023537979926913978], "stats": [{"ci_99": [0.002265255432575941, 0.0024693315848708154], "q_25": 0.0023009506752714516, "q_75": 0.002443228312768042, "min": 0.002265255432575941, "max": 0.0024693315848708154, "mean": 0.0023644454125314953, "std": 7.70419452450985e-05, "repeat": 10, "number": 5}]}, "irradiance.Irradiance.time_aoi_projection": {"result": [0.0020053538416201873], "stats": [{"ci_99": [0.0019364010076969862, 0.002152063806230823], "q_25": 0.001983032329007983, "q_75": 0.002019910782109946, "min": 0.0019364010076969862, "max": 0.002152063806230823, "mean": 0.002013808069750667, "std": 5.570705897246245e-05, "repeat": 10, "number": 6}]}, "irradiance.Irradiance.time_dirindex": {"result": [0.14151571691036224], "stats": [{"ci_99": [0.13911578385159373, 0.14717193832620978], "q_25": 0.14066329796332866, "q_75": 0.14288489520549774, "min": 0.13911578385159373, "max": 0.14717193832620978, "mean": 0.14196948013268412, "std": 0.0022280176422882856, "repeat": 10, "number": 1}]}, "irradiance.Irradiance.time_dirint": {"result": [0.07055882015265524], "stats": [{"ci_99": [0.06860687583684921, 0.0733441379852593], "q_25": 0.06889090954791754, "q_75": 0.07084581430535764, "min": 0.06860687583684921, "max": 0.0733441379852593, "mean": 0.07024168660864234, "std": 0.0013883858489715, "repeat": 10, "number": 1}]}, "irradiance.Irradiance.time_disc": {"result": [0.019583349814638495], "stats": [{"ci_99": [0.018686125986278057, 0.020672040060162544], "q_25": 0.01903413876425475, "q_75": 0.020226081483997405, "min": 0.018686125986278057, "max": 0.020672040060162544, "mean": 0.019639607379212977, "std": 0.0006910743085517191, "repeat": 10, "number": 1}]}, "irradiance.Irradiance.time_erbs": {"result": [0.013333400944247842], "stats": [{"ci_99": [0.012577744666486979, 0.014220898039638996], "q_25": 0.01320203929208219, "q_75": 0.013895661570131779, "min": 0.012577744666486979, "max": 0.014220898039638996, "mean": 0.013462715828791261, "std": 0.0005180776455024257, "repeat": 10, "number": 1}]}, "irradiance.Irradiance.time_get_extra_radiation": {"result": [0.002644686377607286], "stats": [{"ci_99": [0.002586376969702542, 0.0026818029582500458], "q_25": 0.0026350824045948684, "q_75": 0.0026645635080058128, "min": 0.002586376969702542, "max": 0.0026818029582500458, "mean": 0.002646480593830347, "std": 2.5975100242012178e-05, "repeat": 10, "number": 4}]}, "irradiance.Irradiance.time_get_ground_diffuse": {"result": [0.000552199696275321], "stats": [{"ci_99": [0.0005115767602216114, 0.0005823098207739266], "q_25": 0.0005253518412990327, "q_75": 0.0005668356104499915, "min": 0.0005115767602216114, "max": 0.0005823098207739266, "mean": 0.000547433896413581, "std": 2.3326030020213356e-05, "repeat": 10, "number": 22}]}, "irradiance.Irradiance.time_get_total_irradiance": {"result": [0.005499224294908345], "stats": [{"ci_99": [0.005423109047114849, 0.006395046366378665], "q_25": 0.005458094645291567, "q_75": 0.005564631486777216, "min": 0.005423109047114849, "max": 0.006395046366378665, "mean": 0.005656705098226666, "std": 0.0003426633778547167, "repeat": 10, "number": 2}]}, "location.Location.time_location_get_airmass": {"result": [0.0014256937429308891], "stats": [{"ci_99": [0.0013071541325189173, 0.0014800410135649145], "q_25": 0.0014102068962529302, "q_75": 0.001447919275960885, "min": 0.0013071541325189173, "max": 0.0014800410135649145, "mean": 0.0014183972729369999, "std": 4.804830256576598e-05, "repeat": 10, "number": 8}]}, "location.Location.time_location_get_clearsky": {"result": [0.012847236590459943], "stats": [{"ci_99": [0.012267723213881254, 0.013104862999171019], "q_25": 0.012749340734444559, "q_75": 0.01293136493768543, "min": 0.012267723213881254, "max": 0.013104862999171019, "mean": 0.012813955405727028, "std": 0.00021493041836638847, "repeat": 10, "number": 1}]}, "location.Location.time_location_get_solarposition": {"result": [0.017834964441135526], "stats": [{"ci_99": [0.0176037079654634, 0.018493437208235264], "q_25": 0.017766442382708192, "q_75": 0.01788413675967604, "min": 0.0176037079654634, "max": 0.018493437208235264, "mean": 0.017872717557474972, "std": 0.00022893572197926532, "repeat": 10, "number": 1}]}, "location.Location_0_6_1.time_location_get_sun_rise_set_transit_pyephem": {"result": [0.1956563477870077], "stats": [{"ci_99": [0.17936817184090614, 0.19680795492604375], "q_25": 0.19550945714581758, "q_75": 0.19576008361764252, "min": 0.17936817184090614, "max": 0.19680795492604375, "mean": 0.19254451664164662, "std": 0.006555141768668346, "repeat": 10, "number": 1}]}, "location.Location_0_6_1.time_location_get_sun_rise_set_transit_spa": {"result": [0.042765269288793206], "stats": [{"ci_99": [0.04244313761591911, 0.043001612182706594], "q_25": 0.04260552313644439, "q_75": 0.042920864769257605, "min": 0.04244313761591911, "max": 0.043001612182706594, "mean": 0.04275345006026328, "std": 0.0001899695165862724, "repeat": 10, "number": 1}]}, "solarposition.SolarPosition.time_ephemeris": {"result": [0.024672869825735688], "stats": [{"ci_99": [0.024028747342526913, 0.02524092886596918], "q_25": 0.024526011082343757, "q_75": 0.02476081484928727, "min": 0.024028747342526913, "max": 0.02524092886596918, "mean": 0.024646832002326848, "std": 0.00032299573986481304, "repeat": 10, "number": 1}]}, "solarposition.SolarPosition.time_ephemeris_localized": {"result": [0.024892204673960805], "stats": [{"ci_99": [0.02443532459437847, 0.025796232279390097], "q_25": 0.02467800152953714, "q_75": 0.02501596079673618, "min": 0.02443532459437847, "max": 0.025796232279390097, "mean": 0.024967033928260208, "std": 0.00043624398556476695, "repeat": 10, "number": 1}]}, "solarposition.SolarPosition.time_nrel_earthsun_distance": {"result": [0.02403581258840859], "stats": [{"ci_99": [0.0235890569165349, 0.02424672106280923], "q_25": 0.023894291021861136, "q_75": 0.02408416196703911, "min": 0.0235890569165349, "max": 0.02424672106280923, "mean": 0.023994539072737096, "std": 0.00017624276471184982, "repeat": 10, "number": 1}]}, "solarposition.SolarPosition.time_spa_python": {"result": [0.02864604745991528], "stats": [{"ci_99": [0.028410912957042456, 0.029289247002452612], "q_25": 0.028508577379398048, "q_75": 0.028700570110231638, "min": 0.028410912957042456, "max": 0.029289247002452612, "mean": 0.02867850512266159, "std": 0.00024652376808003275, "repeat": 10, "number": 1}]}, "solarposition.SolarPosition.time_sun_rise_set_transit_spa": {"result": [0.04948187852278352], "stats": [{"ci_99": [0.04894501203671098, 0.05131226405501366], "q_25": 0.04917814291547984, "q_75": 0.049927311949431896, "min": 0.04894501203671098, "max": 0.05131226405501366, "mean": 0.04966414687223732, "std": 0.0006811052110524781, "repeat": 10, "number": 1}]}, "temperature.Fuentes.time_fuentes": NaN, "temperature.SAPM.time_sapm_cell": {"result": [0.0015860545390751213], "stats": [{"ci_99": [0.0015686571132391691, 0.0016100492794066668], "q_25": 0.0015776278014527634, "q_75": 0.0016048726392909884, "min": 0.0015686571132391691, "max": 0.0016100492794066668, "mean": 0.001589683286147192, "std": 1.4517026417570358e-05, "repeat": 10, "number": 8}]}, "tracking.SingleAxis.time_singleaxis": {"result": [0.006430858746170998], "stats": [{"ci_99": [0.006286207586526871, 0.006883637048304081], "q_25": 0.00636423344258219, "q_75": 0.006660453102085739, "min": 0.006286207586526871, "max": 0.006883637048304081, "mean": 0.006518843094818294, "std": 0.0002008094283523679, "repeat": 10, "number": 2}]}, "tracking.SingleAxis.time_tracker_singleaxis": {"result": [0.0065768727799877524], "stats": [{"ci_99": [0.006274576531723142, 0.006992393638938665], "q_25": 0.006377394427545369, "q_75": 0.006744605372659862, "min": 0.006274576531723142, "max": 0.006992393638938665, "mean": 0.006572837359271944, "std": 0.00022580768739061956, "repeat": 10, "number": 2}]}}, "params": {"arch": "x86_64", "cpu": "Intel Xeon Processor (Skylake, IBRS)",