{"results": {"irradiance.Irradiance.time_aoi": {"result": [0.0022412140388041735], "stats": [{"ci_99": [0.002182270772755146, 0.002267264202237129], "q_25": 0.00221794662065804, "q_75": 0.002257969276979566, "min": 0.002182270772755146, "max": 0.002267264202237129, "mean": 0.002234022496268153, "std": 2.7438857005803732e-05, "repeat": 10, "number": 5}]}, "irradiance.Irradiance.time_aoi_projection": {"result": [0.0021724916063249108], "stats": [{"ci_99": [0.0021527307108044624, 0.002267929632216692], "q_25": 0.002168057928793132, "q_75": 0.0022434552665799856, "min": 0.0021527307108044624, "max": 0.002267929632216692, "mean": 0.0021999642625451085, "std": 4.273583849389635e-05, "repeat": 10, "number": 5}]}, "irradiance.Irradiance.time_dirindex": null, "irradiance.Irradiance.time_dirint": {"result": [0.07051505148410797], "stats": [{"ci_99": [0.0699213370680809, 0.07354377396404743], "q_25": 0.07023759617004544, "q_75": 0.07071666547562927, "min": 0.0699213370680809, "max": 0.07354377396404743, "mean": 0.07095548450015485, "std": 0.0011790532574936859, "repeat": 10, "number": 1}]}, "irradiance.Irradiance.time_disc": {"result": [0.019078851910308003], "stats": [{"ci_99": [0.018041595350950956, 0.01984862983226776], "q_25": 0.018275819486007094, "q_75": 0.0193304643034935, "min": 0.018041595350950956, "max": 0.01984862983226776, "mean": 0.018887422885745762, "std": 0.0006314815448790206, "repeat": 10, "number": 1}]}, "irradiance.Irradiance.time_erbs": {"result": [0.012046747375279665], "stats": [{"ci_99": [0.011621891986578703, 0.012884569820016623], "q_25": 0.011758182081393898, "q_75": 0.012809512205421925, "min": 0.011621891986578703, "max": 0.012884569820016623, "mean": 0.01223265640437603, "std": 0.0005133912180640512, "repeat": 10, "number": 1}]}, "irradiance.Irradiance.time_get_extra_radiation": null, "irradiance.Irradiance.time_get_ground_diffuse": null, "irradiance.Irradiance.time_get_total_irradiance": null, "location.Location.time_location_get_airmass": {"result": [0.005447959527373314], "stats": [{"ci_99": [0.005050440784543753, 0.0054877575021237135], "q_25": 0.0054129548370838165, "q_75": 0.0054780193022452295, "min": 0.005050440784543753, "max": 0.0054877575021237135, "mean": 0.005377245345152914, "std": 0.00016042655491317563, "repeat": 10, "number": 2}]}, "location.Location.time_location_get_clearsky": {"result": [0.4497908973135054], "stats": [{"ci_99": [0.44851601775735617, 0.4639862822368741], "q_25": 0.44912383798509836, "q_75": 0.4625264637870714, "min": 0.44851601775735617, "max": 0.4639862822368741, "mean": 0.45471852929331363, "std": 0.006804517974948614, "repeat": 10, "number": 1}]}, "location.Location.time_location_get_solarposition": {"result": [0.017815607832744718], "stats": [{"ci_99": [0.0176872368901968, 0.017938886769115925], "q_25": 0.017751963809132576, "q_75": 0.017907895147800446, "min": 0.0176872368901968, "max": 0.017938886769115925, "mean": 0.01782172787934542, "std": 8.621456041368713e-05, "repeat": 10, "number": 1}]}, "location.Location_0_6_1.time_location_get_sun_rise_set_transit_pyephem": NaN, "location.Location_0_6_1.time_location_get_sun_rise_set_transit_spa": NaN, "solarposition.SolarPosition.time_ephemeris": null, "solarposition.SolarPosition.time_ephemeris_localized": null, "solarposition.SolarPosition.time_nrel_earthsun_distance": {"result": [0.023052623262628913], "stats": [{"ci_99": [0.02299656579270959, 0.02315345499664545], "q_25": 0.023018786683678627, "q_75": 0.023077405290678144, "min": 0.02299656579270959, "max": 0.02315345499664545, "mean": 0.0230577340349555, "std": 4.83269313493801e-05, "repeat": 10, "number": 1}]}, "solarposition.SolarPosition.time_spa_python": {"result": [0.02841730392538011], "stats": [{"ci_99": [0.028320354875177145, 0.02876562299206853], "q_25": 0.028369045699946582, "q_75": 0.028500622021965683, "min": 0.028320354875177145, "max": 0.02876562299206853, "mean": 0.028451643092557787, "std": 0.00012382859221206517, "repeat": 10, "number": 1}]}, "solarposition.SolarPosition.time_sun_rise_set_transit_spa": {"result": [0.0498290506657213], "stats": [{"ci_99": [0.04940134612843394, 0.0507369888946414], "q_25": 0.04951590485870838, "q_75": 0.05012209701817483, "min": 0.04940134612843394, "max": 0.0507369888946414, "mean": 0.04987982045859098, "std": 0.0004063554525952258, "repeat": 10, "number": 1}]}, "temperature.Fuentes.time_fuentes": NaN, "tracking.SingleAxis.time_singleaxis": {"result": [0.04582899762317538], "stats": [{"ci_99": [0.04397813277319074, 0.04685092298313975], "q_25": 0.04487114551011473, "q_75": 0.04614120663609356, "min": 0.04397813277319074, "max": 0.04685092298313975, "mean": 0.0456167955417186, "std": 0.0009089781671589247, "repeat": 10, "number": 1}]}, "tracking.SingleAxis.time_tracker_singleaxis": {"result": [0.0463578961789608], "stats": [{"ci_99": [0.0444437637925148, 0.05635176878422499], "q_25": 0.045499608386307955, "q_75": 0.04787305532954633, "min": 0.0444437637925148, "max": 0.05635176878422499, "mean": 0.04732098840177059, "std": 0.0032294782916693814, "repeat": 10, "number": 1}]}}, "params": {"arch": "x86_64", "cpu": "Intel Xeon Processor (Skylake, IBRS)", "machine": "pvlib-asv.forecasting.energy.arizona.edu", "num_cpu": "4", "os": "Linux 5.7.8-200.fc32.x86_64", "ram": "8145244", "python": "3.7", "ephem": "3.7.6.0", "numpy": "1.18.5", "pandas": "1.1.0", "pytables": "3.6.1", "scipy": "1.2.0"}, "requirements": {"ephem": "3.7.6.0", "numpy": "1.18.5", "pandas": "1.1.0", "pytables": "3.6.1", "scipy": "1.2.0"}, "commit_hash": "50829ae6a5746c006ce2e76bb910f1fe257f1159", "date": 1477240993000, "env_name": "conda-py3.7-ephem3.7.6.0-numpy1.18.5-pandas1.1.0-pytables3.6.1-scipy1.2.0", "python": "3.7", "profiles": {}, "started_at": {"irradiance.Irradiance.time_aoi": 1599434495688, "irradiance.Irradiance.time_aoi_projection": 1599434500448, "irradiance.Irradiance.time_dirindex": 1599434470247, "irradiance.Irradiance.time_dirint": 1599434505209, "irradiance.Irradiance.time_disc": 1599434510269, "irradiance.Irradiance.time_erbs": 1599434515029, "irradiance.Irradiance.time_get_extra_radiation": 1599434485731, "irradiance.Irradiance.time_get_ground_diffuse": 1599434486585, "irradiance.Irradiance.time_get_total_irradiance": 1599434487438, "location.Location.time_location_get_airmass": 1599434519740, "location.Location.time_location_get_clearsky": 1599434520094, "location.Location.time_location_get_solarposition": 1599434523101, "location.Location_0_6_1.time_location_get_sun_rise_set_transit_pyephem": 1599434523454, "location.Location_0_6_1.time_location_get_sun_rise_set_transit_spa": 1599434523507, "solarposition.SolarPosition.time_ephemeris": 1599434492061, "solarposition.SolarPosition.time_ephemeris_localized": 1599434492163, "solarposition.SolarPosition.time_nrel_earthsun_distance": 1599434523560, "solarposition.SolarPosition.time_spa_python": 1599434523812, "solarposition.SolarPosition.time_sun_rise_set_transit_spa": 1599434524116, "temperature.Fuentes.time_fuentes": 1599434524519, "tracking.SingleAxis.time_singleaxis": 1599434524775, "tracking.SingleAxis.time_tracker_singleaxis": 1599434525879}, "ended_at": {"irradiance.Irradiance.time_aoi": 1599434500448, "irradiance.Irradiance.time_aoi_projection": 1599434505208, "irradiance.Irradiance.time_dirindex": 1599434471101, "irradiance.Irradiance.time_dirint": 1599434510269, "irradiance.Irradiance.time_disc": 1599434515029, "irradiance.Irradiance.time_erbs": 1599434519739, "irradiance.Irradiance.time_get_extra_radiation": 1599434486585, "irradiance.Irradiance.time_get_ground_diffuse": 1599434487438, "irradiance.Irradiance.time_get_total_irradiance": 1599434488292, "location.Location.time_location_get_airmass": 1599434520093, "location.Location.time_location_get_clearsky": 1599434523101,