{"results": {"irradiance.Irradiance.time_aoi": {"result": [0.0022209960967302326], "stats": [{"ci_99": [0.0021933612413704397, 0.0022341747768223285], "q_25": 0.0022060452261939644, "q_75": 0.002228121948428452, "min": 0.0021933612413704397, "max": 0.0022341747768223285, "mean": 0.0022170424740761514, "std": 1.3939824835242522e-05, "repeat": 10, "number": 5}]}, "irradiance.Irradiance.time_aoi_projection": {"result": [0.0021975994110107425], "stats": [{"ci_99": [0.0021622953936457634, 0.002336119953542948], "q_25": 0.00218681669794023, "q_75": 0.0022138007683679462, "min": 0.0021622953936457634, "max": 0.002336119953542948, "mean": 0.0022086887340992687, "std": 4.5892066845049095e-05, "repeat": 10, "number": 5}]}, "irradiance.Irradiance.time_dirindex": {"result": [0.14773594494909048], "stats": [{"ci_99": [0.1444047847762704, 0.15193738508969545], "q_25": 0.14562837954144925, "q_75": 0.14989966910798103, "min": 0.1444047847762704, "max": 0.15193738508969545, "mean": 0.14776417557150126, "std": 0.002481445022839426, "repeat": 10, "number": 1}]}, "irradiance.Irradiance.time_dirint": {"result": [0.07364257634617388], "stats": [{"ci_99": [0.07265229802578688, 0.07416991982609034], "q_25": 0.07311035424936563, "q_75": 0.0738510707160458, "min": 0.07265229802578688, "max": 0.07416991982609034, "mean": 0.0734898894559592, "std": 0.00046530010749262015, "repeat": 10, "number": 1}]}, "irradiance.Irradiance.time_disc": {"result": [0.01806657644920051], "stats": [{"ci_99": [0.017803251277655363, 0.0200275806710124], "q_25": 0.017949600238353014, "q_75": 0.01850703125819564, "min": 0.017803251277655363, "max": 0.0200275806710124, "mean": 0.018444667803123593, "std": 0.0007612532453877608, "repeat": 10, "number": 1}]}, "irradiance.Irradiance.time_erbs": {"result": [0.012658270774409175], "stats": [{"ci_99": [0.011612310074269772, 0.012771730776876211], "q_25": 0.012573475833050907, "q_75": 0.012755460804328322, "min": 0.011612310074269772, "max": 0.012771730776876211, "mean": 0.012489589210599662, "std": 0.00040461786841949974, "repeat": 10, "number": 1}]}, "irradiance.Irradiance.time_get_extra_radiation": {"result": [0.002653990581165999], "stats": [{"ci_99": [0.0026399543276056647, 0.0026736282743513584], "q_25": 0.002645937114721164, "q_75": 0.002660503814695403, "min": 0.0026399543276056647, "max": 0.0026736282743513584, "mean": 0.0026546063483692704, "std": 1.0711554177645074e-05, "repeat": 10, "number": 4}]}, "irradiance.Irradiance.time_get_ground_diffuse": {"result": [0.0005031022327867422], "stats": [{"ci_99": [0.0005002724514766173, 0.0005198259075934237], "q_25": 0.0005021841815588149, "q_75": 0.0005048246715556492, "min": 0.0005002724514766173, "max": 0.0005198259075934237, "mean": 0.0005051375641910867, "std": 5.49949453886167e-06, "repeat": 10, "number": 22}]}, "irradiance.Irradiance.time_get_total_irradiance": {"result": [0.005167313773805896], "stats": [{"ci_99": [0.004919824345658223, 0.005414523960401614], "q_25": 0.005051598612529536, "q_75": 0.0052115683211013675, "min": 0.004919824345658223, "max": 0.005414523960401614, "mean": 0.005154977723335227, "std": 0.0001417085200719666, "repeat": 10, "number": 3}]}, "location.Location.time_location_get_airmass": {"result": [0.0015047311982406037], "stats": [{"ci_99": [0.0014815932538892543, 0.0015118047595024109], "q_25": 0.0014884439629635642, "q_75": 0.001509878285495298, "min": 0.0014815932538892543, "max": 0.0015118047595024109, "mean": 0.0014991902147552796, "std": 1.180773029784118e-05, "repeat": 10, "number": 7}]}, "location.Location.time_location_get_clearsky": {"result": [0.013152502942830324], "stats": [{"ci_99": [0.012092310935258865, 0.013923249207437038], "q_25": 0.01257014530710876, "q_75": 0.01325119729153812, "min": 0.012092310935258865, "max": 0.013923249207437038, "mean": 0.01298085618764162, "std": 0.0005411224956550902, "repeat": 10, "number": 1}]}, "location.Location.time_location_get_solarposition": {"result": [0.017832265701144934], "stats": [{"ci_99": [0.017564882058650255, 0.018001499120146036], "q_25": 0.01779567322228104, "q_75": 0.01793636684305966, "min": 0.017564882058650255, "max": 0.018001499120146036, "mean": 0.017838623328134417, "std": 0.00012127467335911583, "repeat": 10, "number": 1}]}, "location.Location_0_6_1.time_location_get_sun_rise_set_transit_pyephem": NaN, "location.Location_0_6_1.time_location_get_sun_rise_set_transit_spa": NaN, "solarposition.SolarPosition.time_ephemeris": {"result": [0.025173254311084747], "stats": [{"ci_99": [0.024552366696298122, 0.02548909978941083], "q_25": 0.02485320344567299, "q_75": 0.025256749824620783, "min": 0.024552366696298122, "max": 0.02548909978941083, "mean": 0.025084873428568244, "std": 0.00028502058675529407, "repeat": 10, "number": 1}]}, "solarposition.SolarPosition.time_ephemeris_localized": {"result": [0.025239794049412012], "stats": [{"ci_99": [0.02498434716835618, 0.025440468918532133], "q_25": 0.025091943563893437, "q_75": 0.025377849698998034, "min": 0.02498434716835618, "max": 0.025440468918532133, "mean": 0.025229383958503604, "std": 0.00015100872389988226, "repeat": 10, "number": 1}]}, "solarposition.SolarPosition.time_nrel_earthsun_distance": {"result": [0.023069564951583743], "stats": [{"ci_99": [0.022929592058062553, 0.023198026232421398], "q_25": 0.023042611428536475, "q_75": 0.023124762577936053, "min": 0.022929592058062553, "max": 0.023198026232421398, "mean": 0.02307428577914834, "std": 7.12034460547089e-05, "repeat": 10, "number": 1}]}, "solarposition.SolarPosition.time_spa_python": {"result": [0.028227227739989758], "stats": [{"ci_99": [0.028057799208909273, 0.02880933927372098], "q_25": 0.02815375674981624, "q_75": 0.028532749856822193, "min": 0.028057799208909273, "max": 0.02880933927372098, "mean": 0.02834133366122842, "std": 0.00023798927736898355, "repeat": 10, "number": 1}]}, "solarposition.SolarPosition.time_sun_rise_set_transit_spa": {"result": [0.04918939806520939], "stats": [{"ci_99": [0.048611830919981, 0.04965246981009841], "q_25": 0.04896101355552673, "q_75": 0.04926808271557093, "min": 0.048611830919981, "max": 0.04965246981009841, "mean": 0.04912537024356425, "std": 0.00029449863947388766, "repeat": 10, "number": 1}]}, "temperature.Fuentes.time_fuentes": NaN, "temperature.SAPM.time_sapm_cell": {"result": [0.0022449266165494915], "stats": [{"ci_99": [0.0021444972604513167, 0.0023024889640510084], "q_25": 0.0022223059553653003, "q_75": 0.0022732277400791647, "min": 0.0021444972604513167, "max": 0.0023024889640510084, "mean": 0.002238447433337569, "std": 4.812040501779065e-05, "repeat": 10, "number": 5}]}, "tracking.SingleAxis.time_singleaxis": {"result": [0.006217248039320111], "stats": [{"ci_99": [0.006047241855412722, 0.006526880897581577], "q_25": 0.006119693862274289, "q_75": 0.006449683161918074, "min": 0.006047241855412722, "max": 0.006526880897581577, "mean": 0.006271764519624412, "std": 0.0001776453195220713, "repeat": 10, "number": 2}]}, "tracking.SingleAxis.time_tracker_singleaxis": {"result": [0.006319513195194304], "stats": [{"ci_99": [0.006048564566299319, 0.006595888873562217], "q_25": 0.006139596807770431, "q_75": 0.0064159390749409795, "min": 0.006048564566299319, "max": 0.006595888873562217, "mean": 0.006304354523308575, "std": 0.0001785212292430065, "repeat": 10, "number": 2}]}}, "params": {"arch": "x86_64", "cpu": "Intel Xeon Processor (Skylake, IBRS)", "machine": "pvlib-asv.forecasting.energy.arizona.edu", "num_cpu": "4", "os": "Linux 5.7.8-200.fc32.x86_64", "ram": "8145244", "python": "3.7", "ephem": "3.7.6.0", "numpy": "1.18.5", "pandas": "1.1.0", "pytables": "3.6.1", "scipy": "1.2.0"}, "requirements": {"ephem": "3.7.6.0", "numpy": "1.18.5", "pandas": "1.1.0", "pytables": "3.6.1", "scipy": "1.2.0"}, "commit_hash": "52813151cc952aa74b10fefe6a9c64164bbf5ea5", "date": 1537466892000, "env_name": "conda-py3.7-ephem3.7.6.0-numpy1.18.5-pandas1.1.0-pytables3.6.1-scipy1.2.0", "python": "3.7", "profiles": {}, "started_at": {"irradiance.Irradiance.time_aoi": 1599425567611,