{"results": {"irradiance.TimeSuite.time_aoi": {"result": [0.0022182030137628318], "stats": [{"ci_99": [0.0021576457656919956, 0.002368474379181862], "q_25": 0.0021851283032447103, "q_75": 0.00223483219742775, "min": 0.0021576457656919956, "max": 0.002368474379181862, "mean": 0.002221937999129296, "std": 5.561046872492231e-05, "repeat": 10, "number": 5}]}, "irradiance.TimeSuite.time_aoi_projection": {"result": [0.002196525689214468], "stats": [{"ci_99": [0.002152885403484106, 0.0023546144366264343], "q_25": 0.002167878160253167, "q_75": 0.002206942602060735, "min": 0.002152885403484106, "max": 0.0023546144366264343, "mean": 0.002202497972175479, "std": 5.429732746598835e-05, "repeat": 10, "number": 5}]}, "irradiance.TimeSuite.time_dirindex": {"result": [0.14493253058753908], "stats": [{"ci_99": [0.14137423690408468, 0.14710804400965571], "q_25": 0.14316940342541784, "q_75": 0.1459427159279585, "min": 0.14137423690408468, "max": 0.14710804400965571, "mean": 0.14465006459504365, "std": 0.0018185440461405986, "repeat": 10, "number": 1}]}, "irradiance.TimeSuite.time_dirint": {"result": [0.07160209654830396], "stats": [{"ci_99": [0.06996483309194446, 0.07440004590898752], "q_25": 0.07075702515430748, "q_75": 0.0731980224372819, "min": 0.06996483309194446, "max": 0.07440004590898752, "mean": 0.07191321291029454, "std": 0.0014401757104653412, "repeat": 10, "number": 1}]}, "irradiance.TimeSuite.time_disc": {"result": [0.01957367011345923], "stats": [{"ci_99": [0.018880979157984257, 0.019917000085115433], "q_25": 0.019472869229502976, "q_75": 0.01983148488216102, "min": 0.018880979157984257, "max": 0.019917000085115433, "mean": 0.01958808470517397, "std": 0.00028985549803360247, "repeat": 10, "number": 1}]}, "irradiance.TimeSuite.time_erbs": {"result": [0.012764019425958395], "stats": [{"ci_99": [0.012536250054836273, 0.012983082793653011], "q_25": 0.01268052973318845, "q_75": 0.012809383333660662, "min": 0.012536250054836273, "max": 0.012983082793653011, "mean": 0.012751551577821374, "std": 0.0001307163155414092, "repeat": 10, "number": 1}]}, "irradiance.TimeSuite.time_get_extra_radiation": {"result": [0.0026613905210979283], "stats": [{"ci_99": [0.002635635551996529, 0.002721730968914926], "q_25": 0.002651291579240933, "q_75": 0.0026729685778263956, "min": 0.002635635551996529, "max": 0.002721730968914926, "mean": 0.0026666920399293303, "std": 2.3896047474422976e-05, "repeat": 10, "number": 4}]}, "irradiance.TimeSuite.time_get_ground_diffuse": {"result": [0.000533340707127201], "stats": [{"ci_99": [0.0005064913022675013, 0.000564204528927803], "q_25": 0.000521848584819389, "q_75": 0.0005443160985841562, "min": 0.0005064913022675013, "max": 0.000564204528927803, "mean": 0.0005338798081012149, "std": 1.8792144285764965e-05, "repeat": 10, "number": 19}]}, "irradiance.TimeSuite.time_get_total_irradiance": {"result": [0.005122413975186646], "stats": [{"ci_99": [0.004985029110684991, 0.0053897337056696415], "q_25": 0.005012537352740765, "q_75": 0.005233904579654336, "min": 0.004985029110684991, "max": 0.0053897337056696415, "mean": 0.005140670435503125, "std": 0.00014050228998497468, "repeat": 10, "number": 2}]}, "location.TimeSuite.time_location_get_airmass": {"result": [0.0014847483752029283], "stats": [{"ci_99": [0.0013783540177558149, 0.001504417841455766], "q_25": 0.0014817624386133893, "q_75": 0.0014881395368969868, "min": 0.0013783540177558149, "max": 0.001504417841455766, "mean": 0.0014763684411134039, "std": 3.344544650907706e-05, "repeat": 10, "number": 7}]}, "location.TimeSuite.time_location_get_clearsky": {"result": [0.013225532369688153], "stats": [{"ci_99": [0.013078125659376383, 0.013606711756438017], "q_25": 0.01316842483356595, "q_75": 0.013302584644407034, "min": 0.013078125659376383, "max": 0.013606711756438017, "mean": 0.013253879500553012, "std": 0.00013808952685235977, "repeat": 10, "number": 1}]}, "location.TimeSuite.time_location_get_solarposition": {"result": [0.017823718953877687], "stats": [{"ci_99": [0.01773081999272108, 0.01799043221399188], "q_25": 0.0177508961642161, "q_75": 0.017876779194921255, "min": 0.01773081999272108, "max": 0.01799043221399188, "mean": 0.017826318135485054, "std": 8.132278353646381e-05, "repeat": 10, "number": 1}]}, "location.TimeSuite.time_location_get_sun_rise_set_transit_pyephem": null, "location.TimeSuite.time_location_get_sun_rise_set_transit_spa": null, "solarposition.TimeSuite.time_ephemeris": {"result": [0.02499894704669714], "stats": [{"ci_99": [0.02353854291141033, 0.02569407969713211], "q_25": 0.02377635391894728, "q_75": 0.02505665726494044, "min": 0.02353854291141033, "max": 0.02569407969713211, "mean": 0.024588503781706093, "std": 0.0007403475551089841, "repeat": 10, "number": 1}]}, "solarposition.TimeSuite.time_ephemeris_localized": {"result": [0.024260730016976595], "stats": [{"ci_99": [0.02350044995546341, 0.025258643086999655], "q_25": 0.023634992656297982, "q_75": 0.02495586103759706, "min": 0.02350044995546341, "max": 0.025258643086999655, "mean": 0.024310117354616523, "std": 0.0006728362327461002, "repeat": 10, "number": 1}]}, "solarposition.TimeSuite.time_nrel_earthsun_distance": {"result": [0.023303816560655832], "stats": [{"ci_99": [0.023091983050107956, 0.02375899627804756], "q_25": 0.02318051049951464, "q_75": 0.023356376914307475, "min": 0.023091983050107956, "max": 0.02375899627804756, "mean": 0.02330932067707181, "std": 0.00017636831182928615, "repeat": 10, "number": 1}]}, "solarposition.TimeSuite.time_spa_python": {"result": [0.028470009099692106], "stats": [{"ci_99": [0.028091262094676495, 0.02856149571016431], "q_25": 0.028378881979733706, "q_75": 0.02852625516243279, "min": 0.028091262094676495, "max": 0.02856149571016431, "mean": 0.028425805317237974, "std": 0.00014335491092899702, "repeat": 10, "number": 1}]}, "solarposition.TimeSuite.time_sun_rise_set_transit_spa": {"result": [0.0493712704628706], "stats": [{"ci_99": [0.048968696035444736, 0.05035475501790643], "q_25": 0.0492951141204685, "q_75": 0.049680930795148015, "min": 0.048968696035444736, "max": 0.05035475501790643, "mean": 0.049494337663054465, "std": 0.00036395891472981034, "repeat": 10, "number": 1}]}, "tracking.TimeSuite.time_singleaxis": {"result": [0.006417760509066284], "stats": [{"ci_99": [0.005976960528641939, 0.0067782418336719275], "q_25": 0.006344742025248706, "q_75": 0.0064629678963683546, "min": 0.005976960528641939, "max": 0.0067782418336719275, "mean": 0.006412629643455148, "std": 0.00023258752207238974, "repeat": 10, "number": 2}]}, "tracking.TimeSuite.time_tracker_singleaxis": {"result": [0.0064871287904679775], "stats": [{"ci_99": [0.005898855393752456, 0.006762744393199682], "q_25": 0.006307310424745083, "q_75": 0.006554873194545507, "min": 0.005898855393752456, "max": 0.006762744393199682, "mean": 0.006410756916739047, "std": 0.00023287568414149634, "repeat": 10, "number": 2}]}}, "params": {"arch": "x86_64", "cpu": "Intel Xeon Processor (Skylake, IBRS)", "machine": "pvlib-asv.forecasting.energy.arizona.edu", "num_cpu": "4", "os": "Linux 5.7.8-200.fc32.x86_64", "ram": "8145244", "python": "3.7", "ephem": "3.7.6.0", "numpy": "1.18.5", "pandas": "1.1.0", "pytables": "3.6.1", "scipy": "1.2.0"}, "requirements": {"ephem": "3.7.6.0", "numpy": "1.18.5", "pandas": "1.1.0", "pytables": "3.6.1", "scipy": "1.2.0"}, "commit_hash": "52813151cc952aa74b10fefe6a9c64164bbf5ea5", "date": 1537466892000, "env_name": "conda-py3.7-ephem3.7.6.0-numpy1.18.5-pandas1.1.0-pytables3.6.1-scipy1.2.0", "python": "3.7", "profiles": {}, "started_at": {"irradiance.TimeSuite.time_aoi": 1599348430644, "irradiance.TimeSuite.time_aoi_projection": 1599348432450, "irradiance.TimeSuite.time_dirindex": 1599348434255, "irradiance.TimeSuite.time_dirint": 1599348436812, "irradiance.TimeSuite.time_disc": 1599348438969, "irradiance.TimeSuite.time_erbs": 1599348440824, "irradiance.TimeSuite.time_get_extra_radiation": 1599348442630, "irradiance.TimeSuite.time_get_ground_diffuse": 1599348444436,