{"results": {"irradiance.Irradiance.time_aoi": {"result": [0.0021573857869952914], "stats": [{"ci_99": [0.0021458654664456844, 0.0023292631842195986], "q_25": 0.002155101951211691, "q_75": 0.0021720844553783534, "min": 0.0021458654664456844, "max": 0.0023292631842195986, "mean": 0.002176796682178974, "std": 5.183172869953786e-05, "repeat": 10, "number": 5}]}, "irradiance.Irradiance.time_aoi_projection": {"result": [0.0021945764776319264], "stats": [{"ci_99": [0.002142913918942213, 0.002238137647509575], "q_25": 0.002161972038447857, "q_75": 0.0022035454865545036, "min": 0.002142913918942213, "max": 0.002238137647509575, "mean": 0.002186654293909669, "std": 2.93943755343944e-05, "repeat": 10, "number": 5}]}, "irradiance.Irradiance.time_dirindex": {"result": [0.14507468650117517], "stats": [{"ci_99": [0.14253018563613296, 0.14929255610331893], "q_25": 0.144049113499932, "q_75": 0.14703566231764853, "min": 0.14253018563613296, "max": 0.14929255610331893, "mean": 0.14552466091699898, "std": 0.0021789805934215724, "repeat": 10, "number": 1}]}, "irradiance.Irradiance.time_dirint": {"result": [0.0704149566590786], "stats": [{"ci_99": [0.06979915918782353, 0.07172117987647653], "q_25": 0.0700595973758027, "q_75": 0.07085073471534997, "min": 0.06979915918782353, "max": 0.07172117987647653, "mean": 0.07050892217084766, "std": 0.0005865858044019094, "repeat": 10, "number": 1}]}, "irradiance.Irradiance.time_disc": {"result": [0.018719209590926766], "stats": [{"ci_99": [0.017778743989765644, 0.02000023005530238], "q_25": 0.017850290751084685, "q_75": 0.019681543111801147, "min": 0.017778743989765644, "max": 0.02000023005530238, "mean": 0.018795366305857895, "std": 0.0009414994280651828, "repeat": 10, "number": 1}]}, "irradiance.Irradiance.time_erbs": {"result": [0.012309325160458684], "stats": [{"ci_99": [0.012214194983243942, 0.012682775966823101], "q_25": 0.012233340181410313, "q_75": 0.012436342309229076, "min": 0.012214194983243942, "max": 0.012682775966823101, "mean": 0.012355523928999902, "std": 0.00014683471922791478, "repeat": 10, "number": 1}]}, "irradiance.Irradiance.time_get_extra_radiation": {"result": [0.002636616351082921], "stats": [{"ci_99": [0.0026228094939142466, 0.0027195337461307645], "q_25": 0.0026294304116163403, "q_75": 0.0026398964691907167, "min": 0.0026228094939142466, "max": 0.0027195337461307645, "mean": 0.0026495118159800767, "std": 3.4706275717671455e-05, "repeat": 10, "number": 4}]}, "irradiance.Irradiance.time_get_ground_diffuse": {"result": [0.000541375344619155], "stats": [{"ci_99": [0.0005245281849056482, 0.0005703013623133302], "q_25": 0.0005286957893986255, "q_75": 0.0005476819293107838, "min": 0.0005245281849056482, "max": 0.0005703013623133302, "mean": 0.0005407143291085959, "std": 1.3531060773894619e-05, "repeat": 10, "number": 20}]}, "irradiance.Irradiance.time_get_total_irradiance": {"result": [0.005127316806465387], "stats": [{"ci_99": [0.004973758477717638, 0.005457243882119656], "q_25": 0.005110902537126094, "q_75": 0.005343119730241597, "min": 0.004973758477717638, "max": 0.005457243882119656, "mean": 0.0051986647071316835, "std": 0.00016372798554912965, "repeat": 10, "number": 2}]}, "location.Location.time_location_get_airmass": {"result": [0.0015049631973462446], "stats": [{"ci_99": [0.0014876520394214562, 0.0015294808628303663], "q_25": 0.0014928662317938038, "q_75": 0.0015166746119835547, "min": 0.0014876520394214562, "max": 0.0015294808628303663, "mean": 0.0015063209725277766, "std": 1.4048164241375107e-05, "repeat": 10, "number": 7}]}, "location.Location.time_location_get_clearsky": {"result": [0.01314021018333733], "stats": [{"ci_99": [0.012108514085412025, 0.013275156263262033], "q_25": 0.013043908402323723, "q_75": 0.013166216085664928, "min": 0.012108514085412025, "max": 0.013275156263262033, "mean": 0.012960636895149947, "std": 0.00038047716356490863, "repeat": 10, "number": 1}]}, "location.Location.time_location_get_solarposition": {"result": [0.017810765421018004], "stats": [{"ci_99": [0.01747763203456998, 0.018470121081918478], "q_25": 0.017557190381921828, "q_75": 0.018113313824869692, "min": 0.01747763203456998, "max": 0.018470121081918478, "mean": 0.017864167410880327, "std": 0.0003259406765739263, "repeat": 10, "number": 1}]}, "location.Location_0_6_1.time_location_get_sun_rise_set_transit_pyephem": {"result": [0.19646942475810647], "stats": [{"ci_99": [0.1797937280498445, 0.19829587964341044], "q_25": 0.19614217430353165, "q_75": 0.19714658265002072, "min": 0.1797937280498445, "max": 0.19829587964341044, "mean": 0.19518880252726376, "std": 0.0051878314172193575, "repeat": 10, "number": 1}]}, "location.Location_0_6_1.time_location_get_sun_rise_set_transit_spa": {"result": [0.042775585083290935], "stats": [{"ci_99": [0.04255406279116869, 0.043089750688523054], "q_25": 0.04266432055737823, "q_75": 0.04289022588636726, "min": 0.04255406279116869, "max": 0.043089750688523054, "mean": 0.04278842275962234, "std": 0.0001560058364200194, "repeat": 10, "number": 1}]}, "solarposition.SolarPosition.time_ephemeris": {"result": [0.024563494604080915], "stats": [{"ci_99": [0.023585311137139797, 0.025149169843643904], "q_25": 0.023879228509031236, "q_75": 0.02490640466567129, "min": 0.023585311137139797, "max": 0.025149169843643904, "mean": 0.024415756529197096, "std": 0.0005641656041404824, "repeat": 10, "number": 1}]}, "solarposition.SolarPosition.time_ephemeris_localized": {"result": [0.025192147586494684], "stats": [{"ci_99": [0.02501016389578581, 0.026436244137585163], "q_25": 0.02516512933652848, "q_75": 0.026139731635339558, "min": 0.02501016389578581, "max": 0.026436244137585163, "mean": 0.02557232640683651, "std": 0.0005476259106666575, "repeat": 10, "number": 1}]}, "solarposition.SolarPosition.time_nrel_earthsun_distance": {"result": [0.023205525474622846], "stats": [{"ci_99": [0.02294868975877762, 0.02336895326152444], "q_25": 0.023032171884551644, "q_75": 0.02328047633636743, "min": 0.02294868975877762, "max": 0.02336895326152444, "mean": 0.023167716851457954, "std": 0.00015511062230992876, "repeat": 10, "number": 1}]}, "solarposition.SolarPosition.time_spa_python": {"result": [0.028242483036592603], "stats": [{"ci_99": [0.02808111673220992, 0.028377159032970667], "q_25": 0.02821116999257356, "q_75": 0.028305188985541463, "min": 0.02808111673220992, "max": 0.028377159032970667, "mean": 0.02824455895461142, "std": 9.418448062670451e-05, "repeat": 10, "number": 1}]}, "solarposition.SolarPosition.time_sun_rise_set_transit_spa": {"result": [0.049161427887156606], "stats": [{"ci_99": [0.0487852618098259, 0.04960206802934408], "q_25": 0.04898199695162475, "q_75": 0.04933906998485327, "min": 0.0487852618098259, "max": 0.04960206802934408, "mean": 0.049149464117363095, "std": 0.00025460609785048184, "repeat": 10, "number": 1}]}, "temperature.Fuentes.time_fuentes": {"result": [NaN, null, null], "params": [["'a'", "'b'", "'deltaT'"]]}, "tracking.SingleAxis.time_singleaxis": {"result": [0.006433180766180158], "stats": [{"ci_99": [0.006124228471890092, 0.006675160024315119], "q_25": 0.0062413549749180675, "q_75": 0.0065363704925403, "min": 0.006124228471890092, "max": 0.006675160024315119, "mean": 0.006410997081547976, "std": 0.00018166269151323022, "repeat": 10, "number": 2}]}, "tracking.SingleAxis.time_tracker_singleaxis": {"result": [0.006425590254366398], "stats": [{"ci_99": [0.006293483078479767, 0.006795951630920172], "q_25": 0.006417897064238787, "q_75": 0.006554677907843143, "min": 0.006293483078479767, "max": 0.006795951630920172, "mean": 0.0064887732965871695, "std": 0.00015560925541459225, "repeat": 10, "number": 2}]}, "temperature.SAPM.time_sapm_cell": {"result": [0.002254282683134079], "stats": [{"ci_99": [0.002214405778795481, 0.0022867783904075623], "q_25": 0.0022460848558694124, "q_75": 0.00226894763763994, "min": 0.002214405778795481, "max": 0.0022867783904075623, "mean": 0.0022553306352347136, "std": 2.146692595470953e-05, "repeat": 10, "number": 5}]}}, "params": {"arch": "x86_64",