{"results": {"irradiance.Irradiance.time_aoi": {"result": [0.002181454887613654], "stats": [{"ci_99": [0.002140303608030081, 0.002238704450428486], "q_25": 0.0021625907858833673, "q_75": 0.0022163119632750746, "min": 0.002140303608030081, "max": 0.002238704450428486, "mean": 0.0021876829396933325, "std": 3.1764796931221185e-05, "repeat": 10, "number": 5}]}, "irradiance.Irradiance.time_aoi_projection": {"result": [0.0022063782904297113], "stats": [{"ci_99": [0.002150619216263294, 0.0022401779890060423], "q_25": 0.002183453855104744, "q_75": 0.002219941187649965, "min": 0.002150619216263294, "max": 0.0022401779890060423, "mean": 0.0022032422665506602, "std": 2.7016310193081098e-05, "repeat": 10, "number": 5}]}, "irradiance.Irradiance.time_dirindex": {"result": [0.14409495168365538], "stats": [{"ci_99": [0.1426389771513641, 0.14725696993991733], "q_25": 0.14323490497190505, "q_75": 0.14473771688062698, "min": 0.1426389771513641, "max": 0.14725696993991733, "mean": 0.14439572994597255, "std": 0.0015457291949669437, "repeat": 10, "number": 1}]}, "irradiance.Irradiance.time_dirint": {"result": [0.07118664868175983], "stats": [{"ci_99": [0.07024506200104952, 0.07665166212245822], "q_25": 0.07069099368527532, "q_75": 0.07288539479486644, "min": 0.07024506200104952, "max": 0.07665166212245822, "mean": 0.07200078745372593, "std": 0.001837653775937246, "repeat": 10, "number": 1}]}, "irradiance.Irradiance.time_disc": {"result": [0.019257292849943042], "stats": [{"ci_99": [0.01884066592901945, 0.020164261106401682], "q_25": 0.01897600118536502, "q_75": 0.019544174429029226, "min": 0.01884066592901945, "max": 0.020164261106401682, "mean": 0.01929709208197892, "std": 0.00039734456580103823, "repeat": 10, "number": 1}]}, "irradiance.Irradiance.time_erbs": {"result": [0.011635298375040293], "stats": [{"ci_99": [0.011414047330617905, 0.012739435769617558], "q_25": 0.011566790286451578, "q_75": 0.01214263355359435, "min": 0.011414047330617905, "max": 0.012739435769617558, "mean": 0.011894446657970547, "std": 0.000472192990460147, "repeat": 10, "number": 1}]}, "irradiance.Irradiance.time_get_extra_radiation": {"result": [0.002656690019648522], "stats": [{"ci_99": [0.0026465837145224214, 0.0028169124852865934], "q_25": 0.0026523968554101884, "q_75": 0.0026666453923098743, "min": 0.0026465837145224214, "max": 0.0028169124852865934, "mean": 0.002674553846009076, "std": 4.848793599556977e-05, "repeat": 10, "number": 4}]}, "irradiance.Irradiance.time_get_ground_diffuse": {"result": [0.0005582453915849328], "stats": [{"ci_99": [0.000505224708467722, 0.0005700387991964817], "q_25": 0.0005473407043609769, "q_75": 0.0005610388354398311, "min": 0.000505224708467722, "max": 0.0005700387991964817, "mean": 0.0005482543562538922, "std": 2.2059411193219133e-05, "repeat": 10, "number": 20}]}, "irradiance.Irradiance.time_get_total_irradiance": {"result": [0.005107410795365771], "stats": [{"ci_99": [0.005066884992023309, 0.005219023364285628], "q_25": 0.005089322182660301, "q_75": 0.0051823297593121724, "min": 0.005066884992023309, "max": 0.005219023364285628, "mean": 0.005131596839055419, "std": 5.422138510296762e-05, "repeat": 10, "number": 3}]}, "location.Location.time_location_get_airmass": {"result": [0.0014996196342898266], "stats": [{"ci_99": [0.001383455004543066, 0.0015128433172191893], "q_25": 0.0014930411707609892, "q_75": 0.001504424709959754, "min": 0.001383455004543066, "max": 0.0015128433172191893, "mean": 0.001489077927544713, "std": 3.581086651494948e-05, "repeat": 10, "number": 7}]}, "location.Location.time_location_get_clearsky": {"result": [0.013209039578214288], "stats": [{"ci_99": [0.012201055884361267, 0.013528102077543736], "q_25": 0.013183435308746994, "q_75": 0.013252890668809414, "min": 0.012201055884361267, "max": 0.013528102077543736, "mean": 0.013063549483194947, "std": 0.00042016729853328174, "repeat": 10, "number": 1}]}, "location.Location.time_location_get_solarposition": {"result": [0.017718216869980097], "stats": [{"ci_99": [0.01751490868628025, 0.017865690868347883], "q_25": 0.01766624196898192, "q_75": 0.01777011516969651, "min": 0.01751490868628025, "max": 0.017865690868347883, "mean": 0.017709690146148205, "std": 0.0001059308539317135, "repeat": 10, "number": 1}]}, "location.Location_0_6_1.time_location_get_sun_rise_set_transit_pyephem": NaN, "location.Location_0_6_1.time_location_get_sun_rise_set_transit_spa": NaN, "solarposition.SolarPosition.time_ephemeris": {"result": [0.024121642112731934], "stats": [{"ci_99": [0.02387463068589568, 0.0247505409643054], "q_25": 0.02396003168541938, "q_75": 0.024563094251789153, "min": 0.02387463068589568, "max": 0.0247505409643054, "mean": 0.024239666992798448, "std": 0.0003282992780492864, "repeat": 10, "number": 1}]}, "solarposition.SolarPosition.time_ephemeris_localized": {"result": [0.025233247550204396], "stats": [{"ci_99": [0.02441685926169157, 0.025528796017169952], "q_25": 0.025017668842338026, "q_75": 0.02526347851380706, "min": 0.02441685926169157, "max": 0.025528796017169952, "mean": 0.025113193038851022, "std": 0.00031024411582204514, "repeat": 10, "number": 1}]}, "solarposition.SolarPosition.time_nrel_earthsun_distance": {"result": [0.0230185363907367], "stats": [{"ci_99": [0.02298040594905615, 0.023156343027949333], "q_25": 0.022995326784439385, "q_75": 0.02303726179525256, "min": 0.02298040594905615, "max": 0.023156343027949333, "mean": 0.02303289561532438, "std": 5.440128741568669e-05, "repeat": 10, "number": 1}]}, "solarposition.SolarPosition.time_spa_python": {"result": [0.028281526174396276], "stats": [{"ci_99": [0.02816141303628683, 0.02878531813621521], "q_25": 0.028218017076142132, "q_75": 0.02837876882404089, "min": 0.02816141303628683, "max": 0.02878531813621521, "mean": 0.02833144711330533, "std": 0.0001722954123912362, "repeat": 10, "number": 1}]}, "solarposition.SolarPosition.time_sun_rise_set_transit_spa": {"result": [0.04892813879996538], "stats": [{"ci_99": [0.04786598728969693, 0.049581862054765224], "q_25": 0.04874968703370541, "q_75": 0.049298911122605205, "min": 0.04786598728969693, "max": 0.049581862054765224, "mean": 0.04894440080970526, "std": 0.0004891464086082524, "repeat": 10, "number": 1}]}, "temperature.Fuentes.time_fuentes": NaN, "temperature.SAPM.time_sapm_cell": {"result": [0.002206351064766447], "stats": [{"ci_99": [0.0020062890059004226, 0.0022274811441699662], "q_25": 0.0021984693400251367, "q_75": 0.0022201873750115433, "min": 0.0020062890059004226, "max": 0.0022274811441699662, "mean": 0.002173867852737506, "std": 7.868901887168914e-05, "repeat": 10, "number": 6}]}, "tracking.SingleAxis.time_singleaxis": {"result": [0.04648149386048317], "stats": [{"ci_99": [0.04457532474771142, 0.047966090962290764], "q_25": 0.044912417186424136, "q_75": 0.04710984916891903, "min": 0.04457532474771142, "max": 0.047966090962290764, "mean": 0.04616970578208566, "std": 0.0011863579085069603, "repeat": 10, "number": 1}]}, "tracking.SingleAxis.time_tracker_singleaxis": {"result": [0.046516129514202476], "stats": [{"ci_99": [0.04551996989175677, 0.0482116611674428], "q_25": 0.046049236436374485, "q_75": 0.04682986449915916, "min": 0.04551996989175677, "max": 0.0482116611674428, "mean": 0.0465480491053313, "std": 0.0007765398038423318, "repeat": 10, "number": 1}]}}, "params": {"arch": "x86_64", "cpu": "Intel Xeon Processor (Skylake, IBRS)", "machine": "pvlib-asv.forecasting.energy.arizona.edu", "num_cpu": "4", "os": "Linux 5.7.8-200.fc32.x86_64", "ram": "8145244", "python": "3.7", "ephem": "3.7.6.0", "numpy": "1.18.5", "pandas": "1.1.0", "pytables": "3.6.1", "scipy": "1.2.0"}, "requirements": {"ephem": "3.7.6.0", "numpy": "1.18.5", "pandas": "1.1.0", "pytables": "3.6.1", "scipy": "1.2.0"}, "commit_hash": "5728d1124c7a5a036c62a20b3d7c14bf7d195c42", "date": 1534948963000, "env_name": "conda-py3.7-ephem3.7.6.0-numpy1.18.5-pandas1.1.0-pytables3.6.1-scipy1.2.0", "python": "3.7", "profiles": {}, "started_at": {"irradiance.Irradiance.time_aoi": 1599427330666,