{"results": {"irradiance.TimeSuite.time_aoi": {"result": [0.002232999261468649], "stats": [{"ci_99": [0.002213021367788315, 0.0023440041579306124], "q_25": 0.0022177780978381635, "q_75": 0.0022944150725379584, "min": 0.002213021367788315, "max": 0.0023440041579306124, "mean": 0.0022573834005743267, "std": 4.911848642630877e-05, "repeat": 10, "number": 5}]}, "irradiance.TimeSuite.time_aoi_projection": {"result": [0.002228870382532477], "stats": [{"ci_99": [0.0021867290139198302, 0.0023482928052544596], "q_25": 0.002207898208871484, "q_75": 0.0022527099354192615, "min": 0.0021867290139198302, "max": 0.0023482928052544596, "mean": 0.0022449858114123337, "std": 5.2272290658815433e-05, "repeat": 10, "number": 5}]}, "irradiance.TimeSuite.time_dirindex": {"result": [0.14678301196545362], "stats": [{"ci_99": [0.1448541688732803, 0.14764812123030424], "q_25": 0.14530114363878965, "q_75": 0.14730345853604376, "min": 0.1448541688732803, "max": 0.14764812123030424, "mean": 0.14638636070303618, "std": 0.0010240771888890897, "repeat": 10, "number": 1}]}, "irradiance.TimeSuite.time_dirint": {"result": [0.07196442363783717], "stats": [{"ci_99": [0.07062483625486493, 0.07339244894683361], "q_25": 0.07122999778948724, "q_75": 0.07253792008850724, "min": 0.07062483625486493, "max": 0.07339244894683361, "mean": 0.0719698600936681, "std": 0.0008688319766485006, "repeat": 10, "number": 1}]}, "irradiance.TimeSuite.time_disc": {"result": [0.019197075394913554], "stats": [{"ci_99": [0.018605646211653948, 0.020155990030616522], "q_25": 0.019022137275896966, "q_75": 0.019722566939890385, "min": 0.018605646211653948, "max": 0.020155990030616522, "mean": 0.019340812368318437, "std": 0.0004624411268453495, "repeat": 10, "number": 1}]}, "irradiance.TimeSuite.time_erbs": {"result": [0.012541753705590963], "stats": [{"ci_99": [0.011788035742938519, 0.01333395903930068], "q_25": 0.012458476121537387, "q_75": 0.01271284930408001, "min": 0.011788035742938519, "max": 0.01333395903930068, "mean": 0.012527455063536762, "std": 0.00042702681131051595, "repeat": 10, "number": 1}]}, "irradiance.TimeSuite.time_get_extra_radiation": {"result": [0.002954936120659113], "stats": [{"ci_99": [0.002731271320953965, 0.002974156988784671], "q_25": 0.0029453068564180285, "q_75": 0.002957815129775554, "min": 0.002731271320953965, "max": 0.002974156988784671, "mean": 0.0029307137010619044, "std": 6.777102263613922e-05, "repeat": 10, "number": 4}]}, "irradiance.TimeSuite.time_get_ground_diffuse": {"result": [0.0005461910623125732], "stats": [{"ci_99": [0.0005438412073999644, 0.0005631893873214722], "q_25": 0.0005447955511044711, "q_75": 0.0005475084588397294, "min": 0.0005438412073999644, "max": 0.0005631893873214722, "mean": 0.0005486584105528891, "std": 6.276776577665056e-06, "repeat": 10, "number": 20}]}, "irradiance.TimeSuite.time_get_total_irradiance": {"result": [0.005368967540562153], "stats": [{"ci_99": [0.005098521942272782, 0.00545143592171371], "q_25": 0.005326055979821831, "q_75": 0.005405318923294544, "min": 0.005098521942272782, "max": 0.00545143592171371, "mean": 0.005337416217662394, "std": 0.00011269569547237745, "repeat": 10, "number": 2}]}, "location.TimeSuite.time_location_get_airmass": {"result": [0.0014914677677942173], "stats": [{"ci_99": [0.0014821541096482957, 0.0015377218036779336], "q_25": 0.0014853213215246797, "q_75": 0.0015069872939160892, "min": 0.0014821541096482957, "max": 0.0015377218036779336, "mean": 0.0014992170102362122, "std": 1.7891932626319724e-05, "repeat": 10, "number": 7}]}, "location.TimeSuite.time_location_get_clearsky": {"result": [0.01362870098091662], "stats": [{"ci_99": [0.01320151099935174, 0.022326599806547165], "q_25": 0.013284849817864597, "q_75": 0.013977654394693673, "min": 0.01320151099935174, "max": 0.022326599806547165, "mean": 0.014475468872115016, "std": 0.0026384794652809327, "repeat": 10, "number": 1}]}, "location.TimeSuite.time_location_get_solarposition": {"result": [0.019038435304537416], "stats": [{"ci_99": [0.01884116791188717, 0.01936050597578287], "q_25": 0.018996666884049773, "q_75": 0.019105158280581236, "min": 0.01884116791188717, "max": 0.01936050597578287, "mean": 0.019055157294496895, "std": 0.00014129304706871694, "repeat": 10, "number": 1}]}, "solarposition.TimeSuite.time_ephemeris": {"result": [0.025584691669791937], "stats": [{"ci_99": [0.025377793703228235, 0.025877964682877064], "q_25": 0.025482087396085262, "q_75": 0.025670299073681235, "min": 0.025377793703228235, "max": 0.025877964682877064, "mean": 0.025594612443819643, "std": 0.0001578036636193258, "repeat": 10, "number": 1}]}, "solarposition.TimeSuite.time_ephemeris_localized": {"result": [0.025545597542077303], "stats": [{"ci_99": [0.024993197061121464, 0.02567228488624096], "q_25": 0.025186526007018983, "q_75": 0.02559644856955856, "min": 0.024993197061121464, "max": 0.02567228488624096, "mean": 0.025411598058417438, "std": 0.00024270216393148234, "repeat": 10, "number": 1}]}, "solarposition.TimeSuite.time_nrel_earthsun_distance": {"result": [0.023150428431108594], "stats": [{"ci_99": [0.022637235932052135, 0.023299293126910925], "q_25": 0.023079383303411305, "q_75": 0.02326360740698874, "min": 0.022637235932052135, "max": 0.023299293126910925, "mean": 0.023127572471275927, "std": 0.00018374776926025673, "repeat": 10, "number": 1}]}, "solarposition.TimeSuite.time_spa_python": {"result": [0.03062626742757857], "stats": [{"ci_99": [0.030515511985868216, 0.03092410508543253], "q_25": 0.03057546552736312, "q_75": 0.030672211083583534, "min": 0.030515511985868216, "max": 0.03092410508543253, "mean": 0.030643904209136964, "std": 0.00011049558557557091, "repeat": 10, "number": 1}]}, "solarposition.TimeSuite.time_sun_rise_set_transit_spa": {"result": [0.051911112386733294], "stats": [{"ci_99": [0.051321940030902624, 0.05239417916163802], "q_25": 0.05172154610045254, "q_75": 0.05227853870019317, "min": 0.051321940030902624, "max": 0.05239417916163802, "mean": 0.05192715376615524, "std": 0.0003595878683898798, "repeat": 10, "number": 1}]}, "tracking.TimeSuite.time_singleaxis": {"result": [0.04946232587099075], "stats": [{"ci_99": [0.04784747492522001, 0.050230567809194326], "q_25": 0.04853989207185805, "q_75": 0.049727458390407264, "min": 0.04784747492522001, "max": 0.050230567809194326, "mean": 0.04919137195684016, "std": 0.000784246935710529, "repeat": 10, "number": 1}]}, "tracking.TimeSuite.time_tracker_singleaxis": {"result": [0.04856508830562234], "stats": [{"ci_99": [0.0457538440823555, 0.05038218107074499], "q_25": 0.047440331196412444, "q_75": 0.049386855913326144, "min": 0.0457538440823555, "max": 0.05038218107074499, "mean": 0.048367615323513746, "std": 0.0013370120430304321, "repeat": 10, "number": 1}]}}, "params": {"arch": "x86_64", "cpu": "Intel Xeon Processor (Skylake, IBRS)", "machine": "pvlib-asv.forecasting.energy.arizona.edu", "num_cpu": "4", "os": "Linux 5.7.8-200.fc32.x86_64", "ram": "8145244", "python": "3.7", "ephem": "3.7.6.0", "numpy": "1.18.5", "pandas": "1.1.0", "pytables": "3.6.1", "scipy": "1.2.0"}, "requirements": {"ephem": "3.7.6.0", "numpy": "1.18.5", "pandas": "1.1.0", "pytables": "3.6.1", "scipy": "1.2.0"}, "commit_hash": "5728d1124c7a5a036c62a20b3d7c14bf7d195c42", "date": 1534948963000, "env_name": "conda-py3.7-ephem3.7.6.0-numpy1.18.5-pandas1.1.0-pytables3.6.1-scipy1.2.0", "python": "3.7", "profiles": {}, "started_at": {"irradiance.TimeSuite.time_aoi": 1599361293642, "irradiance.TimeSuite.time_aoi_projection": 1599361295548, "irradiance.TimeSuite.time_dirindex": 1599361297454, "irradiance.TimeSuite.time_dirint": 1599361300110, "irradiance.TimeSuite.time_disc": 1599361302367, "irradiance.TimeSuite.time_erbs": 1599361304323, "irradiance.TimeSuite.time_get_extra_radiation": 1599361306229, "irradiance.TimeSuite.time_get_ground_diffuse": 1599361308135, "irradiance.TimeSuite.time_get_total_irradiance": 1599361310040, "location.TimeSuite.time_location_get_airmass": 1599361311946, "location.TimeSuite.time_location_get_clearsky": 1599361312300,