{"results": {"irradiance.Irradiance.time_aoi": {"result": [0.0023771842010319234], "stats": [{"ci_99": [0.002312986832112074, 0.002405036799609661], "q_25": 0.0023666291264817117, "q_75": 0.0023917212383821607, "min": 0.002312986832112074, "max": 0.002405036799609661, "mean": 0.002373844813555479, "std": 2.4945017563003924e-05, "repeat": 10, "number": 5}]}, "irradiance.Irradiance.time_aoi_projection": {"result": [0.0021559027954936028], "stats": [{"ci_99": [0.0021009008400142194, 0.0032709267921745776], "q_25": 0.0021361646940931678, "q_75": 0.0021592558594420554, "min": 0.0021009008400142194, "max": 0.0032709267921745776, "mean": 0.0022569419536739585, "std": 0.00033883876403560854, "repeat": 10, "number": 5}]}, "irradiance.Irradiance.time_dirindex": {"result": [0.0642838473431766], "stats": [{"ci_99": [0.06323592085391283, 0.07032644003629684], "q_25": 0.06376176176127046, "q_75": 0.06486235768534243, "min": 0.06323592085391283, "max": 0.07032644003629684, "mean": 0.06525858989916741, "std": 0.0024816045350524755, "repeat": 10, "number": 1}]}, "irradiance.Irradiance.time_dirint": {"result": [0.03222004813142121], "stats": [{"ci_99": [0.031313505955040455, 0.03465914400294423], "q_25": 0.03205602592788637, "q_75": 0.03381252393592149, "min": 0.031313505955040455, "max": 0.03465914400294423, "mean": 0.032696922589093444, "std": 0.001196963494218134, "repeat": 10, "number": 1}]}, "irradiance.Irradiance.time_disc": {"result": [0.01244661514647305], "stats": [{"ci_99": [0.01216130517423153, 0.012772902380675077], "q_25": 0.01218458276707679, "q_75": 0.012642347137443721, "min": 0.01216130517423153, "max": 0.012772902380675077, "mean": 0.012435312569141387, "std": 0.00024326187413792498, "repeat": 10, "number": 1}]}, "irradiance.Irradiance.time_erbs": {"result": [0.006680028513073921], "stats": [{"ci_99": [0.006571468431502581, 0.007047315128147602], "q_25": 0.006639654922764748, "q_75": 0.006777074129786342, "min": 0.006571468431502581, "max": 0.007047315128147602, "mean": 0.006726846541278064, "std": 0.000134674150259242, "repeat": 10, "number": 2}]}, "irradiance.Irradiance.time_get_extra_radiation": {"result": [0.0005372495506890118], "stats": [{"ci_99": [0.00053060173522681, 0.0005402489332482219], "q_25": 0.0005361955787520856, "q_75": 0.0005379300971981138, "min": 0.00053060173522681, "max": 0.0005402489332482219, "mean": 0.0005367122078314423, "std": 2.4929640807390174e-06, "repeat": 10, "number": 20}]}, "irradiance.Irradiance.time_get_ground_diffuse": {"result": [0.00035055687711123496], "stats": [{"ci_99": [0.00033028428292562886, 0.0003753931922537665], "q_25": 0.000344703578570437, "q_75": 0.0003533903359165115, "min": 0.00033028428292562886, "max": 0.0003753931922537665, "mean": 0.00034896442967076457, "std": 1.2036272784141812e-05, "repeat": 10, "number": 31}]}, "irradiance.Irradiance.time_get_total_irradiance": {"result": [0.004597259685397148], "stats": [{"ci_99": [0.004452011082321405, 0.0050018406473100185], "q_25": 0.00454519495057563, "q_75": 0.0047631567576900125, "min": 0.004452011082321405, "max": 0.0050018406473100185, "mean": 0.004648821474984287, "std": 0.00016363773561202787, "repeat": 10, "number": 3}]}, "location.Location.time_location_get_airmass": {"result": [0.0013657816161867231], "stats": [{"ci_99": [0.001350276987068355, 0.0013886240194551647], "q_25": 0.0013604792766273022, "q_75": 0.0013693856890313327, "min": 0.001350276987068355, "max": 0.0013886240194551647, "mean": 0.001365658763097599, "std": 9.81231894044015e-06, "repeat": 10, "number": 8}]}, "location.Location.time_location_get_clearsky": {"result": [0.009386204881593585], "stats": [{"ci_99": [0.00936261098831892, 0.009466966148465872], "q_25": 0.009376585425343364, "q_75": 0.009412101993802935, "min": 0.00936261098831892, "max": 0.009466966148465872, "mean": 0.009395940555259585, "std": 3.067763952299563e-05, "repeat": 10, "number": 2}]}, "location.Location.time_location_get_solarposition": {"result": [0.014997322345152497], "stats": [{"ci_99": [0.014917873311787844, 0.015147195663303137], "q_25": 0.014979600324295461, "q_75": 0.015026471461169422, "min": 0.014917873311787844, "max": 0.015147195663303137, "mean": 0.0150062782689929, "std": 5.676524174718025e-05, "repeat": 10, "number": 1}]}, "location.Location_0_6_1.time_location_get_sun_rise_set_transit_pyephem": NaN, "location.Location_0_6_1.time_location_get_sun_rise_set_transit_spa": NaN, "solarposition.SolarPosition.time_ephemeris": {"result": [0.0181442154571414], "stats": [{"ci_99": [0.017974944785237312, 0.01841889601200819], "q_25": 0.018087975797243416, "q_75": 0.018164673703722656, "min": 0.017974944785237312, "max": 0.01841889601200819, "mean": 0.018142583221197127, "std": 0.00011120168770978022, "repeat": 10, "number": 1}]}, "solarposition.SolarPosition.time_ephemeris_localized": {"result": [0.018138224026188254], "stats": [{"ci_99": [0.017994192894548178, 0.01866240706294775], "q_25": 0.01811233616899699, "q_75": 0.018287624698132277, "min": 0.017994192894548178, "max": 0.01866240706294775, "mean": 0.018217387050390242, "std": 0.00019221082143178512, "repeat": 10, "number": 1}]}, "solarposition.SolarPosition.time_nrel_earthsun_distance": {"result": [0.022496495628729463], "stats": [{"ci_99": [0.022230496164411306, 0.022829680237919092], "q_25": 0.02229147288016975, "q_75": 0.02269186987541616, "min": 0.022230496164411306, "max": 0.022829680237919092, "mean": 0.02250758055597544, "std": 0.00022001334706105207, "repeat": 10, "number": 1}]}, "solarposition.SolarPosition.time_spa_python": {"result": [0.025812270119786263], "stats": [{"ci_99": [0.025767868850380182, 0.02589460415765643], "q_25": 0.025781747768633068, "q_75": 0.025845654774457216, "min": 0.025767868850380182, "max": 0.02589460415765643, "mean": 0.025820466130971907, "std": 4.495798529745615e-05, "repeat": 10, "number": 1}]}, "solarposition.SolarPosition.time_sun_rise_set_transit_spa": {"result": [0.03757520276121795], "stats": [{"ci_99": [0.03745577298104763, 0.037740289233624935], "q_25": 0.03749923116993159, "q_75": 0.03759597917087376, "min": 0.03745577298104763, "max": 0.037740289233624935, "mean": 0.03756248527206481, "std": 7.796076204108883e-05, "repeat": 10, "number": 1}]}, "temperature.Fuentes.time_fuentes": NaN, "temperature.SAPM.time_sapm_cell": {"result": [0.0016582432269517866], "stats": [{"ci_99": [0.001594348411474909, 0.0016692538213516986], "q_25": 0.0016414991446903773, "q_75": 0.0016643854323774576, "min": 0.001594348411474909, "max": 0.0016692538213516986, "mean": 0.0016455903848899265, "std": 2.62185599238546e-05, "repeat": 10, "number": 7}]}, "tracking.SingleAxis.time_singleaxis": {"result": [0.03638315503485501], "stats": [{"ci_99": [0.035138638224452734, 0.038368326146155596], "q_25": 0.036105216830037534, "q_75": 0.03762134979479015, "min": 0.035138638224452734, "max": 0.038368326146155596, "mean": 0.03667114237323403, "std": 0.0010399297041131957, "repeat": 10, "number": 1}]}, "tracking.SingleAxis.time_tracker_singleaxis": {"result": [0.03757648100145161], "stats": [{"ci_99": [0.035003900062292814, 0.03832323383539915], "q_25": 0.03638621559366584, "q_75": 0.03791168495081365, "min": 0.035003900062292814, "max": 0.03832323383539915, "mean": 0.037086447095498444, "std": 0.0010774955022435759, "repeat": 10, "number": 1}]}}, "params": {"arch": "x86_64", "cpu": "Intel Xeon Processor (Skylake, IBRS)", "machine": "pvlib-asv.forecasting.energy.arizona.edu", "num_cpu": "4", "os": "Linux 5.7.8-200.fc32.x86_64", "ram": "8145244", "python": "3.6", "numpy": "1.12.0", "pandas": "0.22.0", "scipy": "1.2.0", "pytables": "3.6.1", "ephem": "3.7.6.0"}, "requirements": {"numpy": "1.12.0", "pandas": "0.22.0", "scipy": "1.2.0", "pytables": "3.6.1", "ephem": "3.7.6.0"}, "commit_hash": "5728d1124c7a5a036c62a20b3d7c14bf7d195c42", "date": 1534948963000, "env_name": "conda-py3.6-ephem3.7.6.0-numpy1.12.0-pandas0.22.0-pytables3.6.1-scipy1.2.0", "python": "3.6", "profiles": {},