{"results": {"irradiance.Irradiance.time_aoi": {"result": [0.002373363543301821], "stats": [{"ci_99": [0.0022832658141851425, 0.002410433441400528], "q_25": 0.0023124049184843898, "q_75": 0.0023913592100143436, "min": 0.0022832658141851425, "max": 0.002410433441400528, "mean": 0.002354254620149731, "std": 4.655736816652751e-05, "repeat": 10, "number": 5}]}, "irradiance.Irradiance.time_aoi_projection": {"result": [0.001991437398828566], "stats": [{"ci_99": [0.001949251163750887, 0.002064207491154472], "q_25": 0.001989602285902947, "q_75": 0.0020186524682988725, "min": 0.001949251163750887, "max": 0.002064207491154472, "mean": 0.0019989452014366788, "std": 3.4270833612618186e-05, "repeat": 10, "number": 6}]}, "irradiance.Irradiance.time_dirindex": {"result": [0.14332886086776853], "stats": [{"ci_99": [0.13902981113642454, 0.14527468290179968], "q_25": 0.14245532476343215, "q_75": 0.1438878740882501, "min": 0.13902981113642454, "max": 0.14527468290179968, "mean": 0.14305314533412455, "std": 0.0017094499215625904, "repeat": 10, "number": 1}]}, "irradiance.Irradiance.time_dirint": {"result": [0.06943522510118783], "stats": [{"ci_99": [0.06910207401961088, 0.07339729182422161], "q_25": 0.06919511139858514, "q_75": 0.07214312092401087, "min": 0.06910207401961088, "max": 0.07339729182422161, "mean": 0.07062104614451528, "std": 0.0017377534366831112, "repeat": 10, "number": 1}]}, "irradiance.Irradiance.time_disc": {"result": [0.020354773150756955], "stats": [{"ci_99": [0.019590516574680805, 0.02457327302545309], "q_25": 0.019827078678645194, "q_75": 0.020498398109339178, "min": 0.019590516574680805, "max": 0.02457327302545309, "mean": 0.02097383588552475, "std": 0.0018045138874171148, "repeat": 10, "number": 1}]}, "irradiance.Irradiance.time_erbs": {"result": [0.012215587543323636], "stats": [{"ci_99": [0.011749819852411747, 0.014859810005873442], "q_25": 0.011867820285260677, "q_75": 0.01340333407279104, "min": 0.011749819852411747, "max": 0.014859810005873442, "mean": 0.012754054553806782, "std": 0.0011848348181969326, "repeat": 10, "number": 1}]}, "irradiance.Irradiance.time_get_extra_radiation": {"result": [0.0026868278509937227], "stats": [{"ci_99": [0.0026190374046564102, 0.0027791272150352597], "q_25": 0.00266657694010064, "q_75": 0.0027495623216964304, "min": 0.0026190374046564102, "max": 0.0027791272150352597, "mean": 0.0026987856137566267, "std": 5.2300383403239316e-05, "repeat": 10, "number": 4}]}, "irradiance.Irradiance.time_get_ground_diffuse": {"result": [0.0005329848383553327], "stats": [{"ci_99": [0.0005129122640937567, 0.0005969852907583117], "q_25": 0.0005233411910012364, "q_75": 0.0005718246393371373, "min": 0.0005129122640937567, "max": 0.0005969852907583117, "mean": 0.0005446453415788709, "std": 2.9486940886233127e-05, "repeat": 10, "number": 20}]}, "irradiance.Irradiance.time_get_total_irradiance": {"result": [0.00541499734390527], "stats": [{"ci_99": [0.005191251868382096, 0.005631570005789399], "q_25": 0.005277198739349842, "q_75": 0.005481739295646548, "min": 0.005191251868382096, "max": 0.005631570005789399, "mean": 0.005394892999902368, "std": 0.00013913688111714378, "repeat": 10, "number": 2}]}, "location.Location.time_location_get_airmass": {"result": [0.0014117937244009227], "stats": [{"ci_99": [0.001287912717089057, 0.0014670953969471157], "q_25": 0.001395017490722239, "q_75": 0.0014207464992068708, "min": 0.001287912717089057, "max": 0.0014670953969471157, "mean": 0.0014033982355613262, "std": 4.37492259745052e-05, "repeat": 10, "number": 8}]}, "location.Location.time_location_get_clearsky": {"result": [0.012804275378584862], "stats": [{"ci_99": [0.012705094646662474, 0.013543054927140474], "q_25": 0.012723352643661201, "q_75": 0.012943843030370772, "min": 0.012705094646662474, "max": 0.013543054927140474, "mean": 0.012896873336285353, "std": 0.0002451414375693283, "repeat": 10, "number": 1}]}, "location.Location.time_location_get_solarposition": {"result": [0.017828895011916757], "stats": [{"ci_99": [0.01761226123198867, 0.0182079141959548], "q_25": 0.017799647175706923, "q_75": 0.01800663850735873, "min": 0.01761226123198867, "max": 0.0182079141959548, "mean": 0.01789284385740757, "std": 0.00017374507732253, "repeat": 10, "number": 1}]}, "location.Location_0_6_1.time_location_get_sun_rise_set_transit_pyephem": {"result": [0.19652551668696105], "stats": [{"ci_99": [0.179381572175771, 0.2249807370826602], "q_25": 0.1960158251458779, "q_75": 0.20319289527833462, "min": 0.179381572175771, "max": 0.2249807370826602, "mean": 0.20042788116261362, "std": 0.011882917302271818, "repeat": 10, "number": 1}]}, "location.Location_0_6_1.time_location_get_sun_rise_set_transit_spa": {"result": [0.04295157245360315], "stats": [{"ci_99": [0.042625277768820524, 0.04352649115025997], "q_25": 0.04268216388300061, "q_75": 0.04315801081247628, "min": 0.042625277768820524, "max": 0.04352649115025997, "mean": 0.04296756144613027, "std": 0.0002976772026930232, "repeat": 10, "number": 1}]}, "solarposition.SolarPosition.time_ephemeris": {"result": [0.024897802621126175], "stats": [{"ci_99": [0.0245565976947546, 0.025479920208454132], "q_25": 0.024735058308579028, "q_75": 0.02502744027879089, "min": 0.0245565976947546, "max": 0.025479920208454132, "mean": 0.02491762056015432, "std": 0.0002585393965369089, "repeat": 10, "number": 1}]}, "solarposition.SolarPosition.time_ephemeris_localized": {"result": [0.02491975831799209], "stats": [{"ci_99": [0.02465283777564764, 0.025319037027657032], "q_25": 0.024763406487181783, "q_75": 0.02497322193812579, "min": 0.02465283777564764, "max": 0.025319037027657032, "mean": 0.024913526559248566, "std": 0.0001852024830897952, "repeat": 10, "number": 1}]}, "solarposition.SolarPosition.time_nrel_earthsun_distance": {"result": [0.024711895501241088], "stats": [{"ci_99": [0.023492514621466398, 0.026377248112112284], "q_25": 0.02389739197678864, "q_75": 0.025681352359242737, "min": 0.023492514621466398, "max": 0.026377248112112284, "mean": 0.02481341934762895, "std": 0.0010289078024681225, "repeat": 10, "number": 1}]}, "solarposition.SolarPosition.time_spa_python": {"result": [0.028454032028093934], "stats": [{"ci_99": [0.02837350405752659, 0.028658117167651653], "q_25": 0.028413074789568782, "q_75": 0.028540126280859113, "min": 0.02837350405752659, "max": 0.028658117167651653, "mean": 0.028485769359394907, "std": 9.711588609540633e-05, "repeat": 10, "number": 1}]}, "solarposition.SolarPosition.time_sun_rise_set_transit_spa": {"result": [0.049512769328430295], "stats": [{"ci_99": [0.049143869895488024, 0.050345631781965494], "q_25": 0.04926215822342783, "q_75": 0.04976968374103308, "min": 0.049143869895488024, "max": 0.050345631781965494, "mean": 0.04959061937406659, "std": 0.0003948709743687465, "repeat": 10, "number": 1}]}, "temperature.Fuentes.time_fuentes": NaN, "temperature.SAPM.time_sapm_cell": {"result": [0.0021883670706301928], "stats": [{"ci_99": [0.002127587174375852, 0.002235827889914314], "q_25": 0.002171198003149281, "q_75": 0.0022061994726148746, "min": 0.002127587174375852, "max": 0.002235827889914314, "mean": 0.0021871139450619624, "std": 2.8323556182256815e-05, "repeat": 10, "number": 6}]}, "tracking.SingleAxis.time_singleaxis": {"result": [0.0063853858737275004], "stats": [{"ci_99": [0.0062069648411124945, 0.00663994112983346], "q_25": 0.006297962390817702, "q_75": 0.006471339554991573, "min": 0.0062069648411124945, "max": 0.00663994112983346, "mean": 0.006406297255307436, "std": 0.00013729096798100404, "repeat": 10, "number": 2}]}, "tracking.SingleAxis.time_tracker_singleaxis": {"result": [0.006325463065877557], "stats": [{"ci_99": [0.006146885454654694, 0.006804031087085605], "q_25": 0.006257886183448136, "q_75": 0.006574307742994279, "min": 0.006146885454654694, "max": 0.006804031087085605, "mean": 0.006407814635895193, "std": 0.00020836939416458313, "repeat": 10, "number": 2}]}}, "params": {"arch": "x86_64", "cpu": "Intel Xeon Processor (Skylake, IBRS)",