{"results": {"irradiance.Irradiance.time_aoi": {"result": [0.0023292193189263346], "stats": [{"ci_99": [0.0023161299526691438, 0.0023468201979994774], "q_25": 0.002323671150952578, "q_75": 0.0023316451348364357, "min": 0.0023161299526691438, "max": 0.0023468201979994774, "mean": 0.002329180762171745, "std": 9.412620915272192e-06, "repeat": 10, "number": 5}]}, "irradiance.Irradiance.time_aoi_projection": {"result": [0.0021157222334295513], "stats": [{"ci_99": [0.0020911900326609613, 0.0021614082157611846], "q_25": 0.0020987549098208545, "q_75": 0.002140864566899836, "min": 0.0020911900326609613, "max": 0.0021614082157611846, "mean": 0.002119427351281047, "std": 2.391213073902091e-05, "repeat": 10, "number": 5}]}, "irradiance.Irradiance.time_dirindex": {"result": [0.06585720065049827], "stats": [{"ci_99": [0.06396545376628637, 0.06700732233002782], "q_25": 0.06525399920064956, "q_75": 0.06660083122551441, "min": 0.06396545376628637, "max": 0.06700732233002782, "mean": 0.0657598527148366, "std": 0.0009370722501442656, "repeat": 10, "number": 1}]}, "irradiance.Irradiance.time_dirint": {"result": [0.03210385865531862], "stats": [{"ci_99": [0.03163567604497075, 0.03403352992609143], "q_25": 0.03197035286575556, "q_75": 0.032693958608433604, "min": 0.03163567604497075, "max": 0.03403352992609143, "mean": 0.032403214694932105, "std": 0.000678654252425994, "repeat": 10, "number": 1}]}, "irradiance.Irradiance.time_disc": {"result": [0.012699727900326252], "stats": [{"ci_99": [0.012418377213180065, 0.012947343289852142], "q_25": 0.012513870489783585, "q_75": 0.012763901497237384, "min": 0.012418377213180065, "max": 0.012947343289852142, "mean": 0.012663232209160925, "std": 0.00016173142484162865, "repeat": 10, "number": 1}]}, "irradiance.Irradiance.time_erbs": {"result": [0.0073128677904605865], "stats": [{"ci_99": [0.007233631098642945, 0.007355860900133848], "q_25": 0.007288325461558998, "q_75": 0.00732546707149595, "min": 0.007233631098642945, "max": 0.007355860900133848, "mean": 0.0073062680196017025, "std": 3.525077901423724e-05, "repeat": 10, "number": 2}]}, "irradiance.Irradiance.time_get_extra_radiation": {"result": [0.000531508878339082], "stats": [{"ci_99": [0.0005245447624474764, 0.0005365803604945541], "q_25": 0.0005282014841213821, "q_75": 0.0005352359556127339, "min": 0.0005245447624474764, "max": 0.0005365803604945541, "mean": 0.000531233383808285, "std": 4.128621713903234e-06, "repeat": 10, "number": 20}]}, "irradiance.Irradiance.time_get_ground_diffuse": {"result": [0.00032584371299228883], "stats": [{"ci_99": [0.00032268179524125475, 0.00032977081101500625], "q_25": 0.0003243839283558455, "q_75": 0.0003273032295207182, "min": 0.00032268179524125475, "max": 0.00032977081101500625, "mean": 0.000326141564062599, "std": 2.2937427012969278e-06, "repeat": 10, "number": 33}]}, "irradiance.Irradiance.time_get_total_irradiance": {"result": [0.004547069625308116], "stats": [{"ci_99": [0.004460488601277272, 0.004674271990855535], "q_25": 0.004486781855424245, "q_75": 0.00460686794637392, "min": 0.004460488601277272, "max": 0.004674271990855535, "mean": 0.004556205294405421, "std": 7.31303586581448e-05, "repeat": 10, "number": 3}]}, "location.Location.time_location_get_airmass": {"result": [0.0013709765626117587], "stats": [{"ci_99": [0.0013545803958550096, 0.0013974432949908078], "q_25": 0.0013599555095424876, "q_75": 0.0013723596057388932, "min": 0.0013545803958550096, "max": 0.0013974432949908078, "mean": 0.0013697014772333204, "std": 1.2394900141763199e-05, "repeat": 10, "number": 8}]}, "location.Location.time_location_get_clearsky": {"result": [0.00930044346023351], "stats": [{"ci_99": [0.009012819500640035, 0.009443508461117744], "q_25": 0.009121020091697574, "q_75": 0.009334293776191771, "min": 0.009012819500640035, "max": 0.009443508461117744, "mean": 0.009237381303682924, "std": 0.00013634709639069102, "repeat": 10, "number": 2}]}, "location.Location.time_location_get_solarposition": {"result": [0.015278589678928256], "stats": [{"ci_99": [0.01500748097896576, 0.015481227077543736], "q_25": 0.015050908899866045, "q_75": 0.015332376584410667, "min": 0.01500748097896576, "max": 0.015481227077543736, "mean": 0.01522980141453445, "std": 0.000169659232834628, "repeat": 10, "number": 1}]}, "location.Location_0_6_1.time_location_get_sun_rise_set_transit_pyephem": {"result": [0.17972023808397353], "stats": [{"ci_99": [0.17890407657250762, 0.18061642022803426], "q_25": 0.1791503307176754, "q_75": 0.18033736222423613, "min": 0.17890407657250762, "max": 0.18061642022803426, "mean": 0.17974238120950758, "std": 0.0006086743902125691, "repeat": 10, "number": 1}]}, "location.Location_0_6_1.time_location_get_sun_rise_set_transit_spa": {"result": [0.03307121689431369], "stats": [{"ci_99": [0.03288156492635608, 0.03326691221445799], "q_25": 0.03294272057246417, "q_75": 0.03315550344996154, "min": 0.03288156492635608, "max": 0.03326691221445799, "mean": 0.03305970444343984, "std": 0.00012167709235031169, "repeat": 10, "number": 1}]}, "solarposition.SolarPosition.time_ephemeris": {"result": [0.01845189929008484], "stats": [{"ci_99": [0.018171681091189384, 0.018916869070380926], "q_25": 0.018414190388284624, "q_75": 0.018605027813464403, "min": 0.018171681091189384, "max": 0.018916869070380926, "mean": 0.018497074581682683, "std": 0.00022605817119555885, "repeat": 10, "number": 1}]}, "solarposition.SolarPosition.time_ephemeris_localized": {"result": [0.018319301772862673], "stats": [{"ci_99": [0.017994791269302368, 0.018874838016927242], "q_25": 0.018195341806858778, "q_75": 0.01850577420555055, "min": 0.017994791269302368, "max": 0.018874838016927242, "mean": 0.018355782236903907, "std": 0.00024294630244254425, "repeat": 10, "number": 1}]}, "solarposition.SolarPosition.time_nrel_earthsun_distance": {"result": [0.022688871948048472], "stats": [{"ci_99": [0.022473954129964113, 0.023042164277285337], "q_25": 0.022661420283839107, "q_75": 0.02273521409370005, "min": 0.022473954129964113, "max": 0.023042164277285337, "mean": 0.02271993989124894, "std": 0.00014030800528566832, "repeat": 10, "number": 1}]}, "solarposition.SolarPosition.time_spa_python": {"result": [0.025621323846280575], "stats": [{"ci_99": [0.02506296429783106, 0.026156600564718246], "q_25": 0.025202922988682985, "q_75": 0.025655440869741142, "min": 0.02506296429783106, "max": 0.026156600564718246, "mean": 0.025532395485788582, "std": 0.0003387052584211757, "repeat": 10, "number": 1}]}, "solarposition.SolarPosition.time_sun_rise_set_transit_spa": {"result": [0.03778906841762364], "stats": [{"ci_99": [0.03746743593364954, 0.03833658481016755], "q_25": 0.03752166056074202, "q_75": 0.03809128131251782, "min": 0.03746743593364954, "max": 0.03833658481016755, "mean": 0.03782206065952778, "std": 0.0003225701537896579, "repeat": 10, "number": 1}]}, "temperature.Fuentes.time_fuentes": NaN, "temperature.SAPM.time_sapm_cell": {"result": [0.000979616984047673], "stats": [{"ci_99": [0.0009697257456454364, 0.000989342023703185], "q_25": 0.0009755647466094656, "q_75": 0.0009841149228371003, "min": 0.0009697257456454364, "max": 0.000989342023703185, "mean": 0.0009795057841322635, "std": 5.967126543690993e-06, "repeat": 10, "number": 11}]}, "tracking.SingleAxis.time_singleaxis": {"result": [0.017899025231599808], "stats": [{"ci_99": [0.01609428972005844, 0.02037883223965764], "q_25": 0.01729526068083942, "q_75": 0.01889890304300934, "min": 0.01609428972005844, "max": 0.02037883223965764, "mean": 0.01803239486180246, "std": 0.001235997584682447, "repeat": 10, "number": 1}]}, "tracking.SingleAxis.time_tracker_singleaxis": {"result": [0.01940562156960368], "stats": [{"ci_99": [0.01694517908617854, 0.0231500961817801], "q_25": 0.018966255360282958, "q_75": 0.021643886691890657, "min": 0.01694517908617854, "max": 0.0231500961817801, "mean": 0.020040479069575668, "std": 0.0019074679791763905, "repeat": 10, "number": 1}]}}, "params": {"arch": "x86_64", "cpu": "Intel Xeon Processor (Skylake, IBRS)",