{"results": {"irradiance.Irradiance.time_aoi": {"result": [0.0023758681956678627], "stats": [{"ci_99": [0.0022900065407156943, 0.0024221845902502536], "q_25": 0.0023495685076341034, "q_75": 0.00240485155954957, "min": 0.0022900065407156943, "max": 0.0024221845902502536, "mean": 0.0023712917882949113, "std": 4.088463424507786e-05, "repeat": 10, "number": 5}]}, "irradiance.Irradiance.time_aoi_projection": {"result": [0.002023523168948789], "stats": [{"ci_99": [0.00195528877278169, 0.0021657835071285567], "q_25": 0.001989971691121658, "q_75": 0.0020588294719345868, "min": 0.00195528877278169, "max": 0.0021657835071285567, "mean": 0.002030782618870338, "std": 6.007838549868818e-05, "repeat": 10, "number": 6}]}, "irradiance.Irradiance.time_dirindex": {"result": [0.1409614752046764], "stats": [{"ci_99": [0.13919219793751836, 0.14316576160490513], "q_25": 0.13992202829103917, "q_75": 0.14233368658460677, "min": 0.13919219793751836, "max": 0.14316576160490513, "mean": 0.14113754089921712, "std": 0.001371945585811114, "repeat": 10, "number": 1}]}, "irradiance.Irradiance.time_dirint": {"result": [0.07008327613584697], "stats": [{"ci_99": [0.06848206697031856, 0.07138123409822583], "q_25": 0.0689956871792674, "q_75": 0.07071544323116541, "min": 0.06848206697031856, "max": 0.07138123409822583, "mean": 0.06987552517093717, "std": 0.0009831215188141553, "repeat": 10, "number": 1}]}, "irradiance.Irradiance.time_disc": {"result": [0.020036089466884732], "stats": [{"ci_99": [0.018700806889683008, 0.022353350184857845], "q_25": 0.019744679797440767, "q_75": 0.02040674618910998, "min": 0.018700806889683008, "max": 0.022353350184857845, "mean": 0.020070225978270174, "std": 0.0009647189977339844, "repeat": 10, "number": 1}]}, "irradiance.Irradiance.time_erbs": {"result": [0.013373461551964283], "stats": [{"ci_99": [0.012597728054970503, 0.01409896183758974], "q_25": 0.012801841367036104, "q_75": 0.013832824537530541, "min": 0.012597728054970503, "max": 0.01409896183758974, "mean": 0.01334209660999477, "std": 0.0005559007830149441, "repeat": 10, "number": 1}]}, "irradiance.Irradiance.time_get_extra_radiation": {"result": [0.002674036775715649], "stats": [{"ci_99": [0.002609692746773362, 0.0027079135179519653], "q_25": 0.0026555963850114495, "q_75": 0.002679913828615099, "min": 0.002609692746773362, "max": 0.0027079135179519653, "mean": 0.0026661469601094723, "std": 3.0576987080948364e-05, "repeat": 10, "number": 4}]}, "irradiance.Irradiance.time_get_ground_diffuse": {"result": [0.0005576144774547882], "stats": [{"ci_99": [0.0005154968239367008, 0.0006053749368422561], "q_25": 0.0005327399315622946, "q_75": 0.000582859191733102, "min": 0.0005154968239367008, "max": 0.0006053749368422561, "mean": 0.0005595040041953324, "std": 2.997647151569921e-05, "repeat": 10, "number": 18}]}, "irradiance.Irradiance.time_get_total_irradiance": {"result": [0.0052821728168055415], "stats": [{"ci_99": [0.005149266449734569, 0.005996511084958911], "q_25": 0.005217355093918741, "q_75": 0.005506596527993679, "min": 0.005149266449734569, "max": 0.005996511084958911, "mean": 0.005433649057522416, "std": 0.0002972892995670662, "repeat": 10, "number": 2}]}, "location.Location.time_location_get_airmass": {"result": [0.0014102815766818821], "stats": [{"ci_99": [0.0013909800327382982, 0.0014203733881004155], "q_25": 0.0013991857995279133, "q_75": 0.0014179819845594466, "min": 0.0013909800327382982, "max": 0.0014203733881004155, "mean": 0.0014077103172894568, "std": 1.1046569853421448e-05, "repeat": 10, "number": 8}]}, "location.Location.time_location_get_clearsky": {"result": [0.01267300103791058], "stats": [{"ci_99": [0.012623833026736975, 0.012740258127450943], "q_25": 0.012662880239076912, "q_75": 0.012686180300079286, "min": 0.012623833026736975, "max": 0.012740258127450943, "mean": 0.012676818994805217, "std": 2.91918155099604e-05, "repeat": 10, "number": 1}]}, "location.Location.time_location_get_solarposition": {"result": [0.017800797009840608], "stats": [{"ci_99": [0.017680121585726738, 0.017874044831842184], "q_25": 0.017715655034407973, "q_75": 0.017818820313550532, "min": 0.017680121585726738, "max": 0.017874044831842184, "mean": 0.01777718639932573, "std": 6.167773472224935e-05, "repeat": 10, "number": 1}]}, "location.Location_0_6_1.time_location_get_sun_rise_set_transit_pyephem": {"result": [0.1957694860175252], "stats": [{"ci_99": [0.1949494080618024, 0.1964676878415048], "q_25": 0.19562272308394313, "q_75": 0.19589852611534297, "min": 0.1949494080618024, "max": 0.1964676878415048, "mean": 0.1957949254196137, "std": 0.0004008757685911423, "repeat": 10, "number": 1}]}, "location.Location_0_6_1.time_location_get_sun_rise_set_transit_spa": {"result": [0.04243697342462838], "stats": [{"ci_99": [0.042294563725590706, 0.04284804407507181], "q_25": 0.042393013602122664, "q_75": 0.042470906977541745, "min": 0.042294563725590706, "max": 0.04284804407507181, "mean": 0.04248204478062689, "std": 0.00016820710056544196, "repeat": 10, "number": 1}]}, "solarposition.SolarPosition.time_ephemeris": {"result": [0.02381172147579491], "stats": [{"ci_99": [0.023296565283089876, 0.024967444129288197], "q_25": 0.023703914950601757, "q_75": 0.024148289929144084, "min": 0.023296565283089876, "max": 0.024967444129288197, "mean": 0.0239411102142185, "std": 0.0004936752665943097, "repeat": 10, "number": 1}]}, "solarposition.SolarPosition.time_ephemeris_localized": {"result": [0.02483656513504684], "stats": [{"ci_99": [0.024405043106526136, 0.02524835616350174], "q_25": 0.024680327624082565, "q_75": 0.025058128405362368, "min": 0.024405043106526136, "max": 0.02524835616350174, "mean": 0.024857385270297527, "std": 0.00026210588830224193, "repeat": 10, "number": 1}]}, "solarposition.SolarPosition.time_nrel_earthsun_distance": {"result": [0.024028356187045574], "stats": [{"ci_99": [0.023896832019090652, 0.02516543073579669], "q_25": 0.023922810796648264, "q_75": 0.024110411177389324, "min": 0.023896832019090652, "max": 0.02516543073579669, "mean": 0.024155731825158, "std": 0.00037408328523183104, "repeat": 10, "number": 1}]}, "solarposition.SolarPosition.time_spa_python": {"result": [0.028423846932128072], "stats": [{"ci_99": [0.028363755904138088, 0.028639132156968117], "q_25": 0.028390144114382565, "q_75": 0.028474692720919847, "min": 0.028363755904138088, "max": 0.028639132156968117, "mean": 0.028454327397048472, "std": 8.904164292355198e-05, "repeat": 10, "number": 1}]}, "solarposition.SolarPosition.time_sun_rise_set_transit_spa": {"result": [0.049109032610431314], "stats": [{"ci_99": [0.048642865382134914, 0.04948793584480882], "q_25": 0.048935037571936846, "q_75": 0.04920492391102016, "min": 0.048642865382134914, "max": 0.04948793584480882, "mean": 0.04906538906507194, "std": 0.00024816518871063306, "repeat": 10, "number": 1}]}, "temperature.Fuentes.time_fuentes": NaN, "temperature.SAPM.time_sapm_cell": {"result": [0.0014284116332419217], "stats": [{"ci_99": [0.0013943066005595028, 0.0015708396094851196], "q_25": 0.0014112925564404577, "q_75": 0.0014416412159334868, "min": 0.0013943066005595028, "max": 0.0015708396094851196, "mean": 0.0014477393066044896, "std": 6.0065771777740466e-05, "repeat": 10, "number": 8}]}, "tracking.SingleAxis.time_singleaxis": {"result": [0.006275278865359724], "stats": [{"ci_99": [0.006189825013279915, 0.00660459091886878], "q_25": 0.00622845150064677, "q_75": 0.0063578266417607665, "min": 0.006189825013279915, "max": 0.00660459091886878, "mean": 0.0063177858712151645, "std": 0.00012807971016566512, "repeat": 10, "number": 2}]}, "tracking.SingleAxis.time_tracker_singleaxis": {"result": [0.006390763679519296], "stats": [{"ci_99": [0.006182883633300662, 0.006731152068823576], "q_25": 0.006257687578909099, "q_75": 0.006549896963406354, "min": 0.006182883633300662, "max": 0.006731152068823576, "mean": 0.006412474811077118, "std": 0.00017642171764807184, "repeat": 10, "number": 2}]}}, "params": {"arch": "x86_64", "cpu": "Intel Xeon Processor (Skylake, IBRS)",