{"results": {"irradiance.TimeSuite.time_aoi": {"result": [0.002215717313811183], "stats": [{"ci_99": [0.0021834072656929495, 0.002309129200875759], "q_25": 0.0022004630882292986, "q_75": 0.0022484086919575927, "min": 0.0021834072656929495, "max": 0.002309129200875759, "mean": 0.0022272409405559297, "std": 3.553712252997518e-05, "repeat": 10, "number": 5}]}, "irradiance.TimeSuite.time_aoi_projection": {"result": [0.0022262381855398415], "stats": [{"ci_99": [0.002183767128735781, 0.0024191077798604967], "q_25": 0.0022041990654543043, "q_75": 0.0022416379069909453, "min": 0.002183767128735781, "max": 0.0024191077798604967, "mean": 0.0022401692718267445, "std": 6.324600649578607e-05, "repeat": 10, "number": 5}]}, "irradiance.TimeSuite.time_dirindex": {"result": [0.14574563107453287], "stats": [{"ci_99": [0.14248982118442655, 0.14873028174042702], "q_25": 0.1447414227295667, "q_75": 0.1462215823121369, "min": 0.14248982118442655, "max": 0.14873028174042702, "mean": 0.14552229042164982, "std": 0.0016114890385171996, "repeat": 10, "number": 1}]}, "irradiance.TimeSuite.time_dirint": {"result": [0.07297592354007065], "stats": [{"ci_99": [0.0705500659532845, 0.08027677098289132], "q_25": 0.07186485384590924, "q_75": 0.07350856577977538, "min": 0.0705500659532845, "max": 0.08027677098289132, "mean": 0.07328638765029609, "std": 0.002624056944122566, "repeat": 10, "number": 1}]}, "irradiance.TimeSuite.time_disc": {"result": [0.019676740048453212], "stats": [{"ci_99": [0.018104021437466145, 0.01988164894282818], "q_25": 0.019545811926946044, "q_75": 0.019789615995250642, "min": 0.018104021437466145, "max": 0.01988164894282818, "mean": 0.01944265831261873, "std": 0.0005813373466223775, "repeat": 10, "number": 1}]}, "irradiance.TimeSuite.time_erbs": {"result": [0.013396944850683212], "stats": [{"ci_99": [0.012414903845638037, 0.013609505724161863], "q_25": 0.012819585972465575, "q_75": 0.01343172905035317, "min": 0.012414903845638037, "max": 0.013609505724161863, "mean": 0.013171481154859065, "std": 0.00043732995638998107, "repeat": 10, "number": 1}]}, "irradiance.TimeSuite.time_get_extra_radiation": {"result": [0.002631763753015548], "stats": [{"ci_99": [0.0026079698000103235, 0.0028416397981345654], "q_25": 0.0026234394463244826, "q_75": 0.0026503927656449378, "min": 0.0026079698000103235, "max": 0.0028416397981345654, "mean": 0.0026534859789535403, "std": 6.492334124179616e-05, "repeat": 10, "number": 4}]}, "irradiance.TimeSuite.time_get_ground_diffuse": {"result": [0.0005565019520489793], "stats": [{"ci_99": [0.0005353366907097792, 0.0005926082744018027], "q_25": 0.0005495688191762097, "q_75": 0.0005631543279282357, "min": 0.0005353366907097792, "max": 0.0005926082744018027, "mean": 0.0005569332450824349, "std": 1.578000794515571e-05, "repeat": 10, "number": 19}]}, "irradiance.TimeSuite.time_get_total_irradiance": {"result": [0.004922680168723066], "stats": [{"ci_99": [0.004868542620291312, 0.005315093013147513], "q_25": 0.004903745022602379, "q_75": 0.00502572616096586, "min": 0.004868542620291312, "max": 0.005315093013147513, "mean": 0.004982805935045085, "std": 0.00013141642554935726, "repeat": 10, "number": 3}]}, "location.TimeSuite.time_location_get_airmass": {"result": [0.0014864450453647544], "stats": [{"ci_99": [0.0014726465700992516, 0.0015288942626544408], "q_25": 0.0014843378282551256, "q_75": 0.0014942486138482178, "min": 0.0014726465700992516, "max": 0.0015288942626544408, "mean": 0.00149017807229289, "std": 1.4744469720196424e-05, "repeat": 10, "number": 7}]}, "location.TimeSuite.time_location_get_clearsky": {"result": [0.013026523403823376], "stats": [{"ci_99": [0.012125635053962469, 0.013349339365959167], "q_25": 0.012421566643752158, "q_75": 0.01315209805034101, "min": 0.012125635053962469, "max": 0.013349339365959167, "mean": 0.01284282268024981, "std": 0.00043907000173763516, "repeat": 10, "number": 1}]}, "location.TimeSuite.time_location_get_solarposition": {"result": [0.017811157274991274], "stats": [{"ci_99": [0.01765112904831767, 0.017996338196098804], "q_25": 0.017766492906957865, "q_75": 0.01783740718383342, "min": 0.01765112904831767, "max": 0.017996338196098804, "mean": 0.01781154638156295, "std": 8.501724591477489e-05, "repeat": 10, "number": 1}]}, "location.TimeSuite.time_location_get_sun_rise_set_transit_pyephem": {"result": [0.19666970195248723], "stats": [{"ci_99": [0.17963192192837596, 0.1977215982042253], "q_25": 0.19645249599125236, "q_75": 0.19739911518990993, "min": 0.17963192192837596, "max": 0.1977215982042253, "mean": 0.19501295890659093, "std": 0.00520119742882968, "repeat": 10, "number": 1}]}, "location.TimeSuite.time_location_get_sun_rise_set_transit_spa": {"result": [0.04299458139576018], "stats": [{"ci_99": [0.042667780071496964, 0.04326787730678916], "q_25": 0.04288997419644147, "q_75": 0.043131988029927015, "min": 0.042667780071496964, "max": 0.04326787730678916, "mean": 0.042998167453333735, "std": 0.0001711099298614642, "repeat": 10, "number": 1}]}, "solarposition.TimeSuite.time_ephemeris": {"result": [0.025162553414702415], "stats": [{"ci_99": [0.024891448207199574, 0.02551448391750455], "q_25": 0.025058982544578612, "q_75": 0.025273983948864043, "min": 0.024891448207199574, "max": 0.02551448391750455, "mean": 0.025171102583408357, "std": 0.00016695982780368768, "repeat": 10, "number": 1}]}, "solarposition.TimeSuite.time_ephemeris_localized": {"result": [0.025057806400582194], "stats": [{"ci_99": [0.02423581201583147, 0.025507937651127577], "q_25": 0.024902752484194934, "q_75": 0.025471960776485503, "min": 0.02423581201583147, "max": 0.025507937651127577, "mean": 0.025045359786599875, "std": 0.0004396550876417808, "repeat": 10, "number": 1}]}, "solarposition.TimeSuite.time_nrel_earthsun_distance": {"result": [0.023078385973349214], "stats": [{"ci_99": [0.022594688925892115, 0.02366022579371929], "q_25": 0.023020402411930263, "q_75": 0.023148148437030613, "min": 0.022594688925892115, "max": 0.02366022579371929, "mean": 0.023107782145962118, "std": 0.0002597953484459218, "repeat": 10, "number": 1}]}, "solarposition.TimeSuite.time_spa_python": {"result": [0.028261146042495966], "stats": [{"ci_99": [0.028145057149231434, 0.028744572307914495], "q_25": 0.028223147965036333, "q_75": 0.02857577195391059, "min": 0.028145057149231434, "max": 0.028744572307914495, "mean": 0.02838856428861618, "std": 0.00022096010000611455, "repeat": 10, "number": 1}]}, "solarposition.TimeSuite.time_sun_rise_set_transit_spa": {"result": [0.04934481321834028], "stats": [{"ci_99": [0.049036676064133644, 0.05003907764330506], "q_25": 0.04919556784443557, "q_75": 0.04960880195721984, "min": 0.049036676064133644, "max": 0.05003907764330506, "mean": 0.04943091948516667, "std": 0.00032658542564956605, "repeat": 10, "number": 1}]}, "tracking.TimeSuite.time_singleaxis": {"result": [0.00649368588346988], "stats": [{"ci_99": [0.006187975173816085, 0.0067565785720944405], "q_25": 0.006454176793340594, "q_75": 0.006672804011031985, "min": 0.006187975173816085, "max": 0.0067565785720944405, "mean": 0.006512524792924523, "std": 0.00017449652046300717, "repeat": 10, "number": 2}]}, "tracking.TimeSuite.time_tracker_singleaxis": {"result": [0.006471841945312917], "stats": [{"ci_99": [0.006305754883214831, 0.00699453498236835], "q_25": 0.006344744411762804, "q_75": 0.006576687621418387, "min": 0.006305754883214831, "max": 0.00699453498236835, "mean": 0.006503462279215455, "std": 0.0001949521004701312, "repeat": 10, "number": 2}]}}, "params": {"arch": "x86_64", "cpu": "Intel Xeon Processor (Skylake, IBRS)", "machine": "pvlib-asv.forecasting.energy.arizona.edu", "num_cpu": "4", "os": "Linux 5.7.8-200.fc32.x86_64", "ram": "8145244", "python": "3.7", "ephem": "3.7.6.0", "numpy": "1.18.5", "pandas": "1.1.0", "pytables": "3.6.1", "scipy": "1.2.0"}, "requirements": {"ephem": "3.7.6.0", "numpy": "1.18.5", "pandas": "1.1.0", "pytables": "3.6.1", "scipy": "1.2.0"}, "commit_hash": "5b4ba72092af5bdfb2308e60374b03244f1b8ed2", "date": 1568043362000,