{"results": {"irradiance.Irradiance.time_aoi": {"result": [0.0024657364119775593], "stats": [{"ci_99": [0.0023641162551939487, 0.0026357114547863603], "q_25": 0.002394893206655979, "q_75": 0.0025565139076206833, "min": 0.0023641162551939487, "max": 0.0026357114547863603, "mean": 0.0024795925477519632, "std": 9.522524515131372e-05, "repeat": 10, "number": 4}]}, "irradiance.Irradiance.time_aoi_projection": {"result": [0.0021573645062744617], "stats": [{"ci_99": [0.002141151577234268, 0.002170109003782272], "q_25": 0.0021529641933739187, "q_75": 0.0021637628553435205, "min": 0.002141151577234268, "max": 0.002170109003782272, "mean": 0.0021566645335406066, "std": 9.26957471743571e-06, "repeat": 10, "number": 5}]}, "irradiance.Irradiance.time_dirindex": {"result": [0.06631135288625956], "stats": [{"ci_99": [0.0647135078907013, 0.06664124596863985], "q_25": 0.06565240782219917, "q_75": 0.06651772826444358, "min": 0.0647135078907013, "max": 0.06664124596863985, "mean": 0.06604389641433954, "std": 0.0006275603214568061, "repeat": 10, "number": 1}]}, "irradiance.Irradiance.time_dirint": {"result": [0.03301267419010401], "stats": [{"ci_99": [0.03242530394345522, 0.03424332803115249], "q_25": 0.03282987617421895, "q_75": 0.03321904956828803, "min": 0.03242530394345522, "max": 0.03424332803115249, "mean": 0.03310978817753494, "std": 0.00047663402015020223, "repeat": 10, "number": 1}]}, "irradiance.Irradiance.time_disc": {"result": [0.012864208547398448], "stats": [{"ci_99": [0.012152905110269785, 0.013044549152255058], "q_25": 0.01255013793706894, "q_75": 0.012961375992745161, "min": 0.012152905110269785, "max": 0.013044549152255058, "mean": 0.012749216146767139, "std": 0.0002748753031456245, "repeat": 10, "number": 1}]}, "irradiance.Irradiance.time_erbs": {"result": [0.006887373980134726], "stats": [{"ci_99": [0.006747937994077802, 0.007025616010650992], "q_25": 0.006860713881906122, "q_75": 0.006956160708796233, "min": 0.006747937994077802, "max": 0.007025616010650992, "mean": 0.006901178043335676, "std": 7.463242923202004e-05, "repeat": 10, "number": 2}]}, "irradiance.Irradiance.time_get_extra_radiation": {"result": [0.0005321950088010023], "stats": [{"ci_99": [0.0005260916720879706, 0.0005373485190303702], "q_25": 0.0005302767783991601, "q_75": 0.0005347885951203736, "min": 0.0005260916720879706, "max": 0.0005373485190303702, "mean": 0.0005324736727695716, "std": 3.3255016020905168e-06, "repeat": 10, "number": 19}]}, "irradiance.Irradiance.time_get_ground_diffuse": {"result": [0.0003434531465773621], "stats": [{"ci_99": [0.00033026400412763317, 0.00040558444696568675], "q_25": 0.00033377403498537116, "q_75": 0.00036296502296482365, "min": 0.00033026400412763317, "max": 0.00040558444696568675, "mean": 0.00035145684115348323, "std": 2.239340920007087e-05, "repeat": 10, "number": 31}]}, "irradiance.Irradiance.time_get_total_irradiance": {"result": [0.004622086804981032], "stats": [{"ci_99": [0.0045194354218741255, 0.0047333633216718836], "q_25": 0.004562996560707688, "q_75": 0.004657186917029321, "min": 0.0045194354218741255, "max": 0.0047333633216718836, "mean": 0.004618601780384779, "std": 6.362775055333982e-05, "repeat": 10, "number": 3}]}, "location.Location.time_location_get_airmass": {"result": [0.001387696247547865], "stats": [{"ci_99": [0.0013720718561671674, 0.0015065654879435897], "q_25": 0.0013787150819553062, "q_75": 0.001392771169776097, "min": 0.0013720718561671674, "max": 0.0015065654879435897, "mean": 0.0014025430660694837, "std": 4.1153595825359656e-05, "repeat": 10, "number": 8}]}, "location.Location.time_location_get_clearsky": {"result": [0.009211223921738565], "stats": [{"ci_99": [0.009026770479977131, 0.010677265468984842], "q_25": 0.00906272407155484, "q_75": 0.009507437935099006, "min": 0.009026770479977131, "max": 0.010677265468984842, "mean": 0.009445501863956452, "std": 0.0005447174457643662, "repeat": 10, "number": 2}]}, "location.Location.time_location_get_solarposition": {"result": [0.015116017078980803], "stats": [{"ci_99": [0.015057089272886515, 0.015273981261998415], "q_25": 0.015078008989803493, "q_75": 0.015170165337622166, "min": 0.015057089272886515, "max": 0.015273981261998415, "mean": 0.015128783416002989, "std": 6.461421096112653e-05, "repeat": 10, "number": 1}]}, "location.Location_0_6_1.time_location_get_sun_rise_set_transit_pyephem": NaN, "location.Location_0_6_1.time_location_get_sun_rise_set_transit_spa": NaN, "solarposition.SolarPosition.time_ephemeris": {"result": [0.018342053750529885], "stats": [{"ci_99": [0.018117343075573444, 0.018797367811203003], "q_25": 0.018224889878183603, "q_75": 0.01862310920841992, "min": 0.018117343075573444, "max": 0.018797367811203003, "mean": 0.018429030291736127, "std": 0.00024213452674852736, "repeat": 10, "number": 1}]}, "solarposition.SolarPosition.time_ephemeris_localized": {"result": [0.018199105048552155], "stats": [{"ci_99": [0.01801191596314311, 0.018410766031593084], "q_25": 0.01816703798249364, "q_75": 0.018319841707125306, "min": 0.01801191596314311, "max": 0.018410766031593084, "mean": 0.018219351302832365, "std": 0.00011660902080479667, "repeat": 10, "number": 1}]}, "solarposition.SolarPosition.time_nrel_earthsun_distance": {"result": [0.022948561003431678], "stats": [{"ci_99": [0.022672983817756176, 0.023275614250451326], "q_25": 0.022793227341026068, "q_75": 0.023075710982084274, "min": 0.022672983817756176, "max": 0.023275614250451326, "mean": 0.022952609090134503, "std": 0.000180075913912487, "repeat": 10, "number": 1}]}, "solarposition.SolarPosition.time_spa_python": {"result": [0.026045018574222922], "stats": [{"ci_99": [0.025820189155638218, 0.026431934908032417], "q_25": 0.025991276022978127, "q_75": 0.02607971290126443, "min": 0.025820189155638218, "max": 0.026431934908032417, "mean": 0.02604757696390152, "std": 0.00015158309820322886, "repeat": 10, "number": 1}]}, "solarposition.SolarPosition.time_sun_rise_set_transit_spa": {"result": [0.03821404604241252], "stats": [{"ci_99": [0.03760217409580946, 0.038606984075158834], "q_25": 0.03771708125714213, "q_75": 0.03857967327348888, "min": 0.03760217409580946, "max": 0.038606984075158834, "mean": 0.03814649586565792, "std": 0.0004404628546927374, "repeat": 10, "number": 1}]}, "temperature.Fuentes.time_fuentes": NaN, "temperature.SAPM.time_sapm_cell": {"result": [0.0016818355236734661], "stats": [{"ci_99": [0.001635681837797165, 0.0017013918342334883], "q_25": 0.0016420975360753281, "q_75": 0.0016932513265471372, "min": 0.001635681837797165, "max": 0.0017013918342334883, "mean": 0.001670731683926923, "std": 2.6121299649991048e-05, "repeat": 10, "number": 7}]}, "tracking.SingleAxis.time_singleaxis": {"result": [0.016875455854460597], "stats": [{"ci_99": [0.014570123050361872, 0.020562547259032726], "q_25": 0.015289022820070386, "q_75": 0.019170925370417535, "min": 0.014570123050361872, "max": 0.020562547259032726, "mean": 0.017328951647505163, "std": 0.0022421104812292915, "repeat": 10, "number": 1}]}, "tracking.SingleAxis.time_tracker_singleaxis": {"result": [0.01796836988069117], "stats": [{"ci_99": [0.015107923187315464, 0.02077861875295639], "q_25": 0.016751102171838284, "q_75": 0.018912133295089006, "min": 0.015107923187315464, "max": 0.02077861875295639, "mean": 0.017918277718126773, "std": 0.0017108518949051936, "repeat": 10, "number": 1}]}}, "params": {"arch": "x86_64", "cpu": "Intel Xeon Processor (Skylake, IBRS)", "machine": "pvlib-asv.forecasting.energy.arizona.edu", "num_cpu": "4", "os": "Linux 5.7.8-200.fc32.x86_64", "ram": "8145244", "python": "3.6", "numpy": "1.12.0", "pandas": "0.22.0", "scipy": "1.2.0", "pytables": "3.6.1", "ephem": "3.7.6.0"}, "requirements": {"numpy": "1.12.0", "pandas": "0.22.0", "scipy": "1.2.0", "pytables": "3.6.1", "ephem": "3.7.6.0"}, "commit_hash": "5d2a6c82449942346967fe7b9821c0eb524e3816", "date": 1547741448000, "env_name": "conda-py3.6-ephem3.7.6.0-numpy1.12.0-pandas0.22.0-pytables3.6.1-scipy1.2.0", "python": "3.6", "profiles": {},