{"results": {"irradiance.Irradiance.time_aoi": {"result": [0.0022032731678336857], "stats": [{"ci_99": [0.0021753890439867975, 0.0022569872438907624], "q_25": 0.002185232983902097, "q_75": 0.002216234500519931, "min": 0.0021753890439867975, "max": 0.0022569872438907624, "mean": 0.0022037219721823932, "std": 2.3493493182091103e-05, "repeat": 10, "number": 5}]}, "irradiance.Irradiance.time_aoi_projection": {"result": [0.00222744969651103], "stats": [{"ci_99": [0.0021631560288369656, 0.002292809821665287], "q_25": 0.0021824990632012486, "q_75": 0.002252836572006345, "min": 0.0021631560288369656, "max": 0.002292809821665287, "mean": 0.0022219443228095772, "std": 4.3510305883889786e-05, "repeat": 10, "number": 5}]}, "irradiance.Irradiance.time_dirindex": {"result": [0.1454264698550105], "stats": [{"ci_99": [0.14413559017702937, 0.14645053399726748], "q_25": 0.1445437108632177, "q_75": 0.1460185705218464, "min": 0.14413559017702937, "max": 0.14645053399726748, "mean": 0.14532073796726763, "std": 0.0007853827501280108, "repeat": 10, "number": 1}]}, "irradiance.Irradiance.time_dirint": {"result": [0.07164933206513524], "stats": [{"ci_99": [0.070800406858325, 0.07355920085683465], "q_25": 0.07121230335906148, "q_75": 0.07321114256046712, "min": 0.070800406858325, "max": 0.07355920085683465, "mean": 0.07208411768078804, "std": 0.0010306640778756375, "repeat": 10, "number": 1}]}, "irradiance.Irradiance.time_disc": {"result": [0.018454730976372957], "stats": [{"ci_99": [0.01795905688777566, 0.01983011281117797], "q_25": 0.01813837548252195, "q_75": 0.01916720368899405, "min": 0.01795905688777566, "max": 0.01983011281117797, "mean": 0.018669937271624804, "std": 0.000660540774560815, "repeat": 10, "number": 1}]}, "irradiance.Irradiance.time_erbs": {"result": [0.011952890548855066], "stats": [{"ci_99": [0.011740097776055336, 0.012778173200786114], "q_25": 0.011796236736699939, "q_75": 0.012090862728655338, "min": 0.011740097776055336, "max": 0.012778173200786114, "mean": 0.01200681165792048, "std": 0.0002925706020773049, "repeat": 10, "number": 1}]}, "irradiance.Irradiance.time_get_extra_radiation": null, "irradiance.Irradiance.time_get_ground_diffuse": null, "irradiance.Irradiance.time_get_total_irradiance": null, "location.Location.time_location_get_airmass": {"result": [0.005432674544863403], "stats": [{"ci_99": [0.005404918687418103, 0.005474215839058161], "q_25": 0.005421328998636454, "q_75": 0.00544933887431398, "min": 0.005404918687418103, "max": 0.005474215839058161, "mean": 0.0054353791754692795, "std": 2.0536447074302307e-05, "repeat": 10, "number": 2}]}, "location.Location.time_location_get_clearsky": {"result": [0.4465290524531156], "stats": [{"ci_99": [0.4453245596960187, 0.4553460399620235], "q_25": 0.4462543139234185, "q_75": 0.4471981944516301, "min": 0.4453245596960187, "max": 0.4553460399620235, "mean": 0.4480975383426994, "std": 0.0035703472373200583, "repeat": 10, "number": 1}]}, "location.Location.time_location_get_solarposition": {"result": [0.017980404198169708], "stats": [{"ci_99": [0.017766189761459827, 0.018204655032604933], "q_25": 0.017889636801555753, "q_75": 0.018022183794528246, "min": 0.017766189761459827, "max": 0.018204655032604933, "mean": 0.017965006781741975, "std": 0.00012164279229453644, "repeat": 10, "number": 1}]}, "location.Location_0_6_1.time_location_get_sun_rise_set_transit_pyephem": NaN, "location.Location_0_6_1.time_location_get_sun_rise_set_transit_spa": NaN, "solarposition.SolarPosition.time_ephemeris": {"result": [0.025226091733202338], "stats": [{"ci_99": [0.02364730602130294, 0.026186199858784676], "q_25": 0.024320026277564466, "q_75": 0.025813527987338603, "min": 0.02364730602130294, "max": 0.026186199858784676, "mean": 0.02505968539044261, "std": 0.0008590763113861893, "repeat": 10, "number": 1}]}, "solarposition.SolarPosition.time_ephemeris_localized": {"result": [0.24455118249170482], "stats": [{"ci_99": [0.23699307814240456, 0.2476128120906651], "q_25": 0.23979086964391172, "q_75": 0.2454061609460041, "min": 0.23699307814240456, "max": 0.2476128120906651, "mean": 0.24317863662727177, "std": 0.0037688689305488436, "repeat": 10, "number": 1}]}, "solarposition.SolarPosition.time_nrel_earthsun_distance": {"result": [0.023034201469272375], "stats": [{"ci_99": [0.02299454202875495, 0.023384975735098124], "q_25": 0.023023111163638532, "q_75": 0.023085833876393735, "min": 0.02299454202875495, "max": 0.023384975735098124, "mean": 0.02308315192349255, "std": 0.00011283414718015971, "repeat": 10, "number": 1}]}, "solarposition.SolarPosition.time_spa_python": {"result": [0.02859528479166329], "stats": [{"ci_99": [0.028383526019752026, 0.029130185022950172], "q_25": 0.028550482355058193, "q_75": 0.02865889563690871, "min": 0.028383526019752026, "max": 0.029130185022950172, "mean": 0.028652163175866007, "std": 0.00020201963721231528, "repeat": 10, "number": 1}]}, "solarposition.SolarPosition.time_sun_rise_set_transit_spa": {"result": [0.04978600610047579], "stats": [{"ci_99": [0.049472141079604626, 0.05128967994824052], "q_25": 0.049674445879645646, "q_75": 0.05012039828579873, "min": 0.049472141079604626, "max": 0.05128967994824052, "mean": 0.050069869961589575, "std": 0.0006353254832382896, "repeat": 10, "number": 1}]}, "temperature.Fuentes.time_fuentes": NaN, "tracking.SingleAxis.time_singleaxis": {"result": [0.04541122890077531], "stats": [{"ci_99": [0.043650669045746326, 0.0469488468952477], "q_25": 0.0444595271255821, "q_75": 0.04608615429606289, "min": 0.043650669045746326, "max": 0.0469488468952477, "mean": 0.04532177858054638, "std": 0.0011174819670197785, "repeat": 10, "number": 1}]}, "tracking.SingleAxis.time_tracker_singleaxis": {"result": [0.045545426895841956], "stats": [{"ci_99": [0.04455466382205486, 0.046152424067258835], "q_25": 0.04502989421598613, "q_75": 0.04567665758077055, "min": 0.04455466382205486, "max": 0.046152424067258835, "mean": 0.04538171095773578, "std": 0.0005114613725854824, "repeat": 10, "number": 1}]}, "temperature.SAPM.time_sapm_cell": {"result": [0.0022663503885269167], "stats": [{"ci_99": [0.0022345799952745438, 0.0023134100250899793], "q_25": 0.0022527400869876146, "q_75": 0.0022795046214014293, "min": 0.0022345799952745438, "max": 0.0023134100250899793, "mean": 0.0022690293844789262, "std": 2.3510537120441986e-05, "repeat": 10, "number": 5}]}}, "params": {"arch": "x86_64", "cpu": "Intel Xeon Processor (Skylake, IBRS)", "machine": "pvlib-asv.forecasting.energy.arizona.edu", "num_cpu": "4", "os": "Linux 5.7.8-200.fc32.x86_64", "ram": "8145244", "python": "3.7", "ephem": "3.7.6.0", "numpy": "1.18.5", "pandas": "1.1.0", "pytables": "3.6.1", "scipy": "1.2.0"}, "requirements": {"ephem": "3.7.6.0", "numpy": "1.18.5", "pandas": "1.1.0", "pytables": "3.6.1", "scipy": "1.2.0"}, "commit_hash": "5e59ec3303cafa7fc3173384aa354f5344116f59", "date": 1506697505000, "env_name": "conda-py3.7-ephem3.7.6.0-numpy1.18.5-pandas1.1.0-pytables3.6.1-scipy1.2.0", "python": "3.7", "profiles": {}, "started_at": {"irradiance.Irradiance.time_aoi": 1599430591098, "irradiance.Irradiance.time_aoi_projection": 1599430595808, "irradiance.Irradiance.time_dirindex": 1599430600517, "irradiance.Irradiance.time_dirint": 1599430605978, "irradiance.Irradiance.time_disc": 1599430611039, "irradiance.Irradiance.time_erbs": 1599430615798, "irradiance.Irradiance.time_get_extra_radiation": 1599430579538, "irradiance.Irradiance.time_get_ground_diffuse": 1599430580392, "irradiance.Irradiance.time_get_total_irradiance": 1599430581245, "location.Location.time_location_get_airmass": 1599430620509, "location.Location.time_location_get_clearsky": 1599430620862, "location.Location.time_location_get_solarposition": 1599430623819, "location.Location_0_6_1.time_location_get_sun_rise_set_transit_pyephem": 1599430624172, "location.Location_0_6_1.time_location_get_sun_rise_set_transit_spa": 1599430624225, "solarposition.SolarPosition.time_ephemeris": 1599430624277, "solarposition.SolarPosition.time_ephemeris_localized": 1599430624580,