{"results": {"irradiance.Irradiance.time_aoi": {"result": [0.0022756346967071294], "stats": [{"ci_99": [0.00210759537294507, 0.0023900610394775867], "q_25": 0.0022557838587090374, "q_75": 0.0023118255659937857, "min": 0.00210759537294507, "max": 0.0023900610394775867, "mean": 0.0022764349542558197, "std": 7.044313858128842e-05, "repeat": 10, "number": 5}]}, "irradiance.Irradiance.time_aoi_projection": {"result": [0.001982353441417217], "stats": [{"ci_99": [0.001916650775820017, 0.0020780970342457296], "q_25": 0.0019711019471287724, "q_75": 0.0019992358982563016, "min": 0.001916650775820017, "max": 0.0020780970342457296, "mean": 0.0019907059054821733, "std": 4.6713759563387927e-05, "repeat": 10, "number": 5}]}, "irradiance.Irradiance.time_dirindex": {"result": [0.14354917546734214], "stats": [{"ci_99": [0.1387530118227005, 0.19488781318068504], "q_25": 0.14069416839629412, "q_75": 0.1535248807631433, "min": 0.1387530118227005, "max": 0.19488781318068504, "mean": 0.15036456724628805, "std": 0.016034908915368296, "repeat": 10, "number": 1}]}, "irradiance.Irradiance.time_dirint": {"result": [0.07019917853176594], "stats": [{"ci_99": [0.06810901500284672, 0.09108606074005365], "q_25": 0.0691240691812709, "q_75": 0.07755578693468124, "min": 0.06810901500284672, "max": 0.09108606074005365, "mean": 0.07457795012742281, "std": 0.0079513307861678, "repeat": 10, "number": 1}]}, "irradiance.Irradiance.time_disc": {"result": [0.018539883196353912], "stats": [{"ci_99": [0.018096812069416046, 0.019709528889507055], "q_25": 0.018258482683449984, "q_75": 0.019037152058444917, "min": 0.018096812069416046, "max": 0.019709528889507055, "mean": 0.018683979753404856, "std": 0.0005113619829947228, "repeat": 10, "number": 1}]}, "irradiance.Irradiance.time_erbs": {"result": [0.012361094122752547], "stats": [{"ci_99": [0.011879221070557833, 0.01288228901103139], "q_25": 0.012101755361072719, "q_75": 0.012692234246060252, "min": 0.011879221070557833, "max": 0.01288228901103139, "mean": 0.01238333065994084, "std": 0.00034815573052831856, "repeat": 10, "number": 1}]}, "irradiance.Irradiance.time_get_extra_radiation": null, "irradiance.Irradiance.time_get_ground_diffuse": null, "irradiance.Irradiance.time_get_total_irradiance": null, "location.Location.time_location_get_airmass": {"result": [0.0052457081619650126], "stats": [{"ci_99": [0.005193015560507774, 0.0053868964314460754], "q_25": 0.005236001452431083, "q_75": 0.005285019287839532, "min": 0.005193015560507774, "max": 0.0053868964314460754, "mean": 0.0052637888584285975, "std": 5.34172535110039e-05, "repeat": 10, "number": 2}]}, "location.Location.time_location_get_clearsky": {"result": [0.48604601551778615], "stats": [{"ci_99": [0.4785368158482015, 0.49690148886293173], "q_25": 0.47982148127630353, "q_75": 0.48689233243931085, "min": 0.4785368158482015, "max": 0.49690148886293173, "mean": 0.4856626667547971, "std": 0.0063376504561184184, "repeat": 10, "number": 1}]}, "location.Location.time_location_get_solarposition": {"result": [0.019364273408427835], "stats": [{"ci_99": [0.019261545967310667, 0.019702697172760963], "q_25": 0.01932241569738835, "q_75": 0.019439598312601447, "min": 0.019261545967310667, "max": 0.019702697172760963, "mean": 0.019412620458751917, "std": 0.00013698911882505417, "repeat": 10, "number": 1}]}, "location.Location_0_6_1.time_location_get_sun_rise_set_transit_pyephem": NaN, "location.Location_0_6_1.time_location_get_sun_rise_set_transit_spa": NaN, "solarposition.SolarPosition.time_ephemeris": {"result": [0.02556419582106173], "stats": [{"ci_99": [0.02514897007495165, 0.025906310882419348], "q_25": 0.025377423269674182, "q_75": 0.02571218612138182, "min": 0.02514897007495165, "max": 0.025906310882419348, "mean": 0.025550109148025513, "std": 0.0002232820678594423, "repeat": 10, "number": 1}]}, "solarposition.SolarPosition.time_ephemeris_localized": {"result": [0.2770417018327862], "stats": [{"ci_99": [0.24627587804570794, 0.3110569859854877], "q_25": 0.2687010046793148, "q_75": 0.29152718046680093, "min": 0.24627587804570794, "max": 0.3110569859854877, "mean": 0.2795387784950435, "std": 0.017699121537007926, "repeat": 10, "number": 1}]}, "solarposition.SolarPosition.time_nrel_earthsun_distance": {"result": [0.02400854229927063], "stats": [{"ci_99": [0.023934894241392612, 0.0342847416177392], "q_25": 0.023986270767636597, "q_75": 0.024210860137827694, "min": 0.023934894241392612, "max": 0.0342847416177392, "mean": 0.025086305662989618, "std": 0.003068419891360478, "repeat": 10, "number": 1}]}, "solarposition.SolarPosition.time_spa_python": {"result": [0.031138113932684064], "stats": [{"ci_99": [0.03080786671489477, 0.03779622772708535], "q_25": 0.030998204718343914, "q_75": 0.03147576155606657, "min": 0.03080786671489477, "max": 0.03779622772708535, "mean": 0.03222859865054488, "std": 0.0023026136918279216, "repeat": 10, "number": 1}]}, "solarposition.SolarPosition.time_sun_rise_set_transit_spa": {"result": [0.05272324406541884], "stats": [{"ci_99": [0.0517796641215682, 0.05520245200023055], "q_25": 0.05210677674040198, "q_75": 0.053006736328825355, "min": 0.0517796641215682, "max": 0.05520245200023055, "mean": 0.05276497388258576, "std": 0.0009417950343598785, "repeat": 10, "number": 1}]}, "temperature.Fuentes.time_fuentes": NaN, "temperature.SAPM.time_sapm_cell": {"result": [0.00223349928855896], "stats": [{"ci_99": [0.0021988215856254103, 0.002252639178186655], "q_25": 0.0022151756566017866, "q_75": 0.002235890179872513, "min": 0.0021988215856254103, "max": 0.002252639178186655, "mean": 0.002226447109133005, "std": 1.590501479246914e-05, "repeat": 10, "number": 5}]}, "tracking.SingleAxis.time_singleaxis": {"result": [0.03161287633702159], "stats": [{"ci_99": [0.029962615575641394, 0.03294440917670727], "q_25": 0.031297497218474746, "q_75": 0.03229179931804538, "min": 0.029962615575641394, "max": 0.03294440917670727, "mean": 0.03168281759135425, "std": 0.0008161873377957801, "repeat": 10, "number": 1}]}, "tracking.SingleAxis.time_tracker_singleaxis": {"result": [0.03176404582336545], "stats": [{"ci_99": [0.031005806755274534, 0.0323498398065567], "q_25": 0.03124721848871559, "q_75": 0.032288571703247726, "min": 0.031005806755274534, "max": 0.0323498398065567, "mean": 0.03174524456262588, "std": 0.0005225324283294668, "repeat": 10, "number": 1}]}}, "params": {"arch": "x86_64", "cpu": "Intel Xeon Processor (Skylake, IBRS)", "machine": "pvlib-asv.forecasting.energy.arizona.edu", "num_cpu": "4", "os": "Linux 5.7.8-200.fc32.x86_64", "ram": "8145244", "python": "3.8", "numpy": "", "pandas": "", "scipy": "", "pytables": "", "ephem": ""}, "requirements": {"numpy": "", "pandas": "", "scipy": "", "pytables": "", "ephem": ""}, "commit_hash": "5e59ec3303cafa7fc3173384aa354f5344116f59", "date": 1506697505000, "env_name": "conda-py3.8-ephem-numpy-pandas-pytables-scipy", "python": "3.8", "profiles": {}, "started_at": {"irradiance.Irradiance.time_aoi": 1599840085523, "irradiance.Irradiance.time_aoi_projection": 1599840090638, "irradiance.Irradiance.time_dirindex": 1599840095705, "irradiance.Irradiance.time_dirint": 1599840101468, "irradiance.Irradiance.time_disc": 1599840106880, "irradiance.Irradiance.time_erbs": 1599840111890, "irradiance.Irradiance.time_get_extra_radiation": 1599840073145, "irradiance.Irradiance.time_get_ground_diffuse": 1599840074049, "irradiance.Irradiance.time_get_total_irradiance": 1599840074953, "location.Location.time_location_get_airmass": 1599840116952, "location.Location.time_location_get_clearsky": 1599840117305, "location.Location.time_location_get_solarposition": 1599840120413, "location.Location_0_6_1.time_location_get_sun_rise_set_transit_pyephem": 1599840120816, "location.Location_0_6_1.time_location_get_sun_rise_set_transit_spa": 1599840120869, "solarposition.SolarPosition.time_ephemeris": 1599840120922, "solarposition.SolarPosition.time_ephemeris_localized": 1599840121225, "solarposition.SolarPosition.time_nrel_earthsun_distance": 1599840122881,