{"results": {"irradiance.Irradiance.time_aoi": {"result": [0.0023404038976877926], "stats": [{"ci_99": [0.002329764608293772, 0.0024804958142340184], "q_25": 0.0023360625375062226, "q_75": 0.0023729422362521293, "min": 0.002329764608293772, "max": 0.0024804958142340184, "mean": 0.002362324362620711, "std": 4.4356285535588954e-05, "repeat": 10, "number": 5}]}, "irradiance.Irradiance.time_aoi_projection": {"result": [0.0021008987911045555], "stats": [{"ci_99": [0.0020710742101073265, 0.002151714265346527], "q_25": 0.002078264323063195, "q_75": 0.0021337560610845685, "min": 0.0020710742101073265, "max": 0.002151714265346527, "mean": 0.002106742560863495, "std": 3.021683643702826e-05, "repeat": 10, "number": 5}]}, "irradiance.Irradiance.time_dirindex": {"result": [0.06460310169495642], "stats": [{"ci_99": [0.06432511983439326, 0.07001229422166944], "q_25": 0.06445465190336108, "q_75": 0.06486969103571028, "min": 0.06432511983439326, "max": 0.07001229422166944, "mean": 0.06516967471688986, "std": 0.001632187348427458, "repeat": 10, "number": 1}]}, "irradiance.Irradiance.time_dirint": {"result": [0.03188117314130068], "stats": [{"ci_99": [0.031717839650809765, 0.03493012022227049], "q_25": 0.03182301134802401, "q_75": 0.03220358875114471, "min": 0.031717839650809765, "max": 0.03493012022227049, "mean": 0.03225124115124345, "std": 0.0009130640700820192, "repeat": 10, "number": 1}]}, "irradiance.Irradiance.time_disc": {"result": [0.01253365189768374], "stats": [{"ci_99": [0.012338731437921524, 0.013063317630439997], "q_25": 0.012490119319409132, "q_75": 0.012775061302818358, "min": 0.012338731437921524, "max": 0.013063317630439997, "mean": 0.012634938023984433, "std": 0.00022312825639723334, "repeat": 10, "number": 1}]}, "irradiance.Irradiance.time_erbs": {"result": [0.006736174342222512], "stats": [{"ci_99": [0.006561168469488621, 0.007165350019931793], "q_25": 0.006604394118767232, "q_75": 0.006793787993956357, "min": 0.006561168469488621, "max": 0.007165350019931793, "mean": 0.006744776293635369, "std": 0.00016812929318787338, "repeat": 10, "number": 2}]}, "irradiance.Irradiance.time_get_extra_radiation": null, "irradiance.Irradiance.time_get_ground_diffuse": null, "irradiance.Irradiance.time_get_total_irradiance": null, "location.Location.time_location_get_airmass": {"result": [0.004069164705773195], "stats": [{"ci_99": [0.0037863743491470814, 0.0041549236824115114], "q_25": 0.003876129087681572, "q_75": 0.004122880015832682, "min": 0.0037863743491470814, "max": 0.0041549236824115114, "mean": 0.004005830176174641, "std": 0.00013712418686446487, "repeat": 10, "number": 3}]}, "location.Location.time_location_get_clearsky": {"result": [0.012563398573547602], "stats": [{"ci_99": [0.012356792110949755, 0.013307223096489906], "q_25": 0.01248414907604456, "q_75": 0.012622620444744825, "min": 0.012356792110949755, "max": 0.013307223096489906, "mean": 0.012610640609636903, "std": 0.0002483473856775274, "repeat": 10, "number": 1}]}, "location.Location.time_location_get_solarposition": {"result": [0.014930085511878133], "stats": [{"ci_99": [0.014724079985171556, 0.015123300720006227], "q_25": 0.014771119924262166, "q_75": 0.015054038260132074, "min": 0.014724079985171556, "max": 0.015123300720006227, "mean": 0.014921825053170324, "std": 0.00015170013078345845, "repeat": 10, "number": 1}]}, "location.Location_0_6_1.time_location_get_sun_rise_set_transit_pyephem": NaN, "location.Location_0_6_1.time_location_get_sun_rise_set_transit_spa": NaN, "solarposition.SolarPosition.time_ephemeris": {"result": [0.018335303058847785], "stats": [{"ci_99": [0.018097894731909037, 0.01858073379844427], "q_25": 0.018266516039147973, "q_75": 0.018394179292954504, "min": 0.018097894731909037, "max": 0.01858073379844427, "mean": 0.018337550200521947, "std": 0.0001359515198867694, "repeat": 10, "number": 1}]}, "solarposition.SolarPosition.time_ephemeris_localized": {"result": [0.21565767657011747], "stats": [{"ci_99": [0.21419827174395323, 0.21862797299399972], "q_25": 0.21488984813913703, "q_75": 0.21698260575067252, "min": 0.21419827174395323, "max": 0.21862797299399972, "mean": 0.2160217477940023, "std": 0.0014185682006912985, "repeat": 10, "number": 1}]}, "solarposition.SolarPosition.time_nrel_earthsun_distance": {"result": [0.024439410539343953], "stats": [{"ci_99": [0.022655871231108904, 0.024748114868998528], "q_25": 0.02387587900739163, "q_75": 0.024702942348085344, "min": 0.022655871231108904, "max": 0.024748114868998528, "mean": 0.024120397632941604, "std": 0.0007494387702200489, "repeat": 10, "number": 1}]}, "solarposition.SolarPosition.time_spa_python": {"result": [0.025707166409119964], "stats": [{"ci_99": [0.025639538653194904, 0.025758127216249704], "q_25": 0.02568539441563189, "q_75": 0.025721208658069372, "min": 0.025639538653194904, "max": 0.025758127216249704, "mean": 0.025704017095267772, "std": 3.340992036376026e-05, "repeat": 10, "number": 1}]}, "solarposition.SolarPosition.time_sun_rise_set_transit_spa": {"result": [0.03839184110984206], "stats": [{"ci_99": [0.037990218959748745, 0.039052354637533426], "q_25": 0.03820247249677777, "q_75": 0.038505688309669495, "min": 0.037990218959748745, "max": 0.039052354637533426, "mean": 0.03839389467611909, "std": 0.00027572766772013263, "repeat": 10, "number": 1}]}, "temperature.Fuentes.time_fuentes": NaN, "temperature.SAPM.time_sapm_cell": {"result": [0.0016283341018216951], "stats": [{"ci_99": [0.0016019531259579317, 0.0016910931361573084], "q_25": 0.0016223182901740074, "q_75": 0.0016378317959606647, "min": 0.0016019531259579317, "max": 0.0016910931361573084, "mean": 0.0016330952689583814, "std": 2.232052654044722e-05, "repeat": 10, "number": 7}]}, "tracking.SingleAxis.time_singleaxis": {"result": [0.03875828580930829], "stats": [{"ci_99": [0.03763446398079395, 0.04094757791608572], "q_25": 0.0384325118502602, "q_75": 0.03902943118009716, "min": 0.03763446398079395, "max": 0.04094757791608572, "mean": 0.03886763355694711, "std": 0.0008344208770743843, "repeat": 10, "number": 1}]}, "tracking.SingleAxis.time_tracker_singleaxis": {"result": [0.03895583446137607], "stats": [{"ci_99": [0.03758674720302224, 0.04113035881891847], "q_25": 0.037952126120217144, "q_75": 0.03987284912727773, "min": 0.03758674720302224, "max": 0.04113035881891847, "mean": 0.03905177884735167, "std": 0.001169741379895811, "repeat": 10, "number": 1}]}}, "params": {"arch": "x86_64", "cpu": "Intel Xeon Processor (Skylake, IBRS)", "machine": "pvlib-asv.forecasting.energy.arizona.edu", "num_cpu": "4", "os": "Linux 5.7.8-200.fc32.x86_64", "ram": "8145244", "python": "3.6", "numpy": "1.12.0", "pandas": "0.22.0", "scipy": "1.2.0", "pytables": "3.6.1", "ephem": "3.7.6.0"}, "requirements": {"numpy": "1.12.0", "pandas": "0.22.0", "scipy": "1.2.0", "pytables": "3.6.1", "ephem": "3.7.6.0"}, "commit_hash": "5e6ba7e93008b8db0dcf8bcb7792f2710d9b3bb8", "date": 1533871086000, "env_name": "conda-py3.6-ephem3.7.6.0-numpy1.12.0-pandas0.22.0-pytables3.6.1-scipy1.2.0", "python": "3.6", "profiles": {}, "started_at": {"irradiance.Irradiance.time_aoi": 1599834652294, "irradiance.Irradiance.time_aoi_projection": 1599834654200, "irradiance.Irradiance.time_dirindex": 1599834656106, "irradiance.Irradiance.time_dirint": 1599834658312, "irradiance.Irradiance.time_disc": 1599834660318, "irradiance.Irradiance.time_erbs": 1599834662224, "irradiance.Irradiance.time_get_extra_radiation": 1599834645237, "irradiance.Irradiance.time_get_ground_diffuse": 1599834645591, "irradiance.Irradiance.time_get_total_irradiance": 1599834645944, "location.Location.time_location_get_airmass": 1599834664130, "location.Location.time_location_get_clearsky": 1599834664433, "location.Location.time_location_get_solarposition": 1599834664737, "location.Location_0_6_1.time_location_get_sun_rise_set_transit_pyephem": 1599834665040, "location.Location_0_6_1.time_location_get_sun_rise_set_transit_spa": 1599834665092, "solarposition.SolarPosition.time_ephemeris": 1599834665144,