{"results": {"irradiance.TimeSuite.time_aoi": {"result": [0.002202201727777719], "stats": [{"ci_99": [0.002180689014494419, 0.002234356198459864], "q_25": 0.0021936142351478335, "q_75": 0.0022078496869653466, "min": 0.002180689014494419, "max": 0.002234356198459864, "mean": 0.00220337700098753, "std": 1.534624910016597e-05, "repeat": 10, "number": 5}]}, "irradiance.TimeSuite.time_aoi_projection": {"result": [0.00227675698697567], "stats": [{"ci_99": [0.002254221588373184, 0.002363855019211769], "q_25": 0.002264432772062719, "q_75": 0.002292831987142563, "min": 0.002254221588373184, "max": 0.002363855019211769, "mean": 0.00228565794415772, "std": 3.0888412203692484e-05, "repeat": 10, "number": 5}]}, "irradiance.TimeSuite.time_dirindex": {"result": [0.1462606079876423], "stats": [{"ci_99": [0.14445987716317177, 0.15690480591729283], "q_25": 0.14463042537681758, "q_75": 0.15090527210850269, "min": 0.14445987716317177, "max": 0.15690480591729283, "mean": 0.14860144993290306, "std": 0.004692777178661498, "repeat": 10, "number": 1}]}, "irradiance.TimeSuite.time_dirint": {"result": [0.07233533961698413], "stats": [{"ci_99": [0.07139005186036229, 0.07467579329386353], "q_25": 0.07187106378842145, "q_75": 0.07283128122799098, "min": 0.07139005186036229, "max": 0.07467579329386353, "mean": 0.07253915765322745, "std": 0.0009451224251687293, "repeat": 10, "number": 1}]}, "irradiance.TimeSuite.time_disc": {"result": [0.019460260635241866], "stats": [{"ci_99": [0.018279695417732, 0.020743207074701786], "q_25": 0.01861094229388982, "q_75": 0.01995716104283929, "min": 0.018279695417732, "max": 0.020743207074701786, "mean": 0.019342377223074435, "std": 0.0008135371924277576, "repeat": 10, "number": 1}]}, "irradiance.TimeSuite.time_erbs": {"result": [0.011920006945729256], "stats": [{"ci_99": [0.011750072706490755, 0.013089449144899845], "q_25": 0.011838369769975543, "q_75": 0.01261737453751266, "min": 0.011750072706490755, "max": 0.013089449144899845, "mean": 0.012204012693837285, "std": 0.0004909195142418357, "repeat": 10, "number": 1}]}, "irradiance.TimeSuite.time_get_extra_radiation": {"result": [0.0026448899880051613], "stats": [{"ci_99": [0.0026270145317539573, 0.0028664717683568597], "q_25": 0.0026382032374385744, "q_75": 0.0026717138825915754, "min": 0.0026270145317539573, "max": 0.0028664717683568597, "mean": 0.00268881426891312, "std": 8.935735259318031e-05, "repeat": 10, "number": 4}]}, "irradiance.TimeSuite.time_get_ground_diffuse": {"result": [0.0005547742105343125], "stats": [{"ci_99": [0.0005099852781065485, 0.0005766946653073484], "q_25": 0.0005386747864329002, "q_75": 0.0005667853666554121, "min": 0.0005099852781065485, "max": 0.0005766946653073484, "mean": 0.0005501166536388072, "std": 2.245282389056602e-05, "repeat": 10, "number": 22}]}, "irradiance.TimeSuite.time_get_total_irradiance": {"result": [0.005156473955139518], "stats": [{"ci_99": [0.0050067908596247435, 0.005268304608762264], "q_25": 0.005078185873571783, "q_75": 0.005225013243034482, "min": 0.0050067908596247435, "max": 0.005268304608762264, "mean": 0.005153222638182342, "std": 8.607545497561658e-05, "repeat": 10, "number": 2}]}, "location.TimeSuite.time_location_get_airmass": {"result": [0.001508340472355485], "stats": [{"ci_99": [0.0014902993903628417, 0.0015617132719073976], "q_25": 0.0015030176977493936, "q_75": 0.001538370968773961, "min": 0.0014902993903628417, "max": 0.0015617132719073976, "mean": 0.0015191524023456231, "std": 2.5041215554819128e-05, "repeat": 10, "number": 7}]}, "location.TimeSuite.time_location_get_clearsky": {"result": [0.013499892083927989], "stats": [{"ci_99": [0.01279247784987092, 0.014105977024883032], "q_25": 0.013334056013263762, "q_75": 0.013578313635662198, "min": 0.01279247784987092, "max": 0.014105977024883032, "mean": 0.01346310218796134, "std": 0.00032191066931458126, "repeat": 10, "number": 1}]}, "location.TimeSuite.time_location_get_solarposition": {"result": [0.018051542108878493], "stats": [{"ci_99": [0.017789541743695736, 0.01842067902907729], "q_25": 0.01797951804473996, "q_75": 0.018145890906453133, "min": 0.017789541743695736, "max": 0.01842067902907729, "mean": 0.018076191330328582, "std": 0.000170021065123879, "repeat": 10, "number": 1}]}, "location.TimeSuite.time_location_get_sun_rise_set_transit_pyephem": null, "location.TimeSuite.time_location_get_sun_rise_set_transit_spa": null, "solarposition.TimeSuite.time_ephemeris": {"result": [0.025148245505988598], "stats": [{"ci_99": [0.023601016029715538, 0.025670340284705162], "q_25": 0.02465973701328039, "q_75": 0.02548363897949457, "min": 0.023601016029715538, "max": 0.025670340284705162, "mean": 0.024991721101105212, "std": 0.0006038571215877688, "repeat": 10, "number": 1}]}, "solarposition.TimeSuite.time_ephemeris_localized": {"result": [0.02396154822781682], "stats": [{"ci_99": [0.02374349581077695, 0.025525173172354698], "q_25": 0.023827545810490847, "q_75": 0.02424522303044796, "min": 0.02374349581077695, "max": 0.025525173172354698, "mean": 0.024179119151085615, "std": 0.0005324467218707397, "repeat": 10, "number": 1}]}, "solarposition.TimeSuite.time_nrel_earthsun_distance": {"result": [0.023098622215911746], "stats": [{"ci_99": [0.022574635688215494, 0.02341457875445485], "q_25": 0.02304197067860514, "q_75": 0.023227194440551102, "min": 0.022574635688215494, "max": 0.02341457875445485, "mean": 0.02309529511258006, "std": 0.00021216887097716766, "repeat": 10, "number": 1}]}, "solarposition.TimeSuite.time_spa_python": {"result": [0.028694998007267714], "stats": [{"ci_99": [0.028496786020696163, 0.029806396923959255], "q_25": 0.02856808598153293, "q_75": 0.02874560677446425, "min": 0.028496786020696163, "max": 0.029806396923959255, "mean": 0.028773297322914004, "std": 0.00036130536575414157, "repeat": 10, "number": 1}]}, "solarposition.TimeSuite.time_sun_rise_set_transit_spa": {"result": [0.04981862101703882], "stats": [{"ci_99": [0.049653011839836836, 0.050616552121937275], "q_25": 0.04978528735227883, "q_75": 0.05004562181420624, "min": 0.049653011839836836, "max": 0.050616552121937275, "mean": 0.049934026505798104, "std": 0.00028006880233900797, "repeat": 10, "number": 1}]}, "tracking.TimeSuite.time_singleaxis": {"result": [0.006435638177208602], "stats": [{"ci_99": [0.006085069617256522, 0.00699424440972507], "q_25": 0.0062086464604362845, "q_75": 0.006706532440148294, "min": 0.006085069617256522, "max": 0.00699424440972507, "mean": 0.006476334948092699, "std": 0.0003007318133633422, "repeat": 10, "number": 2}]}, "tracking.TimeSuite.time_tracker_singleaxis": {"result": [0.006411842652596533], "stats": [{"ci_99": [0.006128884619101882, 0.006779419491067529], "q_25": 0.00624661473557353, "q_75": 0.006512929976452142, "min": 0.006128884619101882, "max": 0.006779419491067529, "mean": 0.006400861521251499, "std": 0.00019685543345444626, "repeat": 10, "number": 2}]}}, "params": {"arch": "x86_64", "cpu": "Intel Xeon Processor (Skylake, IBRS)", "machine": "pvlib-asv.forecasting.energy.arizona.edu", "num_cpu": "4", "os": "Linux 5.7.8-200.fc32.x86_64", "ram": "8145244", "python": "3.7", "ephem": "3.7.6.0", "numpy": "1.18.5", "pandas": "1.1.0", "pytables": "3.6.1", "scipy": "1.2.0"}, "requirements": {"ephem": "3.7.6.0", "numpy": "1.18.5", "pandas": "1.1.0", "pytables": "3.6.1", "scipy": "1.2.0"}, "commit_hash": "5ee82b1c3f3f6b851f9f16a4ad52b9ff8cf53375", "date": 1538778889000, "env_name": "conda-py3.7-ephem3.7.6.0-numpy1.18.5-pandas1.1.0-pytables3.6.1-scipy1.2.0", "python": "3.7", "profiles": {}, "started_at": {"irradiance.TimeSuite.time_aoi": 1599348145306, "irradiance.TimeSuite.time_aoi_projection": 1599348147112, "irradiance.TimeSuite.time_dirindex": 1599348148918, "irradiance.TimeSuite.time_dirint": 1599348151475, "irradiance.TimeSuite.time_disc": 1599348153631, "irradiance.TimeSuite.time_erbs": 1599348155487, "irradiance.TimeSuite.time_get_extra_radiation": 1599348157294, "irradiance.TimeSuite.time_get_ground_diffuse": 1599348159099,