{"results": {"irradiance.Irradiance.time_aoi": {"result": [0.0022152593359351155], "stats": [{"ci_99": [0.0021624517627060412, 0.0022872833535075186], "q_25": 0.0022117905784398316, "q_75": 0.0022219862788915635, "min": 0.0021624517627060412, "max": 0.0022872833535075186, "mean": 0.002215187223628163, "std": 3.354447245507396e-05, "repeat": 10, "number": 5}]}, "irradiance.Irradiance.time_aoi_projection": {"result": [0.00220641428604722], "stats": [{"ci_99": [0.002186087612062693, 0.002251172438263893], "q_25": 0.0021995762595906853, "q_75": 0.002230782900005579, "min": 0.002186087612062693, "max": 0.002251172438263893, "mean": 0.0022140030562877657, "std": 2.1345379703010095e-05, "repeat": 10, "number": 5}]}, "irradiance.Irradiance.time_dirindex": {"result": [0.1455554619897157], "stats": [{"ci_99": [0.1430659769102931, 0.1517923721112311], "q_25": 0.1444039959460497, "q_75": 0.14608758012764156, "min": 0.1430659769102931, "max": 0.1517923721112311, "mean": 0.1457852406427264, "std": 0.002261067873608978, "repeat": 10, "number": 1}]}, "irradiance.Irradiance.time_dirint": {"result": [0.07120492495596409], "stats": [{"ci_99": [0.0705659263767302, 0.0733102629892528], "q_25": 0.0708537456812337, "q_75": 0.07173820398747921, "min": 0.0705659263767302, "max": 0.0733102629892528, "mean": 0.0714039970189333, "std": 0.000765700738043851, "repeat": 10, "number": 1}]}, "irradiance.Irradiance.time_disc": {"result": [0.018179056234657764], "stats": [{"ci_99": [0.017849944066256285, 0.02009595511481166], "q_25": 0.018013554625213146, "q_75": 0.019699037075042725, "min": 0.017849944066256285, "max": 0.02009595511481166, "mean": 0.018747067544609308, "std": 0.0009038953569952841, "repeat": 10, "number": 1}]}, "irradiance.Irradiance.time_erbs": {"result": [0.0135119438637048], "stats": [{"ci_99": [0.012519119773060083, 0.01373157324269414], "q_25": 0.013474397594109178, "q_75": 0.01363905903417617, "min": 0.012519119773060083, "max": 0.01373157324269414, "mean": 0.013458406087011099, "std": 0.00032635402803184594, "repeat": 10, "number": 1}]}, "irradiance.Irradiance.time_get_extra_radiation": {"result": [0.002635106851812452], "stats": [{"ci_99": [0.0026176649844273925, 0.002700391225516796], "q_25": 0.0026311951223760843, "q_75": 0.0026570995687507093, "min": 0.0026176649844273925, "max": 0.002700391225516796, "mean": 0.0026451861718669533, "std": 2.274915031465673e-05, "repeat": 10, "number": 4}]}, "irradiance.Irradiance.time_get_ground_diffuse": {"result": [0.0005174058553000743], "stats": [{"ci_99": [0.000504281943325292, 0.0005505391481247815], "q_25": 0.0005109942602840338, "q_75": 0.0005418758320791477, "min": 0.000504281943325292, "max": 0.0005505391481247815, "mean": 0.0005246953446079384, "std": 1.6893752628231722e-05, "repeat": 10, "number": 22}]}, "irradiance.Irradiance.time_get_total_irradiance": {"result": [0.0050947824493050575], "stats": [{"ci_99": [0.00498863635584712, 0.0052567402211328345], "q_25": 0.005023527812833588, "q_75": 0.00513480172958225, "min": 0.00498863635584712, "max": 0.0052567402211328345, "mean": 0.005093671490127841, "std": 7.829621086200612e-05, "repeat": 10, "number": 3}]}, "location.Location.time_location_get_airmass": {"result": [0.00151350415710892], "stats": [{"ci_99": [0.0013975276877837522, 0.0015341138600238732], "q_25": 0.0014881813798898035, "q_75": 0.0015261036876056877, "min": 0.0013975276877837522, "max": 0.0015341138600238732, "mean": 0.001499834211011018, "std": 3.857568056263132e-05, "repeat": 10, "number": 7}]}, "location.Location.time_location_get_clearsky": {"result": [0.012987320777028799], "stats": [{"ci_99": [0.012120061088353395, 0.013958354014903307], "q_25": 0.012342217611148953, "q_75": 0.013655433896929026, "min": 0.012120061088353395, "max": 0.013958354014903307, "mean": 0.013014396885409951, "std": 0.0006843975752294494, "repeat": 10, "number": 1}]}, "location.Location.time_location_get_solarposition": {"result": [0.01787372538819909], "stats": [{"ci_99": [0.017668838147073984, 0.018015651032328606], "q_25": 0.01780082657933235, "q_75": 0.01790110720321536, "min": 0.017668838147073984, "max": 0.018015651032328606, "mean": 0.017848816141486167, "std": 0.00010126453003960171, "repeat": 10, "number": 1}]}, "location.Location_0_6_1.time_location_get_sun_rise_set_transit_pyephem": {"result": [0.1964401516597718], "stats": [{"ci_99": [0.17996084596961737, 0.19768961519002914], "q_25": 0.1961846819613129, "q_75": 0.19696987385395914, "min": 0.17996084596961737, "max": 0.19768961519002914, "mean": 0.19498877665027975, "std": 0.00503883506081243, "repeat": 10, "number": 1}]}, "location.Location_0_6_1.time_location_get_sun_rise_set_transit_spa": {"result": [0.0430242836009711], "stats": [{"ci_99": [0.04240736411884427, 0.043576667085289955], "q_25": 0.04282733949366957, "q_75": 0.043209597119130194, "min": 0.04240736411884427, "max": 0.043576667085289955, "mean": 0.04301253417506814, "std": 0.000309737785421701, "repeat": 10, "number": 1}]}, "solarposition.SolarPosition.time_ephemeris": {"result": [0.02515670657157898], "stats": [{"ci_99": [0.024060831870883703, 0.02535888087004423], "q_25": 0.024618136580102146, "q_75": 0.025223134784027934, "min": 0.024060831870883703, "max": 0.02535888087004423, "mean": 0.02490484742447734, "std": 0.0004401974134654177, "repeat": 10, "number": 1}]}, "solarposition.SolarPosition.time_ephemeris_localized": {"result": [0.024991261074319482], "stats": [{"ci_99": [0.0243619279935956, 0.025570015888661146], "q_25": 0.024701273534446955, "q_75": 0.02523715083952993, "min": 0.0243619279935956, "max": 0.025570015888661146, "mean": 0.024987572990357875, "std": 0.000400846294807132, "repeat": 10, "number": 1}]}, "solarposition.SolarPosition.time_nrel_earthsun_distance": {"result": [0.023253548424690962], "stats": [{"ci_99": [0.022979660890996456, 0.025339494924992323], "q_25": 0.023035192280076444, "q_75": 0.02358496794477105, "min": 0.022979660890996456, "max": 0.025339494924992323, "mean": 0.02346174968406558, "std": 0.0006738789200674685, "repeat": 10, "number": 1}]}, "solarposition.SolarPosition.time_spa_python": {"result": [0.028605769388377666], "stats": [{"ci_99": [0.02827390329912305, 0.029287638142704964], "q_25": 0.028383996686898172, "q_75": 0.02902262390125543, "min": 0.02827390329912305, "max": 0.029287638142704964, "mean": 0.028706580121070146, "std": 0.00036780511516218645, "repeat": 10, "number": 1}]}, "solarposition.SolarPosition.time_sun_rise_set_transit_spa": {"result": [0.049742321483790874], "stats": [{"ci_99": [0.04904245212674141, 0.05043741408735514], "q_25": 0.04955507873091847, "q_75": 0.050212168716825545, "min": 0.04904245212674141, "max": 0.05043741408735514, "mean": 0.04980577318929136, "std": 0.000455025358585314, "repeat": 10, "number": 1}]}, "temperature.Fuentes.time_fuentes": {"result": [NaN, null, null], "params": [["'a'", "'b'", "'deltaT'"]]}, "temperature.SAPM.time_sapm_cell": {"result": [0.0022613293491303924, null, null], "stats": [{"ci_99": [0.002222979161888361, 0.0023488426581025124], "q_25": 0.0022454195423051715, "q_75": 0.002268586750142276, "min": 0.002222979161888361, "max": 0.0023488426581025124, "mean": 0.0022658140026032927, "std": 3.3771861252153165e-05, "repeat": 10, "number": 5}, null, null], "params": [["'a'", "'b'", "'deltaT'"]]}, "tracking.SingleAxis.time_singleaxis": {"result": [0.006662963889539242], "stats": [{"ci_99": [0.006210967432707548, 0.0072236089035868645], "q_25": 0.006471478962339461, "q_75": 0.006833570776507258, "min": 0.006210967432707548, "max": 0.0072236089035868645, "mean": 0.0066675731446594, "std": 0.0002927965212345734, "repeat": 10, "number": 2}]}, "tracking.SingleAxis.time_tracker_singleaxis": {"result": [0.006673365482129157], "stats": [{"ci_99": [0.006285397335886955, 0.007158261490985751], "q_25": 0.006468640058301389, "q_75": 0.006737716030329466, "min": 0.006285397335886955, "max": 0.007158261490985751, "mean": 0.0066767344949766995, "std": 0.0002635985907828314, "repeat": 10, "number": 2}]}},