{"results": {"irradiance.Irradiance.time_aoi": {"result": [0.002386596240103245], "stats": [{"ci_99": [0.0023348939605057238, 0.002415719535201788], "q_25": 0.002351611596532166, "q_75": 0.0023959638318046925, "min": 0.0023348939605057238, "max": 0.002415719535201788, "mean": 0.0023779464792460206, "std": 2.760550731845954e-05, "repeat": 10, "number": 5}]}, "irradiance.Irradiance.time_aoi_projection": {"result": [0.002149465586990118], "stats": [{"ci_99": [0.002126783225685358, 0.002176662813872099], "q_25": 0.002142951055429876, "q_75": 0.002168224286288023, "min": 0.002126783225685358, "max": 0.002176662813872099, "mean": 0.002152673443779349, "std": 1.6185518693294477e-05, "repeat": 10, "number": 5}]}, "irradiance.Irradiance.time_dirindex": {"result": [0.06556629040278494], "stats": [{"ci_99": [0.06506312405690551, 0.06953125074505806], "q_25": 0.06534593517426401, "q_75": 0.06588668748736382, "min": 0.06506312405690551, "max": 0.06953125074505806, "mean": 0.06593201551586389, "std": 0.0012394087790179474, "repeat": 10, "number": 1}]}, "irradiance.Irradiance.time_dirint": {"result": [0.03245028853416443], "stats": [{"ci_99": [0.03223818214610219, 0.03499042894691229], "q_25": 0.03242147923447192, "q_75": 0.032509346259757876, "min": 0.03223818214610219, "max": 0.03499042894691229, "mean": 0.032706983108073476, "std": 0.000768719729248272, "repeat": 10, "number": 1}]}, "irradiance.Irradiance.time_disc": {"result": [0.012242765864357352], "stats": [{"ci_99": [0.012075826991349459, 0.012411275878548622], "q_25": 0.012204540777020156, "q_75": 0.01229842018801719, "min": 0.012075826991349459, "max": 0.012411275878548622, "mean": 0.01224316912703216, "std": 9.040609941958514e-05, "repeat": 10, "number": 1}]}, "irradiance.Irradiance.time_erbs": {"result": [0.00726165680680424], "stats": [{"ci_99": [0.0071871483232825994, 0.007571190595626831], "q_25": 0.007211915333755314, "q_75": 0.0073554449481889606, "min": 0.0071871483232825994, "max": 0.007571190595626831, "mean": 0.007297549280337989, "std": 0.00011136080073180049, "repeat": 10, "number": 2}]}, "irradiance.Irradiance.time_get_extra_radiation": {"result": [0.0005348020116798581], "stats": [{"ci_99": [0.0005272786365821958, 0.000562447658739984], "q_25": 0.0005320574098732323, "q_75": 0.0005372563377022744, "min": 0.0005272786365821958, "max": 0.000562447658739984, "mean": 0.0005367181473411619, "std": 9.187996815316186e-06, "repeat": 10, "number": 20}]}, "irradiance.Irradiance.time_get_ground_diffuse": {"result": [0.0003237790971373518], "stats": [{"ci_99": [0.0003197953725854556, 0.00038869306445121765], "q_25": 0.0003200697557379802, "q_75": 0.0003331389316978554, "min": 0.0003197953725854556, "max": 0.00038869306445121765, "mean": 0.0003344608020658294, "std": 2.269886224240704e-05, "repeat": 10, "number": 30}]}, "irradiance.Irradiance.time_get_total_irradiance": {"result": [0.004555053310468793], "stats": [{"ci_99": [0.004512660360584657, 0.004626745358109474], "q_25": 0.004538306927618881, "q_75": 0.004580550400229792, "min": 0.004512660360584657, "max": 0.004626745358109474, "mean": 0.004559429626290997, "std": 3.2600422824100974e-05, "repeat": 10, "number": 3}]}, "location.Location.time_location_get_airmass": {"result": [0.0013764167379122227], "stats": [{"ci_99": [0.0013579748920165002, 0.001397636253386736], "q_25": 0.0013650852488353848, "q_75": 0.0013898523902753368, "min": 0.0013579748920165002, "max": 0.001397636253386736, "mean": 0.0013776689302176237, "std": 1.3855767442141176e-05, "repeat": 10, "number": 8}]}, "location.Location.time_location_get_clearsky": {"result": [0.00942157523240894], "stats": [{"ci_99": [0.009317544056102633, 0.010046292096376419], "q_25": 0.009347698476631194, "q_75": 0.009484405862167478, "min": 0.009317544056102633, "max": 0.010046292096376419, "mean": 0.009478804608806967, "std": 0.00020670816307543537, "repeat": 10, "number": 2}]}, "location.Location.time_location_get_solarposition": {"result": [0.015098319621756673], "stats": [{"ci_99": [0.015044412110000849, 0.015325810294598341], "q_25": 0.015072074253112078, "q_75": 0.015120789059437811, "min": 0.015044412110000849, "max": 0.015325810294598341, "mean": 0.015118666179478168, "std": 7.763627755230982e-05, "repeat": 10, "number": 1}]}, "location.Location_0_6_1.time_location_get_sun_rise_set_transit_pyephem": {"result": [0.1800424661487341], "stats": [{"ci_99": [0.17948169680312276, 0.18061838205903769], "q_25": 0.17990618175826967, "q_75": 0.18017254560254514, "min": 0.17948169680312276, "max": 0.18061838205903769, "mean": 0.18007052005268634, "std": 0.00030992814757037953, "repeat": 10, "number": 1}]}, "location.Location_0_6_1.time_location_get_sun_rise_set_transit_spa": {"result": [0.032911797519773245], "stats": [{"ci_99": [0.032703641802072525, 0.03309589810669422], "q_25": 0.032804035348817706, "q_75": 0.032952016103081405, "min": 0.032703641802072525, "max": 0.03309589810669422, "mean": 0.03289583656005561, "std": 0.00012424772244761298, "repeat": 10, "number": 1}]}, "solarposition.SolarPosition.time_ephemeris": {"result": [0.01822276576422155], "stats": [{"ci_99": [0.01808090414851904, 0.018688572105020285], "q_25": 0.01812841324135661, "q_75": 0.01824504986871034, "min": 0.01808090414851904, "max": 0.018688572105020285, "mean": 0.018272038968279957, "std": 0.0002026565343042638, "repeat": 10, "number": 1}]}, "solarposition.SolarPosition.time_ephemeris_localized": {"result": [0.018383220536634326], "stats": [{"ci_99": [0.018202682957053185, 0.018745447974652052], "q_25": 0.018281714408658445, "q_75": 0.01842937630135566, "min": 0.018202682957053185, "max": 0.018745447974652052, "mean": 0.018387006502598523, "std": 0.00014615894979971058, "repeat": 10, "number": 1}]}, "solarposition.SolarPosition.time_nrel_earthsun_distance": {"result": [0.02280059107579291], "stats": [{"ci_99": [0.022671757731586695, 0.02305933926254511], "q_25": 0.02277282963041216, "q_75": 0.022869284031912684, "min": 0.022671757731586695, "max": 0.02305933926254511, "mean": 0.022821383411064745, "std": 0.00010571633381306192, "repeat": 10, "number": 1}]}, "solarposition.SolarPosition.time_spa_python": {"result": [0.02588718943297863], "stats": [{"ci_99": [0.025743589736521244, 0.026452188845723867], "q_25": 0.025838141446001828, "q_75": 0.026034146430902183, "min": 0.025743589736521244, "max": 0.026452188845723867, "mean": 0.025959447864443062, "std": 0.00020056940051226536, "repeat": 10, "number": 1}]}, "solarposition.SolarPosition.time_sun_rise_set_transit_spa": {"result": [0.03810472902841866], "stats": [{"ci_99": [0.0378401018679142, 0.041514731012284756], "q_25": 0.03800370916724205, "q_75": 0.03869203326757997, "min": 0.0378401018679142, "max": 0.041514731012284756, "mean": 0.03882086626254022, "std": 0.0013526559973254105, "repeat": 10, "number": 1}]}, "temperature.Fuentes.time_fuentes": NaN, "temperature.SAPM.time_sapm_cell": {"result": [0.0016265958547592163], "stats": [{"ci_99": [0.0016137724742293358, 0.0016492735594511032], "q_25": 0.0016241585004276463, "q_75": 0.001637895541664745, "min": 0.0016137724742293358, "max": 0.0016492735594511032, "mean": 0.0016304145700165203, "std": 1.0467620300759481e-05, "repeat": 10, "number": 7}]}, "tracking.SingleAxis.time_singleaxis": {"result": [0.022174211917445064], "stats": [{"ci_99": [0.020819982048124075, 0.024431872181594372], "q_25": 0.021550183417275548, "q_75": 0.022687763557769358, "min": 0.020819982048124075, "max": 0.024431872181594372, "mean": 0.022288617677986622, "std": 0.001092234380083047, "repeat": 10, "number": 1}]}, "tracking.SingleAxis.time_tracker_singleaxis": {"result": [0.021217148518189788], "stats": [{"ci_99": [0.02014731615781784, 0.02248525619506836], "q_25": 0.0210138619877398, "q_75": 0.021876123966649175, "min": 0.02014731615781784, "max": 0.02248525619506836, "mean": 0.021353529905900358, "std": 0.0007394399481677195, "repeat": 10, "number": 1}]}}, "params": {"arch": "x86_64", "cpu": "Intel Xeon Processor (Skylake, IBRS)",