{"results": {"irradiance.TimeSuite.time_aoi": {"result": [0.00224824515171349], "stats": [{"ci_99": [0.0021789825521409513, 0.0023859591223299504], "q_25": 0.002185510378330946, "q_75": 0.0022542676189914344, "min": 0.0021789825521409513, "max": 0.0023859591223299504, "mean": 0.0022486450709402563, "std": 6.909359670085347e-05, "repeat": 10, "number": 5}]}, "irradiance.TimeSuite.time_aoi_projection": {"result": [0.002256707986816764], "stats": [{"ci_99": [0.0021982593461871147, 0.002277835179120302], "q_25": 0.0022330831969156863, "q_75": 0.002263148408383131, "min": 0.0021982593461871147, "max": 0.002277835179120302, "mean": 0.002246670899912715, "std": 2.39947194272323e-05, "repeat": 10, "number": 5}]}, "irradiance.TimeSuite.time_dirindex": {"result": [0.14266521763056517], "stats": [{"ci_99": [0.14171649795025587, 0.14778326731175184], "q_25": 0.1422006217762828, "q_75": 0.1441836953163147, "min": 0.14171649795025587, "max": 0.14778326731175184, "mean": 0.14364069160073994, "std": 0.0020370801875335158, "repeat": 10, "number": 1}]}, "irradiance.TimeSuite.time_dirint": {"result": [0.07300135982222855], "stats": [{"ci_99": [0.06987253809347749, 0.08019349863752723], "q_25": 0.0723111538682133, "q_75": 0.07405127037782222, "min": 0.06987253809347749, "max": 0.08019349863752723, "mean": 0.07337996731512249, "std": 0.0026546635177039047, "repeat": 10, "number": 1}]}, "irradiance.TimeSuite.time_disc": {"result": [0.01934649213217199], "stats": [{"ci_99": [0.018126809038221836, 0.019959320314228535], "q_25": 0.018572656670585275, "q_75": 0.019413264002650976, "min": 0.018126809038221836, "max": 0.019959320314228535, "mean": 0.019104313803836703, "std": 0.0005834209408973281, "repeat": 10, "number": 1}]}, "irradiance.TimeSuite.time_erbs": {"result": [0.013406439684331417], "stats": [{"ci_99": [0.013306145556271076, 0.014244765043258667], "q_25": 0.013332658330909908, "q_75": 0.013467610813677311, "min": 0.013306145556271076, "max": 0.014244765043258667, "mean": 0.013488666154444218, "std": 0.0002667109820752554, "repeat": 10, "number": 1}]}, "irradiance.TimeSuite.time_get_extra_radiation": {"result": [0.0026081742835231125], "stats": [{"ci_99": [0.0025973322335630655, 0.0028390511870384216], "q_25": 0.0025996167096309364, "q_75": 0.002615102886920795, "min": 0.0025973322335630655, "max": 0.0028390511870384216, "mean": 0.002630248770583421, "std": 7.007269358140172e-05, "repeat": 10, "number": 4}]}, "irradiance.TimeSuite.time_get_ground_diffuse": {"result": [0.0005228572525084018], "stats": [{"ci_99": [0.000503727700561285, 0.0005503196036443115], "q_25": 0.0005067500751465559, "q_75": 0.0005457976832985877, "min": 0.000503727700561285, "max": 0.0005503196036443115, "mean": 0.000525805747602135, "std": 1.930918659612537e-05, "repeat": 10, "number": 20}]}, "irradiance.TimeSuite.time_get_total_irradiance": {"result": [0.005020429380238056], "stats": [{"ci_99": [0.0048751989379525185, 0.005072356977810462], "q_25": 0.004903175480042894, "q_75": 0.0050445981323719025, "min": 0.0048751989379525185, "max": 0.005072356977810462, "mean": 0.0049842995436241225, "std": 7.470793198177034e-05, "repeat": 10, "number": 3}]}, "location.TimeSuite.time_location_get_airmass": {"result": [0.0014614102547056973], "stats": [{"ci_99": [0.0013602979597635567, 0.001480545150116086], "q_25": 0.001459139137296006, "q_75": 0.0014624329196522012, "min": 0.0013602979597635567, "max": 0.001480545150116086, "mean": 0.001453239715192467, "std": 3.1584704750352736e-05, "repeat": 10, "number": 8}]}, "location.TimeSuite.time_location_get_clearsky": {"result": [0.012367552146315575], "stats": [{"ci_99": [0.012043260969221592, 0.013353855814784765], "q_25": 0.012136475765146315, "q_75": 0.012878717156127095, "min": 0.012043260969221592, "max": 0.013353855814784765, "mean": 0.012536866217851638, "std": 0.00047997956302981565, "repeat": 10, "number": 1}]}, "location.TimeSuite.time_location_get_solarposition": {"result": [0.017818638822063804], "stats": [{"ci_99": [0.017623495776206255, 0.018037963192909956], "q_25": 0.017736674519255757, "q_75": 0.017936775228008628, "min": 0.017623495776206255, "max": 0.018037963192909956, "mean": 0.01782617224380374, "std": 0.00013381011774599828, "repeat": 10, "number": 1}]}, "location.TimeSuite.time_location_get_sun_rise_set_transit_pyephem": {"result": [0.19723169226199389], "stats": [{"ci_99": [0.1804353161714971, 0.19853815995156765], "q_25": 0.18504855374339968, "q_75": 0.19790570018813014, "min": 0.1804353161714971, "max": 0.19853815995156765, "mean": 0.19258923386223614, "std": 0.007787166093470644, "repeat": 10, "number": 1}]}, "location.TimeSuite.time_location_get_sun_rise_set_transit_spa": {"result": [0.04287777887657285], "stats": [{"ci_99": [0.042529258877038956, 0.043504850938916206], "q_25": 0.042794757755473256, "q_75": 0.04297986312303692, "min": 0.042529258877038956, "max": 0.043504850938916206, "mean": 0.042928764084354046, "std": 0.00024760434506647383, "repeat": 10, "number": 1}]}, "solarposition.TimeSuite.time_ephemeris": {"result": [0.024928908562287688], "stats": [{"ci_99": [0.02460870984941721, 0.025128970853984356], "q_25": 0.024857215699739754, "q_75": 0.025046655558981, "min": 0.02460870984941721, "max": 0.025128970853984356, "mean": 0.02492949040606618, "std": 0.0001471793267300384, "repeat": 10, "number": 1}]}, "solarposition.TimeSuite.time_ephemeris_localized": {"result": [0.02365264156833291], "stats": [{"ci_99": [0.02348120091482997, 0.024458259344100952], "q_25": 0.023588153417222202, "q_75": 0.023818409768864512, "min": 0.02348120091482997, "max": 0.024458259344100952, "mean": 0.023747685737907885, "std": 0.00026840326537649, "repeat": 10, "number": 1}]}, "solarposition.TimeSuite.time_nrel_earthsun_distance": {"result": [0.022985680727288127], "stats": [{"ci_99": [0.02258951310068369, 0.023328897077590227], "q_25": 0.022975861211307347, "q_75": 0.023020384833216667, "min": 0.02258951310068369, "max": 0.023328897077590227, "mean": 0.022987062111496925, "std": 0.00016725776085165222, "repeat": 10, "number": 1}]}, "solarposition.TimeSuite.time_spa_python": {"result": [0.028300227131694555], "stats": [{"ci_99": [0.028155231848359108, 0.028692301828414202], "q_25": 0.028241473017260432, "q_75": 0.02851892076432705, "min": 0.028155231848359108, "max": 0.028692301828414202, "mean": 0.028367715002968908, "std": 0.00017274663705404804, "repeat": 10, "number": 1}]}, "solarposition.TimeSuite.time_sun_rise_set_transit_spa": {"result": [0.049369435058906674], "stats": [{"ci_99": [0.04890106478706002, 0.04962071729823947], "q_25": 0.049309511319734156, "q_75": 0.049452951876446605, "min": 0.04890106478706002, "max": 0.04962071729823947, "mean": 0.04935196288861334, "std": 0.00018213178647456989, "repeat": 10, "number": 1}]}, "tracking.TimeSuite.time_singleaxis": {"result": [0.006347113172523677], "stats": [{"ci_99": [0.006162772187963128, 0.006562914000824094], "q_25": 0.006218979950062931, "q_75": 0.006471352360676974, "min": 0.006162772187963128, "max": 0.006562914000824094, "mean": 0.0063458869466558095, "std": 0.00014147008995652052, "repeat": 10, "number": 2}]}, "tracking.TimeSuite.time_tracker_singleaxis": {"result": [0.006475974922068417], "stats": [{"ci_99": [0.00625408417545259, 0.006661619059741497], "q_25": 0.0063558496767655015, "q_75": 0.00658332061721012, "min": 0.00625408417545259, "max": 0.006661619059741497, "mean": 0.006470961682498455, "std": 0.00013155389447932965, "repeat": 10, "number": 2}]}}, "params": {"arch": "x86_64", "cpu": "Intel Xeon Processor (Skylake, IBRS)", "machine": "pvlib-asv.forecasting.energy.arizona.edu", "num_cpu": "4", "os": "Linux 5.7.8-200.fc32.x86_64", "ram": "8145244", "python": "3.7", "ephem": "3.7.6.0", "numpy": "1.18.5", "pandas": "1.1.0", "pytables": "3.6.1", "scipy": "1.2.0"}, "requirements": {"ephem": "3.7.6.0", "numpy": "1.18.5", "pandas": "1.1.0", "pytables": "3.6.1", "scipy": "1.2.0"}, "commit_hash": "646c8fd22054b21e7ad0de3cf72d3341dd8f8cff", "date": 1598374910000,