{"results": {"irradiance.Irradiance.time_aoi": {"result": [0.00230271709151566], "stats": [{"ci_99": [0.002266278211027384, 0.0023591816425323486], "q_25": 0.0022765782196074724, "q_75": 0.0023267830023542047, "min": 0.002266278211027384, "max": 0.0023591816425323486, "mean": 0.0023041156865656375, "std": 3.134198719471767e-05, "repeat": 10, "number": 5}]}, "irradiance.Irradiance.time_aoi_projection": {"result": [0.002034066105261445], "stats": [{"ci_99": [0.0019660485908389092, 0.0021162347868084906], "q_25": 0.0020068431738764045, "q_75": 0.002061229571700096, "min": 0.0019660485908389092, "max": 0.0021162347868084906, "mean": 0.0020335087180137637, "std": 4.1798638967806714e-05, "repeat": 10, "number": 5}]}, "irradiance.Irradiance.time_dirindex": {"result": [0.140706593869254], "stats": [{"ci_99": [0.13806425407528877, 0.14955673087388277], "q_25": 0.13919294823426753, "q_75": 0.14217871567234397, "min": 0.13806425407528877, "max": 0.14955673087388277, "mean": 0.14136304729618132, "std": 0.0032653971855264976, "repeat": 10, "number": 1}]}, "irradiance.Irradiance.time_dirint": {"result": [0.06997016747482121], "stats": [{"ci_99": [0.06852368405088782, 0.07310954621061683], "q_25": 0.06966107443440706, "q_75": 0.07064523489680141, "min": 0.06852368405088782, "max": 0.07310954621061683, "mean": 0.07030315366573632, "std": 0.0013415290456419591, "repeat": 10, "number": 1}]}, "irradiance.Irradiance.time_disc": {"result": [0.01883308868855238], "stats": [{"ci_99": [0.018476493190973997, 0.020507843233644962], "q_25": 0.01856500084977597, "q_75": 0.019804537063464522, "min": 0.018476493190973997, "max": 0.020507843233644962, "mean": 0.019194001657888295, "std": 0.00074033897346178, "repeat": 10, "number": 1}]}, "irradiance.Irradiance.time_erbs": {"result": [0.013715690467506647], "stats": [{"ci_99": [0.013128417078405619, 0.015997494105249643], "q_25": 0.013476297724992037, "q_75": 0.013813402852974832, "min": 0.013128417078405619, "max": 0.015997494105249643, "mean": 0.01384715917520225, "std": 0.0007491970738894851, "repeat": 10, "number": 1}]}, "irradiance.Irradiance.time_get_extra_radiation": {"result": [0.002650597132742405], "stats": [{"ci_99": [0.0025731464847922325, 0.002728461753576994], "q_25": 0.0026271208480466157, "q_75": 0.002658003708347678, "min": 0.0025731464847922325, "max": 0.002728461753576994, "mean": 0.002643939107656479, "std": 4.103927170598557e-05, "repeat": 10, "number": 4}]}, "irradiance.Irradiance.time_get_ground_diffuse": {"result": [0.0005829302643082644], "stats": [{"ci_99": [0.0005073430947959423, 0.0005941407166813549], "q_25": 0.0005335597701272682, "q_75": 0.0005885329906289514, "min": 0.0005073430947959423, "max": 0.0005941407166813549, "mean": 0.0005644344651189289, "std": 3.4642639535965857e-05, "repeat": 10, "number": 19}]}, "irradiance.Irradiance.time_get_total_irradiance": {"result": [0.005432236823253334], "stats": [{"ci_99": [0.005232522962614894, 0.0055306649301201105], "q_25": 0.005331234890036285, "q_75": 0.00550578732509166, "min": 0.005232522962614894, "max": 0.0055306649301201105, "mean": 0.00541350063867867, "std": 9.926687647818024e-05, "repeat": 10, "number": 2}]}, "location.Location.time_location_get_airmass": {"result": [0.0014201583690010011], "stats": [{"ci_99": [0.001405094109941274, 0.001474174961913377], "q_25": 0.0014143905136734247, "q_75": 0.0014419163053389639, "min": 0.001405094109941274, "max": 0.001474174961913377, "mean": 0.0014306013705208897, "std": 2.4188552110269158e-05, "repeat": 10, "number": 8}]}, "location.Location.time_location_get_clearsky": {"result": [0.012802464189007878], "stats": [{"ci_99": [0.01272808201611042, 0.013392793945968151], "q_25": 0.012768511543981731, "q_75": 0.012922493973746896, "min": 0.01272808201611042, "max": 0.013392793945968151, "mean": 0.01290206704288721, "std": 0.00021040843126215713, "repeat": 10, "number": 1}]}, "location.Location.time_location_get_solarposition": {"result": [0.018782987957820296], "stats": [{"ci_99": [0.017811933998018503, 0.01921058213338256], "q_25": 0.018234047223813832, "q_75": 0.018883864395320415, "min": 0.017811933998018503, "max": 0.01921058213338256, "mean": 0.018612155551090838, "std": 0.00044816898251447986, "repeat": 10, "number": 1}]}, "location.Location_0_6_1.time_location_get_sun_rise_set_transit_pyephem": {"result": [0.19347155303694308], "stats": [{"ci_99": [0.19316311879083514, 0.19436960481107235], "q_25": 0.19323772261850536, "q_75": 0.1935409507714212, "min": 0.19316311879083514, "max": 0.19436960481107235, "mean": 0.1935286395251751, "std": 0.00037746748573280357, "repeat": 10, "number": 1}]}, "location.Location_0_6_1.time_location_get_sun_rise_set_transit_spa": {"result": [0.04367619031108916], "stats": [{"ci_99": [0.04271986521780491, 0.04433356737717986], "q_25": 0.04315950989257544, "q_75": 0.044164623017422855, "min": 0.04271986521780491, "max": 0.04433356737717986, "mean": 0.043612833600491285, "std": 0.0005811945255518679, "repeat": 10, "number": 1}]}, "solarposition.SolarPosition.time_ephemeris": {"result": [0.024479614570736885], "stats": [{"ci_99": [0.02366020018234849, 0.025317644234746695], "q_25": 0.023814982268959284, "q_75": 0.02510657161474228, "min": 0.02366020018234849, "max": 0.025317644234746695, "mean": 0.024475516099482775, "std": 0.000664231598018195, "repeat": 10, "number": 1}]}, "solarposition.SolarPosition.time_ephemeris_localized": {"result": [0.024754618993029], "stats": [{"ci_99": [0.02332918904721737, 0.025269775185734034], "q_25": 0.02352578449063003, "q_75": 0.025079954182729125, "min": 0.02332918904721737, "max": 0.025269775185734034, "mean": 0.024392233369871973, "std": 0.0007704696544181854, "repeat": 10, "number": 1}]}, "solarposition.SolarPosition.time_nrel_earthsun_distance": {"result": [0.024070450337603688], "stats": [{"ci_99": [0.023961021099239588, 0.024675868451595306], "q_25": 0.02402344427537173, "q_75": 0.024231793242506683, "min": 0.023961021099239588, "max": 0.024675868451595306, "mean": 0.02417157688178122, "std": 0.00021759224178877486, "repeat": 10, "number": 1}]}, "solarposition.SolarPosition.time_spa_python": {"result": [0.029875508975237608], "stats": [{"ci_99": [0.028423599898815155, 0.03107510693371296], "q_25": 0.029079403495416045, "q_75": 0.03074208041653037, "min": 0.028423599898815155, "max": 0.03107510693371296, "mean": 0.029867783980444075, "std": 0.0009164375915556202, "repeat": 10, "number": 1}]}, "solarposition.SolarPosition.time_sun_rise_set_transit_spa": {"result": [0.05025764484889805], "stats": [{"ci_99": [0.048837175127118826, 0.05137444194406271], "q_25": 0.04936258739326149, "q_75": 0.0511063679587096, "min": 0.048837175127118826, "max": 0.05137444194406271, "mean": 0.05019669709727168, "std": 0.0009351400682837269, "repeat": 10, "number": 1}]}, "temperature.Fuentes.time_fuentes": NaN, "temperature.SAPM.time_sapm_cell": {"result": [0.0015010512433946133], "stats": [{"ci_99": [0.001402160884546382, 0.001609876286238432], "q_25": 0.001405610253901354, "q_75": 0.0015933511479358587, "min": 0.001402160884546382, "max": 0.001609876286238432, "mean": 0.0015018417766051633, "std": 9.303125094819267e-05, "repeat": 10, "number": 7}]}, "tracking.SingleAxis.time_singleaxis": {"result": [0.006458726478740573], "stats": [{"ci_99": [0.006171524524688721, 0.006760071963071823], "q_25": 0.006332680117338896, "q_75": 0.006616018479689956, "min": 0.006171524524688721, "max": 0.006760071963071823, "mean": 0.006460942048579455, "std": 0.00018436921949376332, "repeat": 10, "number": 2}]}, "tracking.SingleAxis.time_tracker_singleaxis": {"result": [0.006558194058015943], "stats": [{"ci_99": [0.006277007982134819, 0.006932072574272752], "q_25": 0.006363507476635277, "q_75": 0.0066755214356817305, "min": 0.006277007982134819, "max": 0.006932072574272752, "mean": 0.00655277834739536, "std": 0.00020493892691905474, "repeat": 10, "number": 2}]}}, "params": {"arch": "x86_64", "cpu": "Intel Xeon Processor (Skylake, IBRS)",