{"results": {"irradiance.TimeSuite.time_aoi": {"result": [0.002209982695057988], "stats": [{"ci_99": [0.0021756576374173165, 0.0024124070070683954], "q_25": 0.0022053009597584605, "q_75": 0.0022228680783882735, "min": 0.0021756576374173165, "max": 0.0024124070070683954, "mean": 0.0022407974489033226, "std": 7.223096123874408e-05, "repeat": 10, "number": 5}]}, "irradiance.TimeSuite.time_aoi_projection": {"result": [0.002229211060330272], "stats": [{"ci_99": [0.0021956793963909147, 0.002372573595494032], "q_25": 0.0022115067346021536, "q_75": 0.0022345548262819644, "min": 0.0021956793963909147, "max": 0.002372573595494032, "mean": 0.0022380851954221723, "std": 4.781393140388305e-05, "repeat": 10, "number": 5}]}, "irradiance.TimeSuite.time_dirindex": {"result": [0.1472234029788524], "stats": [{"ci_99": [0.14525760617107153, 0.15195497870445251], "q_25": 0.14704446168616414, "q_75": 0.148205510340631, "min": 0.14525760617107153, "max": 0.15195497870445251, "mean": 0.14770163306966425, "std": 0.0016744831458862474, "repeat": 10, "number": 1}]}, "irradiance.TimeSuite.time_dirint": {"result": [0.07237286516465247], "stats": [{"ci_99": [0.07209290005266666, 0.07588055171072483], "q_25": 0.07229072495829314, "q_75": 0.07333656249102205, "min": 0.07209290005266666, "max": 0.07588055171072483, "mean": 0.07293189712800086, "std": 0.0011021582782112032, "repeat": 10, "number": 1}]}, "irradiance.TimeSuite.time_disc": {"result": [0.019541590940207243], "stats": [{"ci_99": [0.018172407988458872, 0.020416112150996923], "q_25": 0.019288313342258334, "q_75": 0.02013377647381276, "min": 0.018172407988458872, "max": 0.020416112150996923, "mean": 0.019501649495214223, "std": 0.0007350211684691454, "repeat": 10, "number": 1}]}, "irradiance.TimeSuite.time_erbs": {"result": [0.013626477681100368], "stats": [{"ci_99": [0.01262778090313077, 0.014485274907201529], "q_25": 0.013513832353055477, "q_75": 0.013657262083142996, "min": 0.01262778090313077, "max": 0.014485274907201529, "mean": 0.013534128293395042, "std": 0.00047915660033886597, "repeat": 10, "number": 1}]}, "irradiance.TimeSuite.time_get_extra_radiation": {"result": [0.0028647335711866617], "stats": [{"ci_99": [0.0026394997257739305, 0.0028841077582910657], "q_25": 0.002856884675566107, "q_75": 0.0028725723968818784, "min": 0.0026394997257739305, "max": 0.0028841077582910657, "mean": 0.00284419902600348, "std": 6.912380663422039e-05, "repeat": 10, "number": 4}]}, "irradiance.TimeSuite.time_get_ground_diffuse": {"result": [0.000546159502118826], "stats": [{"ci_99": [0.0005367679987102747, 0.0005526063963770866], "q_25": 0.0005380816932301968, "q_75": 0.0005483016022481025, "min": 0.0005367679987102747, "max": 0.0005526063963770866, "mean": 0.0005442045349627733, "std": 5.643105313505313e-06, "repeat": 10, "number": 20}]}, "irradiance.TimeSuite.time_get_total_irradiance": {"result": [0.005103933236872157], "stats": [{"ci_99": [0.0050147937921186285, 0.005514396664996942], "q_25": 0.005062587093561888, "q_75": 0.0051658582330370946, "min": 0.0050147937921186285, "max": 0.005514396664996942, "mean": 0.005143524520099163, "std": 0.00013428435361622363, "repeat": 10, "number": 3}]}, "location.TimeSuite.time_location_get_airmass": {"result": [0.0014871742044176373], "stats": [{"ci_99": [0.0014823261382324354, 0.0015029844029673509], "q_25": 0.001485964166931808, "q_75": 0.0014911615788670523, "min": 0.0014823261382324354, "max": 0.0015029844029673509, "mean": 0.00148917967453599, "std": 5.464783058846215e-06, "repeat": 10, "number": 7}]}, "location.TimeSuite.time_location_get_clearsky": {"result": [0.01321069779805839], "stats": [{"ci_99": [0.01300859497860074, 0.013920174911618233], "q_25": 0.013063031947240233, "q_75": 0.013669967069290578, "min": 0.01300859497860074, "max": 0.013920174911618233, "mean": 0.013359185168519616, "std": 0.00034546682118854756, "repeat": 10, "number": 1}]}, "location.TimeSuite.time_location_get_solarposition": {"result": [0.01875026198104024], "stats": [{"ci_99": [0.018715098965913057, 0.018809081055223942], "q_25": 0.01874355017207563, "q_75": 0.01878172194119543, "min": 0.018715098965913057, "max": 0.018809081055223942, "mean": 0.018757870001718403, "std": 2.8868643697986798e-05, "repeat": 10, "number": 1}]}, "location.TimeSuite.time_location_get_sun_rise_set_transit_pyephem": {"result": [0.19987110630609095], "stats": [{"ci_99": [0.19954058295115829, 0.20100193796679378], "q_25": 0.1997540092561394, "q_75": 0.2003277891781181, "min": 0.19954058295115829, "max": 0.20100193796679378, "mean": 0.20003999997861682, "std": 0.0004228627294777937, "repeat": 10, "number": 1}]}, "location.TimeSuite.time_location_get_sun_rise_set_transit_spa": {"result": [0.044162103440612555], "stats": [{"ci_99": [0.04392531234771013, 0.04438795801252127], "q_25": 0.04410022997763008, "q_75": 0.044328602380119264, "min": 0.04392531234771013, "max": 0.04438795801252127, "mean": 0.04419005466625094, "std": 0.00014327635432880744, "repeat": 10, "number": 1}]}, "solarposition.TimeSuite.time_ephemeris": {"result": [0.025329382624477148], "stats": [{"ci_99": [0.024810492992401123, 0.025606933049857616], "q_25": 0.025289468350820243, "q_75": 0.025462802732363343, "min": 0.024810492992401123, "max": 0.025606933049857616, "mean": 0.025307129370048642, "std": 0.0002419306482262409, "repeat": 10, "number": 1}]}, "solarposition.TimeSuite.time_ephemeris_localized": {"result": [0.025376393226906657], "stats": [{"ci_99": [0.025013785809278488, 0.025974014773964882], "q_25": 0.02532218466512859, "q_75": 0.02566068130545318, "min": 0.025013785809278488, "max": 0.025974014773964882, "mean": 0.02544410009868443, "std": 0.0002794132849284016, "repeat": 10, "number": 1}]}, "solarposition.TimeSuite.time_nrel_earthsun_distance": {"result": [0.023158625001087785], "stats": [{"ci_99": [0.02296626614406705, 0.023626625537872314], "q_25": 0.023028617026284337, "q_75": 0.023215716471895576, "min": 0.02296626614406705, "max": 0.023626625537872314, "mean": 0.023162003979086875, "std": 0.0001806989098686393, "repeat": 10, "number": 1}]}, "solarposition.TimeSuite.time_spa_python": {"result": [0.03032504767179489], "stats": [{"ci_99": [0.03003042098134756, 0.030941421166062355], "q_25": 0.030191541998647153, "q_75": 0.030620777746662498, "min": 0.03003042098134756, "max": 0.030941421166062355, "mean": 0.030414874106645583, "std": 0.0003134061530301531, "repeat": 10, "number": 1}]}, "solarposition.TimeSuite.time_sun_rise_set_transit_spa": {"result": [0.051083702594041824], "stats": [{"ci_99": [0.050467029213905334, 0.05149130383506417], "q_25": 0.05073405080474913, "q_75": 0.05127307411748916, "min": 0.050467029213905334, "max": 0.05149130383506417, "mean": 0.051001456147059795, "std": 0.00034367775602845883, "repeat": 10, "number": 1}]}, "tracking.TimeSuite.time_singleaxis": {"result": [0.006499469978734851], "stats": [{"ci_99": [0.006385474000126123, 0.006904111010953784], "q_25": 0.006434310576878488, "q_75": 0.006628385337535292, "min": 0.006385474000126123, "max": 0.006904111010953784, "mean": 0.0065667560324072834, "std": 0.00018245441604354526, "repeat": 10, "number": 2}]}, "tracking.TimeSuite.time_tracker_singleaxis": {"result": [0.00651876104529947], "stats": [{"ci_99": [0.006369251990690827, 0.006893844110891223], "q_25": 0.006417139375116676, "q_75": 0.006542124843690544, "min": 0.006369251990690827, "max": 0.006893844110891223, "mean": 0.006533221900463104, "std": 0.00014888582623411899, "repeat": 10, "number": 2}]}}, "params": {"arch": "x86_64", "cpu": "Intel Xeon Processor (Skylake, IBRS)", "machine": "pvlib-asv.forecasting.energy.arizona.edu", "num_cpu": "4", "os": "Linux 5.7.8-200.fc32.x86_64", "ram": "8145244", "python": "3.7", "ephem": "3.7.6.0", "numpy": "1.18.5", "pandas": "1.1.0", "pytables": "3.6.1", "scipy": "1.2.0"}, "requirements": {"ephem": "3.7.6.0", "numpy": "1.18.5", "pandas": "1.1.0", "pytables": "3.6.1", "scipy": "1.2.0"}, "commit_hash": "66c8b3f497ee0480ec64e534ab55e557bb04aef1", "date": 1578073914000,