{"results": {"irradiance.TimeSuite.time_aoi": {"result": [0.0021782104391604665], "stats": [{"ci_99": [0.0021424983628094197, 0.002335981000214815], "q_25": 0.002159409341402352, "q_75": 0.002223496395163238, "min": 0.0021424983628094197, "max": 0.002335981000214815, "mean": 0.0021979788783937694, "std": 5.512238243679276e-05, "repeat": 10, "number": 5}]}, "irradiance.TimeSuite.time_aoi_projection": {"result": [0.0021639036014676092], "stats": [{"ci_99": [0.0021408055908977985, 0.0023160945624113084], "q_25": 0.0021473863394930962, "q_75": 0.002194776618853211, "min": 0.0021408055908977985, "max": 0.0023160945624113084, "mean": 0.002182170134037733, "std": 5.1489940747169456e-05, "repeat": 10, "number": 5}]}, "irradiance.TimeSuite.time_dirindex": {"result": [0.14574265363626182], "stats": [{"ci_99": [0.14247802598401904, 0.14992656372487545], "q_25": 0.14510386972688138, "q_75": 0.14661464211530983, "min": 0.14247802598401904, "max": 0.14992656372487545, "mean": 0.14616514453664423, "std": 0.002183082317696084, "repeat": 10, "number": 1}]}, "irradiance.TimeSuite.time_dirint": {"result": [0.07113620243035257], "stats": [{"ci_99": [0.07032711897045374, 0.07953782379627228], "q_25": 0.07068155624438077, "q_75": 0.0717560516204685, "min": 0.07032711897045374, "max": 0.07953782379627228, "mean": 0.07228775154799223, "std": 0.0028099297665173913, "repeat": 10, "number": 1}]}, "irradiance.TimeSuite.time_disc": {"result": [0.01824642950668931], "stats": [{"ci_99": [0.018052462954074144, 0.019651280716061592], "q_25": 0.018128593685105443, "q_75": 0.01950311253312975, "min": 0.018052462954074144, "max": 0.019651280716061592, "mean": 0.018712497735396027, "std": 0.0006843876220331771, "repeat": 10, "number": 1}]}, "irradiance.TimeSuite.time_erbs": {"result": [0.012024454772472382], "stats": [{"ci_99": [0.01147469412535429, 0.012718301732093096], "q_25": 0.01161247561685741, "q_75": 0.01260554522741586, "min": 0.01147469412535429, "max": 0.012718301732093096, "mean": 0.012092687701806427, "std": 0.0004883990736133109, "repeat": 10, "number": 1}]}, "irradiance.TimeSuite.time_get_extra_radiation": {"result": [0.002637168625369668], "stats": [{"ci_99": [0.0026261223247274756, 0.002873688004910946], "q_25": 0.0026284448977094144, "q_75": 0.002652282506460324, "min": 0.0026261223247274756, "max": 0.002873688004910946, "mean": 0.0026630716980434953, "std": 7.166471550682547e-05, "repeat": 10, "number": 4}]}, "irradiance.TimeSuite.time_get_ground_diffuse": {"result": [0.0005484600784257055], "stats": [{"ci_99": [0.0005361685063689948, 0.0005623888457193971], "q_25": 0.0005466233065817505, "q_75": 0.0005513926851563155, "min": 0.0005361685063689948, "max": 0.0005623888457193971, "mean": 0.0005489861103706062, "std": 6.214790661642664e-06, "repeat": 10, "number": 20}]}, "irradiance.TimeSuite.time_get_total_irradiance": {"result": [0.005083844298496842], "stats": [{"ci_99": [0.005027481044332187, 0.005181681985656421], "q_25": 0.005051275676426788, "q_75": 0.0050980496453121305, "min": 0.005027481044332187, "max": 0.005181681985656421, "mean": 0.005088311294093728, "std": 4.926979954550998e-05, "repeat": 10, "number": 3}]}, "location.TimeSuite.time_location_get_airmass": {"result": [0.0014929286470370634], "stats": [{"ci_99": [0.0013668242442820752, 0.001537568268499204], "q_25": 0.001485714239866606, "q_75": 0.0014985965431800912, "min": 0.0013668242442820752, "max": 0.001537568268499204, "mean": 0.001473610435745546, "std": 5.511469816442854e-05, "repeat": 10, "number": 7}]}, "location.TimeSuite.time_location_get_clearsky": {"result": [0.013124455465003848], "stats": [{"ci_99": [0.013051968067884445, 0.013282610103487968], "q_25": 0.013080094708129764, "q_75": 0.013173851068131626, "min": 0.013051968067884445, "max": 0.013282610103487968, "mean": 0.013141559157520532, "std": 7.638318672439376e-05, "repeat": 10, "number": 1}]}, "location.TimeSuite.time_location_get_solarposition": {"result": [0.018366420874372125], "stats": [{"ci_99": [0.01810659095644951, 0.018894869834184647], "q_25": 0.01827739574946463, "q_75": 0.018488276517018676, "min": 0.01810659095644951, "max": 0.018894869834184647, "mean": 0.018404925893992185, "std": 0.00021484457718925188, "repeat": 10, "number": 1}]}, "location.TimeSuite.time_location_get_sun_rise_set_transit_pyephem": null, "location.TimeSuite.time_location_get_sun_rise_set_transit_spa": null, "solarposition.TimeSuite.time_ephemeris": {"result": [0.024343547644093633], "stats": [{"ci_99": [0.023523717187345028, 0.02562971692532301], "q_25": 0.023685273597948253, "q_75": 0.025010562036186457, "min": 0.023523717187345028, "max": 0.02562971692532301, "mean": 0.024439425347372888, "std": 0.0007931537712455669, "repeat": 10, "number": 1}]}, "solarposition.TimeSuite.time_ephemeris_localized": {"result": [0.025045167189091444], "stats": [{"ci_99": [0.023619722574949265, 0.025585028808563948], "q_25": 0.02427872410044074, "q_75": 0.025198885006830096, "min": 0.023619722574949265, "max": 0.025585028808563948, "mean": 0.024758343072608113, "std": 0.0006633041309841959, "repeat": 10, "number": 1}]}, "solarposition.TimeSuite.time_nrel_earthsun_distance": {"result": [0.023107727291062474], "stats": [{"ci_99": [0.02262323396280408, 0.023291639983654022], "q_25": 0.023083804873749614, "q_75": 0.02321239502634853, "min": 0.02262323396280408, "max": 0.023291639983654022, "mean": 0.02310557058081031, "std": 0.00017841158062344422, "repeat": 10, "number": 1}]}, "solarposition.TimeSuite.time_spa_python": {"result": [0.028921989956870675], "stats": [{"ci_99": [0.02871725196018815, 0.029147391207516193], "q_25": 0.028809792478568852, "q_75": 0.02898847369942814, "min": 0.02871725196018815, "max": 0.029147391207516193, "mean": 0.028912936942651866, "std": 0.00013014870134951496, "repeat": 10, "number": 1}]}, "solarposition.TimeSuite.time_sun_rise_set_transit_spa": {"result": [0.05130947753787041], "stats": [{"ci_99": [0.05106519861146808, 0.051509715151041746], "q_25": 0.05124229472130537, "q_75": 0.051380549324676394, "min": 0.05106519861146808, "max": 0.051509715151041746, "mean": 0.05130241266451776, "std": 0.0001305588800394051, "repeat": 10, "number": 1}]}, "tracking.TimeSuite.time_singleaxis": {"result": [0.006310888100415468], "stats": [{"ci_99": [0.006056651938706636, 0.006617785431444645], "q_25": 0.006181588221807033, "q_75": 0.006443762104026973, "min": 0.006056651938706636, "max": 0.006617785431444645, "mean": 0.006324810557998717, "std": 0.00017039097466163834, "repeat": 10, "number": 2}]}, "tracking.TimeSuite.time_tracker_singleaxis": {"result": [0.006360292551107705], "stats": [{"ci_99": [0.006119197467342019, 0.006702935788780451], "q_25": 0.00626979349181056, "q_75": 0.006536407337989658, "min": 0.006119197467342019, "max": 0.006702935788780451, "mean": 0.006389008462429046, "std": 0.00018063507558166645, "repeat": 10, "number": 2}]}}, "params": {"arch": "x86_64", "cpu": "Intel Xeon Processor (Skylake, IBRS)", "machine": "pvlib-asv.forecasting.energy.arizona.edu", "num_cpu": "4", "os": "Linux 5.7.8-200.fc32.x86_64", "ram": "8145244", "python": "3.7", "ephem": "3.7.6.0", "numpy": "1.18.5", "pandas": "1.1.0", "pytables": "3.6.1", "scipy": "1.2.0"}, "requirements": {"ephem": "3.7.6.0", "numpy": "1.18.5", "pandas": "1.1.0", "pytables": "3.6.1", "scipy": "1.2.0"}, "commit_hash": "673ab97a47ed1e8fdb0e4407a795f8e147c20ec2", "date": 1542139937000, "env_name": "conda-py3.7-ephem3.7.6.0-numpy1.18.5-pandas1.1.0-pytables3.6.1-scipy1.2.0", "python": "3.7", "profiles": {}, "started_at": {"irradiance.TimeSuite.time_aoi": 1599347716289, "irradiance.TimeSuite.time_aoi_projection": 1599347718095, "irradiance.TimeSuite.time_dirindex": 1599347719900, "irradiance.TimeSuite.time_dirint": 1599347722457, "irradiance.TimeSuite.time_disc": 1599347724613, "irradiance.TimeSuite.time_erbs": 1599347726469, "irradiance.TimeSuite.time_get_extra_radiation": 1599347728274, "irradiance.TimeSuite.time_get_ground_diffuse": 1599347730080,