{"results": {"irradiance.Irradiance.time_aoi": {"result": [0.0022138502914458512], "stats": [{"ci_99": [0.002172012627124786, 0.002342613972723484], "q_25": 0.002199330623261631, "q_75": 0.0022413029568269845, "min": 0.002172012627124786, "max": 0.002342613972723484, "mean": 0.0022354749590158462, "std": 5.4936583745342026e-05, "repeat": 10, "number": 5}]}, "irradiance.Irradiance.time_aoi_projection": {"result": [0.0021670905873179434], "stats": [{"ci_99": [0.0021517672576010227, 0.002350788749754429], "q_25": 0.0021578981541097164, "q_75": 0.002195397927425802, "min": 0.0021517672576010227, "max": 0.002350788749754429, "mean": 0.0021994515042752026, "std": 6.744397436756875e-05, "repeat": 10, "number": 5}]}, "irradiance.Irradiance.time_dirindex": {"result": [0.14667018805630505], "stats": [{"ci_99": [0.14375324919819832, 0.15005026012659073], "q_25": 0.14566897286567837, "q_75": 0.1471318972762674, "min": 0.14375324919819832, "max": 0.15005026012659073, "mean": 0.14669451476074755, "std": 0.0017340774923215306, "repeat": 10, "number": 1}]}, "irradiance.Irradiance.time_dirint": {"result": [0.0709227854385972], "stats": [{"ci_99": [0.06991021614521742, 0.07388234185054898], "q_25": 0.07038270786870271, "q_75": 0.07228779629804194, "min": 0.06991021614521742, "max": 0.07388234185054898, "mean": 0.07133408463560045, "std": 0.0013016714177909838, "repeat": 10, "number": 1}]}, "irradiance.Irradiance.time_disc": {"result": [0.018223432125523686], "stats": [{"ci_99": [0.017713818699121475, 0.01862605195492506], "q_25": 0.017882368876598775, "q_75": 0.01832094299606979, "min": 0.017713818699121475, "max": 0.01862605195492506, "mean": 0.01816100934520364, "std": 0.0002912876491798102, "repeat": 10, "number": 1}]}, "irradiance.Irradiance.time_erbs": {"result": [0.012458641082048416], "stats": [{"ci_99": [0.012255554087460041, 0.013236795086413622], "q_25": 0.012274384847842157, "q_75": 0.012645873241126537, "min": 0.012255554087460041, "max": 0.013236795086413622, "mean": 0.01251535238698125, "std": 0.00029116401136653803, "repeat": 10, "number": 1}]}, "irradiance.Irradiance.time_get_extra_radiation": {"result": [0.002651707036420703], "stats": [{"ci_99": [0.002618452301248908, 0.0028986602555960417], "q_25": 0.0026363638462498784, "q_75": 0.0026597651303745806, "min": 0.002618452301248908, "max": 0.0028986602555960417, "mean": 0.0026749702170491218, "std": 7.769670570473445e-05, "repeat": 10, "number": 4}]}, "irradiance.Irradiance.time_get_ground_diffuse": {"result": [0.0005169866257347166], "stats": [{"ci_99": [0.0005094608059152961, 0.0005680029513314367], "q_25": 0.0005122742324601859, "q_75": 0.0005357121000997723, "min": 0.0005094608059152961, "max": 0.0005680029513314367, "mean": 0.0005268965126015246, "std": 1.897679096579047e-05, "repeat": 10, "number": 20}]}, "irradiance.Irradiance.time_get_total_irradiance": {"result": [0.005078380461782217], "stats": [{"ci_99": [0.004986529005691409, 0.005398642970249057], "q_25": 0.005041228316258639, "q_75": 0.005141368368640542, "min": 0.004986529005691409, "max": 0.005398642970249057, "mean": 0.005108674941584468, "std": 0.00011234595792605662, "repeat": 10, "number": 2}]}, "location.Location.time_location_get_airmass": {"result": [0.0014793563501111098], "stats": [{"ci_99": [0.0013579714245029858, 0.0014888180552848748], "q_25": 0.0014762237634775893, "q_75": 0.0014818312566993491, "min": 0.0013579714245029858, "max": 0.0014888180552848748, "mean": 0.001468227683965649, "std": 3.702665185862273e-05, "repeat": 10, "number": 7}]}, "location.Location.time_location_get_clearsky": {"result": [0.01308540883474052], "stats": [{"ci_99": [0.012211160268634558, 0.013420746196061373], "q_25": 0.013029521331191063, "q_75": 0.013157462002709508, "min": 0.012211160268634558, "max": 0.013420746196061373, "mean": 0.012956940941512585, "std": 0.0003849095988376581, "repeat": 10, "number": 1}]}, "location.Location.time_location_get_solarposition": {"result": [0.01799806603230536], "stats": [{"ci_99": [0.017798203974962234, 0.01812842581421137], "q_25": 0.017906551249325275, "q_75": 0.018048830679617822, "min": 0.017798203974962234, "max": 0.01812842581421137, "mean": 0.017983053205534817, "std": 0.00010483333687686824, "repeat": 10, "number": 1}]}, "location.Location_0_6_1.time_location_get_sun_rise_set_transit_pyephem": {"result": [0.19698097184300423], "stats": [{"ci_99": [0.18000516621395946, 0.1977485278621316], "q_25": 0.1967336656525731, "q_75": 0.19728080346249044, "min": 0.18000516621395946, "max": 0.1977485278621316, "mean": 0.193727965420112, "std": 0.006828869313562733, "repeat": 10, "number": 1}]}, "location.Location_0_6_1.time_location_get_sun_rise_set_transit_spa": {"result": [0.04347004392184317], "stats": [{"ci_99": [0.043276053853332996, 0.04373813606798649], "q_25": 0.043411994469352067, "q_75": 0.04365443321876228, "min": 0.043276053853332996, "max": 0.04373813606798649, "mean": 0.04351648944430053, "std": 0.00014977230766199988, "repeat": 10, "number": 1}]}, "solarposition.SolarPosition.time_ephemeris": {"result": [0.026268058456480503], "stats": [{"ci_99": [0.02512085298076272, 0.026451478712260723], "q_25": 0.025569323333911598, "q_75": 0.026387893478386104, "min": 0.02512085298076272, "max": 0.026451478712260723, "mean": 0.02596887471154332, "std": 0.0004996481402469056, "repeat": 10, "number": 1}]}, "solarposition.SolarPosition.time_ephemeris_localized": {"result": [0.025259477319195867], "stats": [{"ci_99": [0.024898657109588385, 0.02543141320347786], "q_25": 0.025215767789632082, "q_75": 0.025357658858411014, "min": 0.024898657109588385, "max": 0.02543141320347786, "mean": 0.025257878052070738, "std": 0.000143102471582056, "repeat": 10, "number": 1}]}, "solarposition.SolarPosition.time_nrel_earthsun_distance": {"result": [0.023112456081435084], "stats": [{"ci_99": [0.022984751034528017, 0.024656310211867094], "q_25": 0.02305291045922786, "q_75": 0.023803239222615957, "min": 0.022984751034528017, "max": 0.024656310211867094, "mean": 0.023487915657460688, "std": 0.000625426659042219, "repeat": 10, "number": 1}]}, "solarposition.SolarPosition.time_spa_python": {"result": [0.028701008995994925], "stats": [{"ci_99": [0.02841026894748211, 0.029073357582092285], "q_25": 0.028594782575964928, "q_75": 0.028748767566867173, "min": 0.02841026894748211, "max": 0.029073357582092285, "mean": 0.028696551267057658, "std": 0.00017057853808069448, "repeat": 10, "number": 1}]}, "solarposition.SolarPosition.time_sun_rise_set_transit_spa": {"result": [0.05020449450239539], "stats": [{"ci_99": [0.04992376593872905, 0.050802428275346756], "q_25": 0.04999911354389042, "q_75": 0.050398975145071745, "min": 0.04992376593872905, "max": 0.050802428275346756, "mean": 0.05022964566014707, "std": 0.0002630096697566919, "repeat": 10, "number": 1}]}, "temperature.Fuentes.time_fuentes": {"result": [NaN, null, null], "params": [["'a'", "'b'", "'deltaT'"]]}, "temperature.SAPM.time_sapm_cell": {"result": [0.0015890523791313171, null, null], "stats": [{"ci_99": [0.0014571405814162322, 0.001631080439048154], "q_25": 0.0014872425734730702, "q_75": 0.0015995914415855492, "min": 0.0014571405814162322, "max": 0.001631080439048154, "mean": 0.0015571785558547292, "std": 6.655896497979462e-05, "repeat": 10, "number": 7}, null, null], "params": [["'a'", "'b'", "'deltaT'"]]}, "tracking.SingleAxis.time_singleaxis": {"result": [0.006457267212681472], "stats": [{"ci_99": [0.006238649133592844, 0.006755101960152388], "q_25": 0.006277014792431146, "q_75": 0.00648315588477999, "min": 0.006238649133592844, "max": 0.006755101960152388, "mean": 0.006422661757096648, "std": 0.0001522811325505949, "repeat": 10, "number": 2}]}, "tracking.SingleAxis.time_tracker_singleaxis": {"result": [0.0064120227470994], "stats": [{"ci_99": [0.006133445538580418, 0.006620462518185377], "q_25": 0.006305627932306379, "q_75": 0.006552565144374967, "min": 0.006133445538580418, "max": 0.006620462518185377, "mean": 0.006417028093710542, "std": 0.00015064321762231847, "repeat": 10,