{"results": {"irradiance.Irradiance.time_aoi": {"result": [0.0023904574569314717], "stats": [{"ci_99": [0.002364625409245491, 0.002407876681536436], "q_25": 0.002383827441371977, "q_75": 0.0023939661448821423, "min": 0.002364625409245491, "max": 0.002407876681536436, "mean": 0.002388567430898547, "std": 1.0741121029868308e-05, "repeat": 10, "number": 5}]}, "irradiance.Irradiance.time_aoi_projection": {"result": [0.0021450592204928396], "stats": [{"ci_99": [0.002124187629669905, 0.0022752252407372], "q_25": 0.0021298861596733333, "q_75": 0.002164889592677355, "min": 0.002124187629669905, "max": 0.0022752252407372, "mean": 0.0021569216903299096, "std": 4.2441693751246645e-05, "repeat": 10, "number": 5}]}, "irradiance.Irradiance.time_dirindex": {"result": [0.06599925179034472], "stats": [{"ci_99": [0.06452002329751849, 0.06665608379989862], "q_25": 0.06567071680910885, "q_75": 0.06615463178604841, "min": 0.06452002329751849, "max": 0.06665608379989862, "mean": 0.06580285588279366, "std": 0.0006846601407523906, "repeat": 10, "number": 1}]}, "irradiance.Irradiance.time_dirint": {"result": [0.03274959838017821], "stats": [{"ci_99": [0.032406934071332216, 0.033590849954634905], "q_25": 0.032649174449034035, "q_75": 0.03294740279670805, "min": 0.032406934071332216, "max": 0.033590849954634905, "mean": 0.032856512302532795, "std": 0.0003335974867026352, "repeat": 10, "number": 1}]}, "irradiance.Irradiance.time_disc": {"result": [0.01275789993815124], "stats": [{"ci_99": [0.012628979049623013, 0.013454664032906294], "q_25": 0.012739666039124131, "q_75": 0.012837024871259928, "min": 0.012628979049623013, "max": 0.013454664032906294, "mean": 0.012832697667181491, "std": 0.00021782788103082943, "repeat": 10, "number": 1}]}, "irradiance.Irradiance.time_erbs": {"result": [0.007349866209551692], "stats": [{"ci_99": [0.007274186005815864, 0.00744595704600215], "q_25": 0.007312583562452346, "q_75": 0.007392291619908065, "min": 0.007274186005815864, "max": 0.00744595704600215, "mean": 0.0073555150302127, "std": 5.589443758712722e-05, "repeat": 10, "number": 2}]}, "irradiance.Irradiance.time_get_extra_radiation": {"result": [0.0005396456690505147], "stats": [{"ci_99": [0.0005347576458007097, 0.0005931403022259474], "q_25": 0.0005362103111110628, "q_75": 0.0005446031806059181, "min": 0.0005347576458007097, "max": 0.0005931403022259474, "mean": 0.0005450524156913161, "std": 1.6500341488732644e-05, "repeat": 10, "number": 20}]}, "irradiance.Irradiance.time_get_ground_diffuse": {"result": [0.00035300571471452713], "stats": [{"ci_99": [0.0003258792322970206, 0.000380777032865632], "q_25": 0.00033191594881035625, "q_75": 0.0003542012287183635, "min": 0.0003258792322970206, "max": 0.000380777032865632, "mean": 0.00034770174552836724, "std": 1.6994994601435245e-05, "repeat": 10, "number": 31}]}, "irradiance.Irradiance.time_get_total_irradiance": {"result": [0.004529812062780063], "stats": [{"ci_99": [0.004468838373819987, 0.0045709240560730295], "q_25": 0.004506252977686624, "q_75": 0.00455286509046952, "min": 0.004468838373819987, "max": 0.0045709240560730295, "mean": 0.004528326991324623, "std": 3.21582115972626e-05, "repeat": 10, "number": 3}]}, "location.Location.time_location_get_airmass": {"result": [0.0013835690333507955], "stats": [{"ci_99": [0.0013667538878507912, 0.0014464712585322559], "q_25": 0.0013812338147545233, "q_75": 0.0014047031436348334, "min": 0.0013667538878507912, "max": 0.0014464712585322559, "mean": 0.0013939803640823812, "std": 2.345332215534578e-05, "repeat": 10, "number": 8}]}, "location.Location.time_location_get_clearsky": {"result": [0.009223589557223022], "stats": [{"ci_99": [0.00894748349674046, 0.009385169483721256], "q_25": 0.009057385323103517, "q_75": 0.009287381602916867, "min": 0.00894748349674046, "max": 0.009385169483721256, "mean": 0.009187063737772404, "std": 0.0001444064120358447, "repeat": 10, "number": 2}]}, "location.Location.time_location_get_solarposition": {"result": [0.01508464990183711], "stats": [{"ci_99": [0.014925200957804918, 0.01554052671417594], "q_25": 0.015007120207883418, "q_75": 0.015192378545179963, "min": 0.014925200957804918, "max": 0.01554052671417594, "mean": 0.015130420168861746, "std": 0.0001757669485879025, "repeat": 10, "number": 1}]}, "location.Location_0_6_1.time_location_get_sun_rise_set_transit_pyephem": {"result": [0.18035428202711046], "stats": [{"ci_99": [0.1790129980072379, 0.19769746623933315], "q_25": 0.17958033143077046, "q_75": 0.18099944246932864, "min": 0.1790129980072379, "max": 0.19769746623933315, "mean": 0.18341917316429318, "std": 0.006897375928906807, "repeat": 10, "number": 1}]}, "location.Location_0_6_1.time_location_get_sun_rise_set_transit_spa": {"result": [0.032385145081207156], "stats": [{"ci_99": [0.031844436191022396, 0.03268078435212374], "q_25": 0.03230618929956108, "q_75": 0.03249428141862154, "min": 0.031844436191022396, "max": 0.03268078435212374, "mean": 0.03236986990086734, "std": 0.0002255931499548238, "repeat": 10, "number": 1}]}, "solarposition.SolarPosition.time_ephemeris": {"result": [0.01866486039943993], "stats": [{"ci_99": [0.018283803015947342, 0.018917751032859087], "q_25": 0.018451670184731483, "q_75": 0.018786024069413543, "min": 0.018283803015947342, "max": 0.018917751032859087, "mean": 0.01861845925450325, "std": 0.00020634704544999846, "repeat": 10, "number": 1}]}, "solarposition.SolarPosition.time_ephemeris_localized": {"result": [0.01843709358945489], "stats": [{"ci_99": [0.018166818656027317, 0.01879310980439186], "q_25": 0.018296476919203997, "q_75": 0.018708901363424957, "min": 0.018166818656027317, "max": 0.01879310980439186, "mean": 0.018487009080126883, "std": 0.00022109908340373847, "repeat": 10, "number": 1}]}, "solarposition.SolarPosition.time_nrel_earthsun_distance": {"result": [0.022461040411144495], "stats": [{"ci_99": [0.022230202797800303, 0.022947453893721104], "q_25": 0.02227652759756893, "q_75": 0.022700721747241914, "min": 0.022230202797800303, "max": 0.022947453893721104, "mean": 0.022503217216581106, "std": 0.0002453752284166088, "repeat": 10, "number": 1}]}, "solarposition.SolarPosition.time_spa_python": {"result": [0.025596849154680967], "stats": [{"ci_99": [0.025273304898291826, 0.025947456248104572], "q_25": 0.02540980326011777, "q_75": 0.02572150668129325, "min": 0.025273304898291826, "max": 0.025947456248104572, "mean": 0.025591547833755612, "std": 0.0002061579885787846, "repeat": 10, "number": 1}]}, "solarposition.SolarPosition.time_sun_rise_set_transit_spa": {"result": [0.037048845551908016], "stats": [{"ci_99": [0.03683905303478241, 0.03716045990586281], "q_25": 0.03696773969568312, "q_75": 0.037135828053578734, "min": 0.03683905303478241, "max": 0.03716045990586281, "mean": 0.0370328513905406, "std": 0.0001126938443743657, "repeat": 10, "number": 1}]}, "temperature.Fuentes.time_fuentes": NaN, "temperature.SAPM.time_sapm_cell": {"result": [0.0016284974158874582], "stats": [{"ci_99": [0.0016161202719169004, 0.0016446708302412713], "q_25": 0.0016229786976639715, "q_75": 0.0016344174177252819, "min": 0.0016161202719169004, "max": 0.0016446708302412713, "mean": 0.0016288967869643653, "std": 8.617578956508657e-06, "repeat": 10, "number": 7}]}, "tracking.SingleAxis.time_singleaxis": {"result": [0.020454921294003725], "stats": [{"ci_99": [0.017038289923220873, 0.02154484111815691], "q_25": 0.0196762525010854, "q_75": 0.020928560057654977, "min": 0.017038289923220873, "max": 0.02154484111815691, "mean": 0.019973120559006928, "std": 0.0014871644220898956, "repeat": 10, "number": 1}]}, "tracking.SingleAxis.time_tracker_singleaxis": {"result": [0.020612398628145456], "stats": [{"ci_99": [0.018547408748418093, 0.022952881641685963], "q_25": 0.0199086198117584, "q_75": 0.021455714479088783, "min": 0.018547408748418093, "max": 0.022952881641685963, "mean": 0.02064151600934565, "std": 0.0012458626983071481, "repeat": 10, "number": 1}]}}, "params": {"arch": "x86_64", "cpu": "Intel Xeon Processor (Skylake, IBRS)",