{"results": {"irradiance.TimeSuite.time_aoi": {"result": [0.0022283002734184267], "stats": [{"ci_99": [0.0021656716242432596, 0.0022654841654002667], "q_25": 0.0022029891144484284, "q_75": 0.00224070968106389, "min": 0.0021656716242432596, "max": 0.0022654841654002667, "mean": 0.0022213862650096415, "std": 3.071083336306165e-05, "repeat": 10, "number": 5}]}, "irradiance.TimeSuite.time_aoi_projection": {"result": [0.002217211248353124], "stats": [{"ci_99": [0.002142988983541727, 0.002266303263604641], "q_25": 0.0021588406525552273, "q_75": 0.0022356298752129076, "min": 0.002142988983541727, "max": 0.002266303263604641, "mean": 0.0022019070386886603, "std": 4.220648919455343e-05, "repeat": 10, "number": 5}]}, "irradiance.TimeSuite.time_dirindex": {"result": [0.14749313797801733], "stats": [{"ci_99": [0.1435478082858026, 0.1494845813140273], "q_25": 0.14632809336762875, "q_75": 0.14807779528200626, "min": 0.1435478082858026, "max": 0.1494845813140273, "mean": 0.14712997218593954, "std": 0.0016508620118090738, "repeat": 10, "number": 1}]}, "irradiance.TimeSuite.time_dirint": {"result": [0.07299729436635971], "stats": [{"ci_99": [0.07039738772436976, 0.0740020233206451], "q_25": 0.07095903309527785, "q_75": 0.07359445071779191, "min": 0.07039738772436976, "max": 0.0740020233206451, "mean": 0.07243617600761354, "std": 0.001378996835130706, "repeat": 10, "number": 1}]}, "irradiance.TimeSuite.time_disc": {"result": [0.0197305241599679], "stats": [{"ci_99": [0.018438126891851425, 0.020272133871912956], "q_25": 0.018756250385195017, "q_75": 0.019932605791836977, "min": 0.018438126891851425, "max": 0.020272133871912956, "mean": 0.019432994769886136, "std": 0.0006633241614195038, "repeat": 10, "number": 1}]}, "irradiance.TimeSuite.time_erbs": {"result": [0.013507388764992356], "stats": [{"ci_99": [0.01225855527445674, 0.014276268891990185], "q_25": 0.012615359388291836, "q_75": 0.013628067215904593, "min": 0.01225855527445674, "max": 0.014276268891990185, "mean": 0.013264724425971508, "std": 0.0006755888981433338, "repeat": 10, "number": 1}]}, "irradiance.TimeSuite.time_get_extra_radiation": {"result": [0.0026262690080329776], "stats": [{"ci_99": [0.0026034177280962467, 0.002739112824201584], "q_25": 0.0026164807204622775, "q_75": 0.0026399764174129814, "min": 0.0026034177280962467, "max": 0.002739112824201584, "mean": 0.0026381427771411834, "std": 3.797950317550694e-05, "repeat": 10, "number": 4}]}, "irradiance.TimeSuite.time_get_ground_diffuse": {"result": [0.0005070390920578079], "stats": [{"ci_99": [0.0004936325871808963, 0.0005767292300747199], "q_25": 0.0004988300656391816, "q_75": 0.0005487337581474674, "min": 0.0004936325871808963, "max": 0.0005767292300747199, "mean": 0.0005249382652850313, "std": 3.163143487097516e-05, "repeat": 10, "number": 22}]}, "irradiance.TimeSuite.time_get_total_irradiance": {"result": [0.005003907950595021], "stats": [{"ci_99": [0.004904240059355895, 0.005279607605189085], "q_25": 0.004919331365575393, "q_75": 0.00507062041045477, "min": 0.004904240059355895, "max": 0.005279607605189085, "mean": 0.005018204202254613, "std": 0.00011113600474983711, "repeat": 10, "number": 3}]}, "location.TimeSuite.time_location_get_airmass": {"result": [0.001470709452405572], "stats": [{"ci_99": [0.0013914065202698112, 0.0014954652870073915], "q_25": 0.0014623543247580528, "q_75": 0.0014830753934802487, "min": 0.0013914065202698112, "max": 0.0014954652870073915, "mean": 0.0014671024400740862, "std": 2.783833297122741e-05, "repeat": 10, "number": 8}]}, "location.TimeSuite.time_location_get_clearsky": {"result": [0.01307849702425301], "stats": [{"ci_99": [0.012119207065552473, 0.013309833128005266], "q_25": 0.012371249729767442, "q_75": 0.013153595034964383, "min": 0.012119207065552473, "max": 0.013309833128005266, "mean": 0.012841676129028201, "std": 0.00046694567464361633, "repeat": 10, "number": 1}]}, "location.TimeSuite.time_location_get_solarposition": {"result": [0.01813192036934197], "stats": [{"ci_99": [0.01795744989067316, 0.01840115897357464], "q_25": 0.018044944386929274, "q_75": 0.01819356658961624, "min": 0.01795744989067316, "max": 0.01840115897357464, "mean": 0.018134291330352426, "std": 0.00012512654810608331, "repeat": 10, "number": 1}]}, "location.TimeSuite.time_location_get_sun_rise_set_transit_pyephem": {"result": [0.19492847751826048], "stats": [{"ci_99": [0.17809832794591784, 0.1964120944030583], "q_25": 0.19415387755725533, "q_75": 0.19534672237932682, "min": 0.17809832794591784, "max": 0.1964120944030583, "mean": 0.1917443997692317, "std": 0.006842840209848144, "repeat": 10, "number": 1}]}, "location.TimeSuite.time_location_get_sun_rise_set_transit_spa": {"result": [0.044039895525202155], "stats": [{"ci_99": [0.043870501685887575, 0.04561542486771941], "q_25": 0.04399149853270501, "q_75": 0.044286904158070683, "min": 0.043870501685887575, "max": 0.04561542486771941, "mean": 0.044302958203479646, "std": 0.0005310131397582362, "repeat": 10, "number": 1}]}, "solarposition.TimeSuite.time_ephemeris": {"result": [0.025110122514888644], "stats": [{"ci_99": [0.02470367308706045, 0.02538306638598442], "q_25": 0.024936386267654598, "q_75": 0.025220877141691744, "min": 0.02470367308706045, "max": 0.02538306638598442, "mean": 0.025066835526376962, "std": 0.0002239665206980587, "repeat": 10, "number": 1}]}, "solarposition.TimeSuite.time_ephemeris_localized": {"result": [0.02492012712173164], "stats": [{"ci_99": [0.023810805287212133, 0.025544438045471907], "q_25": 0.02441040240228176, "q_75": 0.025168614462018013, "min": 0.023810805287212133, "max": 0.025544438045471907, "mean": 0.024754296196624635, "std": 0.0005599139986946227, "repeat": 10, "number": 1}]}, "solarposition.TimeSuite.time_nrel_earthsun_distance": {"result": [0.023512286134064198], "stats": [{"ci_99": [0.023454266134649515, 0.023686790373176336], "q_25": 0.02348264609463513, "q_75": 0.023547328193672, "min": 0.023454266134649515, "max": 0.023686790373176336, "mean": 0.023530568368732928, "std": 6.818581609107223e-05, "repeat": 10, "number": 1}]}, "solarposition.TimeSuite.time_spa_python": {"result": [0.02861139760352671], "stats": [{"ci_99": [0.02837018622085452, 0.0289477682672441], "q_25": 0.02852522290777415, "q_75": 0.028722050948999822, "min": 0.02837018622085452, "max": 0.0289477682672441, "mean": 0.028632418578490616, "std": 0.0001719064335462923, "repeat": 10, "number": 1}]}, "solarposition.TimeSuite.time_sun_rise_set_transit_spa": {"result": [0.05057673202827573], "stats": [{"ci_99": [0.05018650507554412, 0.05110947322100401], "q_25": 0.050512455054558814, "q_75": 0.051028269808739424, "min": 0.05018650507554412, "max": 0.05110947322100401, "mean": 0.050705425115302204, "std": 0.00029890741394143365, "repeat": 10, "number": 1}]}, "tracking.TimeSuite.time_singleaxis": {"result": [0.006526187062263489], "stats": [{"ci_99": [0.0061697205528616905, 0.006860880414023995], "q_25": 0.006444057042244822, "q_75": 0.006640209525357932, "min": 0.0061697205528616905, "max": 0.006860880414023995, "mean": 0.006539868004620075, "std": 0.00020632903118262573, "repeat": 10, "number": 2}]}, "tracking.TimeSuite.time_tracker_singleaxis": {"result": [0.006504351389594376], "stats": [{"ci_99": [0.006263218820095062, 0.007250445894896984], "q_25": 0.006384218228049576, "q_75": 0.006910096970386803, "min": 0.006263218820095062, "max": 0.007250445894896984, "mean": 0.006631613941863179, "std": 0.0003188380649360631, "repeat": 10, "number": 2}]}}, "params": {"arch": "x86_64", "cpu": "Intel Xeon Processor (Skylake, IBRS)", "machine": "pvlib-asv.forecasting.energy.arizona.edu", "num_cpu": "4", "os": "Linux 5.7.8-200.fc32.x86_64", "ram": "8145244", "python": "3.7", "ephem": "3.7.6.0", "numpy": "1.18.5", "pandas": "1.1.0", "pytables": "3.6.1", "scipy": "1.2.0"}, "requirements": {"ephem": "3.7.6.0", "numpy": "1.18.5", "pandas": "1.1.0", "pytables": "3.6.1", "scipy": "1.2.0"}, "commit_hash": "695ec230639ecf4097e67c6ee64bf7a6177ba27f", "date": 1562770454000,