{"results": {"irradiance.Irradiance.time_aoi": {"result": [0.0022072203923016783], "stats": [{"ci_99": [0.0021915252320468424, 0.002534979861229658], "q_25": 0.00219739128369838, "q_75": 0.0022412369726225734, "min": 0.0021915252320468424, "max": 0.002534979861229658, "mean": 0.002255738871172071, "std": 0.0001044747744124668, "repeat": 10, "number": 5}]}, "irradiance.Irradiance.time_aoi_projection": {"result": [0.0022296973038464785], "stats": [{"ci_99": [0.002194197196513414, 0.002339485567063093], "q_25": 0.0022163337329402562, "q_75": 0.0022588659310713408, "min": 0.002194197196513414, "max": 0.002339485567063093, "mean": 0.002245120853185654, "std": 4.4373196584418805e-05, "repeat": 10, "number": 5}]}, "irradiance.Irradiance.time_dirindex": {"result": [0.14483977388590574], "stats": [{"ci_99": [0.1417138148099184, 0.14688868913799524], "q_25": 0.1432273417012766, "q_75": 0.14661742362659425, "min": 0.1417138148099184, "max": 0.14688868913799524, "mean": 0.1447596266400069, "std": 0.0018186741825584694, "repeat": 10, "number": 1}]}, "irradiance.Irradiance.time_dirint": {"result": [0.07013008813373744], "stats": [{"ci_99": [0.06985667813569307, 0.07320352178066969], "q_25": 0.06990570574998856, "q_75": 0.07079320319462568, "min": 0.06985667813569307, "max": 0.07320352178066969, "mean": 0.07062314343638718, "std": 0.0010532832419668423, "repeat": 10, "number": 1}]}, "irradiance.Irradiance.time_disc": {"result": [0.01925530843436718], "stats": [{"ci_99": [0.017789418809115887, 0.019541732966899872], "q_25": 0.018322186777368188, "q_75": 0.019399093696847558, "min": 0.017789418809115887, "max": 0.019541732966899872, "mean": 0.018925318401306866, "std": 0.0006666054979532535, "repeat": 10, "number": 1}]}, "irradiance.Irradiance.time_erbs": {"result": [0.013277547899633646], "stats": [{"ci_99": [0.013087019324302673, 0.013566892128437757], "q_25": 0.013121112599037588, "q_75": 0.013430689927190542, "min": 0.013087019324302673, "max": 0.013566892128437757, "mean": 0.013283123541623355, "std": 0.00016353337091322472, "repeat": 10, "number": 1}]}, "irradiance.Irradiance.time_get_extra_radiation": {"result": [0.002589383104350418], "stats": [{"ci_99": [0.002566087176091969, 0.0028260338585823774], "q_25": 0.002585046080639586, "q_75": 0.0025984009553212672, "min": 0.002566087176091969, "max": 0.0028260338585823774, "mean": 0.0026166574796661736, "std": 7.306282287070368e-05, "repeat": 10, "number": 4}]}, "irradiance.Irradiance.time_get_ground_diffuse": {"result": [0.0005407431046478451], "stats": [{"ci_99": [0.0005027198465541005, 0.0005826998502016067], "q_25": 0.000533760676626116, "q_75": 0.00054492445779033, "min": 0.0005027198465541005, "max": 0.0005826998502016067, "mean": 0.0005411708494648338, "std": 1.9439592689815993e-05, "repeat": 10, "number": 20}]}, "irradiance.Irradiance.time_get_total_irradiance": {"result": [0.004974983477344116], "stats": [{"ci_99": [0.004917247376094262, 0.005652390730877717], "q_25": 0.004959664773195982, "q_75": 0.005139338473478953, "min": 0.004917247376094262, "max": 0.005652390730877717, "mean": 0.005101890085885923, "std": 0.0002262956863597524, "repeat": 10, "number": 3}]}, "location.Location.time_location_get_airmass": {"result": [0.0014746305532753468], "stats": [{"ci_99": [0.0013608948460647038, 0.0014904778716819628], "q_25": 0.001364802908418434, "q_75": 0.0014828096443255034, "min": 0.0013608948460647038, "max": 0.0014904778716819628, "mean": 0.001434434311730521, "std": 5.7910255162960666e-05, "repeat": 10, "number": 7}]}, "location.Location.time_location_get_clearsky": {"result": [0.012629613978788257], "stats": [{"ci_99": [0.012083556037396193, 0.013142337091267109], "q_25": 0.012128866510465741, "q_75": 0.013061857665888965, "min": 0.012083556037396193, "max": 0.013142337091267109, "mean": 0.012605743994936348, "std": 0.00046603122993601684, "repeat": 10, "number": 1}]}, "location.Location.time_location_get_solarposition": {"result": [0.017830135533586144], "stats": [{"ci_99": [0.017561376094818115, 0.0179806062951684], "q_25": 0.017739431466907263, "q_75": 0.017877094564028084, "min": 0.017561376094818115, "max": 0.0179806062951684, "mean": 0.017803645646199583, "std": 0.00011346113569308497, "repeat": 10, "number": 1}]}, "location.Location_0_6_1.time_location_get_sun_rise_set_transit_pyephem": {"result": [0.1964344773441553], "stats": [{"ci_99": [0.1797119127586484, 0.20018152799457312], "q_25": 0.19606213294900954, "q_75": 0.19949496444314718, "min": 0.1797119127586484, "max": 0.20018152799457312, "mean": 0.19473903868347406, "std": 0.006687498865251717, "repeat": 10, "number": 1}]}, "location.Location_0_6_1.time_location_get_sun_rise_set_transit_spa": {"result": [0.04291433095932007], "stats": [{"ci_99": [0.04255243204534054, 0.043595931958407164], "q_25": 0.04287377430591732, "q_75": 0.043095413013361394, "min": 0.04255243204534054, "max": 0.043595931958407164, "mean": 0.04298143717460334, "std": 0.00026304677979801014, "repeat": 10, "number": 1}]}, "solarposition.SolarPosition.time_ephemeris": {"result": [0.024612981593236327], "stats": [{"ci_99": [0.02353535732254386, 0.02545654121786356], "q_25": 0.023766572936438024, "q_75": 0.024928989703767, "min": 0.02353535732254386, "max": 0.02545654121786356, "mean": 0.024487768579274417, "std": 0.0006808332898064228, "repeat": 10, "number": 1}]}, "solarposition.SolarPosition.time_ephemeris_localized": {"result": [0.024489274946972728], "stats": [{"ci_99": [0.02351956907659769, 0.02554083801805973], "q_25": 0.023584041628055274, "q_75": 0.025269575999118388, "min": 0.02351956907659769, "max": 0.02554083801805973, "mean": 0.024467236548662185, "std": 0.000844909167525801, "repeat": 10, "number": 1}]}, "solarposition.SolarPosition.time_nrel_earthsun_distance": {"result": [0.023015858372673392], "stats": [{"ci_99": [0.0229594181291759, 0.023142877034842968], "q_25": 0.022986006108112633, "q_75": 0.02308377344161272, "min": 0.0229594181291759, "max": 0.023142877034842968, "mean": 0.02303439830429852, "std": 6.005336176234389e-05, "repeat": 10, "number": 1}]}, "solarposition.SolarPosition.time_spa_python": {"result": [0.02836396940983832], "stats": [{"ci_99": [0.0282171918079257, 0.02864038711413741], "q_25": 0.028252391377463937, "q_75": 0.02844391472171992, "min": 0.0282171918079257, "max": 0.02864038711413741, "mean": 0.028380322456359863, "std": 0.0001419115687806414, "repeat": 10, "number": 1}]}, "solarposition.SolarPosition.time_sun_rise_set_transit_spa": {"result": [0.04954054905101657], "stats": [{"ci_99": [0.04898056294769049, 0.05051101977005601], "q_25": 0.0492473024642095, "q_75": 0.05006457248236984, "min": 0.04898056294769049, "max": 0.05051101977005601, "mean": 0.04964924454689026, "std": 0.0005088215050127631, "repeat": 10, "number": 1}]}, "temperature.Fuentes.time_fuentes": {"result": [NaN, null, null], "params": [["'a'", "'b'", "'deltaT'"]]}, "temperature.SAPM.time_sapm_cell": {"result": [0.0022343359887599945, null, null], "stats": [{"ci_99": [0.0019913580268621444, 0.0022780860774219034], "q_25": 0.0021666653221473096, "q_75": 0.002246052073314786, "min": 0.0019913580268621444, "max": 0.0022780860774219034, "mean": 0.0021833373792469503, "std": 0.00010053687079190126, "repeat": 10, "number": 5}, null, null], "params": [["'a'", "'b'", "'deltaT'"]]}, "tracking.SingleAxis.time_singleaxis": {"result": [0.006416704272851348], "stats": [{"ci_99": [0.006233043037354946, 0.006744260434061289], "q_25": 0.006328804534859955, "q_75": 0.006650710944086313, "min": 0.006233043037354946, "max": 0.006744260434061289, "mean": 0.006471408088691533, "std": 0.0001770961362769, "repeat": 10, "number": 2}]}, "tracking.SingleAxis.time_tracker_singleaxis": {"result": [0.006389533751644194], "stats": [{"ci_99": [0.006174908485263586, 0.006848521064966917], "q_25": 0.006318479718174785, "q_75": 0.006442890036851168, "min": 0.006174908485263586, "max": 0.006848521064966917, "mean": 0.006411417247727513, "std": 0.000186959809571796, "repeat": 10, "number": 2}]}},