{"results": {"irradiance.Irradiance.time_aoi": {"result": [0.0022243625950068235], "stats": [{"ci_99": [0.002180776186287403, 0.002285397984087467], "q_25": 0.002206545975059271, "q_75": 0.002241448638960719, "min": 0.002180776186287403, "max": 0.002285397984087467, "mean": 0.0022285733465105297, "std": 3.023566947814109e-05, "repeat": 10, "number": 5}]}, "irradiance.Irradiance.time_aoi_projection": {"result": [0.002210536366328597], "stats": [{"ci_99": [0.002156525757163763, 0.0022661203518509867], "q_25": 0.0021615487290546297, "q_75": 0.00225848110858351, "min": 0.002156525757163763, "max": 0.0022661203518509867, "mean": 0.002210607537999749, "std": 4.7496524969652615e-05, "repeat": 10, "number": 5}]}, "irradiance.Irradiance.time_dirindex": {"result": [0.14526419388130307], "stats": [{"ci_99": [0.14302893122658134, 0.14879546081647277], "q_25": 0.14434094936586916, "q_75": 0.14652148785535246, "min": 0.14302893122658134, "max": 0.14879546081647277, "mean": 0.1455224620644003, "std": 0.0017599365221319335, "repeat": 10, "number": 1}]}, "irradiance.Irradiance.time_dirint": {"result": [0.07395932008512318], "stats": [{"ci_99": [0.07357676001265645, 0.07463194476440549], "q_25": 0.07366797688882798, "q_75": 0.07422352547291666, "min": 0.07357676001265645, "max": 0.07463194476440549, "mean": 0.07397763626649975, "std": 0.0003445899671693767, "repeat": 10, "number": 1}]}, "irradiance.Irradiance.time_disc": {"result": [0.019648435059934855], "stats": [{"ci_99": [0.01802868815138936, 0.019879424013197422], "q_25": 0.018250277382321656, "q_75": 0.019747647689655423, "min": 0.01802868815138936, "max": 0.019879424013197422, "mean": 0.019126573391258717, "std": 0.0007668203371645739, "repeat": 10, "number": 1}]}, "irradiance.Irradiance.time_erbs": {"result": [0.012627300573512912], "stats": [{"ci_99": [0.012023184914141893, 0.012954186648130417], "q_25": 0.012075893464498222, "q_75": 0.012867002747952938, "min": 0.012023184914141893, "max": 0.012954186648130417, "mean": 0.012503484450280666, "std": 0.0003883642333452846, "repeat": 10, "number": 1}]}, "irradiance.Irradiance.time_get_extra_radiation": null, "irradiance.Irradiance.time_get_ground_diffuse": null, "irradiance.Irradiance.time_get_total_irradiance": null, "location.Location.time_location_get_airmass": {"result": [0.005386088276281953], "stats": [{"ci_99": [0.0053694399539381266, 0.005469857947900891], "q_25": 0.005377739551477134, "q_75": 0.00543469691183418, "min": 0.0053694399539381266, "max": 0.005469857947900891, "mean": 0.005406027124263346, "std": 3.482212647053942e-05, "repeat": 10, "number": 2}]}, "location.Location.time_location_get_clearsky": {"result": [0.45106643345206976], "stats": [{"ci_99": [0.4480473669245839, 0.4658517320640385], "q_25": 0.44958966819103807, "q_75": 0.4616966350004077, "min": 0.4480473669245839, "max": 0.4658517320640385, "mean": 0.4550040877424181, "std": 0.006691703590454979, "repeat": 10, "number": 1}]}, "location.Location.time_location_get_solarposition": {"result": [0.018078184919431806], "stats": [{"ci_99": [0.01785053964704275, 0.018730598967522383], "q_25": 0.01800724130589515, "q_75": 0.01822323794476688, "min": 0.01785053964704275, "max": 0.018730598967522383, "mean": 0.01814570352435112, "std": 0.00023888129068482035, "repeat": 10, "number": 1}]}, "location.Location_0_6_1.time_location_get_sun_rise_set_transit_pyephem": NaN, "location.Location_0_6_1.time_location_get_sun_rise_set_transit_spa": NaN, "solarposition.SolarPosition.time_ephemeris": {"result": [0.02511307643726468], "stats": [{"ci_99": [0.024050093721598387, 0.025288051925599575], "q_25": 0.024413340841419995, "q_75": 0.025234430911950767, "min": 0.024050093721598387, "max": 0.025288051925599575, "mean": 0.024851064011454583, "std": 0.0004720195635646695, "repeat": 10, "number": 1}]}, "solarposition.SolarPosition.time_ephemeris_localized": {"result": [0.24539060634560883], "stats": [{"ci_99": [0.2434256337583065, 0.2479828828945756], "q_25": 0.24465510610025376, "q_75": 0.2466451678192243, "min": 0.2434256337583065, "max": 0.2479828828945756, "mean": 0.24546653889119624, "std": 0.0014264445866986348, "repeat": 10, "number": 1}]}, "solarposition.SolarPosition.time_nrel_earthsun_distance": {"result": [0.025601557921618223], "stats": [{"ci_99": [0.025553710758686066, 0.02576154889538884], "q_25": 0.025569257326424122, "q_75": 0.025676623336039484, "min": 0.025553710758686066, "max": 0.02576154889538884, "mean": 0.025630810763686895, "std": 7.573277447629355e-05, "repeat": 10, "number": 1}]}, "solarposition.SolarPosition.time_spa_python": {"result": [0.029084675014019012], "stats": [{"ci_99": [0.028589747846126556, 0.029767097905278206], "q_25": 0.028753856080584228, "q_75": 0.0293415158521384, "min": 0.028589747846126556, "max": 0.029767097905278206, "mean": 0.02909803604707122, "std": 0.00038785866838296045, "repeat": 10, "number": 1}]}, "solarposition.SolarPosition.time_sun_rise_set_transit_spa": {"result": [0.05237821745686233], "stats": [{"ci_99": [0.05205946695059538, 0.05351454531773925], "q_25": 0.05221368768252432, "q_75": 0.052537189912982285, "min": 0.05205946695059538, "max": 0.05351454531773925, "mean": 0.05250079683028162, "std": 0.0004203105757123249, "repeat": 10, "number": 1}]}, "temperature.Fuentes.time_fuentes": NaN, "tracking.SingleAxis.time_singleaxis": {"result": [0.045613327994942665], "stats": [{"ci_99": [0.04438953986391425, 0.04601878812536597], "q_25": 0.04492047743406147, "q_75": 0.04590612160973251, "min": 0.04438953986391425, "max": 0.04601878812536597, "mean": 0.04539103237912059, "std": 0.0005825858517650492, "repeat": 10, "number": 1}]}, "tracking.SingleAxis.time_tracker_singleaxis": {"result": [0.045949507504701614], "stats": [{"ci_99": [0.04425591276958585, 0.0479240408167243], "q_25": 0.04542421316727996, "q_75": 0.04615997604560107, "min": 0.04425591276958585, "max": 0.0479240408167243, "mean": 0.04586264491081238, "std": 0.0009228886057844859, "repeat": 10, "number": 1}]}}, "params": {"arch": "x86_64", "cpu": "Intel Xeon Processor (Skylake, IBRS)", "machine": "pvlib-asv.forecasting.energy.arizona.edu", "num_cpu": "4", "os": "Linux 5.7.8-200.fc32.x86_64", "ram": "8145244", "python": "3.7", "ephem": "3.7.6.0", "numpy": "1.18.5", "pandas": "1.1.0", "pytables": "3.6.1", "scipy": "1.2.0"}, "requirements": {"ephem": "3.7.6.0", "numpy": "1.18.5", "pandas": "1.1.0", "pytables": "3.6.1", "scipy": "1.2.0"}, "commit_hash": "69d1bf39d59931517bf136babe29cf3bd5ecaed8", "date": 1496441773000, "env_name": "conda-py3.7-ephem3.7.6.0-numpy1.18.5-pandas1.1.0-pytables3.6.1-scipy1.2.0", "python": "3.7", "profiles": {}, "started_at": {"irradiance.Irradiance.time_aoi": 1599432431207, "irradiance.Irradiance.time_aoi_projection": 1599432436017, "irradiance.Irradiance.time_dirindex": 1599432440827, "irradiance.Irradiance.time_dirint": 1599432446338, "irradiance.Irradiance.time_disc": 1599432451498, "irradiance.Irradiance.time_erbs": 1599432456308, "irradiance.Irradiance.time_get_extra_radiation": 1599432419546, "irradiance.Irradiance.time_get_ground_diffuse": 1599432420400, "irradiance.Irradiance.time_get_total_irradiance": 1599432421254, "location.Location.time_location_get_airmass": 1599432461118, "location.Location.time_location_get_clearsky": 1599432461472, "location.Location.time_location_get_solarposition": 1599432464479, "location.Location_0_6_1.time_location_get_sun_rise_set_transit_pyephem": 1599432464832, "location.Location_0_6_1.time_location_get_sun_rise_set_transit_spa": 1599432464884, "solarposition.SolarPosition.time_ephemeris": 1599432464936, "solarposition.SolarPosition.time_ephemeris_localized": 1599432465239, "solarposition.SolarPosition.time_nrel_earthsun_distance": 1599432466794, "solarposition.SolarPosition.time_spa_python": 1599432467097, "solarposition.SolarPosition.time_sun_rise_set_transit_spa": 1599432467400, "temperature.Fuentes.time_fuentes": 1599432467854, "tracking.SingleAxis.time_singleaxis": 1599432468110,