{"results": {"irradiance.Irradiance.time_aoi": {"result": [0.0023509408347308636], "stats": [{"ci_99": [0.0023137192241847516, 0.0023907436057925223], "q_25": 0.0023325988091528415, "q_75": 0.0023689285852015016, "min": 0.0023137192241847516, "max": 0.0023907436057925223, "mean": 0.002350970068946481, "std": 2.3485881633098554e-05, "repeat": 10, "number": 5}]}, "irradiance.Irradiance.time_aoi_projection": {"result": [0.002123846486210823], "stats": [{"ci_99": [0.002111157402396202, 0.0021570855751633644], "q_25": 0.002116638654842973, "q_75": 0.002130985120311379, "min": 0.002111157402396202, "max": 0.0021570855751633644, "mean": 0.002126204231753945, "std": 1.2749558483946412e-05, "repeat": 10, "number": 5}]}, "irradiance.Irradiance.time_dirindex": {"result": [0.06582286697812378], "stats": [{"ci_99": [0.06557581294327974, 0.0669089867733419], "q_25": 0.06576303788460791, "q_75": 0.066357278265059, "min": 0.06557581294327974, "max": 0.0669089867733419, "mean": 0.06603975123725832, "std": 0.00040885262667175455, "repeat": 10, "number": 1}]}, "irradiance.Irradiance.time_dirint": {"result": [0.032755328342318535], "stats": [{"ci_99": [0.032005342189222574, 0.033523510210216045], "q_25": 0.032244578935205936, "q_75": 0.03293446637690067, "min": 0.032005342189222574, "max": 0.033523510210216045, "mean": 0.03267712867818773, "std": 0.0004576009259602786, "repeat": 10, "number": 1}]}, "irradiance.Irradiance.time_disc": {"result": [0.012517847353592515], "stats": [{"ci_99": [0.012282230891287327, 0.012890697922557592], "q_25": 0.012344179442152381, "q_75": 0.012772989459335804, "min": 0.012282230891287327, "max": 0.012890697922557592, "mean": 0.012556012067943812, "std": 0.0002311169444335008, "repeat": 10, "number": 1}]}, "irradiance.Irradiance.time_erbs": {"result": [0.007438946515321732], "stats": [{"ci_99": [0.007357240654528141, 0.007506980327889323], "q_25": 0.007403132098261267, "q_75": 0.0074689623434096575, "min": 0.007357240654528141, "max": 0.007506980327889323, "mean": 0.007437979057431221, "std": 4.746826145111809e-05, "repeat": 10, "number": 2}]}, "irradiance.Irradiance.time_get_extra_radiation": {"result": [0.0005342980031855405], "stats": [{"ci_99": [0.0005291615845635534, 0.0005454460624605417], "q_25": 0.000533111795084551, "q_75": 0.0005362594616599381, "min": 0.0005291615845635534, "max": 0.0005454460624605417, "mean": 0.0005349671258591115, "std": 4.167973547592447e-06, "repeat": 10, "number": 20}]}, "irradiance.Irradiance.time_get_ground_diffuse": {"result": [0.0003563479835828466], "stats": [{"ci_99": [0.0003348982652589198, 0.0003937943538110102], "q_25": 0.00035131385084241634, "q_75": 0.00037197123521999004, "min": 0.0003348982652589198, "max": 0.0003937943538110102, "mean": 0.00036080042801557046, "std": 1.5961772736341804e-05, "repeat": 10, "number": 31}]}, "irradiance.Irradiance.time_get_total_irradiance": {"result": [0.004559007783730825], "stats": [{"ci_99": [0.0045096065538624925, 0.004622579086571932], "q_25": 0.004520869076562424, "q_75": 0.004586416684711973, "min": 0.0045096065538624925, "max": 0.004622579086571932, "mean": 0.004557267654066284, "std": 3.8009639969468554e-05, "repeat": 10, "number": 3}]}, "location.Location.time_location_get_airmass": {"result": [0.0013760949077550322], "stats": [{"ci_99": [0.0013666159939020872, 0.0014295086148194969], "q_25": 0.001370355865219608, "q_75": 0.0013849147508153692, "min": 0.0013666159939020872, "max": 0.0014295086148194969, "mean": 0.001381626952206716, "std": 1.7431286477033342e-05, "repeat": 10, "number": 8}]}, "location.Location.time_location_get_clearsky": {"result": [0.009375533205457032], "stats": [{"ci_99": [0.00930564384907484, 0.009481103159487247], "q_25": 0.009365878067910671, "q_75": 0.009406569297425449, "min": 0.00930564384907484, "max": 0.009481103159487247, "mean": 0.009388870513066649, "std": 5.138411478398922e-05, "repeat": 10, "number": 2}]}, "location.Location.time_location_get_solarposition": {"result": [0.015090318396687508], "stats": [{"ci_99": [0.015025473199784756, 0.015152473002672195], "q_25": 0.015065234736539423, "q_75": 0.015133921289816499, "min": 0.015025473199784756, "max": 0.015152473002672195, "mean": 0.015094553912058472, "std": 4.5042642345925e-05, "repeat": 10, "number": 1}]}, "location.Location_0_6_1.time_location_get_sun_rise_set_transit_pyephem": {"result": [0.1793053860310465], "stats": [{"ci_99": [0.17878022603690624, 0.17982902098447084], "q_25": 0.17911673488561064, "q_75": 0.17946931184269488, "min": 0.17878022603690624, "max": 0.17982902098447084, "mean": 0.17928056330420078, "std": 0.00030125983352744076, "repeat": 10, "number": 1}]}, "location.Location_0_6_1.time_location_get_sun_rise_set_transit_spa": {"result": [0.03295734338462353], "stats": [{"ci_99": [0.03281955001875758, 0.03350338200107217], "q_25": 0.03290571994148195, "q_75": 0.033043363015167415, "min": 0.03281955001875758, "max": 0.03350338200107217, "mean": 0.033021417027339336, "std": 0.00019012714983897028, "repeat": 10, "number": 1}]}, "solarposition.SolarPosition.time_ephemeris": {"result": [0.018375987885519862], "stats": [{"ci_99": [0.018177619203925133, 0.018839844968169928], "q_25": 0.018344942945986986, "q_75": 0.01858809171244502, "min": 0.018177619203925133, "max": 0.018839844968169928, "mean": 0.01846266221255064, "std": 0.0002036903595886322, "repeat": 10, "number": 1}]}, "solarposition.SolarPosition.time_ephemeris_localized": {"result": [0.018235110444948077], "stats": [{"ci_99": [0.01798031572252512, 0.018390612211078405], "q_25": 0.018153343349695206, "q_75": 0.01827104762196541, "min": 0.01798031572252512, "max": 0.018390612211078405, "mean": 0.018214329658076168, "std": 0.00010613857347266945, "repeat": 10, "number": 1}]}, "solarposition.SolarPosition.time_nrel_earthsun_distance": {"result": [0.022685007192194462], "stats": [{"ci_99": [0.022600275930017233, 0.022763904184103012], "q_25": 0.022674020496197045, "q_75": 0.022696848958730698, "min": 0.022600275930017233, "max": 0.022763904184103012, "mean": 0.022680401103571057, "std": 4.4403574283554726e-05, "repeat": 10, "number": 1}]}, "solarposition.SolarPosition.time_spa_python": {"result": [0.02591095259413123], "stats": [{"ci_99": [0.025821362156420946, 0.025994149036705494], "q_25": 0.025878848624415696, "q_75": 0.025946999085135758, "min": 0.025821362156420946, "max": 0.025994149036705494, "mean": 0.02590920138172805, "std": 4.918655834999978e-05, "repeat": 10, "number": 1}]}, "solarposition.SolarPosition.time_sun_rise_set_transit_spa": {"result": [0.03787744999863207], "stats": [{"ci_99": [0.03772186487913132, 0.038039310835301876], "q_25": 0.03782919014338404, "q_75": 0.03796102909836918, "min": 0.03772186487913132, "max": 0.038039310835301876, "mean": 0.03789055268280208, "std": 0.00010256000698727992, "repeat": 10, "number": 1}]}, "temperature.Fuentes.time_fuentes": NaN, "temperature.SAPM.time_sapm_cell": {"result": [0.0009976448491215706], "stats": [{"ci_99": [0.0009429612704976039, 0.00127402836964889], "q_25": 0.0009578043827787042, "q_75": 0.001040463621558791, "min": 0.0009429612704976039, "max": 0.00127402836964889, "mean": 0.00102491614154794, "std": 9.503073502843521e-05, "repeat": 10, "number": 11}]}, "tracking.SingleAxis.time_singleaxis": {"result": [0.021883259061723948], "stats": [{"ci_99": [0.018795248121023178, 0.02372698439285159], "q_25": 0.021082878462038934, "q_75": 0.022369689657352865, "min": 0.018795248121023178, "max": 0.02372698439285159, "mean": 0.021593094943091272, "std": 0.0013824144574577102, "repeat": 10, "number": 1}]}, "tracking.SingleAxis.time_tracker_singleaxis": {"result": [0.021221694769337773], "stats": [{"ci_99": [0.019710229709744453, 0.022792520932853222], "q_25": 0.020645206095650792, "q_75": 0.021462638746015728, "min": 0.019710229709744453, "max": 0.022792520932853222, "mean": 0.021178137930110096, "std": 0.0009315459157839533, "repeat": 10, "number": 1}]}}, "params": {"arch": "x86_64", "cpu": "Intel Xeon Processor (Skylake, IBRS)",