{"results": {"irradiance.Irradiance.time_aoi": {"result": [0.002370639471337199], "stats": [{"ci_99": [0.0023388019762933254, 0.0023894086480140686], "q_25": 0.0023663937114179134, "q_75": 0.0023770310916006562, "min": 0.0023388019762933254, "max": 0.0023894086480140686, "mean": 0.002369912127032876, "std": 1.3888737496275834e-05, "repeat": 10, "number": 5}]}, "irradiance.Irradiance.time_aoi_projection": {"result": [0.0021373847965151073], "stats": [{"ci_99": [0.002119468990713358, 0.002181953750550747], "q_25": 0.0021279973443597555, "q_75": 0.0021455480484291914, "min": 0.002119468990713358, "max": 0.002181953750550747, "mean": 0.002139544002711773, "std": 1.717399734618536e-05, "repeat": 10, "number": 5}]}, "irradiance.Irradiance.time_dirindex": {"result": [0.06552063138224185], "stats": [{"ci_99": [0.06457994878292084, 0.06775334570556879], "q_25": 0.06502297648694366, "q_75": 0.0662724794819951, "min": 0.06457994878292084, "max": 0.06775334570556879, "mean": 0.06580927390605211, "std": 0.0010741821505811273, "repeat": 10, "number": 1}]}, "irradiance.Irradiance.time_dirint": {"result": [0.032717393012717366], "stats": [{"ci_99": [0.03177203377708793, 0.03373052179813385], "q_25": 0.03215554682537913, "q_75": 0.033085068804211915, "min": 0.03177203377708793, "max": 0.03373052179813385, "mean": 0.03268118230625987, "std": 0.0006042872351648265, "repeat": 10, "number": 1}]}, "irradiance.Irradiance.time_disc": {"result": [0.01271965354681015], "stats": [{"ci_99": [0.012559073977172375, 0.01287209615111351], "q_25": 0.01260657049715519, "q_75": 0.012785958126187325, "min": 0.012559073977172375, "max": 0.01287209615111351, "mean": 0.012704554852098227, "std": 0.00010763302463093502, "repeat": 10, "number": 1}]}, "irradiance.Irradiance.time_erbs": {"result": [0.007315063267014921], "stats": [{"ci_99": [0.007276955060660839, 0.007578524993732572], "q_25": 0.00729785073781386, "q_75": 0.007330075488425791, "min": 0.007276955060660839, "max": 0.007578524993732572, "mean": 0.007353735505603254, "std": 9.991091676834331e-05, "repeat": 10, "number": 2}]}, "irradiance.Irradiance.time_get_extra_radiation": {"result": [0.0005336616421118378], "stats": [{"ci_99": [0.0005296934396028519, 0.0005355958128347993], "q_25": 0.0005324535595718771, "q_75": 0.0005344458564650268, "min": 0.0005296934396028519, "max": 0.0005355958128347993, "mean": 0.0005333595490083099, "std": 1.7251020039611573e-06, "repeat": 10, "number": 20}]}, "irradiance.Irradiance.time_get_ground_diffuse": {"result": [0.0003635857564707597], "stats": [{"ci_99": [0.0003276897749553124, 0.0004653726704418659], "q_25": 0.00034655211493372917, "q_75": 0.000365878117736429, "min": 0.0003276897749553124, "max": 0.0004653726704418659, "mean": 0.00036491101607680324, "std": 3.635575579059905e-05, "repeat": 10, "number": 30}]}, "irradiance.Irradiance.time_get_total_irradiance": {"result": [0.004572468887393673], "stats": [{"ci_99": [0.004503882334878047, 0.0046379100531339645], "q_25": 0.004557489805544416, "q_75": 0.0045860325917601585, "min": 0.004503882334878047, "max": 0.0046379100531339645, "mean": 0.0045744387432932855, "std": 3.5281580524676334e-05, "repeat": 10, "number": 3}]}, "location.Location.time_location_get_airmass": {"result": [0.0013648098683916032], "stats": [{"ci_99": [0.0013494419981725514, 0.0013903130311518908], "q_25": 0.0013572227908298373, "q_75": 0.001372252037981525, "min": 0.0013494419981725514, "max": 0.0013903130311518908, "mean": 0.0013658368028700353, "std": 1.217816591817895e-05, "repeat": 10, "number": 8}]}, "location.Location.time_location_get_clearsky": {"result": [0.009345863480120897], "stats": [{"ci_99": [0.00928298756480217, 0.009453190956264734], "q_25": 0.009314371272921562, "q_75": 0.009363358549308032, "min": 0.00928298756480217, "max": 0.009453190956264734, "mean": 0.009345387620851398, "std": 4.8313342463731327e-05, "repeat": 10, "number": 2}]}, "location.Location.time_location_get_solarposition": {"result": [0.015243316534906626], "stats": [{"ci_99": [0.015190511010587215, 0.01580297388136387], "q_25": 0.015215720166452229, "q_75": 0.01528684888035059, "min": 0.015190511010587215, "max": 0.01580297388136387, "mean": 0.01529877781867981, "std": 0.00017166486163240657, "repeat": 10, "number": 1}]}, "location.Location_0_6_1.time_location_get_sun_rise_set_transit_pyephem": {"result": [0.18246028013527393], "stats": [{"ci_99": [0.18184775207191706, 0.18362795282155275], "q_25": 0.18229247233830392, "q_75": 0.1826626535039395, "min": 0.18184775207191706, "max": 0.18362795282155275, "mean": 0.18257784973829985, "std": 0.0004876583767069858, "repeat": 10, "number": 1}]}, "location.Location_0_6_1.time_location_get_sun_rise_set_transit_spa": {"result": [0.03354985546320677], "stats": [{"ci_99": [0.03345765918493271, 0.0338228871114552], "q_25": 0.03349160240031779, "q_75": 0.033637623651884496, "min": 0.03345765918493271, "max": 0.0338228871114552, "mean": 0.03358527556993067, "std": 0.00011951256011736697, "repeat": 10, "number": 1}]}, "solarposition.SolarPosition.time_ephemeris": {"result": [0.018220448400825262], "stats": [{"ci_99": [0.018067792057991028, 0.018538733944296837], "q_25": 0.018160188803449273, "q_75": 0.01841548888478428, "min": 0.018067792057991028, "max": 0.018538733944296837, "mean": 0.01827619131654501, "std": 0.00015621061318600338, "repeat": 10, "number": 1}]}, "solarposition.SolarPosition.time_ephemeris_localized": {"result": [0.018325357930734754], "stats": [{"ci_99": [0.018055607099086046, 0.018906446639448404], "q_25": 0.018255491508170962, "q_75": 0.018451145268045366, "min": 0.018055607099086046, "max": 0.018906446639448404, "mean": 0.018400155706331134, "std": 0.00027089513323794406, "repeat": 10, "number": 1}]}, "solarposition.SolarPosition.time_nrel_earthsun_distance": {"result": [0.022673539351671934], "stats": [{"ci_99": [0.02240510331466794, 0.023083011154085398], "q_25": 0.022545722196809947, "q_75": 0.02281836955808103, "min": 0.02240510331466794, "max": 0.023083011154085398, "mean": 0.02270071916282177, "std": 0.00020040930387673868, "repeat": 10, "number": 1}]}, "solarposition.SolarPosition.time_spa_python": {"result": [0.025945235043764114], "stats": [{"ci_99": [0.02536027692258358, 0.02613777294754982], "q_25": 0.025926285656169057, "q_75": 0.026042606332339346, "min": 0.02536027692258358, "max": 0.02613777294754982, "mean": 0.02587667047046125, "std": 0.00026366959092389034, "repeat": 10, "number": 1}]}, "solarposition.SolarPosition.time_sun_rise_set_transit_spa": {"result": [0.03868904896080494], "stats": [{"ci_99": [0.03858236875385046, 0.03952004015445709], "q_25": 0.03861954319290817, "q_75": 0.038742633536458015, "min": 0.03858236875385046, "max": 0.03952004015445709, "mean": 0.038770197331905364, "std": 0.00026387737967868854, "repeat": 10, "number": 1}]}, "temperature.Fuentes.time_fuentes": NaN, "temperature.SAPM.time_sapm_cell": {"result": [0.0010142048016529193], "stats": [{"ci_99": [0.000995873473584652, 0.0010446291840211911], "q_25": 0.0010072911920195277, "q_75": 0.001029242687350647, "min": 0.000995873473584652, "max": 0.0010446291840211911, "mean": 0.0010177497032352468, "std": 1.5671408184786864e-05, "repeat": 10, "number": 11}]}, "tracking.SingleAxis.time_singleaxis": {"result": [0.020180060528218746], "stats": [{"ci_99": [0.017321277875453234, 0.024500880856066942], "q_25": 0.017813889542594552, "q_75": 0.021576596307568252, "min": 0.017321277875453234, "max": 0.024500880856066942, "mean": 0.020139694586396216, "std": 0.0023415818704096746, "repeat": 10, "number": 1}]}, "tracking.SingleAxis.time_tracker_singleaxis": {"result": [0.021211149403825402], "stats": [{"ci_99": [0.01672497298568487, 0.024575708899646997], "q_25": 0.01869263662956655, "q_75": 0.022171793272718787, "min": 0.01672497298568487, "max": 0.024575708899646997, "mean": 0.020667260698974132, "std": 0.0025007038855595657, "repeat": 10, "number": 1}]}}, "params": {"arch": "x86_64", "cpu": "Intel Xeon Processor (Skylake, IBRS)",