{"results": {"irradiance.TimeSuite.time_aoi": {"result": [0.0022285358048975464], "stats": [{"ci_99": [0.0021392822265625, 0.0022857505828142166], "q_25": 0.002218940597958863, "q_75": 0.002232966013252735, "min": 0.0021392822265625, "max": 0.0022857505828142166, "mean": 0.00222168636508286, "std": 4.405703249789222e-05, "repeat": 10, "number": 5}]}, "irradiance.TimeSuite.time_aoi_projection": {"result": [0.0022197126876562835], "stats": [{"ci_99": [0.002150706388056278, 0.0023893135599792003], "q_25": 0.0022070696810260414, "q_75": 0.0022443922236561773, "min": 0.002150706388056278, "max": 0.0023893135599792003, "mean": 0.002235539816319942, "std": 5.961948175638437e-05, "repeat": 10, "number": 5}]}, "irradiance.TimeSuite.time_dirindex": {"result": [0.14758245064876974], "stats": [{"ci_99": [0.14293572073802352, 0.15942580997943878], "q_25": 0.1464499863795936, "q_75": 0.15147338679526, "min": 0.14293572073802352, "max": 0.15942580997943878, "mean": 0.148949267109856, "std": 0.004525715737458269, "repeat": 10, "number": 1}]}, "irradiance.TimeSuite.time_dirint": {"result": [0.07204444659873843], "stats": [{"ci_99": [0.06997705902904272, 0.07412122376263142], "q_25": 0.07054024352692068, "q_75": 0.07368284452240914, "min": 0.06997705902904272, "max": 0.07412122376263142, "mean": 0.07208300339989364, "std": 0.0016244213123950654, "repeat": 10, "number": 1}]}, "irradiance.TimeSuite.time_disc": {"result": [0.01966161048039794], "stats": [{"ci_99": [0.01935169193893671, 0.0200000312179327], "q_25": 0.019525624462403357, "q_75": 0.01989565324038267, "min": 0.01935169193893671, "max": 0.0200000312179327, "mean": 0.019689320540055632, "std": 0.0002077140064312324, "repeat": 10, "number": 1}]}, "irradiance.TimeSuite.time_erbs": {"result": [0.012609811965376139], "stats": [{"ci_99": [0.012380536179989576, 0.013652449008077383], "q_25": 0.012452355469577014, "q_75": 0.012709780130535364, "min": 0.012380536179989576, "max": 0.013652449008077383, "mean": 0.01272210436873138, "std": 0.0003861992024665707, "repeat": 10, "number": 1}]}, "irradiance.TimeSuite.time_get_extra_radiation": {"result": [0.0026414773892611265], "stats": [{"ci_99": [0.0026303320191800594, 0.0029054518090561032], "q_25": 0.002636736142449081, "q_75": 0.00266692868899554, "min": 0.0026303320191800594, "max": 0.0029054518090561032, "mean": 0.0026920286007225515, "std": 9.848387998172356e-05, "repeat": 10, "number": 4}]}, "irradiance.TimeSuite.time_get_ground_diffuse": {"result": [0.0005186988696963949], "stats": [{"ci_99": [0.0005000103265047073, 0.0005669877652756193], "q_25": 0.0005048733119937507, "q_75": 0.000542326290583746, "min": 0.0005000103265047073, "max": 0.0005669877652756193, "mean": 0.0005250342465429143, "std": 2.3254489928774987e-05, "repeat": 10, "number": 22}]}, "irradiance.TimeSuite.time_get_total_irradiance": {"result": [0.005007051707555851], "stats": [{"ci_99": [0.004921370341132085, 0.005163596632579963], "q_25": 0.004985888954252005, "q_75": 0.005073157139122486, "min": 0.004921370341132085, "max": 0.005163596632579963, "mean": 0.0050264413934201, "std": 7.200725473820516e-05, "repeat": 10, "number": 3}]}, "location.TimeSuite.time_location_get_airmass": {"result": [0.0014829868783376046], "stats": [{"ci_99": [0.0014657161996832915, 0.0014935957400926522], "q_25": 0.0014720494426520808, "q_75": 0.0014880710347954715, "min": 0.0014657161996832915, "max": 0.0014935957400926522, "mean": 0.0014810458823506323, "std": 9.383597548292012e-06, "repeat": 10, "number": 7}]}, "location.TimeSuite.time_location_get_clearsky": {"result": [0.013132400577887893], "stats": [{"ci_99": [0.01302738580852747, 0.013240518048405647], "q_25": 0.01311117538716644, "q_75": 0.01320677693001926, "min": 0.01302738580852747, "max": 0.013240518048405647, "mean": 0.013142764521762728, "std": 6.820652596348235e-05, "repeat": 10, "number": 1}]}, "location.TimeSuite.time_location_get_solarposition": {"result": [0.017693913774564862], "stats": [{"ci_99": [0.017533594742417336, 0.017878411803394556], "q_25": 0.017666589003056288, "q_75": 0.0177489499328658, "min": 0.017533594742417336, "max": 0.017878411803394556, "mean": 0.01770403706468642, "std": 8.765505326485427e-05, "repeat": 10, "number": 1}]}, "location.TimeSuite.time_location_get_sun_rise_set_transit_pyephem": {"result": [0.19752055243588984], "stats": [{"ci_99": [0.19682874903082848, 0.1981252389959991], "q_25": 0.19732207944616675, "q_75": 0.19762202072888613, "min": 0.19682874903082848, "max": 0.1981252389959991, "mean": 0.1974591667763889, "std": 0.0003370387007761406, "repeat": 10, "number": 1}]}, "location.TimeSuite.time_location_get_sun_rise_set_transit_spa": {"result": [0.04295397154055536], "stats": [{"ci_99": [0.0425868327729404, 0.04379671486094594], "q_25": 0.04283914191182703, "q_75": 0.04318449157290161, "min": 0.0425868327729404, "max": 0.04379671486094594, "mean": 0.04305746755562723, "std": 0.00035389602902205584, "repeat": 10, "number": 1}]}, "solarposition.TimeSuite.time_ephemeris": {"result": [0.024947875877842307], "stats": [{"ci_99": [0.02375717693939805, 0.025367561727762222], "q_25": 0.02411299920640886, "q_75": 0.025065704714506865, "min": 0.02375717693939805, "max": 0.025367561727762222, "mean": 0.024684203090146184, "std": 0.0005591592280363717, "repeat": 10, "number": 1}]}, "solarposition.TimeSuite.time_ephemeris_localized": {"result": [0.025518953567370772], "stats": [{"ci_99": [0.02516589080914855, 0.026076829992234707], "q_25": 0.025342603563331068, "q_75": 0.025732547510415316, "min": 0.02516589080914855, "max": 0.026076829992234707, "mean": 0.02555754450149834, "std": 0.000268015392941838, "repeat": 10, "number": 1}]}, "solarposition.TimeSuite.time_nrel_earthsun_distance": {"result": [0.023024423280730844], "stats": [{"ci_99": [0.022536701057106256, 0.023238634690642357], "q_25": 0.022973805433139205, "q_75": 0.023111336398869753, "min": 0.022536701057106256, "max": 0.023238634690642357, "mean": 0.02301056464202702, "std": 0.00018359293374577124, "repeat": 10, "number": 1}]}, "solarposition.TimeSuite.time_spa_python": {"result": [0.0284279091283679], "stats": [{"ci_99": [0.028211541939526796, 0.028609913308173418], "q_25": 0.02828730142209679, "q_75": 0.028534274897538126, "min": 0.028211541939526796, "max": 0.028609913308173418, "mean": 0.028422772930935026, "std": 0.00013992340421279789, "repeat": 10, "number": 1}]}, "solarposition.TimeSuite.time_sun_rise_set_transit_spa": {"result": [0.04941622796468437], "stats": [{"ci_99": [0.0491815279237926, 0.05017621908336878], "q_25": 0.049358083051629364, "q_75": 0.04965296131558716, "min": 0.0491815279237926, "max": 0.05017621908336878, "mean": 0.049565364187583325, "std": 0.00032825598224555226, "repeat": 10, "number": 1}]}, "tracking.TimeSuite.time_singleaxis": {"result": [0.00663818558678031], "stats": [{"ci_99": [0.006501216907054186, 0.006829880876466632], "q_25": 0.006553935760166496, "q_75": 0.006719474331475794, "min": 0.006501216907054186, "max": 0.006829880876466632, "mean": 0.006643647630698979, "std": 0.00010417185192642604, "repeat": 10, "number": 2}]}, "tracking.TimeSuite.time_tracker_singleaxis": {"result": [0.006582137197256088], "stats": [{"ci_99": [0.006429633591324091, 0.007154740858823061], "q_25": 0.006522622890770435, "q_75": 0.006626162969041616, "min": 0.006429633591324091, "max": 0.007154740858823061, "mean": 0.006627585808746517, "std": 0.00019082654862193616, "repeat": 10, "number": 2}]}}, "params": {"arch": "x86_64", "cpu": "Intel Xeon Processor (Skylake, IBRS)", "machine": "pvlib-asv.forecasting.energy.arizona.edu", "num_cpu": "4", "os": "Linux 5.7.8-200.fc32.x86_64", "ram": "8145244", "python": "3.7", "ephem": "3.7.6.0", "numpy": "1.18.5", "pandas": "1.1.0", "pytables": "3.6.1", "scipy": "1.2.0"}, "requirements": {"ephem": "3.7.6.0", "numpy": "1.18.5", "pandas": "1.1.0", "pytables": "3.6.1", "scipy": "1.2.0"}, "commit_hash": "6dbac00f6c3237a07021ce5cb15177228862303c", "date": 1578697501000,