{"results": {"irradiance.Irradiance.time_aoi": {"result": [0.002343082707375288], "stats": [{"ci_99": [0.0022702996619045736, 0.002416541799902916], "q_25": 0.00232329280115664, "q_75": 0.002372164069674909, "min": 0.0022702996619045736, "max": 0.002416541799902916, "mean": 0.0023460730910301207, "std": 4.0508745322136425e-05, "repeat": 10, "number": 5}]}, "irradiance.Irradiance.time_aoi_projection": {"result": [0.001957342416668932], "stats": [{"ci_99": [0.0019178254685054223, 0.002046586169550816], "q_25": 0.0019336833696191509, "q_75": 0.00199087243527174, "min": 0.0019178254685054223, "max": 0.002046586169550816, "mean": 0.001965149026364088, "std": 3.7589871830765454e-05, "repeat": 10, "number": 6}]}, "irradiance.Irradiance.time_dirindex": {"result": [0.14141455199569464], "stats": [{"ci_99": [0.1387950610369444, 0.14744616905227304], "q_25": 0.13973699626512825, "q_75": 0.14393939485307783, "min": 0.1387950610369444, "max": 0.14744616905227304, "mean": 0.1420551199000329, "std": 0.002801508680800968, "repeat": 10, "number": 1}]}, "irradiance.Irradiance.time_dirint": {"result": [0.07152666477486491], "stats": [{"ci_99": [0.06996770296245813, 0.07534475577995181], "q_25": 0.07120647130068392, "q_75": 0.07227313274051994, "min": 0.06996770296245813, "max": 0.07534475577995181, "mean": 0.07184680723585188, "std": 0.0014651585969798011, "repeat": 10, "number": 1}]}, "irradiance.Irradiance.time_disc": {"result": [0.020134320948272943], "stats": [{"ci_99": [0.019008214119821787, 0.020439800806343555], "q_25": 0.019324751803651452, "q_75": 0.02035662403795868, "min": 0.019008214119821787, "max": 0.020439800806343555, "mean": 0.019850266445428134, "std": 0.0005647012745454068, "repeat": 10, "number": 1}]}, "irradiance.Irradiance.time_erbs": {"result": [0.013695255387574434], "stats": [{"ci_99": [0.012471331283450127, 0.014159292913973331], "q_25": 0.013632145593874156, "q_75": 0.013707913109101355, "min": 0.012471331283450127, "max": 0.014159292913973331, "mean": 0.013597518345341087, "std": 0.00042696683765996475, "repeat": 10, "number": 1}]}, "irradiance.Irradiance.time_get_extra_radiation": {"result": [0.002667638473212719], "stats": [{"ci_99": [0.0026121585397049785, 0.0027069956995546818], "q_25": 0.002659359364770353, "q_75": 0.0026777765015140176, "min": 0.0026121585397049785, "max": 0.0027069956995546818, "mean": 0.002668616897426546, "std": 2.5793830751654722e-05, "repeat": 10, "number": 4}]}, "irradiance.Irradiance.time_get_ground_diffuse": {"result": [0.0005844338289038701], "stats": [{"ci_99": [0.0005655260544947603, 0.0005928877825764092], "q_25": 0.0005766864104027098, "q_75": 0.0005918620313009756, "min": 0.0005655260544947603, "max": 0.0005928877825764092, "mean": 0.000582479482347315, "std": 9.623083316095579e-06, "repeat": 10, "number": 22}]}, "irradiance.Irradiance.time_get_total_irradiance": {"result": [0.005320667172782123], "stats": [{"ci_99": [0.005180323496460915, 0.0054350795689970255], "q_25": 0.005241000500973314, "q_75": 0.005407096759881824, "min": 0.005180323496460915, "max": 0.0054350795689970255, "mean": 0.0053190907696262, "std": 8.997964281667234e-05, "repeat": 10, "number": 2}]}, "location.Location.time_location_get_airmass": {"result": [0.001406413153745234], "stats": [{"ci_99": [0.0013962758821435273, 0.0015599200851283967], "q_25": 0.0013995507033541799, "q_75": 0.0014167923072818667, "min": 0.0013962758821435273, "max": 0.0015599200851283967, "mean": 0.0014221675286535175, "std": 4.666216203598435e-05, "repeat": 10, "number": 8}]}, "location.Location.time_location_get_clearsky": {"result": [0.012898794375360012], "stats": [{"ci_99": [0.012713314965367317, 0.013368235900998116], "q_25": 0.012814766843803227, "q_75": 0.013048499473370612, "min": 0.012713314965367317, "max": 0.013368235900998116, "mean": 0.012951644277200103, "std": 0.0001944039343828866, "repeat": 10, "number": 1}]}, "location.Location.time_location_get_solarposition": {"result": [0.017869692528620362], "stats": [{"ci_99": [0.017749059945344925, 0.018019679933786392], "q_25": 0.017816067789681256, "q_75": 0.01788692339323461, "min": 0.017749059945344925, "max": 0.018019679933786392, "mean": 0.017872528918087483, "std": 7.8837187807224e-05, "repeat": 10, "number": 1}]}, "location.Location_0_6_1.time_location_get_sun_rise_set_transit_pyephem": {"result": [0.19536334462463856], "stats": [{"ci_99": [0.1763314208947122, 0.19604491395875812], "q_25": 0.19427379197441041, "q_75": 0.1956701051676646, "min": 0.1763314208947122, "max": 0.19604491395875812, "mean": 0.19327658568508924, "std": 0.005695869475488874, "repeat": 10, "number": 1}]}, "location.Location_0_6_1.time_location_get_sun_rise_set_transit_spa": {"result": [0.04275340400636196], "stats": [{"ci_99": [0.04237213032320142, 0.04588787583634257], "q_25": 0.04246455163229257, "q_75": 0.04355986788868904, "min": 0.04237213032320142, "max": 0.04588787583634257, "mean": 0.04319190196692944, "std": 0.001029486516813637, "repeat": 10, "number": 1}]}, "solarposition.SolarPosition.time_ephemeris": {"result": [0.024189973482862115], "stats": [{"ci_99": [0.023246997967362404, 0.025273135863244534], "q_25": 0.02357445762027055, "q_75": 0.02488219237420708, "min": 0.023246997967362404, "max": 0.025273135863244534, "mean": 0.024221547413617373, "std": 0.000728765880291751, "repeat": 10, "number": 1}]}, "solarposition.SolarPosition.time_ephemeris_localized": {"result": [0.024882021360099316], "stats": [{"ci_99": [0.023689340334385633, 0.025217704009264708], "q_25": 0.02433302451390773, "q_75": 0.025110141723416746, "min": 0.023689340334385633, "max": 0.025217704009264708, "mean": 0.02468643351458013, "std": 0.0005037202588682938, "repeat": 10, "number": 1}]}, "solarposition.SolarPosition.time_nrel_earthsun_distance": {"result": [0.024056949419900775], "stats": [{"ci_99": [0.023601943161338568, 0.024293262977153063], "q_25": 0.023975671152584255, "q_75": 0.02411450957879424, "min": 0.023601943161338568, "max": 0.024293262977153063, "mean": 0.024036431312561037, "std": 0.00018090481981070995, "repeat": 10, "number": 1}]}, "solarposition.SolarPosition.time_spa_python": {"result": [0.028536301339045167], "stats": [{"ci_99": [0.0284376610070467, 0.028787356801331043], "q_25": 0.028481767745688558, "q_75": 0.028598998906090856, "min": 0.0284376610070467, "max": 0.028787356801331043, "mean": 0.0285515024792403, "std": 9.780195107275996e-05, "repeat": 10, "number": 1}]}, "solarposition.SolarPosition.time_sun_rise_set_transit_spa": {"result": [0.0496045364998281], "stats": [{"ci_99": [0.048939417116343975, 0.050304329954087734], "q_25": 0.04942477762233466, "q_75": 0.0498484835261479, "min": 0.048939417116343975, "max": 0.050304329954087734, "mean": 0.049627943383529785, "std": 0.00035368561467845225, "repeat": 10, "number": 1}]}, "temperature.Fuentes.time_fuentes": NaN, "temperature.SAPM.time_sapm_cell": {"result": [0.0016406152197825058], "stats": [{"ci_99": [0.0015923818573355675, 0.0016979737473385675], "q_25": 0.0015985130864594663, "q_75": 0.0016574088118172115, "min": 0.0015923818573355675, "max": 0.0016979737473385675, "mean": 0.0016341794149151868, "std": 3.43278490259762e-05, "repeat": 10, "number": 7}]}, "tracking.SingleAxis.time_singleaxis": {"result": [0.0063981200801208615], "stats": [{"ci_99": [0.006208299193531275, 0.006916182581335306], "q_25": 0.006300286564510316, "q_75": 0.006735129980370402, "min": 0.006208299193531275, "max": 0.006916182581335306, "mean": 0.006507385242730379, "std": 0.00024417444147769684, "repeat": 10, "number": 2}]}, "tracking.SingleAxis.time_tracker_singleaxis": {"result": [0.0064167199889197946], "stats": [{"ci_99": [0.006141628371551633, 0.006740462500602007], "q_25": 0.006289856159128249, "q_75": 0.0066282598418183625, "min": 0.006141628371551633, "max": 0.006740462500602007, "mean": 0.006444149254821241, "std": 0.00019874481603993793, "repeat": 10, "number": 2}]}}, "params": {"arch": "x86_64", "cpu": "Intel Xeon Processor (Skylake, IBRS)",