{"results": {"irradiance.TimeSuite.time_aoi": {"result": [0.00225418359041214], "stats": [{"ci_99": [0.0021613393910229206, 0.0023387904278934003], "q_25": 0.0021953252376988534, "q_75": 0.0022610103012993934, "min": 0.0021613393910229206, "max": 0.0023387904278934003, "mean": 0.0022390621062368153, "std": 5.130458750776335e-05, "repeat": 10, "number": 5}]}, "irradiance.TimeSuite.time_aoi_projection": {"result": [0.002233862271532416], "stats": [{"ci_99": [0.0022125793620944023, 0.0024122937582433225], "q_25": 0.0022275207098573445, "q_75": 0.002245453605428338, "min": 0.0022125793620944023, "max": 0.0024122937582433225, "mean": 0.0022586528118699787, "std": 5.9275980305531965e-05, "repeat": 10, "number": 5}]}, "irradiance.TimeSuite.time_dirindex": {"result": [0.14885174972005188], "stats": [{"ci_99": [0.14319261675700545, 0.15212431829422712], "q_25": 0.14537582325283438, "q_75": 0.14919328480027616, "min": 0.14319261675700545, "max": 0.15212431829422712, "mean": 0.14770080726593732, "std": 0.0026295785183782397, "repeat": 10, "number": 1}]}, "irradiance.TimeSuite.time_dirint": {"result": [0.07323703728616238], "stats": [{"ci_99": [0.07096074987202883, 0.074581160210073], "q_25": 0.07224182761274278, "q_75": 0.07389267079997808, "min": 0.07096074987202883, "max": 0.074581160210073, "mean": 0.07298057936131955, "std": 0.0011982361198136736, "repeat": 10, "number": 1}]}, "irradiance.TimeSuite.time_disc": {"result": [0.019668635446578264], "stats": [{"ci_99": [0.018000357318669558, 0.02076690085232258], "q_25": 0.019485602620989084, "q_75": 0.019741864292882383, "min": 0.018000357318669558, "max": 0.02076690085232258, "mean": 0.019617704721167684, "std": 0.0006665705754374227, "repeat": 10, "number": 1}]}, "irradiance.TimeSuite.time_erbs": {"result": [0.012802645564079285], "stats": [{"ci_99": [0.012711435090750456, 0.014737345278263092], "q_25": 0.012772511807270348, "q_75": 0.012899542227387428, "min": 0.012711435090750456, "max": 0.014737345278263092, "mean": 0.013005963573232294, "std": 0.0005808164361430734, "repeat": 10, "number": 1}]}, "irradiance.TimeSuite.time_get_extra_radiation": {"result": [0.002690315421205014], "stats": [{"ci_99": [0.002674879739060998, 0.0027029794873669744], "q_25": 0.002686178922886029, "q_75": 0.00269712955923751, "min": 0.002674879739060998, "max": 0.0027029794873669744, "mean": 0.002690333186183125, "std": 8.910896425751603e-06, "repeat": 10, "number": 4}]}, "irradiance.TimeSuite.time_get_ground_diffuse": {"result": [0.0005499499966390431], "stats": [{"ci_99": [0.0005024075973778964, 0.0005663867574185133], "q_25": 0.0005480969906784595, "q_75": 0.0005534721189178527, "min": 0.0005024075973778964, "max": 0.0005663867574185133, "mean": 0.0005476418347097932, "std": 1.626646341657302e-05, "repeat": 10, "number": 20}]}, "irradiance.TimeSuite.time_get_total_irradiance": {"result": [0.005189135787077248], "stats": [{"ci_99": [0.005050966050475836, 0.005439009051769972], "q_25": 0.00517536309780553, "q_75": 0.005245629581622779, "min": 0.005050966050475836, "max": 0.005439009051769972, "mean": 0.005210192920640111, "std": 9.483169508269999e-05, "repeat": 10, "number": 2}]}, "location.TimeSuite.time_location_get_airmass": {"result": [0.001501799444667995], "stats": [{"ci_99": [0.0014950789045542479, 0.0015085002523846924], "q_25": 0.0014979499828768894, "q_75": 0.0015055561234476045, "min": 0.0014950789045542479, "max": 0.0015085002523846924, "mean": 0.0015015509037766606, "std": 4.426668664865737e-06, "repeat": 10, "number": 8}]}, "location.TimeSuite.time_location_get_clearsky": {"result": [0.013154011685401201], "stats": [{"ci_99": [0.012170130386948586, 0.013255761004984379], "q_25": 0.013106550090014935, "q_75": 0.013180026318877935, "min": 0.012170130386948586, "max": 0.013255761004984379, "mean": 0.013065394246950746, "std": 0.0003027696862464421, "repeat": 10, "number": 1}]}, "location.TimeSuite.time_location_get_solarposition": {"result": [0.018538633594289422], "stats": [{"ci_99": [0.01781517406925559, 0.01906268298625946], "q_25": 0.01813822635449469, "q_75": 0.018987847724929452, "min": 0.01781517406925559, "max": 0.01906268298625946, "mean": 0.01852838364429772, "std": 0.00047559144624479907, "repeat": 10, "number": 1}]}, "solarposition.TimeSuite.time_ephemeris": {"result": [0.025126788998022676], "stats": [{"ci_99": [0.024313789792358875, 0.026102702133357525], "q_25": 0.025006747571751475, "q_75": 0.025387328234501183, "min": 0.024313789792358875, "max": 0.026102702133357525, "mean": 0.02518548662774265, "std": 0.0004338873579048665, "repeat": 10, "number": 1}]}, "solarposition.TimeSuite.time_ephemeris_localized": {"result": [0.02527748537249863], "stats": [{"ci_99": [0.025033992249518633, 0.02582142874598503], "q_25": 0.025214210734702647, "q_75": 0.025519780232571065, "min": 0.025033992249518633, "max": 0.02582142874598503, "mean": 0.025362112978473305, "std": 0.00023893258668755452, "repeat": 10, "number": 1}]}, "solarposition.TimeSuite.time_nrel_earthsun_distance": {"result": [0.023081210674718022], "stats": [{"ci_99": [0.023005662951618433, 0.02327752485871315], "q_25": 0.023060649866238236, "q_75": 0.02312850276939571, "min": 0.023005662951618433, "max": 0.02327752485871315, "mean": 0.023101098090410232, "std": 7.049263133442873e-05, "repeat": 10, "number": 1}]}, "solarposition.TimeSuite.time_spa_python": {"result": [0.030034151626750827], "stats": [{"ci_99": [0.028793124947696924, 0.03073593694716692], "q_25": 0.028981665265746415, "q_75": 0.030636496376246214, "min": 0.028793124947696924, "max": 0.03073593694716692, "mean": 0.02983777099289, "std": 0.0008376582795700216, "repeat": 10, "number": 1}]}, "solarposition.TimeSuite.time_sun_rise_set_transit_spa": {"result": [0.052606889978051186], "stats": [{"ci_99": [0.05176903214305639, 0.052951878402382135], "q_25": 0.0523363045649603, "q_75": 0.052754901931621134, "min": 0.05176903214305639, "max": 0.052951878402382135, "mean": 0.05252059022895992, "std": 0.0003248531569513888, "repeat": 10, "number": 1}]}, "tracking.TimeSuite.time_singleaxis": {"result": [0.04767747060395777], "stats": [{"ci_99": [0.046291429083794355, 0.0494089531712234], "q_25": 0.04738336440641433, "q_75": 0.048029955360107124, "min": 0.046291429083794355, "max": 0.0494089531712234, "mean": 0.04781305361539125, "std": 0.0008450867293403922, "repeat": 10, "number": 1}]}, "tracking.TimeSuite.time_tracker_singleaxis": {"result": [0.04778687399812043], "stats": [{"ci_99": [0.04755381494760513, 0.049853039905428886], "q_25": 0.047638519085012376, "q_75": 0.04797914926894009, "min": 0.04755381494760513, "max": 0.049853039905428886, "mean": 0.047992699407041074, "std": 0.0006500787253729444, "repeat": 10, "number": 1}]}}, "params": {"arch": "x86_64", "cpu": "Intel Xeon Processor (Skylake, IBRS)", "machine": "pvlib-asv.forecasting.energy.arizona.edu", "num_cpu": "4", "os": "Linux 5.7.8-200.fc32.x86_64", "ram": "8145244", "python": "3.7", "ephem": "3.7.6.0", "numpy": "1.18.5", "pandas": "1.1.0", "pytables": "3.6.1", "scipy": "1.2.0"}, "requirements": {"ephem": "3.7.6.0", "numpy": "1.18.5", "pandas": "1.1.0", "pytables": "3.6.1", "scipy": "1.2.0"}, "commit_hash": "710e27e964733e83ffea12bde72698ef3186c2d1", "date": 1536449304000, "env_name": "conda-py3.7-ephem3.7.6.0-numpy1.18.5-pandas1.1.0-pytables3.6.1-scipy1.2.0", "python": "3.7", "profiles": {}, "started_at": {"irradiance.TimeSuite.time_aoi": 1599360462489, "irradiance.TimeSuite.time_aoi_projection": 1599360464395, "irradiance.TimeSuite.time_dirindex": 1599360466351, "irradiance.TimeSuite.time_dirint": 1599360469057, "irradiance.TimeSuite.time_disc": 1599360471364, "irradiance.TimeSuite.time_erbs": 1599360473370, "irradiance.TimeSuite.time_get_extra_radiation": 1599360475326, "irradiance.TimeSuite.time_get_ground_diffuse": 1599360477282, "irradiance.TimeSuite.time_get_total_irradiance": 1599360479238, "location.TimeSuite.time_location_get_airmass": 1599360481194, "location.TimeSuite.time_location_get_clearsky": 1599360481547,