{"results": {"irradiance.Irradiance.time_aoi": {"result": [0.0023075707722455263], "stats": [{"ci_99": [0.0022626469843089582, 0.0023412056267261504], "q_25": 0.002278413553722203, "q_75": 0.0023328824900090694, "min": 0.0022626469843089582, "max": 0.0023412056267261504, "mean": 0.0023045215383172032, "std": 3.00401209875193e-05, "repeat": 10, "number": 5}]}, "irradiance.Irradiance.time_aoi_projection": {"result": [0.0020140244625508784], "stats": [{"ci_99": [0.0019264551810920238, 0.0020694311708211897], "q_25": 0.0019742972915992143, "q_75": 0.002037107851356268, "min": 0.0019264551810920238, "max": 0.0020694311708211897, "mean": 0.0020057511050254103, "std": 4.533211656695803e-05, "repeat": 10, "number": 5}]}, "irradiance.Irradiance.time_dirindex": {"result": [0.14131067949347198], "stats": [{"ci_99": [0.13952559512108564, 0.14605160988867283], "q_25": 0.1401921546785161, "q_75": 0.14278394915163517, "min": 0.13952559512108564, "max": 0.14605160988867283, "mean": 0.14177576526999475, "std": 0.0019958359159072763, "repeat": 10, "number": 1}]}, "irradiance.Irradiance.time_dirint": {"result": [0.07114101364277303], "stats": [{"ci_99": [0.06875911820679903, 0.07178221503272653], "q_25": 0.06970260280650109, "q_75": 0.07158413936849684, "min": 0.06875911820679903, "max": 0.07178221503272653, "mean": 0.07068849978968501, "std": 0.0010413082145834624, "repeat": 10, "number": 1}]}, "irradiance.Irradiance.time_disc": {"result": [0.01875982084311545], "stats": [{"ci_99": [0.01824917644262314, 0.019795874133706093], "q_25": 0.01856410747859627, "q_75": 0.018984614172950387, "min": 0.01824917644262314, "max": 0.019795874133706093, "mean": 0.018839359888806938, "std": 0.0004238445590276138, "repeat": 10, "number": 1}]}, "irradiance.Irradiance.time_erbs": {"result": [0.012646391056478024], "stats": [{"ci_99": [0.01146099017933011, 0.013179076835513115], "q_25": 0.012203867081552744, "q_75": 0.013100377866066992, "min": 0.01146099017933011, "max": 0.013179076835513115, "mean": 0.012588002672418951, "std": 0.0005439511363996643, "repeat": 10, "number": 1}]}, "irradiance.Irradiance.time_get_extra_radiation": {"result": [0.00264973402954638], "stats": [{"ci_99": [0.002605096553452313, 0.0026801694184541702], "q_25": 0.0026280612510163337, "q_75": 0.0026643600431270897, "min": 0.002605096553452313, "max": 0.0026801694184541702, "mean": 0.002645696559920907, "std": 2.4122093573179736e-05, "repeat": 10, "number": 4}]}, "irradiance.Irradiance.time_get_ground_diffuse": {"result": [0.0005278256721794605], "stats": [{"ci_99": [0.0005058410111814738, 0.0005465706344693899], "q_25": 0.0005195910227485, "q_75": 0.0005388127698097378, "min": 0.0005058410111814738, "max": 0.0005465706344693899, "mean": 0.0005281607620418072, "std": 1.2616261143974205e-05, "repeat": 10, "number": 20}]}, "irradiance.Irradiance.time_get_total_irradiance": {"result": [0.005355751025490463], "stats": [{"ci_99": [0.005211287410929799, 0.005523303057998419], "q_25": 0.0053085124236531556, "q_75": 0.005396364140324295, "min": 0.005211287410929799, "max": 0.005523303057998419, "mean": 0.005356262158602476, "std": 9.226419572413777e-05, "repeat": 10, "number": 2}]}, "location.Location.time_location_get_airmass": {"result": [0.0014104981091804802], "stats": [{"ci_99": [0.0014009808655828238, 0.001430653384886682], "q_25": 0.0014069599856156856, "q_75": 0.001421041291905567, "min": 0.0014009808655828238, "max": 0.001430653384886682, "mean": 0.0014136828074697405, "std": 9.377655002889712e-06, "repeat": 10, "number": 8}]}, "location.Location.time_location_get_clearsky": {"result": [0.012753602815791965], "stats": [{"ci_99": [0.012117436155676842, 0.012814146000891924], "q_25": 0.012690244475379586, "q_75": 0.012790391803719103, "min": 0.012117436155676842, "max": 0.012814146000891924, "mean": 0.012687436351552606, "std": 0.00019632962429270807, "repeat": 10, "number": 1}]}, "location.Location.time_location_get_solarposition": {"result": [0.01780377351678908], "stats": [{"ci_99": [0.017679847311228514, 0.017868575174361467], "q_25": 0.017765557044185698, "q_75": 0.01784845709335059, "min": 0.017679847311228514, "max": 0.017868575174361467, "mean": 0.017799240443855523, "std": 5.4926472636001444e-05, "repeat": 10, "number": 1}]}, "location.Location_0_6_1.time_location_get_sun_rise_set_transit_pyephem": NaN, "location.Location_0_6_1.time_location_get_sun_rise_set_transit_spa": NaN, "solarposition.SolarPosition.time_ephemeris": {"result": [0.023802647134289145], "stats": [{"ci_99": [0.023366135079413652, 0.02522356202825904], "q_25": 0.023575245635583997, "q_75": 0.024475462269037962, "min": 0.023366135079413652, "max": 0.02522356202825904, "mean": 0.024064300395548344, "std": 0.0006434763829292553, "repeat": 10, "number": 1}]}, "solarposition.SolarPosition.time_ephemeris_localized": {"result": [0.026036300463601947], "stats": [{"ci_99": [0.023655908182263374, 0.026827579829841852], "q_25": 0.02481744554825127, "q_75": 0.026574229123070836, "min": 0.023655908182263374, "max": 0.026827579829841852, "mean": 0.02563189873471856, "std": 0.001146814711408105, "repeat": 10, "number": 1}]}, "solarposition.SolarPosition.time_nrel_earthsun_distance": {"result": [0.02397237904369831], "stats": [{"ci_99": [0.02389656286686659, 0.024283365812152624], "q_25": 0.023954116040840745, "q_75": 0.024049497325904667, "min": 0.02389656286686659, "max": 0.024283365812152624, "mean": 0.024007027689367532, "std": 0.00010770680844936355, "repeat": 10, "number": 1}]}, "solarposition.SolarPosition.time_spa_python": {"result": [0.02870911662466824], "stats": [{"ci_99": [0.02847306989133358, 0.029057471081614494], "q_25": 0.02859156730119139, "q_75": 0.028878104756586254, "min": 0.02847306989133358, "max": 0.029057471081614494, "mean": 0.028730059089139105, "std": 0.00019026176716649312, "repeat": 10, "number": 1}]}, "solarposition.SolarPosition.time_sun_rise_set_transit_spa": {"result": [0.0494503122754395], "stats": [{"ci_99": [0.0485876458697021, 0.050249289721250534], "q_25": 0.04926965362392366, "q_75": 0.0499094050610438, "min": 0.0485876458697021, "max": 0.050249289721250534, "mean": 0.04952151910401881, "std": 0.00047858192551304425, "repeat": 10, "number": 1}]}, "temperature.Fuentes.time_fuentes": NaN, "temperature.SAPM.time_sapm_cell": {"result": [0.0022566892051448426], "stats": [{"ci_99": [0.0022079999713848033, 0.0023099957033991814], "q_25": 0.002223631483502686, "q_75": 0.0022927189517455795, "min": 0.0022079999713848033, "max": 0.0023099957033991814, "mean": 0.0022582800826057795, "std": 3.813945875346538e-05, "repeat": 10, "number": 6}]}, "tracking.SingleAxis.time_singleaxis": {"result": [0.031485422514379025], "stats": [{"ci_99": [0.0309012271463871, 0.03350349236279726], "q_25": 0.030977139249444008, "q_75": 0.0323544085258618, "min": 0.0309012271463871, "max": 0.03350349236279726, "mean": 0.031746969046071175, "std": 0.0008403271592355197, "repeat": 10, "number": 1}]}, "tracking.SingleAxis.time_tracker_singleaxis": {"result": [0.03170728939585388], "stats": [{"ci_99": [0.030888354871422052, 0.03253094991669059], "q_25": 0.03155305504333228, "q_75": 0.03201680222991854, "min": 0.030888354871422052, "max": 0.03253094991669059, "mean": 0.03170179789885878, "std": 0.0004645319825502665, "repeat": 10, "number": 1}]}}, "params": {"arch": "x86_64", "cpu": "Intel Xeon Processor (Skylake, IBRS)", "machine": "pvlib-asv.forecasting.energy.arizona.edu", "num_cpu": "4", "os": "Linux 5.7.8-200.fc32.x86_64", "ram": "8145244", "python": "3.8", "numpy": "", "pandas": "", "scipy": "", "pytables": "", "ephem": ""}, "requirements": {"numpy": "", "pandas": "", "scipy": "", "pytables": "", "ephem": ""}, "commit_hash": "710e27e964733e83ffea12bde72698ef3186c2d1", "date": 1536449304000, "env_name": "conda-py3.8-ephem-numpy-pandas-pytables-scipy", "python": "3.8", "profiles": {}, "started_at": {"irradiance.Irradiance.time_aoi": 1599832100995, "irradiance.Irradiance.time_aoi_projection": 1599832102851,