{"results": {"irradiance.Irradiance.time_aoi": {"result": [0.0023893091361969713], "stats": [{"ci_99": [0.0023379329591989516, 0.0024933950044214725], "q_25": 0.0023519870592281222, "q_75": 0.002405750006437302, "min": 0.0023379329591989516, "max": 0.0024933950044214725, "mean": 0.002388098565861583, "std": 4.331953695405868e-05, "repeat": 10, "number": 5}]}, "irradiance.Irradiance.time_aoi_projection": {"result": [0.0019819635897874834], "stats": [{"ci_99": [0.001949124038219452, 0.0021557211875915527], "q_25": 0.001957771927118301, "q_75": 0.0020077898632735016, "min": 0.001949124038219452, "max": 0.0021557211875915527, "mean": 0.0019985169079154734, "std": 5.9040427081809456e-05, "repeat": 10, "number": 5}]}, "irradiance.Irradiance.time_dirindex": {"result": [0.14419237663969398], "stats": [{"ci_99": [0.13978144759312272, 0.14725771779194474], "q_25": 0.14153492089826614, "q_75": 0.1448346726829186, "min": 0.13978144759312272, "max": 0.14725771779194474, "mean": 0.14338865196332334, "std": 0.0023183264337639565, "repeat": 10, "number": 1}]}, "irradiance.Irradiance.time_dirint": {"result": [0.07068043621256948], "stats": [{"ci_99": [0.0699887122027576, 0.07466920092701912], "q_25": 0.07045196264516562, "q_75": 0.07173484726808965, "min": 0.0699887122027576, "max": 0.07466920092701912, "mean": 0.07123479284346104, "std": 0.0013000760856780628, "repeat": 10, "number": 1}]}, "irradiance.Irradiance.time_disc": {"result": [0.01990870153531432], "stats": [{"ci_99": [0.019565170165151358, 0.020696178078651428], "q_25": 0.019667420652695, "q_75": 0.020214363699778914, "min": 0.019565170165151358, "max": 0.020696178078651428, "mean": 0.020006161043420435, "std": 0.0003956127207225703, "repeat": 10, "number": 1}]}, "irradiance.Irradiance.time_erbs": {"result": [0.013225437374785542], "stats": [{"ci_99": [0.01203427417203784, 0.01332169072702527], "q_25": 0.012374836253002286, "q_75": 0.01329251506831497, "min": 0.01203427417203784, "max": 0.01332169072702527, "mean": 0.012877206597477198, "std": 0.0005017134272839814, "repeat": 10, "number": 1}]}, "irradiance.Irradiance.time_get_extra_radiation": {"result": [0.0027015696396119893], "stats": [{"ci_99": [0.0025157207855954766, 0.0027898502303287387], "q_25": 0.002655713469721377, "q_75": 0.0027215923473704606, "min": 0.0025157207855954766, "max": 0.0027898502303287387, "mean": 0.0026861653663218022, "std": 7.217080403916554e-05, "repeat": 10, "number": 4}]}, "irradiance.Irradiance.time_get_ground_diffuse": {"result": [0.0005726751038118412], "stats": [{"ci_99": [0.00052689158014561, 0.0006434453749342969], "q_25": 0.0005493941655578581, "q_75": 0.0005914811718914853, "min": 0.00052689158014561, "max": 0.0006434453749342969, "mean": 0.0005735101741983702, "std": 3.28011749685535e-05, "repeat": 10, "number": 19}]}, "irradiance.Irradiance.time_get_total_irradiance": {"result": [0.00538638629950583], "stats": [{"ci_99": [0.005231690593063831, 0.005697714863345027], "q_25": 0.005324748577550054, "q_75": 0.005428818694781512, "min": 0.005231690593063831, "max": 0.005697714863345027, "mean": 0.005414080596528948, "std": 0.00013632584668564178, "repeat": 10, "number": 2}]}, "location.Location.time_location_get_airmass": {"result": [0.0014387678820639849], "stats": [{"ci_99": [0.0013250048505142331, 0.0014595804968848825], "q_25": 0.0014355299645103514, "q_75": 0.0014514110807795078, "min": 0.0013250048505142331, "max": 0.0014595804968848825, "mean": 0.001431819488061592, "std": 3.689691126473675e-05, "repeat": 10, "number": 8}]}, "location.Location.time_location_get_clearsky": {"result": [0.013221684843301773], "stats": [{"ci_99": [0.012340482790023088, 0.013904535211622715], "q_25": 0.012675700942054391, "q_75": 0.013542079948820174, "min": 0.012340482790023088, "max": 0.013904535211622715, "mean": 0.01315129674039781, "std": 0.0005204415470854118, "repeat": 10, "number": 1}]}, "location.Location.time_location_get_solarposition": {"result": [0.017614777898415923], "stats": [{"ci_99": [0.0174679858610034, 0.01790834590792656], "q_25": 0.01757185801398009, "q_75": 0.017699799849651754, "min": 0.0174679858610034, "max": 0.01790834590792656, "mean": 0.017661093408241867, "std": 0.0001364553027243874, "repeat": 10, "number": 1}]}, "location.Location_0_6_1.time_location_get_sun_rise_set_transit_pyephem": NaN, "location.Location_0_6_1.time_location_get_sun_rise_set_transit_spa": NaN, "solarposition.SolarPosition.time_ephemeris": {"result": [0.025723601458594203], "stats": [{"ci_99": [0.024139520712196827, 0.02695723995566368], "q_25": 0.024734506965614855, "q_75": 0.026346537400968373, "min": 0.024139520712196827, "max": 0.02695723995566368, "mean": 0.025624378863722087, "std": 0.000991220283660921, "repeat": 10, "number": 1}]}, "solarposition.SolarPosition.time_ephemeris_localized": {"result": [0.02676740544848144], "stats": [{"ci_99": [0.024189570918679237, 0.02742787403985858], "q_25": 0.02533221268095076, "q_75": 0.027101725339889526, "min": 0.024189570918679237, "max": 0.02742787403985858, "mean": 0.026275374041870237, "std": 0.0011271901989010414, "repeat": 10, "number": 1}]}, "solarposition.SolarPosition.time_nrel_earthsun_distance": {"result": [0.023630569921806455], "stats": [{"ci_99": [0.02342978771775961, 0.023886393755674362], "q_25": 0.023536615422926843, "q_75": 0.023758273455314338, "min": 0.02342978771775961, "max": 0.023886393755674362, "mean": 0.023647517384961247, "std": 0.00014028710361223325, "repeat": 10, "number": 1}]}, "solarposition.SolarPosition.time_spa_python": {"result": [0.028422979405149817], "stats": [{"ci_99": [0.02788188587874174, 0.02892419369891286], "q_25": 0.02812681347131729, "q_75": 0.02848310733679682, "min": 0.02788188587874174, "max": 0.02892419369891286, "mean": 0.028347388142719865, "std": 0.00029139286664408665, "repeat": 10, "number": 1}]}, "solarposition.SolarPosition.time_sun_rise_set_transit_spa": {"result": [0.04948622430674732], "stats": [{"ci_99": [0.049205109011381865, 0.05057393200695515], "q_25": 0.04933489568065852, "q_75": 0.04958016553428024, "min": 0.049205109011381865, "max": 0.05057393200695515, "mean": 0.04956428534351289, "std": 0.00037130866219339033, "repeat": 10, "number": 1}]}, "temperature.Fuentes.time_fuentes": NaN, "temperature.SAPM.time_sapm_cell": {"result": [0.002258883882313967], "stats": [{"ci_99": [0.002175150625407696, 0.002326244581490755], "q_25": 0.0022522764280438422, "q_75": 0.0022822675295174123, "min": 0.002175150625407696, "max": 0.002326244581490755, "mean": 0.0022561744973063473, "std": 4.345849014818393e-05, "repeat": 10, "number": 5}]}, "tracking.SingleAxis.time_singleaxis": {"result": [0.03249891917221248], "stats": [{"ci_99": [0.030685473699122667, 0.03297566482797265], "q_25": 0.03212022234220058, "q_75": 0.03285733133088797, "min": 0.030685473699122667, "max": 0.03297566482797265, "mean": 0.032372691202908754, "std": 0.0006539676794589187, "repeat": 10, "number": 1}]}, "tracking.SingleAxis.time_tracker_singleaxis": {"result": [0.032544656889513135], "stats": [{"ci_99": [0.031063592992722988, 0.03375514317303896], "q_25": 0.03206188103649765, "q_75": 0.03278398897964507, "min": 0.031063592992722988, "max": 0.03375514317303896, "mean": 0.032437487551942465, "std": 0.000743436062089399, "repeat": 10, "number": 1}]}}, "params": {"arch": "x86_64", "cpu": "Intel Xeon Processor (Skylake, IBRS)", "machine": "pvlib-asv.forecasting.energy.arizona.edu", "num_cpu": "4", "os": "Linux 5.7.8-200.fc32.x86_64", "ram": "8145244", "python": "3.8", "numpy": "", "pandas": "", "scipy": "", "pytables": "", "ephem": ""}, "requirements": {"numpy": "", "pandas": "", "scipy": "", "pytables": "", "ephem": ""}, "commit_hash": "7166fb01506584841c668da630d63915b73d4215", "date": 1536102265000, "env_name": "conda-py3.8-ephem-numpy-pandas-pytables-scipy", "python": "3.8", "profiles": {}, "started_at": {"irradiance.Irradiance.time_aoi": 1599832965645, "irradiance.Irradiance.time_aoi_projection": 1599832967501, "irradiance.Irradiance.time_dirindex": 1599832969307,