{"results": {"irradiance.Irradiance.time_aoi": {"result": [0.0023861546535044907], "stats": [{"ci_99": [0.0023529743775725365, 0.002563329320400953], "q_25": 0.002365006762556732, "q_75": 0.002505040401592851, "min": 0.0023529743775725365, "max": 0.002563329320400953, "mean": 0.0024291174113750457, "std": 8.389896000947723e-05, "repeat": 10, "number": 5}]}, "irradiance.Irradiance.time_aoi_projection": {"result": [0.002164675062522292], "stats": [{"ci_99": [0.002109781559556723, 0.002288416028022766], "q_25": 0.0021272552432492374, "q_75": 0.0021765356184914706, "min": 0.002109781559556723, "max": 0.002288416028022766, "mean": 0.0021716672088950874, "std": 5.701725984994504e-05, "repeat": 10, "number": 5}]}, "irradiance.Irradiance.time_dirindex": {"result": [0.06643842090852559], "stats": [{"ci_99": [0.06545009184628725, 0.06767342006787658], "q_25": 0.06609333248343319, "q_75": 0.06676080939359963, "min": 0.06545009184628725, "max": 0.06767342006787658, "mean": 0.0664548183325678, "std": 0.0005672457877086718, "repeat": 10, "number": 1}]}, "irradiance.Irradiance.time_dirint": {"result": [0.03278486919589341], "stats": [{"ci_99": [0.03238547081127763, 0.03357368800789118], "q_25": 0.03248139994684607, "q_75": 0.032909135217778385, "min": 0.03238547081127763, "max": 0.03357368800789118, "mean": 0.032773511949926615, "std": 0.0003387574723720554, "repeat": 10, "number": 1}]}, "irradiance.Irradiance.time_disc": {"result": [0.013164096511900425], "stats": [{"ci_99": [0.012650780845433474, 0.013669522944837809], "q_25": 0.0128437316743657, "q_75": 0.013472501770593226, "min": 0.012650780845433474, "max": 0.013669522944837809, "mean": 0.01314697931520641, "std": 0.0003507330577584255, "repeat": 10, "number": 1}]}, "irradiance.Irradiance.time_erbs": {"result": [0.0069170406786724925], "stats": [{"ci_99": [0.006733151385560632, 0.007043071556836367], "q_25": 0.006849619268905371, "q_75": 0.00696015520952642, "min": 0.006733151385560632, "max": 0.007043071556836367, "mean": 0.0069023504387587305, "std": 8.904619772927376e-05, "repeat": 10, "number": 2}]}, "irradiance.Irradiance.time_get_extra_radiation": {"result": [0.0005393257597461343], "stats": [{"ci_99": [0.0005359750473871827, 0.0005426030606031418], "q_25": 0.0005382897390518338, "q_75": 0.0005409129487816244, "min": 0.0005359750473871827, "max": 0.0005426030606031418, "mean": 0.0005394612462259828, "std": 1.8610176113972488e-06, "repeat": 10, "number": 20}]}, "irradiance.Irradiance.time_get_ground_diffuse": {"result": [0.0003558931223648999], "stats": [{"ci_99": [0.00034133243441049544, 0.0003806923216741], "q_25": 0.0003473658829794398, "q_75": 0.0003611169273166784, "min": 0.00034133243441049544, "max": 0.0003806923216741, "mean": 0.0003557253595707672, "std": 1.0862609301998221e-05, "repeat": 10, "number": 28}]}, "irradiance.Irradiance.time_get_total_irradiance": {"result": [0.004626544192433357], "stats": [{"ci_99": [0.004465551736454169, 0.004761877004057169], "q_25": 0.00457669406508406, "q_75": 0.004655895677084724, "min": 0.004465551736454169, "max": 0.004761877004057169, "mean": 0.004613121148819725, "std": 8.046942062462524e-05, "repeat": 10, "number": 3}]}, "location.Location.time_location_get_airmass": {"result": [0.0013842098705936223], "stats": [{"ci_99": [0.0013576429919339716, 0.0014364268281497061], "q_25": 0.001375225227093324, "q_75": 0.0013910775887779891, "min": 0.0013576429919339716, "max": 0.0014364268281497061, "mean": 0.0013856420235242694, "std": 2.0974898020176544e-05, "repeat": 10, "number": 8}]}, "location.Location.time_location_get_clearsky": {"result": [0.009466682560741901], "stats": [{"ci_99": [0.009409113554283977, 0.01011745585128665], "q_25": 0.009442091861274093, "q_75": 0.009560903126839548, "min": 0.009409113554283977, "max": 0.01011745585128665, "mean": 0.009546258440241217, "std": 0.00020229164410306174, "repeat": 10, "number": 2}]}, "location.Location.time_location_get_solarposition": {"result": [0.015021447790786624], "stats": [{"ci_99": [0.014865090139210224, 0.015224994160234928], "q_25": 0.015011389390565455, "q_75": 0.015111629152670503, "min": 0.014865090139210224, "max": 0.015224994160234928, "mean": 0.015045970864593982, "std": 9.739945053421053e-05, "repeat": 10, "number": 1}]}, "location.Location_0_6_1.time_location_get_sun_rise_set_transit_pyephem": NaN, "location.Location_0_6_1.time_location_get_sun_rise_set_transit_spa": NaN, "solarposition.SolarPosition.time_ephemeris": {"result": [0.018298976123332977], "stats": [{"ci_99": [0.018095219042152166, 0.018582448828965425], "q_25": 0.018259440548717976, "q_75": 0.018350664875470102, "min": 0.018095219042152166, "max": 0.018582448828965425, "mean": 0.01831991211511195, "std": 0.00012430791099388142, "repeat": 10, "number": 1}]}, "solarposition.SolarPosition.time_ephemeris_localized": {"result": [0.01835446571931243], "stats": [{"ci_99": [0.01823857007548213, 0.018621657975018024], "q_25": 0.018247286672703922, "q_75": 0.01848522899672389, "min": 0.01823857007548213, "max": 0.018621657975018024, "mean": 0.018376470915973185, "std": 0.00013336224074249147, "repeat": 10, "number": 1}]}, "solarposition.SolarPosition.time_nrel_earthsun_distance": {"result": [0.022969857789576054], "stats": [{"ci_99": [0.022621458861976862, 0.02334420196712017], "q_25": 0.022731103119440377, "q_75": 0.023062772932462394, "min": 0.022621458861976862, "max": 0.02334420196712017, "mean": 0.02292537298053503, "std": 0.00021727246334804455, "repeat": 10, "number": 1}]}, "solarposition.SolarPosition.time_spa_python": {"result": [0.02574599953368306], "stats": [{"ci_99": [0.025496658869087696, 0.025874047074466944], "q_25": 0.025732212932780385, "q_75": 0.025762826553545892, "min": 0.025496658869087696, "max": 0.025874047074466944, "mean": 0.0257353650406003, "std": 8.929393276577743e-05, "repeat": 10, "number": 1}]}, "solarposition.SolarPosition.time_sun_rise_set_transit_spa": {"result": [0.03864943841472268], "stats": [{"ci_99": [0.038521671667695045, 0.03908726805821061], "q_25": 0.038619760307483375, "q_75": 0.03879826585762203, "min": 0.038521671667695045, "max": 0.03908726805821061, "mean": 0.038733101729303596, "std": 0.0001778662932564801, "repeat": 10, "number": 1}]}, "temperature.Fuentes.time_fuentes": NaN, "temperature.SAPM.time_sapm_cell": {"result": [0.0016657317922051463], "stats": [{"ci_99": [0.0016379706960703646, 0.001782190121178116], "q_25": 0.0016537171821775182, "q_75": 0.0017321238327505334, "min": 0.0016379706960703646, "max": 0.001782190121178116, "mean": 0.0016907349295381987, "std": 4.973997216506182e-05, "repeat": 10, "number": 7}]}, "tracking.SingleAxis.time_singleaxis": {"result": [0.03953289007768035], "stats": [{"ci_99": [0.039034380577504635, 0.04093312891200185], "q_25": 0.03924669127445668, "q_75": 0.0402307054027915, "min": 0.039034380577504635, "max": 0.04093312891200185, "mean": 0.039750852854922414, "std": 0.0006094859325282437, "repeat": 10, "number": 1}]}, "tracking.SingleAxis.time_tracker_singleaxis": {"result": [0.038905591936782], "stats": [{"ci_99": [0.03832998871803284, 0.03981316741555929], "q_25": 0.038533138344064355, "q_75": 0.039301358512602746, "min": 0.03832998871803284, "max": 0.03981316741555929, "mean": 0.038946796162053945, "std": 0.0005064287303531325, "repeat": 10, "number": 1}]}}, "params": {"arch": "x86_64", "cpu": "Intel Xeon Processor (Skylake, IBRS)", "machine": "pvlib-asv.forecasting.energy.arizona.edu", "num_cpu": "4", "os": "Linux 5.7.8-200.fc32.x86_64", "ram": "8145244", "python": "3.6", "numpy": "1.12.0", "pandas": "0.22.0", "scipy": "1.2.0", "pytables": "3.6.1", "ephem": "3.7.6.0"}, "requirements": {"numpy": "1.12.0", "pandas": "0.22.0", "scipy": "1.2.0", "pytables": "3.6.1", "ephem": "3.7.6.0"}, "commit_hash": "7166fb01506584841c668da630d63915b73d4215", "date": 1536102265000, "env_name": "conda-py3.6-ephem3.7.6.0-numpy1.12.0-pandas0.22.0-pytables3.6.1-scipy1.2.0", "python": "3.6", "profiles": {}, "started_at": {"irradiance.Irradiance.time_aoi": 1599832918621,