{"results": {"irradiance.TimeSuite.time_aoi": {"result": [0.002192787453532219], "stats": [{"ci_99": [0.002145049441605806, 0.002356228418648243], "q_25": 0.0021685227053239945, "q_75": 0.002320990222506225, "min": 0.002145049441605806, "max": 0.002356228418648243, "mean": 0.002232794500887394, "std": 8.189912970399116e-05, "repeat": 10, "number": 5}]}, "irradiance.TimeSuite.time_aoi_projection": {"result": [0.0022323651704937216], "stats": [{"ci_99": [0.0021615325473248958, 0.0022582120262086393], "q_25": 0.002224832563661039, "q_75": 0.0022440935950726274, "min": 0.0021615325473248958, "max": 0.0022582120262086393, "mean": 0.0022284850850701333, "std": 2.6076556187576832e-05, "repeat": 10, "number": 5}]}, "irradiance.TimeSuite.time_dirindex": {"result": [0.145351572195068], "stats": [{"ci_99": [0.14239486400038004, 0.14944810513406992], "q_25": 0.14362313551828265, "q_75": 0.1471535791642964, "min": 0.14239486400038004, "max": 0.14944810513406992, "mean": 0.14552050065249206, "std": 0.0022210312661676158, "repeat": 10, "number": 1}]}, "irradiance.TimeSuite.time_dirint": {"result": [0.07081027538515627], "stats": [{"ci_99": [0.07017619023099542, 0.07283968245610595], "q_25": 0.0704120930749923, "q_75": 0.07108950219117105, "min": 0.07017619023099542, "max": 0.07283968245610595, "mean": 0.07106670895591378, "std": 0.0008864434824935847, "repeat": 10, "number": 1}]}, "irradiance.TimeSuite.time_disc": {"result": [0.019672964699566364], "stats": [{"ci_99": [0.018040176015347242, 0.0200034286826849], "q_25": 0.019097808748483658, "q_75": 0.01986860076431185, "min": 0.018040176015347242, "max": 0.0200034286826849, "mean": 0.019381987676024438, "std": 0.0006878314039059175, "repeat": 10, "number": 1}]}, "irradiance.TimeSuite.time_erbs": {"result": [0.012092366814613342], "stats": [{"ci_99": [0.011795109137892723, 0.01339303096756339], "q_25": 0.011889270856045187, "q_75": 0.012826810125261545, "min": 0.011795109137892723, "max": 0.01339303096756339, "mean": 0.012354382360354067, "std": 0.0005412968115402223, "repeat": 10, "number": 1}]}, "irradiance.TimeSuite.time_get_extra_radiation": {"result": [0.0027003036229871213], "stats": [{"ci_99": [0.002681913669221103, 0.0027839597314596176], "q_25": 0.002693790302146226, "q_75": 0.0027054795064032078, "min": 0.002681913669221103, "max": 0.0027839597314596176, "mean": 0.002710238809231669, "std": 2.9593275397359014e-05, "repeat": 10, "number": 4}]}, "irradiance.TimeSuite.time_get_ground_diffuse": {"result": [0.0005320288050411777], "stats": [{"ci_99": [0.0005057743242518468, 0.0005737922620028257], "q_25": 0.0005199647804891521, "q_75": 0.0005519555151377889, "min": 0.0005057743242518468, "max": 0.0005737922620028257, "mean": 0.0005362290105867115, "std": 2.1709989798198757e-05, "repeat": 10, "number": 22}]}, "irradiance.TimeSuite.time_get_total_irradiance": {"result": [0.005069274571724236], "stats": [{"ci_99": [0.0050432574935257435, 0.005492686992511153], "q_25": 0.005045924277510494, "q_75": 0.005154812766704708, "min": 0.0050432574935257435, "max": 0.005492686992511153, "mean": 0.005145160062238574, "std": 0.00014831841759607047, "repeat": 10, "number": 2}]}, "location.TimeSuite.time_location_get_airmass": {"result": [0.0015001497231423855], "stats": [{"ci_99": [0.0013870751219136374, 0.001561309676617384], "q_25": 0.0014981861292783704, "q_75": 0.001509492618164846, "min": 0.0013870751219136374, "max": 0.001561309676617384, "mean": 0.001496735295014722, "std": 4.08945188458665e-05, "repeat": 10, "number": 7}]}, "location.TimeSuite.time_location_get_clearsky": {"result": [0.013282176572829485], "stats": [{"ci_99": [0.0122269531711936, 0.013943703845143318], "q_25": 0.013189225923269987, "q_75": 0.013400078751146793, "min": 0.0122269531711936, "max": 0.013943703845143318, "mean": 0.013248696736991406, "std": 0.00040290499146578273, "repeat": 10, "number": 1}]}, "location.TimeSuite.time_location_get_solarposition": {"result": [0.018049146980047226], "stats": [{"ci_99": [0.017726110760122538, 0.01818080898374319], "q_25": 0.01800291775725782, "q_75": 0.018071847851388156, "min": 0.017726110760122538, "max": 0.01818080898374319, "mean": 0.01802215655334294, "std": 0.0001151068789402928, "repeat": 10, "number": 1}]}, "solarposition.TimeSuite.time_ephemeris": {"result": [0.025235916953533888], "stats": [{"ci_99": [0.023790333420038223, 0.025382489897310734], "q_25": 0.024368588696233928, "q_75": 0.02527070150244981, "min": 0.023790333420038223, "max": 0.025382489897310734, "mean": 0.0248666534665972, "std": 0.0005559321330964577, "repeat": 10, "number": 1}]}, "solarposition.TimeSuite.time_ephemeris_localized": {"result": [0.02531765610910952], "stats": [{"ci_99": [0.02474371576681733, 0.026272790040820837], "q_25": 0.025227742735296488, "q_75": 0.025459949974901974, "min": 0.02474371576681733, "max": 0.026272790040820837, "mean": 0.02541971430182457, "std": 0.0004010684065632493, "repeat": 10, "number": 1}]}, "solarposition.TimeSuite.time_nrel_earthsun_distance": {"result": [0.023059607483446598], "stats": [{"ci_99": [0.02296540793031454, 0.023188864812254906], "q_25": 0.02303981513250619, "q_75": 0.0230833935784176, "min": 0.02296540793031454, "max": 0.023188864812254906, "mean": 0.023066361853852867, "std": 6.056624508098982e-05, "repeat": 10, "number": 1}]}, "solarposition.TimeSuite.time_spa_python": {"result": [0.02871747803874314], "stats": [{"ci_99": [0.028438822366297245, 0.0289840679615736], "q_25": 0.028569758287630975, "q_75": 0.02880678791552782, "min": 0.028438822366297245, "max": 0.0289840679615736, "mean": 0.028696596948429944, "std": 0.00016184301206503436, "repeat": 10, "number": 1}]}, "solarposition.TimeSuite.time_sun_rise_set_transit_spa": {"result": [0.0501773739233613], "stats": [{"ci_99": [0.049888790119439363, 0.0509280189871788], "q_25": 0.050092862104065716, "q_75": 0.05056074936874211, "min": 0.049888790119439363, "max": 0.0509280189871788, "mean": 0.05030816365033388, "std": 0.00033798902903317064, "repeat": 10, "number": 1}]}, "tracking.TimeSuite.time_singleaxis": {"result": [0.04632346611469984], "stats": [{"ci_99": [0.04418205330148339, 0.048272952903062105], "q_25": 0.04577190463896841, "q_75": 0.04680896841455251, "min": 0.04418205330148339, "max": 0.048272952903062105, "mean": 0.046258965972810984, "std": 0.0011005404096948294, "repeat": 10, "number": 1}]}, "tracking.TimeSuite.time_tracker_singleaxis": {"result": [0.04627311532385647], "stats": [{"ci_99": [0.0453117243014276, 0.04730935813859105], "q_25": 0.04567847994621843, "q_75": 0.04666609433479607, "min": 0.0453117243014276, "max": 0.04730935813859105, "mean": 0.046241260971874, "std": 0.0006486823284007304, "repeat": 10, "number": 1}]}}, "params": {"arch": "x86_64", "cpu": "Intel Xeon Processor (Skylake, IBRS)", "machine": "pvlib-asv.forecasting.energy.arizona.edu", "num_cpu": "4", "os": "Linux 5.7.8-200.fc32.x86_64", "ram": "8145244", "python": "3.7", "ephem": "3.7.6.0", "numpy": "1.18.5", "pandas": "1.1.0", "pytables": "3.6.1", "scipy": "1.2.0"}, "requirements": {"ephem": "3.7.6.0", "numpy": "1.18.5", "pandas": "1.1.0", "pytables": "3.6.1", "scipy": "1.2.0"}, "commit_hash": "7166fb01506584841c668da630d63915b73d4215", "date": 1536102265000, "env_name": "conda-py3.7-ephem3.7.6.0-numpy1.18.5-pandas1.1.0-pytables3.6.1-scipy1.2.0", "python": "3.7", "profiles": {}, "started_at": {"irradiance.TimeSuite.time_aoi": 1599360903890, "irradiance.TimeSuite.time_aoi_projection": 1599360905696, "irradiance.TimeSuite.time_dirindex": 1599360907502, "irradiance.TimeSuite.time_dirint": 1599360910058, "irradiance.TimeSuite.time_disc": 1599360912215, "irradiance.TimeSuite.time_erbs": 1599360914070, "irradiance.TimeSuite.time_get_extra_radiation": 1599360915927, "irradiance.TimeSuite.time_get_ground_diffuse": 1599360917732, "irradiance.TimeSuite.time_get_total_irradiance": 1599360919588, "location.TimeSuite.time_location_get_airmass": 1599360921444, "location.TimeSuite.time_location_get_clearsky": 1599360921797,