{"results": {"irradiance.Irradiance.time_aoi": {"result": [0.002363790664821863], "stats": [{"ci_99": [0.00229682857170701, 0.0024718571454286574], "q_25": 0.002313222247175872, "q_75": 0.0024032803252339364, "min": 0.00229682857170701, "max": 0.0024718571454286574, "mean": 0.0023657369334250692, "std": 5.529587366872397e-05, "repeat": 10, "number": 5}]}, "irradiance.Irradiance.time_aoi_projection": {"result": [0.0021332091186195613], "stats": [{"ci_99": [0.002128146216273308, 0.0023164802230894567], "q_25": 0.0021315644960850475, "q_75": 0.0021699515869840983, "min": 0.002128146216273308, "max": 0.0023164802230894567, "mean": 0.002163932034745812, "std": 5.801124197596636e-05, "repeat": 10, "number": 5}]}, "irradiance.Irradiance.time_dirindex": {"result": [0.06482784636318684], "stats": [{"ci_99": [0.06446907063946128, 0.0660313069820404], "q_25": 0.06466599565465003, "q_75": 0.06508680537808686, "min": 0.06446907063946128, "max": 0.0660313069820404, "mean": 0.06496663512662053, "std": 0.000444156588231695, "repeat": 10, "number": 1}]}, "irradiance.Irradiance.time_dirint": {"result": [0.03236049762926996], "stats": [{"ci_99": [0.03217162890359759, 0.03270196495577693], "q_25": 0.03228992922231555, "q_75": 0.03255351528059691, "min": 0.03217162890359759, "max": 0.03270196495577693, "mean": 0.032421118067577484, "std": 0.00017294042264940704, "repeat": 10, "number": 1}]}, "irradiance.Irradiance.time_disc": {"result": [0.012486059917137027], "stats": [{"ci_99": [0.012129834853112698, 0.012724342290312052], "q_25": 0.012177703902125359, "q_75": 0.012609923374839127, "min": 0.012129834853112698, "max": 0.012724342290312052, "mean": 0.012421910325065256, "std": 0.0002280456143192241, "repeat": 10, "number": 1}]}, "irradiance.Irradiance.time_erbs": {"result": [0.006701888516545296], "stats": [{"ci_99": [0.006527969380840659, 0.007094488479197025], "q_25": 0.006571914069354534, "q_75": 0.006765686208382249, "min": 0.006527969380840659, "max": 0.007094488479197025, "mean": 0.006706068478524685, "std": 0.00015910362936124214, "repeat": 10, "number": 2}]}, "irradiance.Irradiance.time_get_extra_radiation": {"result": [0.0005348161212168634], "stats": [{"ci_99": [0.000528742210008204, 0.0005514422431588173], "q_25": 0.0005309624248184264, "q_75": 0.0005437167652416975, "min": 0.000528742210008204, "max": 0.0005514422431588173, "mean": 0.0005373676843009889, "std": 7.380709105221676e-06, "repeat": 10, "number": 20}]}, "irradiance.Irradiance.time_get_ground_diffuse": {"result": [0.00032979975962503386], "stats": [{"ci_99": [0.0003214164806360548, 0.0003646696409718557], "q_25": 0.00032361556959310263, "q_75": 0.0003510351772561218, "min": 0.0003214164806360548, "max": 0.0003646696409718557, "mean": 0.00033692955462770035, "std": 1.7031965120094147e-05, "repeat": 10, "number": 33}]}, "irradiance.Irradiance.time_get_total_irradiance": {"result": [0.00454081897623837], "stats": [{"ci_99": [0.004465389996767044, 0.004568330943584442], "q_25": 0.004521871257262926, "q_75": 0.004556399964106579, "min": 0.004465389996767044, "max": 0.004568330943584442, "mean": 0.004532191328083475, "std": 3.214827611398478e-05, "repeat": 10, "number": 3}]}, "location.Location.time_location_get_airmass": {"result": [0.001354127103695646], "stats": [{"ci_99": [0.0013446835218928754, 0.001500544254668057], "q_25": 0.0013468954566633329, "q_75": 0.0013633841881528497, "min": 0.0013446835218928754, "max": 0.001500544254668057, "mean": 0.0013691719330381602, "std": 4.463303895191813e-05, "repeat": 10, "number": 8}]}, "location.Location.time_location_get_clearsky": {"result": [0.00932320742867887], "stats": [{"ci_99": [0.00893095345236361, 0.009795770980417728], "q_25": 0.009053634596057236, "q_75": 0.009496777958702296, "min": 0.00893095345236361, "max": 0.009795770980417728, "mean": 0.009318955009803176, "std": 0.00030223642226099223, "repeat": 10, "number": 2}]}, "location.Location.time_location_get_solarposition": {"result": [0.015070556662976742], "stats": [{"ci_99": [0.01497487211599946, 0.01580682722851634], "q_25": 0.015048414352349937, "q_75": 0.01537912292405963, "min": 0.01497487211599946, "max": 0.01580682722851634, "mean": 0.015224731247872113, "std": 0.00026283924798706774, "repeat": 10, "number": 1}]}, "location.Location_0_6_1.time_location_get_sun_rise_set_transit_pyephem": NaN, "location.Location_0_6_1.time_location_get_sun_rise_set_transit_spa": NaN, "solarposition.SolarPosition.time_ephemeris": {"result": [0.018183197360485792], "stats": [{"ci_99": [0.017945101018995047, 0.018412387929856777], "q_25": 0.01812225137837231, "q_75": 0.018233790644444525, "min": 0.017945101018995047, "max": 0.018412387929856777, "mean": 0.018180874129757284, "std": 0.0001218131911360579, "repeat": 10, "number": 1}]}, "solarposition.SolarPosition.time_ephemeris_localized": {"result": [0.018148609437048435], "stats": [{"ci_99": [0.017919129226356745, 0.018500274047255516], "q_25": 0.018084653187543154, "q_75": 0.018331683124415576, "min": 0.017919129226356745, "max": 0.018500274047255516, "mean": 0.018196832574903964, "std": 0.00018502456990585249, "repeat": 10, "number": 1}]}, "solarposition.SolarPosition.time_nrel_earthsun_distance": {"result": [0.022814818657934666], "stats": [{"ci_99": [0.022573797032237053, 0.023570917081087828], "q_25": 0.022643965086899698, "q_75": 0.023126118234358728, "min": 0.022573797032237053, "max": 0.023570917081087828, "mean": 0.022912265593186022, "std": 0.0003086520891382822, "repeat": 10, "number": 1}]}, "solarposition.SolarPosition.time_spa_python": {"result": [0.025710320100188255], "stats": [{"ci_99": [0.02559572272002697, 0.02680268883705139], "q_25": 0.02568166214041412, "q_75": 0.025747498963028193, "min": 0.02559572272002697, "max": 0.02680268883705139, "mean": 0.0258195289876312, "std": 0.00033279627011005195, "repeat": 10, "number": 1}]}, "solarposition.SolarPosition.time_sun_rise_set_transit_spa": {"result": [0.03829766670241952], "stats": [{"ci_99": [0.03808013070374727, 0.04175378195941448], "q_25": 0.03819649061188102, "q_75": 0.03850812593009323, "min": 0.03808013070374727, "max": 0.04175378195941448, "mean": 0.038665376231074335, "std": 0.0010438612756350804, "repeat": 10, "number": 1}]}, "temperature.Fuentes.time_fuentes": NaN, "temperature.SAPM.time_sapm_cell": {"result": [0.0016600692844284432], "stats": [{"ci_99": [0.0016104014191244329, 0.0017226472763078554], "q_25": 0.0016381604364141822, "q_75": 0.001691575045697391, "min": 0.0016104014191244329, "max": 0.0017226472763078554, "mean": 0.001664656926212566, "std": 3.340850868153083e-05, "repeat": 10, "number": 7}]}, "tracking.SingleAxis.time_singleaxis": {"result": [0.037753037409856915], "stats": [{"ci_99": [0.03400126192718744, 0.04046683805063367], "q_25": 0.03621086454950273, "q_75": 0.03887166059575975, "min": 0.03400126192718744, "max": 0.04046683805063367, "mean": 0.03740287139080465, "std": 0.0021310427492142177, "repeat": 10, "number": 1}]}, "tracking.SingleAxis.time_tracker_singleaxis": {"result": [0.0364156779833138], "stats": [{"ci_99": [0.03485675295814872, 0.03953838441520929], "q_25": 0.03526436036918312, "q_75": 0.03739152371417731, "min": 0.03485675295814872, "max": 0.03953838441520929, "mean": 0.03663710681721568, "std": 0.0015210950173468322, "repeat": 10, "number": 1}]}}, "params": {"arch": "x86_64", "cpu": "Intel Xeon Processor (Skylake, IBRS)", "machine": "pvlib-asv.forecasting.energy.arizona.edu", "num_cpu": "4", "os": "Linux 5.7.8-200.fc32.x86_64", "ram": "8145244", "python": "3.6", "numpy": "1.12.0", "pandas": "0.22.0", "scipy": "1.2.0", "pytables": "3.6.1", "ephem": "3.7.6.0"}, "requirements": {"numpy": "1.12.0", "pandas": "0.22.0", "scipy": "1.2.0", "pytables": "3.6.1", "ephem": "3.7.6.0"}, "commit_hash": "719554881347b3ca2bfbf0a3f922a75419aae84f", "date": 1536251033000, "env_name": "conda-py3.6-ephem3.7.6.0-numpy1.12.0-pandas0.22.0-pytables3.6.1-scipy1.2.0", "python": "3.6", "profiles": {}, "started_at": {"irradiance.Irradiance.time_aoi": 1599832534434,