{"results": {"irradiance.Irradiance.time_aoi": {"result": [0.002372275432571769], "stats": [{"ci_99": [0.002314758766442537, 0.0024159195832908153], "q_25": 0.0023518032161518932, "q_75": 0.0023848810931667683, "min": 0.002314758766442537, "max": 0.0024159195832908153, "mean": 0.002367360470816493, "std": 3.0033545432871064e-05, "repeat": 10, "number": 5}]}, "irradiance.Irradiance.time_aoi_projection": {"result": [0.0021317444276064633], "stats": [{"ci_99": [0.0021038321778178216, 0.002162341773509979], "q_25": 0.002117340941913426, "q_75": 0.0021465674974024294, "min": 0.0021038321778178216, "max": 0.002162341773509979, "mean": 0.0021323484368622305, "std": 1.7459039427982807e-05, "repeat": 10, "number": 5}]}, "irradiance.Irradiance.time_dirindex": {"result": [0.06444689794443548], "stats": [{"ci_99": [0.06409126287326217, 0.06670708116143942], "q_25": 0.0642907761503011, "q_75": 0.06456639978569001, "min": 0.06409126287326217, "max": 0.06670708116143942, "mean": 0.06466960599645973, "std": 0.0007281538772689896, "repeat": 10, "number": 1}]}, "irradiance.Irradiance.time_dirint": {"result": [0.032316870521754026], "stats": [{"ci_99": [0.0317621729336679, 0.03296241071075201], "q_25": 0.03202214220073074, "q_75": 0.032693487126380205, "min": 0.0317621729336679, "max": 0.03296241071075201, "mean": 0.032356081530451775, "std": 0.0003935934501196001, "repeat": 10, "number": 1}]}, "irradiance.Irradiance.time_disc": {"result": [0.012630918761715293], "stats": [{"ci_99": [0.012197270058095455, 0.012862422969192266], "q_25": 0.012617674190551043, "q_75": 0.012698315433226526, "min": 0.012197270058095455, "max": 0.012862422969192266, "mean": 0.01260429983958602, "std": 0.0001775618386044242, "repeat": 10, "number": 1}]}, "irradiance.Irradiance.time_erbs": {"result": [0.006938258185982704], "stats": [{"ci_99": [0.006803310941904783, 0.00702607212588191], "q_25": 0.006860327848698944, "q_75": 0.006977604702115059, "min": 0.006803310941904783, "max": 0.00702607212588191, "mean": 0.006920551275834441, "std": 7.242317768803783e-05, "repeat": 10, "number": 2}]}, "irradiance.Irradiance.time_get_extra_radiation": null, "irradiance.Irradiance.time_get_ground_diffuse": null, "irradiance.Irradiance.time_get_total_irradiance": null, "location.Location.time_location_get_airmass": {"result": [0.0038337061802546186], "stats": [{"ci_99": [0.0038051563315093517, 0.0038820039480924606], "q_25": 0.0038224013599877558, "q_75": 0.003843622747808695, "min": 0.0038051563315093517, "max": 0.0038820039480924606, "mean": 0.003835328730444113, "std": 2.20597743784522e-05, "repeat": 10, "number": 3}]}, "location.Location.time_location_get_clearsky": {"result": [0.45848650112748146], "stats": [{"ci_99": [0.44698345102369785, 0.464214650914073], "q_25": 0.457478427211754, "q_75": 0.45943210599943995, "min": 0.44698345102369785, "max": 0.464214650914073, "mean": 0.4570832738187164, "std": 0.0052105518898939935, "repeat": 10, "number": 1}]}, "location.Location.time_location_get_solarposition": {"result": [0.015013819094747305], "stats": [{"ci_99": [0.014960760716348886, 0.015086743980646133], "q_25": 0.0149782506050542, "q_75": 0.015066765248775482, "min": 0.014960760716348886, "max": 0.015086743980646133, "mean": 0.015020562754943966, "std": 4.771755613532997e-05, "repeat": 10, "number": 1}]}, "location.Location_0_6_1.time_location_get_sun_rise_set_transit_pyephem": NaN, "location.Location_0_6_1.time_location_get_sun_rise_set_transit_spa": NaN, "solarposition.SolarPosition.time_ephemeris": {"result": [0.01829141308553517], "stats": [{"ci_99": [0.018117448315024376, 0.018373511265963316], "q_25": 0.018248986802063882, "q_75": 0.018330926657654345, "min": 0.018117448315024376, "max": 0.018373511265963316, "mean": 0.01827956959605217, "std": 7.233672576942918e-05, "repeat": 10, "number": 1}]}, "solarposition.SolarPosition.time_ephemeris_localized": {"result": [0.20429121889173985], "stats": [{"ci_99": [0.20319395093247294, 0.20621914602816105], "q_25": 0.203814456355758, "q_75": 0.2052396306535229, "min": 0.20319395093247294, "max": 0.20621914602816105, "mean": 0.20459002600982784, "std": 0.001017929236803502, "repeat": 10, "number": 1}]}, "solarposition.SolarPosition.time_nrel_earthsun_distance": {"result": [0.02275347406975925], "stats": [{"ci_99": [0.022619051858782768, 0.02306675212457776], "q_25": 0.022654226049780846, "q_75": 0.02278306253720075, "min": 0.022619051858782768, "max": 0.02306675212457776, "mean": 0.02275965325534344, "std": 0.000129217940196881, "repeat": 10, "number": 1}]}, "solarposition.SolarPosition.time_spa_python": {"result": [0.02573651890270412], "stats": [{"ci_99": [0.025602023117244244, 0.02698432095348835], "q_25": 0.02567592018749565, "q_75": 0.02594368881545961, "min": 0.025602023117244244, "max": 0.02698432095348835, "mean": 0.025952863227576017, "std": 0.0004459132638374509, "repeat": 10, "number": 1}]}, "solarposition.SolarPosition.time_sun_rise_set_transit_spa": {"result": [0.03757234429940581], "stats": [{"ci_99": [0.037348784040659666, 0.03779275715351105], "q_25": 0.03742583724670112, "q_75": 0.03775332646910101, "min": 0.037348784040659666, "max": 0.03779275715351105, "mean": 0.037578907981514934, "std": 0.00016702539427754053, "repeat": 10, "number": 1}]}, "temperature.Fuentes.time_fuentes": NaN, "temperature.SAPM.time_sapm_cell": {"result": [0.0016453954989888839], "stats": [{"ci_99": [0.001621264432157789, 0.0016944175586104393], "q_25": 0.0016281909608681288, "q_75": 0.0016610780398228341, "min": 0.001621264432157789, "max": 0.0016944175586104393, "mean": 0.0016474158769207343, "std": 2.1414356213381768e-05, "repeat": 10, "number": 7}]}, "tracking.SingleAxis.time_singleaxis": {"result": [0.024383134907111526], "stats": [{"ci_99": [0.0240717981941998, 0.025098321959376335], "q_25": 0.024185499758459628, "q_75": 0.02450280182529241, "min": 0.0240717981941998, "max": 0.025098321959376335, "mean": 0.024394291825592516, "std": 0.0002828864681416926, "repeat": 10, "number": 1}]}, "tracking.SingleAxis.time_tracker_singleaxis": {"result": [0.02506419364362955], "stats": [{"ci_99": [0.02435748977586627, 0.02576342225074768], "q_25": 0.02487004897557199, "q_75": 0.02555430820211768, "min": 0.02435748977586627, "max": 0.02576342225074768, "mean": 0.025140173360705377, "std": 0.0004269257930103843, "repeat": 10, "number": 1}]}}, "params": {"arch": "x86_64", "cpu": "Intel Xeon Processor (Skylake, IBRS)", "machine": "pvlib-asv.forecasting.energy.arizona.edu", "num_cpu": "4", "os": "Linux 5.7.8-200.fc32.x86_64", "ram": "8145244", "python": "3.6", "numpy": "1.12.0", "pandas": "0.22.0", "scipy": "1.2.0", "pytables": "3.6.1", "ephem": "3.7.6.0"}, "requirements": {"numpy": "1.12.0", "pandas": "0.22.0", "scipy": "1.2.0", "pytables": "3.6.1", "ephem": "3.7.6.0"}, "commit_hash": "726cf07e60517b0f68eead575d77b3ec0c63f132", "date": 1510599875000, "env_name": "conda-py3.6-ephem3.7.6.0-numpy1.12.0-pandas0.22.0-pytables3.6.1-scipy1.2.0", "python": "3.6", "profiles": {}, "started_at": {"irradiance.Irradiance.time_aoi": 1599838183985, "irradiance.Irradiance.time_aoi_projection": 1599838188645, "irradiance.Irradiance.time_dirindex": 1599838193254, "irradiance.Irradiance.time_dirint": 1599838198214, "irradiance.Irradiance.time_disc": 1599838202974, "irradiance.Irradiance.time_erbs": 1599838207583, "irradiance.Irradiance.time_get_extra_radiation": 1599838173026, "irradiance.Irradiance.time_get_ground_diffuse": 1599838173880, "irradiance.Irradiance.time_get_total_irradiance": 1599838174734, "location.Location.time_location_get_airmass": 1599838212245, "location.Location.time_location_get_clearsky": 1599838212548, "location.Location.time_location_get_solarposition": 1599838215505, "location.Location_0_6_1.time_location_get_sun_rise_set_transit_pyephem": 1599838215808, "location.Location_0_6_1.time_location_get_sun_rise_set_transit_spa": 1599838215860, "solarposition.SolarPosition.time_ephemeris": 1599838215913,