{"results": {"irradiance.Irradiance.time_aoi": {"result": [0.0022362029179930688], "stats": [{"ci_99": [0.002222680952399969, 0.0023163962177932262], "q_25": 0.002229287941008806, "q_75": 0.002259322465397418, "min": 0.002222680952399969, "max": 0.0023163962177932262, "mean": 0.0022484511695802212, "std": 2.8520515847105474e-05, "repeat": 10, "number": 5}]}, "irradiance.Irradiance.time_aoi_projection": {"result": [0.0022155563812702892], "stats": [{"ci_99": [0.0021677459590137005, 0.0022535841912031175], "q_25": 0.002181417704559863, "q_75": 0.0022327862912788986, "min": 0.0021677459590137005, "max": 0.0022535841912031175, "mean": 0.0022093995567411184, "std": 2.8298193129317703e-05, "repeat": 10, "number": 5}]}, "irradiance.Irradiance.time_dirindex": {"result": [0.14720459305681288], "stats": [{"ci_99": [0.142257756087929, 0.15013369033113122], "q_25": 0.14658315642736852, "q_75": 0.1487569174496457, "min": 0.142257756087929, "max": 0.15013369033113122, "mean": 0.14720770856365561, "std": 0.0023121184423011143, "repeat": 10, "number": 1}]}, "irradiance.Irradiance.time_dirint": {"result": [0.07239568023942411], "stats": [{"ci_99": [0.07118807686492801, 0.07442763494327664], "q_25": 0.07141479838173836, "q_75": 0.07335800852160901, "min": 0.07118807686492801, "max": 0.07442763494327664, "mean": 0.07251968635246157, "std": 0.0011669232577932252, "repeat": 10, "number": 1}]}, "irradiance.Irradiance.time_disc": {"result": [0.019346550572663546], "stats": [{"ci_99": [0.017771641723811626, 0.02025139518082142], "q_25": 0.01803648949135095, "q_75": 0.019613689510151744, "min": 0.017771641723811626, "max": 0.02025139518082142, "mean": 0.018948642164468767, "std": 0.0008836383529660751, "repeat": 10, "number": 1}]}, "irradiance.Irradiance.time_erbs": {"result": [0.011803512461483479], "stats": [{"ci_99": [0.011632457841187716, 0.013035890180617571], "q_25": 0.011675844085402787, "q_75": 0.012518942821770906, "min": 0.011632457841187716, "max": 0.013035890180617571, "mean": 0.012067601131275297, "std": 0.0005019046426898168, "repeat": 10, "number": 1}]}, "irradiance.Irradiance.time_get_extra_radiation": null, "irradiance.Irradiance.time_get_ground_diffuse": null, "irradiance.Irradiance.time_get_total_irradiance": null, "location.Location.time_location_get_airmass": {"result": [0.005359289702028036], "stats": [{"ci_99": [0.00498888292349875, 0.005379576701670885], "q_25": 0.005337812006473541, "q_75": 0.005371904058847576, "min": 0.00498888292349875, "max": 0.005379576701670885, "mean": 0.0053216019179672, "std": 0.00011204819285245235, "repeat": 10, "number": 2}]}, "location.Location.time_location_get_clearsky": {"result": [0.4520077689085156], "stats": [{"ci_99": [0.44463731814175844, 0.46547301299870014], "q_25": 0.44567801640369, "q_75": 0.4544311505742371, "min": 0.44463731814175844, "max": 0.46547301299870014, "mean": 0.4523748870473355, "std": 0.007241645021654932, "repeat": 10, "number": 1}]}, "location.Location.time_location_get_solarposition": {"result": [0.0180492855142802], "stats": [{"ci_99": [0.017935554031282663, 0.018314387183636427], "q_25": 0.01803116500377655, "q_75": 0.018072133068926632, "min": 0.017935554031282663, "max": 0.018314387183636427, "mean": 0.018064534617587925, "std": 9.212861452652724e-05, "repeat": 10, "number": 1}]}, "location.Location_0_6_1.time_location_get_sun_rise_set_transit_pyephem": NaN, "location.Location_0_6_1.time_location_get_sun_rise_set_transit_spa": NaN, "solarposition.SolarPosition.time_ephemeris": {"result": [0.024385596392676234], "stats": [{"ci_99": [0.023968256078660488, 0.02518361108377576], "q_25": 0.024048200459219515, "q_75": 0.024769671726971865, "min": 0.023968256078660488, "max": 0.02518361108377576, "mean": 0.02445180541835725, "std": 0.00042650261376913094, "repeat": 10, "number": 1}]}, "solarposition.SolarPosition.time_ephemeris_localized": {"result": [0.23944397550076246], "stats": [{"ci_99": [0.23683286318555474, 0.2490950869396329], "q_25": 0.23807540640700608, "q_75": 0.24650598189327866, "min": 0.23683286318555474, "max": 0.2490950869396329, "mean": 0.2418265325948596, "std": 0.004700868945969724, "repeat": 10, "number": 1}]}, "solarposition.SolarPosition.time_nrel_earthsun_distance": {"result": [0.02316238870844245], "stats": [{"ci_99": [0.023032935801893473, 0.023331978358328342], "q_25": 0.02307328477036208, "q_75": 0.02325898699928075, "min": 0.023032935801893473, "max": 0.023331978358328342, "mean": 0.023175361566245556, "std": 0.00010643244197501343, "repeat": 10, "number": 1}]}, "solarposition.SolarPosition.time_spa_python": {"result": [0.029051342513412237], "stats": [{"ci_99": [0.028552443254739046, 0.031176146119832993], "q_25": 0.028846737695857882, "q_75": 0.029234628193080425, "min": 0.028552443254739046, "max": 0.031176146119832993, "mean": 0.029323676181957126, "std": 0.0008057118510021028, "repeat": 10, "number": 1}]}, "solarposition.SolarPosition.time_sun_rise_set_transit_spa": {"result": [0.05060343421064317], "stats": [{"ci_99": [0.050351956859230995, 0.05093749286606908], "q_25": 0.05047996703069657, "q_75": 0.050641999929212034, "min": 0.050351956859230995, "max": 0.05093749286606908, "mean": 0.05058966330252588, "std": 0.00015570476050447634, "repeat": 10, "number": 1}]}, "temperature.Fuentes.time_fuentes": NaN, "tracking.SingleAxis.time_singleaxis": {"result": [0.046001550974324346], "stats": [{"ci_99": [0.04475128464400768, 0.04768339637666941], "q_25": 0.045236193342134356, "q_75": 0.04663962998893112, "min": 0.04475128464400768, "max": 0.04768339637666941, "mean": 0.04604474226944148, "std": 0.0008838132116286258, "repeat": 10, "number": 1}]}, "tracking.SingleAxis.time_tracker_singleaxis": {"result": [0.045362166594713926], "stats": [{"ci_99": [0.0443391571752727, 0.04760380322113633], "q_25": 0.04501028230879456, "q_75": 0.046167725464329123, "min": 0.0443391571752727, "max": 0.04760380322113633, "mean": 0.04559095511212945, "std": 0.0009025945697738208, "repeat": 10, "number": 1}]}, "temperature.SAPM.time_sapm_cell": {"result": [0.0021754325910781818], "stats": [{"ci_99": [0.001984694506973028, 0.002235839686666926], "q_25": 0.0020373412795985737, "q_75": 0.002186014666222036, "min": 0.001984694506973028, "max": 0.002235839686666926, "mean": 0.002129024911361436, "std": 9.198888094170775e-05, "repeat": 10, "number": 6}]}}, "params": {"arch": "x86_64", "cpu": "Intel Xeon Processor (Skylake, IBRS)", "machine": "pvlib-asv.forecasting.energy.arizona.edu", "num_cpu": "4", "os": "Linux 5.7.8-200.fc32.x86_64", "ram": "8145244", "python": "3.7", "ephem": "3.7.6.0", "numpy": "1.18.5", "pandas": "1.1.0", "pytables": "3.6.1", "scipy": "1.2.0"}, "requirements": {"ephem": "3.7.6.0", "numpy": "1.18.5", "pandas": "1.1.0", "pytables": "3.6.1", "scipy": "1.2.0"}, "commit_hash": "726cf07e60517b0f68eead575d77b3ec0c63f132", "date": 1510599875000, "env_name": "conda-py3.7-ephem3.7.6.0-numpy1.18.5-pandas1.1.0-pytables3.6.1-scipy1.2.0", "python": "3.7", "profiles": {}, "started_at": {"irradiance.Irradiance.time_aoi": 1599429676527, "irradiance.Irradiance.time_aoi_projection": 1599429681236, "irradiance.Irradiance.time_dirindex": 1599429685946, "irradiance.Irradiance.time_dirint": 1599429691457, "irradiance.Irradiance.time_disc": 1599429696568, "irradiance.Irradiance.time_erbs": 1599429701378, "irradiance.Irradiance.time_get_extra_radiation": 1599429664966, "irradiance.Irradiance.time_get_ground_diffuse": 1599429665819, "irradiance.Irradiance.time_get_total_irradiance": 1599429666673, "location.Location.time_location_get_airmass": 1599429706088, "location.Location.time_location_get_clearsky": 1599429706391, "location.Location.time_location_get_solarposition": 1599429709348, "location.Location_0_6_1.time_location_get_sun_rise_set_transit_pyephem": 1599429709702, "location.Location_0_6_1.time_location_get_sun_rise_set_transit_spa": 1599429709754, "solarposition.SolarPosition.time_ephemeris": 1599429709807, "solarposition.SolarPosition.time_ephemeris_localized": 1599429710060,