{"results": {"irradiance.Irradiance.time_aoi": {"result": [0.0023729776032269], "stats": [{"ci_99": [0.002277215197682381, 0.0024272788316011427], "q_25": 0.002344227535650134, "q_75": 0.0023908178322017194, "min": 0.002277215197682381, "max": 0.0024272788316011427, "mean": 0.0023653093725442887, "std": 4.102193455897803e-05, "repeat": 10, "number": 5}]}, "irradiance.Irradiance.time_aoi_projection": {"result": [0.0020100963301956654], "stats": [{"ci_99": [0.0019630069844424726, 0.0021256345324218275], "q_25": 0.001990099344402552, "q_75": 0.002046757773496211, "min": 0.0019630069844424726, "max": 0.0021256345324218275, "mean": 0.0020272036362439395, "std": 5.416136508684554e-05, "repeat": 10, "number": 5}]}, "irradiance.Irradiance.time_dirindex": {"result": [0.14177336310967803], "stats": [{"ci_99": [0.13793848222121596, 0.14525427389889956], "q_25": 0.1399935957742855, "q_75": 0.14439758588559926, "min": 0.13793848222121596, "max": 0.14525427389889956, "mean": 0.14188114032149315, "std": 0.002588769809172932, "repeat": 10, "number": 1}]}, "irradiance.Irradiance.time_dirint": {"result": [0.06950496323406696], "stats": [{"ci_99": [0.06866788305342197, 0.07071808213368058], "q_25": 0.06929696374572814, "q_75": 0.07013159606140107, "min": 0.06866788305342197, "max": 0.07071808213368058, "mean": 0.06964413989335298, "std": 0.0005983171149664916, "repeat": 10, "number": 1}]}, "irradiance.Irradiance.time_disc": {"result": [0.018403484020382166], "stats": [{"ci_99": [0.018230194691568613, 0.019725440070033073], "q_25": 0.01835589704569429, "q_75": 0.018926847376860678, "min": 0.018230194691568613, "max": 0.019725440070033073, "mean": 0.01871821624226868, "std": 0.0005267217642628412, "repeat": 10, "number": 1}]}, "irradiance.Irradiance.time_erbs": {"result": [0.013420617673546076], "stats": [{"ci_99": [0.012411338277161121, 0.013889589812606573], "q_25": 0.013018978759646416, "q_75": 0.013660075725056231, "min": 0.012411338277161121, "max": 0.013889589812606573, "mean": 0.013269973080605268, "std": 0.0004985199378413038, "repeat": 10, "number": 1}]}, "irradiance.Irradiance.time_get_extra_radiation": {"result": [0.0026585283339954913], "stats": [{"ci_99": [0.0025815152330324054, 0.0026775208534672856], "q_25": 0.0026373509608674794, "q_75": 0.0026619362470228225, "min": 0.0025815152330324054, "max": 0.0026775208534672856, "mean": 0.0026446013944223523, "std": 2.949856133021521e-05, "repeat": 10, "number": 4}]}, "irradiance.Irradiance.time_get_ground_diffuse": {"result": [0.0005386460339650512], "stats": [{"ci_99": [0.0005111012374982238, 0.0005803610431030393], "q_25": 0.0005275701580103487, "q_75": 0.0005532597191631794, "min": 0.0005111012374982238, "max": 0.0005803610431030393, "mean": 0.0005407569603994489, "std": 2.004480758001754e-05, "repeat": 10, "number": 20}]}, "irradiance.Irradiance.time_get_total_irradiance": {"result": [0.005275131203234196], "stats": [{"ci_99": [0.005169306881725788, 0.005411618854850531], "q_25": 0.0052082836627960205, "q_75": 0.005304347025230527, "min": 0.005169306881725788, "max": 0.005411618854850531, "mean": 0.005270402343012392, "std": 7.94375674658328e-05, "repeat": 10, "number": 2}]}, "location.Location.time_location_get_airmass": {"result": [0.0014029318990651518], "stats": [{"ci_99": [0.0012989655369892716, 0.0014143853913992643], "q_25": 0.0013981083175167441, "q_75": 0.0014112040371401235, "min": 0.0012989655369892716, "max": 0.0014143853913992643, "mean": 0.0013946633902378381, "std": 3.260004807817983e-05, "repeat": 10, "number": 8}]}, "location.Location.time_location_get_clearsky": {"result": [0.01272562239319086], "stats": [{"ci_99": [0.01222334336489439, 0.013367617037147284], "q_25": 0.012674543424509466, "q_75": 0.012854932807385921, "min": 0.01222334336489439, "max": 0.013367617037147284, "mean": 0.01276445398107171, "std": 0.0002694192622713235, "repeat": 10, "number": 1}]}, "location.Location.time_location_get_solarposition": {"result": [0.01770599582232535], "stats": [{"ci_99": [0.01746999192982912, 0.017905354034155607], "q_25": 0.017607710091397166, "q_75": 0.017854806501418352, "min": 0.01746999192982912, "max": 0.017905354034155607, "mean": 0.017712475545704365, "std": 0.00014469483575089596, "repeat": 10, "number": 1}]}, "location.Location_0_6_1.time_location_get_sun_rise_set_transit_pyephem": {"result": [0.19816932268440723], "stats": [{"ci_99": [0.18133892677724361, 0.1995819853618741], "q_25": 0.19799427746329457, "q_75": 0.19880559691227973, "min": 0.18133892677724361, "max": 0.1995819853618741, "mean": 0.1966636543162167, "std": 0.005154491599571184, "repeat": 10, "number": 1}]}, "location.Location_0_6_1.time_location_get_sun_rise_set_transit_spa": {"result": [0.042591017903760076], "stats": [{"ci_99": [0.042013423051685095, 0.04295115312561393], "q_25": 0.04222800419665873, "q_75": 0.04265985102392733, "min": 0.042013423051685095, "max": 0.04295115312561393, "mean": 0.0424728951882571, "std": 0.00028684831251476605, "repeat": 10, "number": 1}]}, "solarposition.SolarPosition.time_ephemeris": {"result": [0.02509679226204753], "stats": [{"ci_99": [0.02438323898240924, 0.025530497077852488], "q_25": 0.024598166928626597, "q_75": 0.025427142973057926, "min": 0.02438323898240924, "max": 0.025530497077852488, "mean": 0.025019305385649206, "std": 0.00042440672390296047, "repeat": 10, "number": 1}]}, "solarposition.SolarPosition.time_ephemeris_localized": {"result": [0.024795347591862082], "stats": [{"ci_99": [0.024250255897641182, 0.025578472297638655], "q_25": 0.024518581805750728, "q_75": 0.025183051824569702, "min": 0.024250255897641182, "max": 0.025578472297638655, "mean": 0.02485626293346286, "std": 0.0004061192794511627, "repeat": 10, "number": 1}]}, "solarposition.SolarPosition.time_nrel_earthsun_distance": {"result": [0.025112204952165484], "stats": [{"ci_99": [0.02358999801799655, 0.03232560586184263], "q_25": 0.02405738888774067, "q_75": 0.02684810198843479, "min": 0.02358999801799655, "max": 0.03232560586184263, "mean": 0.025921689299866556, "std": 0.002545360039789199, "repeat": 10, "number": 1}]}, "solarposition.SolarPosition.time_spa_python": {"result": [0.028530198615044355], "stats": [{"ci_99": [0.02836090372875333, 0.028693591244518757], "q_25": 0.028444151277653873, "q_75": 0.02861342579126358, "min": 0.02836090372875333, "max": 0.028693591244518757, "mean": 0.028528439020738004, "std": 0.00010257051518815601, "repeat": 10, "number": 1}]}, "solarposition.SolarPosition.time_sun_rise_set_transit_spa": {"result": [0.049159449990838766], "stats": [{"ci_99": [0.04813788877800107, 0.04980978416278958], "q_25": 0.049010426620952785, "q_75": 0.04938048520125449, "min": 0.04813788877800107, "max": 0.04980978416278958, "mean": 0.04915741803124547, "std": 0.0004312693550184404, "repeat": 10, "number": 1}]}, "temperature.Fuentes.time_fuentes": NaN, "temperature.SAPM.time_sapm_cell": {"result": [0.0016149766077952726], "stats": [{"ci_99": [0.0016029948767806803, 0.0016431565662579878], "q_25": 0.0016106434465785113, "q_75": 0.0016257393373442547, "min": 0.0016029948767806803, "max": 0.0016431565662579878, "mean": 0.0016189231537282467, "std": 1.2504370698010593e-05, "repeat": 10, "number": 7}]}, "tracking.SingleAxis.time_singleaxis": {"result": [0.006405397783964872], "stats": [{"ci_99": [0.006349792471155524, 0.006753758294507861], "q_25": 0.006373259471729398, "q_75": 0.006660766084678471, "min": 0.006349792471155524, "max": 0.006753758294507861, "mean": 0.006496383529156447, "std": 0.0001564857547976088, "repeat": 10, "number": 2}]}, "tracking.SingleAxis.time_tracker_singleaxis": {"result": [0.006299702217802405], "stats": [{"ci_99": [0.006098530488088727, 0.006942519918084145], "q_25": 0.0062068020342849195, "q_75": 0.006425936648156494, "min": 0.006098530488088727, "max": 0.006942519918084145, "mean": 0.006347434502094984, "std": 0.00022701804903855203, "repeat": 10, "number": 2}]}}, "params": {"arch": "x86_64", "cpu": "Intel Xeon Processor (Skylake, IBRS)",