{"results": {"irradiance.Irradiance.time_aoi": {"result": [0.0021759111899882556], "stats": [{"ci_99": [0.002142484579235315, 0.002249376382678747], "q_25": 0.002154554985463619, "q_75": 0.0021965447813272476, "min": 0.002142484579235315, "max": 0.002249376382678747, "mean": 0.0021792532503604888, "std": 3.161538332520555e-05, "repeat": 10, "number": 5}]}, "irradiance.Irradiance.time_aoi_projection": {"result": [0.002190725784748793], "stats": [{"ci_99": [0.0021731821820139886, 0.0022485369816422464], "q_25": 0.0021807245211675763, "q_75": 0.0022230809554457664, "min": 0.0021731821820139886, "max": 0.0022485369816422464, "mean": 0.002201322447508573, "std": 2.7577476147180214e-05, "repeat": 10, "number": 5}]}, "irradiance.Irradiance.time_dirindex": {"result": [0.1446042365860194], "stats": [{"ci_99": [0.14121333323419094, 0.14682713989168406], "q_25": 0.14311576820909977, "q_75": 0.1462610912276432, "min": 0.14121333323419094, "max": 0.14682713989168406, "mean": 0.14446833422407507, "std": 0.001939532188709899, "repeat": 10, "number": 1}]}, "irradiance.Irradiance.time_dirint": {"result": [0.0705843036994338], "stats": [{"ci_99": [0.06966315489262342, 0.0723781599663198], "q_25": 0.07037484343163669, "q_75": 0.0711469620000571, "min": 0.06966315489262342, "max": 0.0723781599663198, "mean": 0.07081011612899601, "std": 0.0007752939285300629, "repeat": 10, "number": 1}]}, "irradiance.Irradiance.time_disc": {"result": [0.018943370319902897], "stats": [{"ci_99": [0.017764641903340816, 0.019242424052208662], "q_25": 0.018641242058947682, "q_75": 0.019075553282164037, "min": 0.017764641903340816, "max": 0.019242424052208662, "mean": 0.01873220386914909, "std": 0.0005175146720195187, "repeat": 10, "number": 1}]}, "irradiance.Irradiance.time_erbs": {"result": [0.011804489884525537], "stats": [{"ci_99": [0.01162116089835763, 0.012999046128243208], "q_25": 0.01176277850754559, "q_75": 0.012505659717135131, "min": 0.01162116089835763, "max": 0.012999046128243208, "mean": 0.0121022607665509, "std": 0.0004621595824095358, "repeat": 10, "number": 1}]}, "irradiance.Irradiance.time_get_extra_radiation": null, "irradiance.Irradiance.time_get_ground_diffuse": null, "irradiance.Irradiance.time_get_total_irradiance": null, "location.Location.time_location_get_airmass": {"result": [0.005258526653051376], "stats": [{"ci_99": [0.004880017135292292, 0.005301501601934433], "q_25": 0.005242594983428717, "q_75": 0.005289453605655581, "min": 0.004880017135292292, "max": 0.005301501601934433, "mean": 0.005230399244464934, "std": 0.00011912277072719489, "repeat": 10, "number": 2}]}, "location.Location.time_location_get_clearsky": {"result": [0.4515326169785112], "stats": [{"ci_99": [0.44435078417882323, 0.4654036839492619], "q_25": 0.4451274243183434, "q_75": 0.4527553820516914, "min": 0.44435078417882323, "max": 0.4654036839492619, "mean": 0.45188177754171194, "std": 0.007443325024683394, "repeat": 10, "number": 1}]}, "location.Location.time_location_get_solarposition": {"result": [0.017814520047977567], "stats": [{"ci_99": [0.017526401672512293, 0.018494910094887018], "q_25": 0.0177241750061512, "q_75": 0.018031758605502546, "min": 0.017526401672512293, "max": 0.018494910094887018, "mean": 0.017885499447584153, "std": 0.0002680618932507559, "repeat": 10, "number": 1}]}, "location.Location_0_6_1.time_location_get_sun_rise_set_transit_pyephem": NaN, "location.Location_0_6_1.time_location_get_sun_rise_set_transit_spa": NaN, "solarposition.SolarPosition.time_ephemeris": {"result": [0.02445350051857531], "stats": [{"ci_99": [0.02397668221965432, 0.02596347499638796], "q_25": 0.02422261773608625, "q_75": 0.02469681459479034, "min": 0.02397668221965432, "max": 0.02596347499638796, "mean": 0.02456758078187704, "std": 0.0005436523309891, "repeat": 10, "number": 1}]}, "solarposition.SolarPosition.time_ephemeris_localized": {"result": [0.23783869692124426], "stats": [{"ci_99": [0.23241357691586018, 0.24624454695731401], "q_25": 0.23371180973481387, "q_75": 0.24389838112983853, "min": 0.23241357691586018, "max": 0.24624454695731401, "mean": 0.2387065299320966, "std": 0.005415986605351886, "repeat": 10, "number": 1}]}, "solarposition.SolarPosition.time_nrel_earthsun_distance": {"result": [0.023072281386703253], "stats": [{"ci_99": [0.02266315510496497, 0.023115151561796665], "q_25": 0.02302799466997385, "q_75": 0.023098381818272173, "min": 0.02266315510496497, "max": 0.023115151561796665, "mean": 0.023003247380256654, "std": 0.000153047766617179, "repeat": 10, "number": 1}]}, "solarposition.SolarPosition.time_spa_python": {"result": [0.02830449352040887], "stats": [{"ci_99": [0.028230353258550167, 0.02850719355046749], "q_25": 0.0282659922959283, "q_75": 0.028413395513780415, "min": 0.028230353258550167, "max": 0.02850719355046749, "mean": 0.028343624155968427, "std": 9.624746122704339e-05, "repeat": 10, "number": 1}]}, "solarposition.SolarPosition.time_sun_rise_set_transit_spa": {"result": [0.04960463009774685], "stats": [{"ci_99": [0.04925940418615937, 0.050160693004727364], "q_25": 0.04941112012602389, "q_75": 0.049809179618023336, "min": 0.04925940418615937, "max": 0.050160693004727364, "mean": 0.04964051134884358, "std": 0.0002700001520134073, "repeat": 10, "number": 1}]}, "temperature.Fuentes.time_fuentes": NaN, "temperature.SAPM.time_sapm_cell": {"result": [0.0022240563761442896], "stats": [{"ci_99": [0.002196887321770191, 0.002252422645688057], "q_25": 0.0022114167921245096, "q_75": 0.0022414802573621274, "min": 0.002196887321770191, "max": 0.002252422645688057, "mean": 0.002224772647023201, "std": 1.8204020388578738e-05, "repeat": 10, "number": 5}]}, "tracking.SingleAxis.time_singleaxis": {"result": [0.04476500838063657], "stats": [{"ci_99": [0.04338383814319968, 0.04725507088005543], "q_25": 0.044282977818511426, "q_75": 0.04561682872008532, "min": 0.04338383814319968, "max": 0.04725507088005543, "mean": 0.04507165225222707, "std": 0.0012261510223374773, "repeat": 10, "number": 1}]}, "tracking.SingleAxis.time_tracker_singleaxis": {"result": [0.044670795323327184], "stats": [{"ci_99": [0.04311569593846798, 0.04623408894985914], "q_25": 0.04373866168316454, "q_75": 0.04519502795301378, "min": 0.04311569593846798, "max": 0.04623408894985914, "mean": 0.04454573639668524, "std": 0.0009652847732314233, "repeat": 10, "number": 1}]}}, "params": {"arch": "x86_64", "cpu": "Intel Xeon Processor (Skylake, IBRS)", "machine": "pvlib-asv.forecasting.energy.arizona.edu", "num_cpu": "4", "os": "Linux 5.7.8-200.fc32.x86_64", "ram": "8145244", "python": "3.7", "ephem": "3.7.6.0", "numpy": "1.18.5", "pandas": "1.1.0", "pytables": "3.6.1", "scipy": "1.2.0"}, "requirements": {"ephem": "3.7.6.0", "numpy": "1.18.5", "pandas": "1.1.0", "pytables": "3.6.1", "scipy": "1.2.0"}, "commit_hash": "72a7144e83705c86ea02971044264c14037b67a1", "date": 1508281844000, "env_name": "conda-py3.7-ephem3.7.6.0-numpy1.18.5-pandas1.1.0-pytables3.6.1-scipy1.2.0", "python": "3.7", "profiles": {}, "started_at": {"irradiance.Irradiance.time_aoi": 1599429926375, "irradiance.Irradiance.time_aoi_projection": 1599429931085, "irradiance.Irradiance.time_dirindex": 1599429935795, "irradiance.Irradiance.time_dirint": 1599429941256, "irradiance.Irradiance.time_disc": 1599429946317, "irradiance.Irradiance.time_erbs": 1599429951077, "irradiance.Irradiance.time_get_extra_radiation": 1599429914663, "irradiance.Irradiance.time_get_ground_diffuse": 1599429915516, "irradiance.Irradiance.time_get_total_irradiance": 1599429916370, "location.Location.time_location_get_airmass": 1599429955787, "location.Location.time_location_get_clearsky": 1599429956140, "location.Location.time_location_get_solarposition": 1599429959097, "location.Location_0_6_1.time_location_get_sun_rise_set_transit_pyephem": 1599429959450, "location.Location_0_6_1.time_location_get_sun_rise_set_transit_spa": 1599429959503, "solarposition.SolarPosition.time_ephemeris": 1599429959555, "solarposition.SolarPosition.time_ephemeris_localized": 1599429959859,