{"results": {"irradiance.Irradiance.time_aoi": {"result": [0.0023657526820898053], "stats": [{"ci_99": [0.002277786750346422, 0.0024571459740400313], "q_25": 0.0023351184790953994, "q_75": 0.002372467191889882, "min": 0.002277786750346422, "max": 0.0024571459740400313, "mean": 0.002358022266998887, "std": 4.506958483920092e-05, "repeat": 10, "number": 5}]}, "irradiance.Irradiance.time_aoi_projection": {"result": [0.002012126031331718], "stats": [{"ci_99": [0.001933666489397486, 0.0022435567807406187], "q_25": 0.0019972946999284127, "q_75": 0.002022097042451302, "min": 0.001933666489397486, "max": 0.0022435567807406187, "mean": 0.002029917063191533, "std": 8.028965267882107e-05, "repeat": 10, "number": 6}]}, "irradiance.Irradiance.time_dirindex": {"result": [0.14182836026884615], "stats": [{"ci_99": [0.13561469316482544, 0.14589117700234056], "q_25": 0.1385133039439097, "q_75": 0.1435292043024674, "min": 0.13561469316482544, "max": 0.14589117700234056, "mean": 0.14108574553392828, "std": 0.003320465438430558, "repeat": 10, "number": 1}]}, "irradiance.Irradiance.time_dirint": {"result": [0.07127951085567474], "stats": [{"ci_99": [0.06948376120999455, 0.07252997113391757], "q_25": 0.07006300496868789, "q_75": 0.07169766060542315, "min": 0.06948376120999455, "max": 0.07252997113391757, "mean": 0.07099972353316844, "std": 0.0009968289761755848, "repeat": 10, "number": 1}]}, "irradiance.Irradiance.time_disc": {"result": [0.01929567870683968], "stats": [{"ci_99": [0.01858747284859419, 0.020482749212533236], "q_25": 0.019152653287164867, "q_75": 0.0196016738191247, "min": 0.01858747284859419, "max": 0.020482749212533236, "mean": 0.01939592221751809, "std": 0.0004876728197253726, "repeat": 10, "number": 1}]}, "irradiance.Irradiance.time_erbs": {"result": [0.01307918643578887], "stats": [{"ci_99": [0.012449115049093962, 0.013840601779520512], "q_25": 0.012634914019145072, "q_75": 0.0133548075100407, "min": 0.012449115049093962, "max": 0.013840601779520512, "mean": 0.01306600528769195, "std": 0.00045576232046599756, "repeat": 10, "number": 1}]}, "irradiance.Irradiance.time_get_extra_radiation": {"result": [0.0026276769931428134], "stats": [{"ci_99": [0.0025575452018529177, 0.0026944614946842194], "q_25": 0.002597373881144449, "q_75": 0.0026373052678536624, "min": 0.0025575452018529177, "max": 0.0026944614946842194, "mean": 0.0026206698501482608, "std": 3.6181949179515576e-05, "repeat": 10, "number": 4}]}, "irradiance.Irradiance.time_get_ground_diffuse": {"result": [0.0005669962588904633], "stats": [{"ci_99": [0.0005416061677452591, 0.0005809168279584912], "q_25": 0.0005590602134664854, "q_75": 0.0005737033077619142, "min": 0.0005416061677452591, "max": 0.0005809168279584912, "mean": 0.0005657222975666324, "std": 1.1049505701568154e-05, "repeat": 10, "number": 18}]}, "irradiance.Irradiance.time_get_total_irradiance": {"result": [0.0053156319772824645], "stats": [{"ci_99": [0.005214402452111244, 0.005430471850559115], "q_25": 0.005243436899036169, "q_75": 0.005380416638217866, "min": 0.005214402452111244, "max": 0.005430471850559115, "mean": 0.00531668399926275, "std": 7.8130917185058e-05, "repeat": 10, "number": 2}]}, "location.Location.time_location_get_airmass": {"result": [0.0014239298179745674], "stats": [{"ci_99": [0.0013127463753335178, 0.0014496758813038468], "q_25": 0.001420099608367309, "q_75": 0.001428883508197032, "min": 0.0013127463753335178, "max": 0.0014496758813038468, "mean": 0.0014157887490000576, "std": 3.538145298423696e-05, "repeat": 10, "number": 8}]}, "location.Location.time_location_get_clearsky": {"result": [0.012737577082589269], "stats": [{"ci_99": [0.012653429061174393, 0.012936424929648638], "q_25": 0.012716309633105993, "q_75": 0.012779169017449021, "min": 0.012653429061174393, "max": 0.012936424929648638, "mean": 0.012762098386883736, "std": 7.925805417823265e-05, "repeat": 10, "number": 1}]}, "location.Location.time_location_get_solarposition": {"result": [0.017730925930663943], "stats": [{"ci_99": [0.017527556978166103, 0.017856759950518608], "q_25": 0.017606683424673975, "q_75": 0.017777170054614544, "min": 0.017527556978166103, "max": 0.017856759950518608, "mean": 0.01770023670978844, "std": 0.00010261857187166601, "repeat": 10, "number": 1}]}, "location.Location_0_6_1.time_location_get_sun_rise_set_transit_pyephem": {"result": [0.19633962586522102], "stats": [{"ci_99": [0.1785138533450663, 0.196818926371634], "q_25": 0.1958942791679874, "q_75": 0.1965805166400969, "min": 0.1785138533450663, "max": 0.196818926371634, "mean": 0.19292081166058778, "std": 0.006968510995745517, "repeat": 10, "number": 1}]}, "location.Location_0_6_1.time_location_get_sun_rise_set_transit_spa": {"result": [0.042265965370461345], "stats": [{"ci_99": [0.041948625817894936, 0.04267900809645653], "q_25": 0.042119499878026545, "q_75": 0.04244176694191992, "min": 0.041948625817894936, "max": 0.04267900809645653, "mean": 0.04229319919832051, "std": 0.00021936674258641882, "repeat": 10, "number": 1}]}, "solarposition.SolarPosition.time_ephemeris": {"result": [0.02450277260504663], "stats": [{"ci_99": [0.02338225767016411, 0.025417058262974024], "q_25": 0.023673692252486944, "q_75": 0.024935890804044902, "min": 0.02338225767016411, "max": 0.025417058262974024, "mean": 0.02438246919773519, "std": 0.0007082842801319632, "repeat": 10, "number": 1}]}, "solarposition.SolarPosition.time_ephemeris_localized": {"result": [0.024868140928447247], "stats": [{"ci_99": [0.024535350035876036, 0.025400076061487198], "q_25": 0.024607800878584385, "q_75": 0.024908714462071657, "min": 0.024535350035876036, "max": 0.025400076061487198, "mean": 0.024828026490285992, "std": 0.0002492759107730448, "repeat": 10, "number": 1}]}, "solarposition.SolarPosition.time_nrel_earthsun_distance": {"result": [0.024016958428546786], "stats": [{"ci_99": [0.02385471435263753, 0.024170787073671818], "q_25": 0.023914288263767958, "q_75": 0.02405084972269833, "min": 0.02385471435263753, "max": 0.024170787073671818, "mean": 0.02399680935777724, "std": 0.00010151232746270857, "repeat": 10, "number": 1}]}, "solarposition.SolarPosition.time_spa_python": {"result": [0.028307164553552866], "stats": [{"ci_99": [0.0282774749211967, 0.028544235043227673], "q_25": 0.02829317911528051, "q_75": 0.02833792776800692, "min": 0.0282774749211967, "max": 0.028544235043227673, "mean": 0.028340763971209527, "std": 7.940689001017747e-05, "repeat": 10, "number": 1}]}, "solarposition.SolarPosition.time_sun_rise_set_transit_spa": {"result": [0.049405151745304465], "stats": [{"ci_99": [0.04885223135352135, 0.0499943969771266], "q_25": 0.04914571333210915, "q_75": 0.049797391053289175, "min": 0.04885223135352135, "max": 0.0499943969771266, "mean": 0.0494570410810411, "std": 0.00038769406511041235, "repeat": 10, "number": 1}]}, "temperature.Fuentes.time_fuentes": null, "temperature.SAPM.time_sapm_cell": {"result": [0.001592560504962291], "stats": [{"ci_99": [0.0015775728970766068, 0.001754408170069967], "q_25": 0.0015873860434762069, "q_75": 0.0016101145717714513, "min": 0.0015775728970766068, "max": 0.001754408170069967, "mean": 0.0016181237929101498, "std": 5.46336366083415e-05, "repeat": 10, "number": 7}]}, "tracking.SingleAxis.time_singleaxis": {"result": [0.006527660065330565], "stats": [{"ci_99": [0.00632305140607059, 0.007301142904907465], "q_25": 0.0064485566690564156, "q_75": 0.006702904065605253, "min": 0.00632305140607059, "max": 0.007301142904907465, "mean": 0.006611533579416573, "std": 0.0002632726946128013, "repeat": 10, "number": 2}]}, "tracking.SingleAxis.time_tracker_singleaxis": {"result": [0.006605269736610353], "stats": [{"ci_99": [0.006332790479063988, 0.0068916629534214735], "q_25": 0.006438594195060432, "q_75": 0.006750462751369923, "min": 0.006332790479063988, "max": 0.0068916629534214735, "mean": 0.006595557369291782, "std": 0.00018595622220347573, "repeat": 10, "number": 2}]}}, "params": {"arch": "x86_64", "cpu": "Intel Xeon Processor (Skylake, IBRS)",