{"results": {"irradiance.Irradiance.time_aoi": {"result": [0.002251577563583851], "stats": [{"ci_99": [0.002196695376187563, 0.002285199550910086], "q_25": 0.0022376861190423368, "q_75": 0.002266361890360713, "min": 0.002196695376187563, "max": 0.0022724466398358345, "mean": 0.0022461071300009885, "std": 2.564195118082463e-05, "repeat": 6, "number": 5}]}, "irradiance.Irradiance.time_aoi_projection": {"result": [0.0022458440624177458], "stats": [{"ci_99": [0.0021943395957350733, 0.0022660897397439616], "q_25": 0.0022400841116905212, "q_75": 0.0022478191647678615, "min": 0.0021943395957350733, "max": 0.002260107919573784, "mean": 0.0022387962167461713, "std": 2.09042152873481e-05, "repeat": 6, "number": 5}]}, "irradiance.Irradiance.time_dirindex": null, "irradiance.Irradiance.time_dirint": {"result": [0.0737629581708461], "stats": [{"ci_99": [0.07077885759081184, 0.07521837609801948], "q_25": 0.07174390414729714, "q_75": 0.07393366808537394, "min": 0.07099420903250575, "max": 0.07441011816263199, "mean": 0.07299861684441566, "std": 0.001393270446437501, "repeat": 6, "number": 1}]}, "irradiance.Irradiance.time_disc": {"result": [0.018490555696189404], "stats": [{"ci_99": [0.017612641467532327, 0.01986315893009305], "q_25": 0.01808660919778049, "q_75": 0.01867908868007362, "min": 0.017886932939291, "max": 0.01986315893009305, "mean": 0.018570849439129233, "std": 0.0006496826927731524, "repeat": 6, "number": 1}]}, "irradiance.Irradiance.time_erbs": {"result": [0.012752375332638621], "stats": [{"ci_99": [0.011830790309704292, 0.013239652818841785], "q_25": 0.012159102247096598, "q_75": 0.012878151261247694, "min": 0.011873072944581509, "max": 0.01295208465307951, "mean": 0.012535221564273039, "std": 0.0004373353661162614, "repeat": 6, "number": 1}]}, "irradiance.Irradiance.time_get_extra_radiation": null, "irradiance.Irradiance.time_get_ground_diffuse": null, "irradiance.Irradiance.time_get_total_irradiance": null, "location.Location.time_location_get_airmass": {"result": [0.005048944925268492], "stats": [{"ci_99": [0.005008934531360865, 0.005516839989771445], "q_25": 0.005024457699619234, "q_75": 0.00506080004076163, "min": 0.005008934531360865, "max": 0.005516839989771445, "mean": 0.005088409129530192, "std": 0.0001441137918483322, "repeat": 10, "number": 3}]}, "location.Location.time_location_get_clearsky": {"result": [0.46609974512830377], "stats": [{"ci_99": [0.451336732134223, 0.46797324623912573], "q_25": 0.46277299418579787, "q_75": 0.46681948145851493, "min": 0.451336732134223, "max": 0.46797324623912573, "mean": 0.46317508071660995, "std": 0.005781016932768256, "repeat": 10, "number": 1}]}, "location.Location.time_location_get_solarposition": {"result": [0.9227932353969663], "stats": [{"ci_99": [0.9051634771749377, 0.9603006727993488], "q_25": 0.9123552762903273, "q_75": 0.929500081227161, "min": 0.9051634771749377, "max": 0.9603006727993488, "mean": 0.9259619622025639, "std": 0.01747410222393142, "repeat": 10, "number": 1}]}, "location.Location_0_6_1.time_location_get_sun_rise_set_transit_pyephem": NaN, "location.Location_0_6_1.time_location_get_sun_rise_set_transit_spa": NaN, "solarposition.SolarPosition.time_ephemeris": null, "solarposition.SolarPosition.time_ephemeris_localized": null, "solarposition.SolarPosition.time_nrel_earthsun_distance": {"result": [0.32305942848324776], "stats": [{"ci_99": [0.3136348742991686, 0.32417440926656127], "q_25": 0.3219626706559211, "q_75": 0.32358812575694174, "min": 0.3136348742991686, "max": 0.32417440926656127, "mean": 0.32203625780530276, "std": 0.0029365600375170337, "repeat": 10, "number": 1}]}, "solarposition.SolarPosition.time_spa_python": {"result": [0.9501328407786787], "stats": [{"ci_99": [0.9371567638590932, 0.9681626786477864], "q_25": 0.9476517774164677, "q_75": 0.9507850455120206, "min": 0.9371567638590932, "max": 0.9681626786477864, "mean": 0.949556538183242, "std": 0.008024283702075237, "repeat": 10, "number": 1}]}, "solarposition.SolarPosition.time_sun_rise_set_transit_spa": {"result": [3.5987264909781516], "stats": [{"ci_99": [3.570581268993419, 3.621815235345412], "q_25": 3.5916309762978926, "q_75": 3.6032937668496743, "min": 3.581374850589782, "max": 3.6059651761315763, "mean": 3.5961982521694154, "std": 0.009420029556427189, "repeat": 4, "number": 1}]}, "temperature.Fuentes.time_fuentes": NaN, "tracking.SingleAxis.time_singleaxis": {"result": [0.04947950388304889], "stats": [{"ci_99": [0.04744988679885864, 0.06489137141034007], "q_25": 0.0492265789071098, "q_75": 0.05186800810042769, "min": 0.04744988679885864, "max": 0.06489137141034007, "mean": 0.05217901584692299, "std": 0.005767200536363292, "repeat": 10, "number": 1}]}, "tracking.SingleAxis.time_tracker_singleaxis": {"result": [0.05057669850066304], "stats": [{"ci_99": [0.04855085676535964, 0.062445898074656725], "q_25": 0.050027960212901235, "q_75": 0.052935674553737044, "min": 0.04855085676535964, "max": 0.062445898074656725, "mean": 0.05222111660987139, "std": 0.0040351677947742595, "repeat": 10, "number": 1}]}}, "params": {"arch": "x86_64", "cpu": "Intel Xeon Processor (Skylake, IBRS)", "machine": "pvlib-asv.forecasting.energy.arizona.edu", "num_cpu": "4", "os": "Linux 5.7.8-200.fc32.x86_64", "ram": "8145244", "python": "3.7", "ephem": "3.7.6.0", "numpy": "1.18.5", "pandas": "1.1.0", "pytables": "3.6.1", "scipy": "1.2.0"}, "requirements": {"ephem": "3.7.6.0", "numpy": "1.18.5", "pandas": "1.1.0", "pytables": "3.6.1", "scipy": "1.2.0"}, "commit_hash": "74e500bf51bcc4f8a2ca52c7abeb3faf54c00169", "date": 1471551680000, "env_name": "conda-py3.7-ephem3.7.6.0-numpy1.18.5-pandas1.1.0-pytables3.6.1-scipy1.2.0", "python": "3.7", "profiles": {}, "started_at": {"irradiance.Irradiance.time_aoi": 1599436436787, "irradiance.Irradiance.time_aoi_projection": 1599436451712, "irradiance.Irradiance.time_dirindex": 1599436312249, "irradiance.Irradiance.time_dirint": 1599436466736, "irradiance.Irradiance.time_disc": 1599436482011, "irradiance.Irradiance.time_erbs": 1599436496936, "irradiance.Irradiance.time_get_extra_radiation": 1599436361434, "irradiance.Irradiance.time_get_ground_diffuse": 1599436365192, "irradiance.Irradiance.time_get_total_irradiance": 1599436369000, "location.Location.time_location_get_airmass": 1599436511960, "location.Location.time_location_get_clearsky": 1599436517771, "location.Location.time_location_get_solarposition": 1599436526236, "location.Location_0_6_1.time_location_get_sun_rise_set_transit_pyephem": 1599436537254, "location.Location_0_6_1.time_location_get_sun_rise_set_transit_spa": 1599436537307, "solarposition.SolarPosition.time_ephemeris": 1599436398207, "solarposition.SolarPosition.time_ephemeris_localized": 1599436398310, "solarposition.SolarPosition.time_nrel_earthsun_distance": 1599436537360, "solarposition.SolarPosition.time_spa_python": 1599436539366, "solarposition.SolarPosition.time_sun_rise_set_transit_spa": 1599436545178, "temperature.Fuentes.time_fuentes": 1599436556046, "tracking.SingleAxis.time_singleaxis": 1599436556302, "tracking.SingleAxis.time_tracker_singleaxis": 1599436566220}, "ended_at": {"irradiance.Irradiance.time_aoi": 1599436451711, "irradiance.Irradiance.time_aoi_projection": 1599436466736, "irradiance.Irradiance.time_dirindex": 1599436316007, "irradiance.Irradiance.time_dirint": 1599436482011, "irradiance.Irradiance.time_disc": 1599436496935, "irradiance.Irradiance.time_erbs": 1599436511960, "irradiance.Irradiance.time_get_extra_radiation": 1599436365192, "irradiance.Irradiance.time_get_ground_diffuse": 1599436369000, "irradiance.Irradiance.time_get_total_irradiance": 1599436372808, "location.Location.time_location_get_airmass": 1599436517771, "location.Location.time_location_get_clearsky": 1599436526236, "location.Location.time_location_get_solarposition": 1599436537254, "location.Location_0_6_1.time_location_get_sun_rise_set_transit_pyephem": 1599436537307, "location.Location_0_6_1.time_location_get_sun_rise_set_transit_spa": 1599436537360,