{"results": {"irradiance.Irradiance.time_aoi": {"result": [0.002388328919187188], "stats": [{"ci_99": [0.0023521983996033667, 0.0024127299897372723], "q_25": 0.002379743685014546, "q_75": 0.0024020677665248513, "min": 0.0023521983996033667, "max": 0.0024127299897372723, "mean": 0.0023874210752546786, "std": 1.9500883793686133e-05, "repeat": 10, "number": 5}]}, "irradiance.Irradiance.time_aoi_projection": {"result": [0.0021165222860872746], "stats": [{"ci_99": [0.002093544788658619, 0.002273902203887701], "q_25": 0.0021039942745119332, "q_75": 0.002152900560759008, "min": 0.002093544788658619, "max": 0.002273902203887701, "mean": 0.0021365176606923343, "std": 5.226445516394301e-05, "repeat": 10, "number": 5}]}, "irradiance.Irradiance.time_dirindex": {"result": [0.06607746635563672], "stats": [{"ci_99": [0.06454646959900856, 0.07077492401003838], "q_25": 0.06498752138577402, "q_75": 0.06683808623347431, "min": 0.06454646959900856, "max": 0.07077492401003838, "mean": 0.06639114008285105, "std": 0.0017923010530817372, "repeat": 10, "number": 1}]}, "irradiance.Irradiance.time_dirint": {"result": [0.032591928262263536], "stats": [{"ci_99": [0.03164235921576619, 0.03587207989767194], "q_25": 0.031782271922566, "q_75": 0.03371452575083822, "min": 0.03164235921576619, "max": 0.03587207989767194, "mean": 0.033068881882354614, "std": 0.0015544548658408118, "repeat": 10, "number": 1}]}, "irradiance.Irradiance.time_disc": {"result": [0.01251355605199933], "stats": [{"ci_99": [0.012078779749572277, 0.012742366176098585], "q_25": 0.012275308487005532, "q_75": 0.01263478270266205, "min": 0.012078779749572277, "max": 0.012742366176098585, "mean": 0.012452032696455718, "std": 0.00022095739471352126, "repeat": 10, "number": 1}]}, "irradiance.Irradiance.time_erbs": {"result": [0.007312206202186644], "stats": [{"ci_99": [0.007254251977428794, 0.0074290253687649965], "q_25": 0.007297587348148227, "q_75": 0.007350555912125856, "min": 0.007254251977428794, "max": 0.0074290253687649965, "mean": 0.007325406023301184, "std": 4.804167081956007e-05, "repeat": 10, "number": 2}]}, "irradiance.Irradiance.time_get_extra_radiation": {"result": [0.0005300530698150397], "stats": [{"ci_99": [0.0005232131574302912, 0.000535443564876914], "q_25": 0.0005275065370369703, "q_75": 0.0005326239624992013, "min": 0.0005232131574302912, "max": 0.000535443564876914, "mean": 0.0005299512436613441, "std": 3.6923446667802366e-06, "repeat": 10, "number": 20}]}, "irradiance.Irradiance.time_get_ground_diffuse": {"result": [0.00034462439361959696], "stats": [{"ci_99": [0.000325679499655962, 0.00036555025726556776], "q_25": 0.00032753864070400596, "q_75": 0.00036021823761984707, "min": 0.000325679499655962, "max": 0.00036555025726556776, "mean": 0.00034477248166998235, "std": 1.7250691668222946e-05, "repeat": 10, "number": 30}]}, "irradiance.Irradiance.time_get_total_irradiance": {"result": [0.004602407958979408], "stats": [{"ci_99": [0.004563188645988703, 0.004685184607903163], "q_25": 0.004577661127162476, "q_75": 0.004659666369358699, "min": 0.004563188645988703, "max": 0.004685184607903163, "mean": 0.004616258976360163, "std": 4.372600881104694e-05, "repeat": 10, "number": 3}]}, "location.Location.time_location_get_airmass": {"result": [0.0013730395876336843], "stats": [{"ci_99": [0.0013669861946254969, 0.001467573398258537], "q_25": 0.001368814511806704, "q_75": 0.0013812442775815725, "min": 0.0013669861946254969, "max": 0.001467573398258537, "mean": 0.0013831111253239214, "std": 2.8751137701381662e-05, "repeat": 10, "number": 8}]}, "location.Location.time_location_get_clearsky": {"result": [0.009371965657919645], "stats": [{"ci_99": [0.00926361745223403, 0.009449359029531479], "q_25": 0.009320350363850594, "q_75": 0.009427249256987125, "min": 0.00926361745223403, "max": 0.009449359029531479, "mean": 0.009369224240072072, "std": 6.212069976859802e-05, "repeat": 10, "number": 2}]}, "location.Location.time_location_get_solarposition": {"result": [0.015136458678171039], "stats": [{"ci_99": [0.015074457041919231, 0.015236460138112307], "q_25": 0.015099416603334248, "q_75": 0.015149034792557359, "min": 0.015074457041919231, "max": 0.015236460138112307, "mean": 0.015132972644641996, "std": 4.4422044673493816e-05, "repeat": 10, "number": 1}]}, "location.Location_0_6_1.time_location_get_sun_rise_set_transit_pyephem": {"result": [0.17986809695139527], "stats": [{"ci_99": [0.1795923081226647, 0.18015065975487232], "q_25": 0.17978051269892603, "q_75": 0.17997610056772828, "min": 0.1795923081226647, "max": 0.18015065975487232, "mean": 0.17987492592073978, "std": 0.00015632253820342987, "repeat": 10, "number": 1}]}, "location.Location_0_6_1.time_location_get_sun_rise_set_transit_spa": {"result": [0.033355950843542814], "stats": [{"ci_99": [0.03318921709433198, 0.03368510212749243], "q_25": 0.03326090890914202, "q_75": 0.03341162751894444, "min": 0.03318921709433198, "max": 0.03368510212749243, "mean": 0.0333757686894387, "std": 0.00014908001682322245, "repeat": 10, "number": 1}]}, "solarposition.SolarPosition.time_ephemeris": {"result": [0.018331882311031222], "stats": [{"ci_99": [0.01811017980799079, 0.018920203670859337], "q_25": 0.0182113922201097, "q_75": 0.018582796212285757, "min": 0.01811017980799079, "max": 0.018920203670859337, "mean": 0.01841624453663826, "std": 0.0002681513840425672, "repeat": 10, "number": 1}]}, "solarposition.SolarPosition.time_ephemeris_localized": {"result": [0.018180781975388527], "stats": [{"ci_99": [0.01797877624630928, 0.018373049795627594], "q_25": 0.018145253183320165, "q_75": 0.018245359882712364, "min": 0.01797877624630928, "max": 0.018373049795627594, "mean": 0.018193764425814152, "std": 0.00010330346290622298, "repeat": 10, "number": 1}]}, "solarposition.SolarPosition.time_nrel_earthsun_distance": {"result": [0.02271976205520332], "stats": [{"ci_99": [0.022622502874583006, 0.022774888202548027], "q_25": 0.0226489418419078, "q_75": 0.022741587017662823, "min": 0.022622502874583006, "max": 0.022774888202548027, "mean": 0.02269960641860962, "std": 5.4053712743567446e-05, "repeat": 10, "number": 1}]}, "solarposition.SolarPosition.time_spa_python": {"result": [0.02580204769037664], "stats": [{"ci_99": [0.025202926713973284, 0.02641669800505042], "q_25": 0.025454213959164917, "q_75": 0.0258263039868325, "min": 0.025202926713973284, "max": 0.02641669800505042, "mean": 0.025715707102790475, "std": 0.0003332245381649834, "repeat": 10, "number": 1}]}, "solarposition.SolarPosition.time_sun_rise_set_transit_spa": {"result": [0.038468810031190515], "stats": [{"ci_99": [0.03810156090185046, 0.03860721085220575], "q_25": 0.03826904040761292, "q_75": 0.0385606576455757, "min": 0.03810156090185046, "max": 0.03860721085220575, "mean": 0.03841815893538296, "std": 0.00017065300425585787, "repeat": 10, "number": 1}]}, "temperature.Fuentes.time_fuentes": NaN, "temperature.SAPM.time_sapm_cell": {"result": [0.0009881381834433837], "stats": [{"ci_99": [0.0009293094785376029, 0.001018682537092404], "q_25": 0.0009457199855453589, "q_75": 0.0010066475317051465, "min": 0.0009293094785376029, "max": 0.001018682537092404, "mean": 0.000977877142246474, "std": 3.14506436332911e-05, "repeat": 10, "number": 11}]}, "tracking.SingleAxis.time_singleaxis": {"result": [0.02051911666058004], "stats": [{"ci_99": [0.017906667198985815, 0.022026054095476866], "q_25": 0.01920546975452453, "q_75": 0.021153074805624783, "min": 0.017906667198985815, "max": 0.022026054095476866, "mean": 0.020239486871287227, "std": 0.0012420175968841346, "repeat": 10, "number": 1}]}, "tracking.SingleAxis.time_tracker_singleaxis": {"result": [0.019147983053699136], "stats": [{"ci_99": [0.01725926762446761, 0.022074654698371887], "q_25": 0.018000340554863214, "q_75": 0.020329987164586782, "min": 0.01725926762446761, "max": 0.022074654698371887, "mean": 0.0192211345769465, "std": 0.001517416680711014, "repeat": 10, "number": 1}]}}, "params": {"arch": "x86_64", "cpu": "Intel Xeon Processor (Skylake, IBRS)",