{"results": {"irradiance.TimeSuite.time_aoi": {"result": [0.0022372896783053875], "stats": [{"ci_99": [0.0021340537816286085, 0.0024208279326558115], "q_25": 0.002164932363666594, "q_75": 0.0023290775017812846, "min": 0.0021340537816286085, "max": 0.0024208279326558115, "mean": 0.0022484290320426226, "std": 9.350421058819448e-05, "repeat": 10, "number": 5}]}, "irradiance.TimeSuite.time_aoi_projection": {"result": [0.0021870565135031937], "stats": [{"ci_99": [0.0021467875689268113, 0.0022338807582855226], "q_25": 0.002158045885153115, "q_75": 0.002212848886847496, "min": 0.0021467875689268113, "max": 0.0022338807582855226, "mean": 0.002186970692127943, "std": 3.0551021156535866e-05, "repeat": 10, "number": 5}]}, "irradiance.TimeSuite.time_dirindex": {"result": [0.14422787446528673], "stats": [{"ci_99": [0.14184442115947604, 0.151337125338614], "q_25": 0.1434033524710685, "q_75": 0.1455484366742894, "min": 0.14184442115947604, "max": 0.151337125338614, "mean": 0.14504385283216834, "std": 0.0026807358376599033, "repeat": 10, "number": 1}]}, "irradiance.TimeSuite.time_dirint": {"result": [0.07308833301067352], "stats": [{"ci_99": [0.07043759897351265, 0.0744270677678287], "q_25": 0.07208678417373449, "q_75": 0.07367835473269224, "min": 0.07043759897351265, "max": 0.0744270677678287, "mean": 0.07285280846990645, "std": 0.0011652116553238574, "repeat": 10, "number": 1}]}, "irradiance.TimeSuite.time_disc": {"result": [0.018549405736848712], "stats": [{"ci_99": [0.017996168229728937, 0.020123443100601435], "q_25": 0.01816634740680456, "q_75": 0.019845236791297793, "min": 0.017996168229728937, "max": 0.020123443100601435, "mean": 0.018946302868425847, "std": 0.0008538997372529321, "repeat": 10, "number": 1}]}, "irradiance.TimeSuite.time_erbs": {"result": [0.013529482297599316], "stats": [{"ci_99": [0.012538305018097162, 0.013782312162220478], "q_25": 0.01347600924782455, "q_75": 0.013614832307212055, "min": 0.012538305018097162, "max": 0.013782312162220478, "mean": 0.013452791003510356, "std": 0.00033239244947623947, "repeat": 10, "number": 1}]}, "irradiance.TimeSuite.time_get_extra_radiation": {"result": [0.002662387734744698], "stats": [{"ci_99": [0.0026427493430674076, 0.002890842966735363], "q_25": 0.002649241767358035, "q_75": 0.002667456690687686, "min": 0.0026427493430674076, "max": 0.002890842966735363, "mean": 0.0026864460087381303, "std": 7.176957216971202e-05, "repeat": 10, "number": 4}]}, "irradiance.TimeSuite.time_get_ground_diffuse": {"result": [0.0005463746891013887], "stats": [{"ci_99": [0.0005073274093631067, 0.0005625323147365922], "q_25": 0.0005398848473927693, "q_75": 0.000553239976350022, "min": 0.0005073274093631067, "max": 0.0005625323147365922, "mean": 0.0005415264173950019, "std": 1.727397977637361e-05, "repeat": 10, "number": 19}]}, "irradiance.TimeSuite.time_get_total_irradiance": {"result": [0.005104043520987034], "stats": [{"ci_99": [0.004987617023289204, 0.005482938373461366], "q_25": 0.005020870768930763, "q_75": 0.005203742068260908, "min": 0.004987617023289204, "max": 0.005482938373461366, "mean": 0.005133813596330583, "std": 0.0001427239057519988, "repeat": 10, "number": 2}]}, "location.TimeSuite.time_location_get_airmass": {"result": [0.001486493245465681], "stats": [{"ci_99": [0.0013615699135698378, 0.0015364891150966287], "q_25": 0.0014785721577936783, "q_75": 0.0014964980509830639, "min": 0.0013615699135698378, "max": 0.0015364891150966287, "mean": 0.0014692016353365033, "std": 5.383786973323267e-05, "repeat": 10, "number": 8}]}, "location.TimeSuite.time_location_get_clearsky": {"result": [0.013318622019141912], "stats": [{"ci_99": [0.01211420027539134, 0.014107120223343372], "q_25": 0.013077586307190359, "q_75": 0.013643162208609283, "min": 0.01211420027539134, "max": 0.014107120223343372, "mean": 0.0132532000541687, "std": 0.0005996288678178148, "repeat": 10, "number": 1}]}, "location.TimeSuite.time_location_get_solarposition": {"result": [0.01765981735661626], "stats": [{"ci_99": [0.01747462060302496, 0.018048326019197702], "q_25": 0.0175791495712474, "q_75": 0.01786550844553858, "min": 0.01747462060302496, "max": 0.018048326019197702, "mean": 0.017711746506392956, "std": 0.00019328059656244475, "repeat": 10, "number": 1}]}, "location.TimeSuite.time_location_get_sun_rise_set_transit_pyephem": {"result": [0.1964058370795101], "stats": [{"ci_99": [0.1796929370611906, 0.19765959680080414], "q_25": 0.19620258396025747, "q_75": 0.1965326766949147, "min": 0.1796929370611906, "max": 0.19765959680080414, "mean": 0.19482290879823266, "std": 0.005064172169199551, "repeat": 10, "number": 1}]}, "location.TimeSuite.time_location_get_sun_rise_set_transit_spa": {"result": [0.042429223889485], "stats": [{"ci_99": [0.042049023788422346, 0.04271884821355343], "q_25": 0.042303459253162146, "q_75": 0.04261651786509901, "min": 0.042049023788422346, "max": 0.04271884821355343, "mean": 0.04243943514302373, "std": 0.0002108857482659911, "repeat": 10, "number": 1}]}, "solarposition.TimeSuite.time_ephemeris": {"result": [0.024242495885118842], "stats": [{"ci_99": [0.023592679295688868, 0.025381228886544704], "q_25": 0.023850967991165817, "q_75": 0.024986814707517624, "min": 0.023592679295688868, "max": 0.025381228886544704, "mean": 0.024393357848748565, "std": 0.0006578638788941566, "repeat": 10, "number": 1}]}, "solarposition.TimeSuite.time_ephemeris_localized": {"result": [0.024837634526193142], "stats": [{"ci_99": [0.02364853909239173, 0.02564564673230052], "q_25": 0.02454242156818509, "q_75": 0.02546272170729935, "min": 0.02364853909239173, "max": 0.02564564673230052, "mean": 0.024820100143551828, "std": 0.0006794720023384904, "repeat": 10, "number": 1}]}, "solarposition.TimeSuite.time_nrel_earthsun_distance": {"result": [0.02296694158576429], "stats": [{"ci_99": [0.022517750971019268, 0.02307504089549184], "q_25": 0.02295257756486535, "q_75": 0.022980103152804077, "min": 0.022517750971019268, "max": 0.02307504089549184, "mean": 0.022932854015380144, "std": 0.00014295278572186326, "repeat": 10, "number": 1}]}, "solarposition.TimeSuite.time_spa_python": {"result": [0.028222389752045274], "stats": [{"ci_99": [0.02797606261447072, 0.028706400655210018], "q_25": 0.02815944142639637, "q_75": 0.028278487850911915, "min": 0.02797606261447072, "max": 0.028706400655210018, "mean": 0.02824448570609093, "std": 0.00017736924794984759, "repeat": 10, "number": 1}]}, "solarposition.TimeSuite.time_sun_rise_set_transit_spa": {"result": [0.048593230778351426], "stats": [{"ci_99": [0.048160598147660494, 0.049335754942148924], "q_25": 0.04830078885424882, "q_75": 0.04873959091491997, "min": 0.048160598147660494, "max": 0.049335754942148924, "mean": 0.048605764051899314, "std": 0.0003511243673185644, "repeat": 10, "number": 1}]}, "tracking.TimeSuite.time_singleaxis": {"result": [0.006729293032549322], "stats": [{"ci_99": [0.006349904462695122, 0.0070726824924349785], "q_25": 0.006464603648055345, "q_75": 0.006820385344326496, "min": 0.006349904462695122, "max": 0.0070726824924349785, "mean": 0.006689003016799688, "std": 0.00023365641652543163, "repeat": 10, "number": 2}]}, "tracking.TimeSuite.time_tracker_singleaxis": {"result": [0.006681983941234648], "stats": [{"ci_99": [0.00636744499206543, 0.00698587903752923], "q_25": 0.0065966626862064, "q_75": 0.006839116977062076, "min": 0.00636744499206543, "max": 0.00698587903752923, "mean": 0.0066887250170111654, "std": 0.00020015516734190556, "repeat": 10, "number": 2}]}}, "params": {"arch": "x86_64", "cpu": "Intel Xeon Processor (Skylake, IBRS)", "machine": "pvlib-asv.forecasting.energy.arizona.edu", "num_cpu": "4", "os": "Linux 5.7.8-200.fc32.x86_64", "ram": "8145244", "python": "3.7", "ephem": "3.7.6.0", "numpy": "1.18.5", "pandas": "1.1.0", "pytables": "3.6.1", "scipy": "1.2.0"}, "requirements": {"ephem": "3.7.6.0", "numpy": "1.18.5", "pandas": "1.1.0", "pytables": "3.6.1", "scipy": "1.2.0"}, "commit_hash": "75369dcabacb6c6c38790cc23825f33f155ad1a9", "date": 1598489439000,