{"results": {"irradiance.Irradiance.time_aoi": {"result": [0.0023273007012903687], "stats": [{"ci_99": [0.0022964886389672755, 0.002350310329347849], "q_25": 0.00231248012278229, "q_75": 0.0023375256452709435, "min": 0.0022964886389672755, "max": 0.002350310329347849, "mean": 0.0023249250557273627, "std": 1.6883198026251275e-05, "repeat": 10, "number": 5}]}, "irradiance.Irradiance.time_aoi_projection": {"result": [0.0021155473776161672], "stats": [{"ci_99": [0.00209113759920001, 0.0021827264688909056], "q_25": 0.002102870051749051, "q_75": 0.0021351953502744435, "min": 0.00209113759920001, "max": 0.0021827264688909056, "mean": 0.0021220371406525376, "std": 2.637936912195262e-05, "repeat": 10, "number": 5}]}, "irradiance.Irradiance.time_dirindex": {"result": [0.0653009086381644], "stats": [{"ci_99": [0.06435355730354786, 0.06574816396459937], "q_25": 0.0650355628458783, "q_75": 0.06545838934835047, "min": 0.06435355730354786, "max": 0.06574816396459937, "mean": 0.0652244143653661, "std": 0.0003967326634455127, "repeat": 10, "number": 1}]}, "irradiance.Irradiance.time_dirint": {"result": [0.03252268582582474], "stats": [{"ci_99": [0.031875369139015675, 0.032875615172088146], "q_25": 0.0320411593420431, "q_75": 0.03266852721571922, "min": 0.031875369139015675, "max": 0.032875615172088146, "mean": 0.03240851275622845, "std": 0.00035924570104465045, "repeat": 10, "number": 1}]}, "irradiance.Irradiance.time_disc": {"result": [0.012590453960001469], "stats": [{"ci_99": [0.012073996011167765, 0.013572669122368097], "q_25": 0.012161478167399764, "q_75": 0.013014868018217385, "min": 0.012073996011167765, "max": 0.013572669122368097, "mean": 0.01263194615021348, "std": 0.0005174739304556999, "repeat": 10, "number": 1}]}, "irradiance.Irradiance.time_erbs": {"result": [0.007369981613010168], "stats": [{"ci_99": [0.007274066563695669, 0.007453785976395011], "q_25": 0.007311023306101561, "q_75": 0.00744180689798668, "min": 0.007274066563695669, "max": 0.007453785976395011, "mean": 0.0073731455486267805, "std": 6.640049447622697e-05, "repeat": 10, "number": 2}]}, "irradiance.Irradiance.time_get_extra_radiation": {"result": [0.0005379237087541505], "stats": [{"ci_99": [0.000532544953258414, 0.000540524329009809], "q_25": 0.0005354271883046941, "q_75": 0.0005387207983355772, "min": 0.000532544953258414, "max": 0.000540524329009809, "mean": 0.0005372647980326099, "std": 2.4250680776827594e-06, "repeat": 10, "number": 19}]}, "irradiance.Irradiance.time_get_ground_diffuse": {"result": [0.00035318926036838566], "stats": [{"ci_99": [0.0003503386021381424, 0.00037206565180132465], "q_25": 0.00035276173448730864, "q_75": 0.00035482255982295153, "min": 0.0003503386021381424, "max": 0.00037206565180132465, "mean": 0.00035528195571274526, "std": 5.877280675139755e-06, "repeat": 10, "number": 31}]}, "irradiance.Irradiance.time_get_total_irradiance": {"result": [0.004541213236128291], "stats": [{"ci_99": [0.004435620115449031, 0.004677715245634317], "q_25": 0.00451727828476578, "q_75": 0.004581893367382388, "min": 0.004435620115449031, "max": 0.004677715245634317, "mean": 0.0045560696627944715, "std": 7.241348523987474e-05, "repeat": 10, "number": 3}]}, "location.Location.time_location_get_airmass": {"result": [0.0013819378218613565], "stats": [{"ci_99": [0.0013700404088012874, 0.0014196985866874456], "q_25": 0.001378061031573452, "q_75": 0.0014067272568354383, "min": 0.0013700404088012874, "max": 0.0014196985866874456, "mean": 0.001390267931856215, "std": 1.6912581252672865e-05, "repeat": 10, "number": 8}]}, "location.Location.time_location_get_clearsky": {"result": [0.009598428499884903], "stats": [{"ci_99": [0.009454075945541263, 0.010031860554590821], "q_25": 0.00951969827292487, "q_75": 0.009796514234039932, "min": 0.009454075945541263, "max": 0.010031860554590821, "mean": 0.009663801244460046, "std": 0.00018740809577417957, "repeat": 10, "number": 2}]}, "location.Location.time_location_get_solarposition": {"result": [0.014956531580537558], "stats": [{"ci_99": [0.014884667936712503, 0.015524131245911121], "q_25": 0.014945273869670928, "q_75": 0.014983498374931514, "min": 0.014884667936712503, "max": 0.015524131245911121, "mean": 0.01503908964805305, "std": 0.000197010127984497, "repeat": 10, "number": 1}]}, "location.Location_0_6_1.time_location_get_sun_rise_set_transit_pyephem": {"result": [0.18200679938308895], "stats": [{"ci_99": [0.18124697729945183, 0.18327024765312672], "q_25": 0.18160850077401847, "q_75": 0.18252163648139685, "min": 0.18124697729945183, "max": 0.18327024765312672, "mean": 0.18212010064162315, "std": 0.0006300077377127158, "repeat": 10, "number": 1}]}, "location.Location_0_6_1.time_location_get_sun_rise_set_transit_spa": {"result": [0.032299431040883064], "stats": [{"ci_99": [0.032210132107138634, 0.03297238610684872], "q_25": 0.0322511758422479, "q_75": 0.03249899495858699, "min": 0.032210132107138634, "max": 0.03297238610684872, "mean": 0.03240302340127528, "std": 0.00023675503054638105, "repeat": 10, "number": 1}]}, "solarposition.SolarPosition.time_ephemeris": {"result": [0.018402440240606666], "stats": [{"ci_99": [0.01809456292539835, 0.018892635125666857], "q_25": 0.018147880327887833, "q_75": 0.018565558828413486, "min": 0.01809456292539835, "max": 0.018892635125666857, "mean": 0.01841123732738197, "std": 0.00027327682873508986, "repeat": 10, "number": 1}]}, "solarposition.SolarPosition.time_ephemeris_localized": {"result": [0.01836110046133399], "stats": [{"ci_99": [0.018066449090838432, 0.019213141407817602], "q_25": 0.018286371952854097, "q_75": 0.018622560775838792, "min": 0.018066449090838432, "max": 0.019213141407817602, "mean": 0.018496631132438778, "std": 0.0003338483791514293, "repeat": 10, "number": 1}]}, "solarposition.SolarPosition.time_nrel_earthsun_distance": {"result": [0.022674200357869267], "stats": [{"ci_99": [0.02216733107343316, 0.02283832710236311], "q_25": 0.022590204956941307, "q_75": 0.02278945059515536, "min": 0.02216733107343316, "max": 0.02283832710236311, "mean": 0.022619579825550316, "std": 0.00021372277631819605, "repeat": 10, "number": 1}]}, "solarposition.SolarPosition.time_spa_python": {"result": [0.025543782161548734], "stats": [{"ci_99": [0.025039478205144405, 0.025821743067353964], "q_25": 0.02542010589968413, "q_75": 0.02562427124939859, "min": 0.025039478205144405, "max": 0.025821743067353964, "mean": 0.02548379828222096, "std": 0.00023091494039532973, "repeat": 10, "number": 1}]}, "solarposition.SolarPosition.time_sun_rise_set_transit_spa": {"result": [0.03732097242027521], "stats": [{"ci_99": [0.03700010431930423, 0.03768611792474985], "q_25": 0.03722283383831382, "q_75": 0.03750417102128267, "min": 0.03700010431930423, "max": 0.03768611792474985, "mean": 0.037342075956985354, "std": 0.00020859713120702217, "repeat": 10, "number": 1}]}, "temperature.Fuentes.time_fuentes": NaN, "temperature.SAPM.time_sapm_cell": {"result": [0.0009780269624157386], "stats": [{"ci_99": [0.0009660611606457016, 0.0010086564262482252], "q_25": 0.0009744789938188412, "q_75": 0.0010033297479491341, "min": 0.0009660611606457016, "max": 0.0010086564262482252, "mean": 0.0009864061859182337, "std": 1.543411098453305e-05, "repeat": 10, "number": 11}]}, "tracking.SingleAxis.time_singleaxis": {"result": [0.021100092446431518], "stats": [{"ci_99": [0.018158953171223402, 0.023373430129140615], "q_25": 0.019841960514895618, "q_75": 0.021420926437713206, "min": 0.018158953171223402, "max": 0.023373430129140615, "mean": 0.020759584521874784, "std": 0.0013479986326362559, "repeat": 10, "number": 1}]}, "tracking.SingleAxis.time_tracker_singleaxis": {"result": [0.020838171942159534], "stats": [{"ci_99": [0.018346653319895267, 0.02249258803203702], "q_25": 0.020586058381013572, "q_75": 0.02140703226905316, "min": 0.018346653319895267, "max": 0.02249258803203702, "mean": 0.02083190674893558, "std": 0.0010118934600986049, "repeat": 10, "number": 1}]}}, "params": {"arch": "x86_64", "cpu": "Intel Xeon Processor (Skylake, IBRS)",