{"results": {"irradiance.TimeSuite.time_aoi": {"result": [0.0022032714914530516], "stats": [{"ci_99": [0.002162506524473429, 0.002387620322406292], "q_25": 0.0021885497961193325, "q_75": 0.00223599795717746, "min": 0.002162506524473429, "max": 0.002387620322406292, "mean": 0.002224714383482933, "std": 6.202667956906052e-05, "repeat": 10, "number": 5}]}, "irradiance.TimeSuite.time_aoi_projection": {"result": [0.0021903623361140493], "stats": [{"ci_99": [0.002124743722379208, 0.0023322765715420245], "q_25": 0.002139996597543359, "q_75": 0.0022322961362078787, "min": 0.002124743722379208, "max": 0.0023322765715420245, "mean": 0.0021960953716188667, "std": 6.263126365960473e-05, "repeat": 10, "number": 5}]}, "irradiance.TimeSuite.time_dirindex": {"result": [0.14479715004563332], "stats": [{"ci_99": [0.1427641729824245, 0.14824307104572654], "q_25": 0.14382640656549484, "q_75": 0.14652735914569348, "min": 0.1427641729824245, "max": 0.14824307104572654, "mean": 0.14524277090094984, "std": 0.0018372781554208228, "repeat": 10, "number": 1}]}, "irradiance.TimeSuite.time_dirint": {"result": [0.07083244505338371], "stats": [{"ci_99": [0.06967391399666667, 0.07186773093417287], "q_25": 0.07048108731396496, "q_75": 0.07117365207523108, "min": 0.06967391399666667, "max": 0.07186773093417287, "mean": 0.07082397090271116, "std": 0.0005742294629192952, "repeat": 10, "number": 1}]}, "irradiance.TimeSuite.time_disc": {"result": [0.019448515959084034], "stats": [{"ci_99": [0.018743149936199188, 0.019904116168618202], "q_25": 0.01932152220979333, "q_75": 0.019511310034431517, "min": 0.018743149936199188, "max": 0.019904116168618202, "mean": 0.019416178483515976, "std": 0.0002880059651970872, "repeat": 10, "number": 1}]}, "irradiance.TimeSuite.time_erbs": {"result": [0.01256713061593473], "stats": [{"ci_99": [0.012277930974960327, 0.013516291044652462], "q_25": 0.01239209109917283, "q_75": 0.012748156674206257, "min": 0.012277930974960327, "max": 0.013516291044652462, "mean": 0.012684627436101437, "std": 0.00040798750984302767, "repeat": 10, "number": 1}]}, "irradiance.TimeSuite.time_get_extra_radiation": {"result": [0.002671319933142513], "stats": [{"ci_99": [0.0026412964798510075, 0.002891689771786332], "q_25": 0.002655745920492336, "q_75": 0.0026889073196798563, "min": 0.0026412964798510075, "max": 0.002891689771786332, "mean": 0.0027079072780907152, "std": 8.866866345159503e-05, "repeat": 10, "number": 4}]}, "irradiance.TimeSuite.time_get_ground_diffuse": {"result": [0.000539729231968522], "stats": [{"ci_99": [0.0005056898575276136, 0.0005522193387150764], "q_25": 0.0005342468386515974, "q_75": 0.0005484677269123494, "min": 0.0005056898575276136, "max": 0.0005522193387150764, "mean": 0.0005381269915960728, "std": 1.3133849081661293e-05, "repeat": 10, "number": 20}]}, "irradiance.TimeSuite.time_get_total_irradiance": {"result": [0.0051256290171295404], "stats": [{"ci_99": [0.005050687352195382, 0.005365271586924791], "q_25": 0.005109521618578583, "q_75": 0.0052574657602235675, "min": 0.005050687352195382, "max": 0.005365271586924791, "mean": 0.005179140251129866, "std": 9.826161750024975e-05, "repeat": 10, "number": 2}]}, "location.TimeSuite.time_location_get_airmass": {"result": [0.0014723480146910464], "stats": [{"ci_99": [0.0013692729574229037, 0.0014908438814537866], "q_25": 0.001464438292064837, "q_75": 0.001483645722536104, "min": 0.0013692729574229037, "max": 0.0014908438814537866, "mean": 0.0014576087971883164, "std": 4.0456872313859255e-05, "repeat": 10, "number": 7}]}, "location.TimeSuite.time_location_get_clearsky": {"result": [0.01311575947329402], "stats": [{"ci_99": [0.012300974689424038, 0.013618080876767635], "q_25": 0.013052573194727302, "q_75": 0.013279477716423571, "min": 0.012300974689424038, "max": 0.013618080876767635, "mean": 0.013106747949495911, "std": 0.0003282356673128805, "repeat": 10, "number": 1}]}, "location.TimeSuite.time_location_get_solarposition": {"result": [0.017772102961316705], "stats": [{"ci_99": [0.017708984669297934, 0.01787307718768716], "q_25": 0.017740665352903306, "q_75": 0.01782422058749944, "min": 0.017708984669297934, "max": 0.01787307718768716, "mean": 0.01778102833777666, "std": 5.219429754609208e-05, "repeat": 10, "number": 1}]}, "location.TimeSuite.time_location_get_sun_rise_set_transit_pyephem": {"result": [0.20285707898437977], "stats": [{"ci_99": [0.20039199525490403, 0.20346858305856586], "q_25": 0.20235703676007688, "q_75": 0.20297038194257766, "min": 0.20039199525490403, "max": 0.20346858305856586, "mean": 0.20260096830315888, "std": 0.0008395981657942069, "repeat": 10, "number": 1}]}, "location.TimeSuite.time_location_get_sun_rise_set_transit_spa": {"result": [0.04303222754970193], "stats": [{"ci_99": [0.042834856547415257, 0.04342034924775362], "q_25": 0.042940817889757454, "q_75": 0.04329938569571823, "min": 0.042834856547415257, "max": 0.04342034924775362, "mean": 0.04310775669291615, "std": 0.0002067809397739049, "repeat": 10, "number": 1}]}, "solarposition.TimeSuite.time_ephemeris": {"result": [0.025094000389799476], "stats": [{"ci_99": [0.024494413752108812, 0.026054462883621454], "q_25": 0.025046739145182073, "q_75": 0.02516138181090355, "min": 0.024494413752108812, "max": 0.026054462883621454, "mean": 0.025185308093205093, "std": 0.0004634196060601246, "repeat": 10, "number": 1}]}, "solarposition.TimeSuite.time_ephemeris_localized": {"result": [0.024650382809340954], "stats": [{"ci_99": [0.0235617789439857, 0.026287139859050512], "q_25": 0.023673027055338025, "q_75": 0.0252026537200436, "min": 0.0235617789439857, "max": 0.026287139859050512, "mean": 0.02464161184616387, "std": 0.0009614040670199624, "repeat": 10, "number": 1}]}, "solarposition.TimeSuite.time_nrel_earthsun_distance": {"result": [0.023425817489624023], "stats": [{"ci_99": [0.022983815986663103, 0.024115296080708504], "q_25": 0.02320647961460054, "q_75": 0.023542977403849363, "min": 0.022983815986663103, "max": 0.024115296080708504, "mean": 0.023431996162980796, "std": 0.00031832012748101574, "repeat": 10, "number": 1}]}, "solarposition.TimeSuite.time_spa_python": {"result": [0.028613950591534376], "stats": [{"ci_99": [0.028165047988295555, 0.029294032137840986], "q_25": 0.02844572509638965, "q_75": 0.02910580299794674, "min": 0.028165047988295555, "max": 0.029294032137840986, "mean": 0.028726001223549246, "std": 0.0003794858639752711, "repeat": 10, "number": 1}]}, "solarposition.TimeSuite.time_sun_rise_set_transit_spa": {"result": [0.0499126308131963], "stats": [{"ci_99": [0.04944715974852443, 0.0514085297472775], "q_25": 0.04964677430689335, "q_75": 0.05012189969420433, "min": 0.04944715974852443, "max": 0.0514085297472775, "mean": 0.05001861718483269, "std": 0.000540503176153845, "repeat": 10, "number": 1}]}, "tracking.TimeSuite.time_singleaxis": {"result": [0.006585297407582402], "stats": [{"ci_99": [0.006217663176357746, 0.007270833011716604], "q_25": 0.006382567400578409, "q_75": 0.006719831959344447, "min": 0.006217663176357746, "max": 0.007270833011716604, "mean": 0.006615347927436233, "std": 0.00030389348789621796, "repeat": 10, "number": 2}]}, "tracking.TimeSuite.time_tracker_singleaxis": {"result": [0.006636455655097961], "stats": [{"ci_99": [0.006436950992792845, 0.007118953159078956], "q_25": 0.00654082908295095, "q_75": 0.0067381467670202255, "min": 0.006436950992792845, "max": 0.007118953159078956, "mean": 0.006664113374426961, "std": 0.00018807879630203416, "repeat": 10, "number": 2}]}}, "params": {"arch": "x86_64", "cpu": "Intel Xeon Processor (Skylake, IBRS)", "machine": "pvlib-asv.forecasting.energy.arizona.edu", "num_cpu": "4", "os": "Linux 5.7.8-200.fc32.x86_64", "ram": "8145244", "python": "3.7", "ephem": "3.7.6.0", "numpy": "1.18.5", "pandas": "1.1.0", "pytables": "3.6.1", "scipy": "1.2.0"}, "requirements": {"ephem": "3.7.6.0", "numpy": "1.18.5", "pandas": "1.1.0", "pytables": "3.6.1", "scipy": "1.2.0"}, "commit_hash": "775cc6095e476614180b54932de2ec26a2aedc25", "date": 1568660245000,