{"results": {"irradiance.Irradiance.time_aoi": {"result": [0.002316105272620916], "stats": [{"ci_99": [0.0022419676184654235, 0.0023532950319349764], "q_25": 0.002293531666509807, "q_75": 0.0023300562286749484, "min": 0.0022419676184654235, "max": 0.0023532950319349764, "mean": 0.0023097785748541354, "std": 3.106049561707999e-05, "repeat": 10, "number": 5}]}, "irradiance.Irradiance.time_aoi_projection": {"result": [0.0019900765735656025], "stats": [{"ci_99": [0.0019431276246905326, 0.0020525037311017514], "q_25": 0.0019752795342355967, "q_75": 0.002007287857122719, "min": 0.0019431276246905326, "max": 0.0020525037311017514, "mean": 0.0019929931219667195, "std": 3.161445553156906e-05, "repeat": 10, "number": 5}]}, "irradiance.Irradiance.time_dirindex": {"result": [0.13973391707986593], "stats": [{"ci_99": [0.13756610406562686, 0.14263666421175003], "q_25": 0.13901107828132808, "q_75": 0.14099862822331488, "min": 0.13756610406562686, "max": 0.14263666421175003, "mean": 0.139867944130674, "std": 0.0015185736295648628, "repeat": 10, "number": 1}]}, "irradiance.Irradiance.time_dirint": {"result": [0.06957056093961], "stats": [{"ci_99": [0.06796861300244927, 0.07389050116762519], "q_25": 0.06898525590077043, "q_75": 0.07015630835667253, "min": 0.06796861300244927, "max": 0.07389050116762519, "mean": 0.06981232948601246, "std": 0.0015546923386555748, "repeat": 10, "number": 1}]}, "irradiance.Irradiance.time_disc": {"result": [0.0194756924174726], "stats": [{"ci_99": [0.018570281099528074, 0.020621957257390022], "q_25": 0.019239047775045037, "q_75": 0.019745251396670938, "min": 0.018570281099528074, "max": 0.020621957257390022, "mean": 0.01946181580424309, "std": 0.000548386592853233, "repeat": 10, "number": 1}]}, "irradiance.Irradiance.time_erbs": {"result": [0.01284755952656269], "stats": [{"ci_99": [0.01200958900153637, 0.013217104133218527], "q_25": 0.012618405395187438, "q_75": 0.01303353370167315, "min": 0.01200958900153637, "max": 0.013217104133218527, "mean": 0.012785168271511793, "std": 0.00033475576939559596, "repeat": 10, "number": 1}]}, "irradiance.Irradiance.time_get_extra_radiation": {"result": [0.0026216968544758856], "stats": [{"ci_99": [0.0025615813210606575, 0.0026566219748929143], "q_25": 0.0026128541212528944, "q_75": 0.0026512084004934877, "min": 0.0025615813210606575, "max": 0.0026566219748929143, "mean": 0.0026229632901959123, "std": 2.9825309829083003e-05, "repeat": 10, "number": 4}]}, "irradiance.Irradiance.time_get_ground_diffuse": {"result": [0.0005363389616832137], "stats": [{"ci_99": [0.0005157202016562223, 0.0005987290991470217], "q_25": 0.0005295407143421471, "q_75": 0.0005481367057655007, "min": 0.0005157202016562223, "max": 0.0005987290991470217, "mean": 0.0005426340363919735, "std": 2.379206913929026e-05, "repeat": 10, "number": 20}]}, "irradiance.Irradiance.time_get_total_irradiance": {"result": [0.005466526141390204], "stats": [{"ci_99": [0.005268497159704566, 0.005560700548812747], "q_25": 0.005357978865504265, "q_75": 0.0055013958481140435, "min": 0.005268497159704566, "max": 0.005560700548812747, "mean": 0.005430770688690245, "std": 9.418627668071777e-05, "repeat": 10, "number": 2}]}, "location.Location.time_location_get_airmass": {"result": [0.0014216848067007959], "stats": [{"ci_99": [0.0014026821008883417, 0.0014279736205935478], "q_25": 0.0014132471551420167, "q_75": 0.0014243132609408349, "min": 0.0014026821008883417, "max": 0.0014279736205935478, "mean": 0.0014187154825776815, "std": 7.513401704032154e-06, "repeat": 10, "number": 8}]}, "location.Location.time_location_get_clearsky": {"result": [0.012714331038296223], "stats": [{"ci_99": [0.012659638188779354, 0.012866266071796417], "q_25": 0.012705855071544647, "q_75": 0.012761124642565846, "min": 0.012659638188779354, "max": 0.012866266071796417, "mean": 0.012732472969219089, "std": 5.5686062189944975e-05, "repeat": 10, "number": 1}]}, "location.Location.time_location_get_solarposition": {"result": [0.018924643518403172], "stats": [{"ci_99": [0.01857857033610344, 0.019038548227399588], "q_25": 0.018910258309915662, "q_75": 0.01899973035324365, "min": 0.01857857033610344, "max": 0.019038548227399588, "mean": 0.018913486506789923, "std": 0.0001277712327780508, "repeat": 10, "number": 1}]}, "location.Location_0_6_1.time_location_get_sun_rise_set_transit_pyephem": NaN, "location.Location_0_6_1.time_location_get_sun_rise_set_transit_spa": NaN, "solarposition.SolarPosition.time_ephemeris": {"result": [0.025798748480156064], "stats": [{"ci_99": [0.024909352883696556, 0.02742469310760498], "q_25": 0.024939874303527176, "q_75": 0.02664329973049462, "min": 0.024909352883696556, "max": 0.02742469310760498, "mean": 0.02587155536748469, "std": 0.0009405967683626782, "repeat": 10, "number": 1}]}, "solarposition.SolarPosition.time_ephemeris_localized": {"result": [0.026020525954663754], "stats": [{"ci_99": [0.0250049508176744, 0.026758932042866945], "q_25": 0.025098596001043916, "q_75": 0.026677511050365865, "min": 0.0250049508176744, "max": 0.026758932042866945, "mean": 0.025917019229382277, "std": 0.0007660767034613998, "repeat": 10, "number": 1}]}, "solarposition.SolarPosition.time_nrel_earthsun_distance": {"result": [0.024018176132813096], "stats": [{"ci_99": [0.023664199747145176, 0.024090833961963654], "q_25": 0.02385458128992468, "q_75": 0.02405942918267101, "min": 0.023664199747145176, "max": 0.024090833961963654, "mean": 0.023945965617895127, "std": 0.0001458806140617798, "repeat": 10, "number": 1}]}, "solarposition.SolarPosition.time_spa_python": {"result": [0.03077596891671419], "stats": [{"ci_99": [0.030164909083396196, 0.037562626879662275], "q_25": 0.03067023982293904, "q_75": 0.033892295556142926, "min": 0.030164909083396196, "max": 0.037562626879662275, "mean": 0.0324420690536499, "std": 0.0028400958416102146, "repeat": 10, "number": 1}]}, "solarposition.SolarPosition.time_sun_rise_set_transit_spa": {"result": [0.05146218556910753], "stats": [{"ci_99": [0.051211527083069086, 0.051857274025678635], "q_25": 0.05144566611852497, "q_75": 0.05159591441042721, "min": 0.051211527083069086, "max": 0.051857274025678635, "mean": 0.05151328225620091, "std": 0.00017080190214175338, "repeat": 10, "number": 1}]}, "temperature.Fuentes.time_fuentes": NaN, "temperature.SAPM.time_sapm_cell": {"result": [0.002191779514153798], "stats": [{"ci_99": [0.0021558114482710757, 0.0022467666616042456], "q_25": 0.0021793733661373458, "q_75": 0.0021961237459133067, "min": 0.0021558114482710757, "max": 0.0022467666616042456, "mean": 0.002191504711906115, "std": 2.2815511728695867e-05, "repeat": 10, "number": 6}]}, "tracking.SingleAxis.time_singleaxis": {"result": [0.006389396148733795], "stats": [{"ci_99": [0.006138909375295043, 0.006679447600618005], "q_25": 0.006281738460529596, "q_75": 0.00660396768944338, "min": 0.006138909375295043, "max": 0.006679447600618005, "mean": 0.00641902934294194, "std": 0.00018221827261238996, "repeat": 10, "number": 2}]}, "tracking.SingleAxis.time_tracker_singleaxis": {"result": [0.006510847480967641], "stats": [{"ci_99": [0.00620069750584662, 0.006786815822124481], "q_25": 0.006379878555890173, "q_75": 0.006717923912219703, "min": 0.00620069750584662, "max": 0.006786815822124481, "mean": 0.006525173434056342, "std": 0.0001976750214229239, "repeat": 10, "number": 2}]}}, "params": {"arch": "x86_64", "cpu": "Intel Xeon Processor (Skylake, IBRS)", "machine": "pvlib-asv.forecasting.energy.arizona.edu", "num_cpu": "4", "os": "Linux 5.7.8-200.fc32.x86_64", "ram": "8145244", "python": "3.8", "numpy": "", "pandas": "", "scipy": "", "pytables": "", "ephem": ""}, "requirements": {"numpy": "", "pandas": "", "scipy": "", "pytables": "", "ephem": ""}, "commit_hash": "7b17d621b6ab9d80b4aea860bef0d2b69bef0977", "date": 1541445709000, "env_name": "conda-py3.8-ephem-numpy-pandas-pytables-scipy", "python": "3.8", "profiles": {}, "started_at": {"irradiance.Irradiance.time_aoi": 1599806217575, "irradiance.Irradiance.time_aoi_projection": 1599806219531,