{"results": {"irradiance.Irradiance.time_aoi": {"result": [0.002356999414041638], "stats": [{"ci_99": [0.0023232622072100638, 0.0023878329433500768], "q_25": 0.002335335989482701, "q_75": 0.0023708441061899067, "min": 0.0023232622072100638, "max": 0.0023878329433500768, "mean": 0.002353906612843275, "std": 2.0677674295824694e-05, "repeat": 10, "number": 5}]}, "irradiance.Irradiance.time_aoi_projection": {"result": [0.0021497765090316536], "stats": [{"ci_99": [0.002090462576597929, 0.0021681396290659906], "q_25": 0.0021441822173073888, "q_75": 0.002161676972173154, "min": 0.002090462576597929, "max": 0.0021681396290659906, "mean": 0.002143150232732296, "std": 2.6551649442388265e-05, "repeat": 10, "number": 5}]}, "irradiance.Irradiance.time_dirindex": {"result": [0.06446241401135921], "stats": [{"ci_99": [0.06332161789759994, 0.06826135003939271], "q_25": 0.06364174385089427, "q_75": 0.06681903440039605, "min": 0.06332161789759994, "max": 0.06826135003939271, "mean": 0.06525571225211024, "std": 0.001838432129438571, "repeat": 10, "number": 1}]}, "irradiance.Irradiance.time_dirint": {"result": [0.03176960162818432], "stats": [{"ci_99": [0.03148198081180453, 0.03748929873108864], "q_25": 0.031635068356990814, "q_75": 0.032143166405148804, "min": 0.03148198081180453, "max": 0.03748929873108864, "mean": 0.032887195656076076, "std": 0.0022736908878550023, "repeat": 10, "number": 1}]}, "irradiance.Irradiance.time_disc": {"result": [0.012512353947386146], "stats": [{"ci_99": [0.012153222691267729, 0.012892405968159437], "q_25": 0.012233249610289931, "q_75": 0.012700649094767869, "min": 0.012153222691267729, "max": 0.012892405968159437, "mean": 0.012490164767950774, "std": 0.0002527045287314358, "repeat": 10, "number": 1}]}, "irradiance.Irradiance.time_erbs": {"result": [0.006802071235142648], "stats": [{"ci_99": [0.006769451545551419, 0.00685624941252172], "q_25": 0.006782754207961261, "q_75": 0.006833760358858854, "min": 0.006769451545551419, "max": 0.00685624941252172, "mean": 0.006808301201090217, "std": 2.8668160462621056e-05, "repeat": 10, "number": 2}]}, "irradiance.Irradiance.time_get_extra_radiation": {"result": [0.0005412362761011249], "stats": [{"ci_99": [0.0005330104184778113, 0.0005462006420681351], "q_25": 0.0005362876016940726, "q_75": 0.0005427890420450192, "min": 0.0005330104184778113, "max": 0.0005462006420681351, "mean": 0.0005397591225214693, "std": 4.232969817047357e-06, "repeat": 10, "number": 19}]}, "irradiance.Irradiance.time_get_ground_diffuse": {"result": [0.00033696949662220094], "stats": [{"ci_99": [0.0003201573816758971, 0.00035816548211920645], "q_25": 0.00032377279844255215, "q_75": 0.00035079743623012496, "min": 0.0003201573816758971, "max": 0.00035816548211920645, "mean": 0.00033750525345244717, "std": 1.488513545830378e-05, "repeat": 10, "number": 31}]}, "irradiance.Irradiance.time_get_total_irradiance": {"result": [0.004842207534238696], "stats": [{"ci_99": [0.004447785516579946, 0.004981939680874348], "q_25": 0.004499900426405172, "q_75": 0.004932183927545945, "min": 0.004447785516579946, "max": 0.004981939680874348, "mean": 0.004745696081469457, "std": 0.00021886684793499678, "repeat": 10, "number": 3}]}, "location.Location.time_location_get_airmass": {"result": [0.001365352829452604], "stats": [{"ci_99": [0.0013580543454736471, 0.0013795424019917846], "q_25": 0.0013614827184937894, "q_75": 0.0013743439776590094, "min": 0.0013580543454736471, "max": 0.0013795424019917846, "mean": 0.0013674510002601892, "std": 7.280249980856547e-06, "repeat": 10, "number": 8}]}, "location.Location.time_location_get_clearsky": {"result": [0.009399285772815347], "stats": [{"ci_99": [0.009343618992716074, 0.009544111089780927], "q_25": 0.0093616207013838, "q_75": 0.009444539668038487, "min": 0.009343618992716074, "max": 0.009544111089780927, "mean": 0.00941658599767834, "std": 6.568355887747558e-05, "repeat": 10, "number": 2}]}, "location.Location.time_location_get_solarposition": {"result": [0.015039495192468166], "stats": [{"ci_99": [0.014761532191187143, 0.015268854796886444], "q_25": 0.014895188971422613, "q_75": 0.015119297080673277, "min": 0.014761532191187143, "max": 0.015268854796886444, "mean": 0.015018213167786598, "std": 0.00015358324725556357, "repeat": 10, "number": 1}]}, "location.Location_0_6_1.time_location_get_sun_rise_set_transit_pyephem": NaN, "location.Location_0_6_1.time_location_get_sun_rise_set_transit_spa": NaN, "solarposition.SolarPosition.time_ephemeris": {"result": [0.01834277855232358], "stats": [{"ci_99": [0.018194148782640696, 0.018836787901818752], "q_25": 0.018282968434505165, "q_75": 0.01847814570646733, "min": 0.018194148782640696, "max": 0.018836787901818752, "mean": 0.018413214664906263, "std": 0.00019161535283557295, "repeat": 10, "number": 1}]}, "solarposition.SolarPosition.time_ephemeris_localized": {"result": [0.01834695297293365], "stats": [{"ci_99": [0.018108905758708715, 0.01878716889768839], "q_25": 0.018274960690177977, "q_75": 0.018552301335148513, "min": 0.018108905758708715, "max": 0.01878716889768839, "mean": 0.01841208362020552, "std": 0.0002017686453585247, "repeat": 10, "number": 1}]}, "solarposition.SolarPosition.time_nrel_earthsun_distance": {"result": [0.022808285197243094], "stats": [{"ci_99": [0.022693427745252848, 0.022910926956683397], "q_25": 0.022758248960599303, "q_75": 0.022828697110526264, "min": 0.022693427745252848, "max": 0.022910926956683397, "mean": 0.02279264098033309, "std": 6.249067961397925e-05, "repeat": 10, "number": 1}]}, "solarposition.SolarPosition.time_spa_python": {"result": [0.025960596511140466], "stats": [{"ci_99": [0.025723864790052176, 0.026376117020845413], "q_25": 0.025857461034320295, "q_75": 0.026026367908343673, "min": 0.025723864790052176, "max": 0.026376117020845413, "mean": 0.02599085047841072, "std": 0.0001893269795235989, "repeat": 10, "number": 1}]}, "solarposition.SolarPosition.time_sun_rise_set_transit_spa": {"result": [0.0381302279420197], "stats": [{"ci_99": [0.0378406117670238, 0.03882528794929385], "q_25": 0.037983359885402024, "q_75": 0.03820915031246841, "min": 0.0378406117670238, "max": 0.03882528794929385, "mean": 0.03815150107257068, "std": 0.00025923810979642864, "repeat": 10, "number": 1}]}, "temperature.Fuentes.time_fuentes": NaN, "temperature.SAPM.time_sapm_cell": {"result": [0.0016366066743752788], "stats": [{"ci_99": [0.00159985784973417, 0.0016616822353431157], "q_25": 0.0016265955720362918, "q_75": 0.0016538166840161597, "min": 0.00159985784973417, "max": 0.0016616822353431157, "mean": 0.0016374464080269851, "std": 1.803084944583377e-05, "repeat": 10, "number": 7}]}, "tracking.SingleAxis.time_singleaxis": {"result": [0.01903868862427771], "stats": [{"ci_99": [0.017156523652374744, 0.01998006086796522], "q_25": 0.01837281370535493, "q_75": 0.019467990845441818, "min": 0.017156523652374744, "max": 0.01998006086796522, "mean": 0.018802564311772584, "std": 0.0008651247708253691, "repeat": 10, "number": 1}]}, "tracking.SingleAxis.time_tracker_singleaxis": {"result": [0.018486148910596967], "stats": [{"ci_99": [0.016684673260897398, 0.020201598294079304], "q_25": 0.01803084067068994, "q_75": 0.019139679963700473, "min": 0.016684673260897398, "max": 0.020201598294079304, "mean": 0.018467187136411666, "std": 0.0009897185748417054, "repeat": 10, "number": 1}]}}, "params": {"arch": "x86_64", "cpu": "Intel Xeon Processor (Skylake, IBRS)", "machine": "pvlib-asv.forecasting.energy.arizona.edu", "num_cpu": "4", "os": "Linux 5.7.8-200.fc32.x86_64", "ram": "8145244", "python": "3.6", "numpy": "1.12.0", "pandas": "0.22.0", "scipy": "1.2.0", "pytables": "3.6.1", "ephem": "3.7.6.0"}, "requirements": {"numpy": "1.12.0", "pandas": "0.22.0", "scipy": "1.2.0", "pytables": "3.6.1", "ephem": "3.7.6.0"}, "commit_hash": "7b17d621b6ab9d80b4aea860bef0d2b69bef0977", "date": 1541445709000, "env_name": "conda-py3.6-ephem3.7.6.0-numpy1.12.0-pandas0.22.0-pytables3.6.1-scipy1.2.0", "python": "3.6", "profiles": {},