{"results": {"irradiance.Irradiance.time_aoi": {"result": [0.0022298885509371754], "stats": [{"ci_99": [0.002187217213213444, 0.00233786478638649], "q_25": 0.0022208955138921737, "q_75": 0.0022356801666319373, "min": 0.002187217213213444, "max": 0.00233786478638649, "mean": 0.0022353240940719845, "std": 3.775847110394755e-05, "repeat": 10, "number": 5}]}, "irradiance.Irradiance.time_aoi_projection": {"result": [0.0022002257872372867], "stats": [{"ci_99": [0.0021355596370995046, 0.002257230971008539], "q_25": 0.002176704374141991, "q_75": 0.002233905252069235, "min": 0.0021355596370995046, "max": 0.002257230971008539, "mean": 0.00220206699334085, "std": 3.8675007468538244e-05, "repeat": 10, "number": 5}]}, "irradiance.Irradiance.time_dirindex": {"result": [0.1443689230363816], "stats": [{"ci_99": [0.14253483898937702, 0.1473784833215177], "q_25": 0.14348136889748275, "q_75": 0.14626689231954515, "min": 0.14253483898937702, "max": 0.1473784833215177, "mean": 0.14484923998825253, "std": 0.0016885672334553054, "repeat": 10, "number": 1}]}, "irradiance.Irradiance.time_dirint": {"result": [0.07101104152388871], "stats": [{"ci_99": [0.06984818587079644, 0.07242560898885131], "q_25": 0.07026422920171171, "q_75": 0.07223202346358448, "min": 0.06984818587079644, "max": 0.07242560898885131, "mean": 0.0711754058022052, "std": 0.0009879530421041396, "repeat": 10, "number": 1}]}, "irradiance.Irradiance.time_disc": {"result": [0.019542196532711387], "stats": [{"ci_99": [0.017974860966205597, 0.020059383008629084], "q_25": 0.019462921773083508, "q_75": 0.019830133765935898, "min": 0.017974860966205597, "max": 0.020059383008629084, "mean": 0.019393616029992698, "std": 0.0006814173281952483, "repeat": 10, "number": 1}]}, "irradiance.Irradiance.time_erbs": {"result": [0.012802776182070374], "stats": [{"ci_99": [0.012594286818057299, 0.013756075408309698], "q_25": 0.012686238158494234, "q_75": 0.01348004990722984, "min": 0.012594286818057299, "max": 0.013756075408309698, "mean": 0.013051229529082775, "std": 0.00044596486067880847, "repeat": 10, "number": 1}]}, "irradiance.Irradiance.time_get_extra_radiation": {"result": [0.002682954363990575], "stats": [{"ci_99": [0.002635801676660776, 0.00292583170812577], "q_25": 0.0026693700638134032, "q_75": 0.0026951234904117882, "min": 0.002635801676660776, "max": 0.00292583170812577, "mean": 0.002711578004527837, "std": 8.613018005741106e-05, "repeat": 10, "number": 4}]}, "irradiance.Irradiance.time_get_ground_diffuse": {"result": [0.0005430407589301467], "stats": [{"ci_99": [0.0005269007058814168, 0.0005569804925471544], "q_25": 0.0005325044330675155, "q_75": 0.0005458506697323173, "min": 0.0005269007058814168, "max": 0.0005569804925471544, "mean": 0.0005412377207539976, "std": 9.321409781239173e-06, "repeat": 10, "number": 20}]}, "irradiance.Irradiance.time_get_total_irradiance": {"result": [0.005027518840506673], "stats": [{"ci_99": [0.00496143273388346, 0.0053637272988756495], "q_25": 0.004981017710330586, "q_75": 0.0050572076967606945, "min": 0.00496143273388346, "max": 0.0053637272988756495, "mean": 0.0050500864163041115, "std": 0.00011153909576509327, "repeat": 10, "number": 3}]}, "location.Location.time_location_get_airmass": {"result": [0.0014860827941447496], "stats": [{"ci_99": [0.0013605147334081785, 0.001521470889981304], "q_25": 0.0014762095608083265, "q_75": 0.0014946650148236324, "min": 0.0013605147334081785, "max": 0.001521470889981304, "mean": 0.0014774362556636334, "std": 4.1467648345394774e-05, "repeat": 10, "number": 7}]}, "location.Location.time_location_get_clearsky": {"result": [0.013131998013705015], "stats": [{"ci_99": [0.013041183818131685, 0.01415765704587102], "q_25": 0.013084921520203352, "q_75": 0.013284956687130034, "min": 0.013041183818131685, "max": 0.01415765704587102, "mean": 0.013330711936578154, "std": 0.0004046184106380455, "repeat": 10, "number": 1}]}, "location.Location.time_location_get_solarposition": {"result": [0.018767562694847584], "stats": [{"ci_99": [0.0177493910305202, 0.01979954494163394], "q_25": 0.01780519203748554, "q_75": 0.019739566138014197, "min": 0.0177493910305202, "max": 0.01979954494163394, "mean": 0.01876915181055665, "std": 0.0009469511012315635, "repeat": 10, "number": 1}]}, "location.Location_0_6_1.time_location_get_sun_rise_set_transit_pyephem": {"result": [0.1979783175047487], "stats": [{"ci_99": [0.19589253794401884, 0.20644446136429906], "q_25": 0.19679481000639498, "q_75": 0.20564298098906875, "min": 0.19589253794401884, "max": 0.20644446136429906, "mean": 0.20059320242144169, "std": 0.004422004024442329, "repeat": 10, "number": 1}]}, "location.Location_0_6_1.time_location_get_sun_rise_set_transit_spa": {"result": [0.04299147054553032], "stats": [{"ci_99": [0.04213466588407755, 0.04379652859643102], "q_25": 0.04290305124595761, "q_75": 0.04318170400802046, "min": 0.04213466588407755, "max": 0.04379652859643102, "mean": 0.043013232620432974, "std": 0.0003895450981948257, "repeat": 10, "number": 1}]}, "solarposition.SolarPosition.time_ephemeris": {"result": [0.024593915091827512], "stats": [{"ci_99": [0.023584034759551287, 0.0254749758169055], "q_25": 0.023970860172994435, "q_75": 0.025164446444250643, "min": 0.023584034759551287, "max": 0.0254749758169055, "mean": 0.02456775764003396, "std": 0.000658125291901861, "repeat": 10, "number": 1}]}, "solarposition.SolarPosition.time_ephemeris_localized": {"result": [0.02491843421012163], "stats": [{"ci_99": [0.02359383273869753, 0.025662186555564404], "q_25": 0.023943324224092066, "q_75": 0.025575828505679965, "min": 0.02359383273869753, "max": 0.025662186555564404, "mean": 0.024770207656547426, "std": 0.0008164814933212259, "repeat": 10, "number": 1}]}, "solarposition.SolarPosition.time_nrel_earthsun_distance": {"result": [0.023113514063879848], "stats": [{"ci_99": [0.022958428133279085, 0.02323740068823099], "q_25": 0.022998711210675538, "q_75": 0.023186350823380053, "min": 0.022958428133279085, "max": 0.02323740068823099, "mean": 0.023099175794050096, "std": 0.00010178439400206551, "repeat": 10, "number": 1}]}, "solarposition.SolarPosition.time_spa_python": {"result": [0.02821466652676463], "stats": [{"ci_99": [0.028066026978194714, 0.02838384872302413], "q_25": 0.028153466410003603, "q_75": 0.02826245583128184, "min": 0.028066026978194714, "max": 0.02838384872302413, "mean": 0.028220961382612587, "std": 9.083625004800556e-05, "repeat": 10, "number": 1}]}, "solarposition.SolarPosition.time_sun_rise_set_transit_spa": {"result": [0.04910162650048733], "stats": [{"ci_99": [0.0486553437076509, 0.05004596570506692], "q_25": 0.04887126630637795, "q_75": 0.04937360365875065, "min": 0.0486553437076509, "max": 0.05004596570506692, "mean": 0.04916343931108713, "std": 0.0003928820690135565, "repeat": 10, "number": 1}]}, "temperature.Fuentes.time_fuentes": {"result": [NaN, null, null], "params": [["'a'", "'b'", "'deltaT'"]]}, "tracking.SingleAxis.time_singleaxis": {"result": [0.006434127455577254], "stats": [{"ci_99": [0.006059704115614295, 0.0068624254781752825], "q_25": 0.006318941945210099, "q_75": 0.0064822070999071, "min": 0.006059704115614295, "max": 0.0068624254781752825, "mean": 0.006438424065709114, "std": 0.00020625225082984515, "repeat": 10, "number": 2}]}, "tracking.SingleAxis.time_tracker_singleaxis": {"result": [0.006533910287544131], "stats": [{"ci_99": [0.006306722527369857, 0.006998246535658836], "q_25": 0.006397864839527756, "q_75": 0.00671696913195774, "min": 0.006306722527369857, "max": 0.006998246535658836, "mean": 0.006576776970177889, "std": 0.0002262494938952947, "repeat": 10, "number": 2}]}, "temperature.SAPM.time_sapm_cell": {"result": [0.002140120090916753], "stats": [{"ci_99": [0.002016510348767042, 0.0022520702332258224], "q_25": 0.0020519990706816317, "q_75": 0.0022269747219979767, "min": 0.002016510348767042, "max": 0.0022520702332258224, "mean": 0.0021383700519800185, "std": 9.28437353117676e-05, "repeat": 10, "number": 5}]}}, "params": {"arch": "x86_64",