{"results": {"irradiance.Irradiance.time_aoi": {"result": [0.002379587525501847], "stats": [{"ci_99": [0.002349974401295185, 0.002436803001910448], "q_25": 0.002359222946688533, "q_75": 0.002394157741218805, "min": 0.002349974401295185, "max": 0.002436803001910448, "mean": 0.0023804696090519426, "std": 2.545502735501773e-05, "repeat": 10, "number": 5}]}, "irradiance.Irradiance.time_aoi_projection": {"result": [0.002134058531373739], "stats": [{"ci_99": [0.0020756909623742105, 0.002163210790604353], "q_25": 0.0020906148944050073, "q_75": 0.0021505569573491813, "min": 0.0020756909623742105, "max": 0.002163210790604353, "mean": 0.002122132806107402, "std": 3.2225561106988324e-05, "repeat": 10, "number": 5}]}, "irradiance.Irradiance.time_dirindex": {"result": [0.06636491627432406], "stats": [{"ci_99": [0.06579813966527581, 0.06758753908798099], "q_25": 0.06611645629163831, "q_75": 0.0666705893818289, "min": 0.06579813966527581, "max": 0.06758753908798099, "mean": 0.06643458432517946, "std": 0.00048293843910453987, "repeat": 10, "number": 1}]}, "irradiance.Irradiance.time_dirint": {"result": [0.03321416559629142], "stats": [{"ci_99": [0.03276535728946328, 0.034208839759230614], "q_25": 0.03314487636089325, "q_75": 0.03337245970033109, "min": 0.03276535728946328, "max": 0.034208839759230614, "mean": 0.03329645581543446, "std": 0.0003775728248218646, "repeat": 10, "number": 1}]}, "irradiance.Irradiance.time_disc": {"result": [0.012613364029675722], "stats": [{"ci_99": [0.012114429846405983, 0.01367436395958066], "q_25": 0.01231092563830316, "q_75": 0.012817619950510561, "min": 0.012114429846405983, "max": 0.01367436395958066, "mean": 0.012643139529973268, "std": 0.0004302927702488625, "repeat": 10, "number": 1}]}, "irradiance.Irradiance.time_erbs": {"result": [0.007382267038337886], "stats": [{"ci_99": [0.007241301005706191, 0.007487857481464744], "q_25": 0.007349754625465721, "q_75": 0.007420263951644301, "min": 0.007241301005706191, "max": 0.007487857481464744, "mean": 0.007378151081502438, "std": 6.59846425567546e-05, "repeat": 10, "number": 2}]}, "irradiance.Irradiance.time_get_extra_radiation": {"result": [0.0005288878339342773], "stats": [{"ci_99": [0.000523610063828528, 0.0005321956938132644], "q_25": 0.0005261331156361849, "q_75": 0.0005305611819494515, "min": 0.000523610063828528, "max": 0.0005321956938132644, "mean": 0.0005284395907074214, "std": 2.6441723882001296e-06, "repeat": 10, "number": 20}]}, "irradiance.Irradiance.time_get_ground_diffuse": {"result": [0.0003555637163420518], "stats": [{"ci_99": [0.0003310362342745066, 0.0003670670712987582], "q_25": 0.0003536355371276538, "q_75": 0.0003646383139615257, "min": 0.0003310362342745066, "max": 0.0003670670712987582, "mean": 0.00035637980327010157, "std": 1.011059012811684e-05, "repeat": 10, "number": 30}]}, "irradiance.Irradiance.time_get_total_irradiance": {"result": [0.004559828046088418], "stats": [{"ci_99": [0.004438893248637517, 0.004851340005795161], "q_25": 0.004552552010864019, "q_75": 0.004592413975236316, "min": 0.004438893248637517, "max": 0.004851340005795161, "mean": 0.0045814263479163255, "std": 9.981633453548698e-05, "repeat": 10, "number": 3}]}, "location.Location.time_location_get_airmass": {"result": [0.0013675186492037028], "stats": [{"ci_99": [0.001343271229416132, 0.001389683224260807], "q_25": 0.0013559415674535558, "q_75": 0.0013730559148825705, "min": 0.001343271229416132, "max": 0.001389683224260807, "mean": 0.001365438400534913, "std": 1.3506196970511395e-05, "repeat": 10, "number": 8}]}, "location.Location.time_location_get_clearsky": {"result": [0.00942021468654275], "stats": [{"ci_99": [0.009343308163806796, 0.010010582860559225], "q_25": 0.009388476086314768, "q_75": 0.009464154893066734, "min": 0.009343308163806796, "max": 0.010010582860559225, "mean": 0.009476348222233356, "std": 0.00018334123158989305, "repeat": 10, "number": 2}]}, "location.Location.time_location_get_solarposition": {"result": [0.015181396622210741], "stats": [{"ci_99": [0.015079472213983536, 0.015301527921110392], "q_25": 0.01514995179604739, "q_75": 0.015214733895845711, "min": 0.015079472213983536, "max": 0.015301527921110392, "mean": 0.015180375520139932, "std": 6.0712118948623226e-05, "repeat": 10, "number": 1}]}, "location.Location_0_6_1.time_location_get_sun_rise_set_transit_pyephem": {"result": [0.17986677796579897], "stats": [{"ci_99": [0.1793269757181406, 0.1809860528446734], "q_25": 0.17950970982201397, "q_75": 0.18010883312672377, "min": 0.1793269757181406, "max": 0.1809860528446734, "mean": 0.17989330580458046, "std": 0.0004594098844024079, "repeat": 10, "number": 1}]}, "location.Location_0_6_1.time_location_get_sun_rise_set_transit_spa": {"result": [0.03361394931562245], "stats": [{"ci_99": [0.03334100265055895, 0.03521602926775813], "q_25": 0.033535071881487966, "q_75": 0.033838893519714475, "min": 0.03334100265055895, "max": 0.03521602926775813, "mean": 0.0339002322871238, "std": 0.0006137981419919909, "repeat": 10, "number": 1}]}, "solarposition.SolarPosition.time_ephemeris": {"result": [0.018440417479723692], "stats": [{"ci_99": [0.018254944123327732, 0.018730685114860535], "q_25": 0.01838174369186163, "q_75": 0.01854167366400361, "min": 0.018254944123327732, "max": 0.018730685114860535, "mean": 0.01846222481690347, "std": 0.00012907792192554907, "repeat": 10, "number": 1}]}, "solarposition.SolarPosition.time_ephemeris_localized": {"result": [0.01848588860593736], "stats": [{"ci_99": [0.018226175103336573, 0.01914525730535388], "q_25": 0.018259034608490765, "q_75": 0.01908733497839421, "min": 0.018226175103336573, "max": 0.01914525730535388, "mean": 0.01863826299086213, "std": 0.0003951628390153268, "repeat": 10, "number": 1}]}, "solarposition.SolarPosition.time_nrel_earthsun_distance": {"result": [0.024030741304159164], "stats": [{"ci_99": [0.02394047286361456, 0.024567982647567987], "q_25": 0.023994949413463473, "q_75": 0.0240631295600906, "min": 0.02394047286361456, "max": 0.024567982647567987, "mean": 0.024078581621870397, "std": 0.0001720605589005636, "repeat": 10, "number": 1}]}, "solarposition.SolarPosition.time_spa_python": {"result": [0.025853723054751754], "stats": [{"ci_99": [0.025719536002725363, 0.026281309314072132], "q_25": 0.02578478050418198, "q_75": 0.025920771877281368, "min": 0.025719536002725363, "max": 0.026281309314072132, "mean": 0.02588781397789717, "std": 0.00015517535813967494, "repeat": 10, "number": 1}]}, "solarposition.SolarPosition.time_sun_rise_set_transit_spa": {"result": [0.03973352932371199], "stats": [{"ci_99": [0.03959172125905752, 0.03986023971810937], "q_25": 0.03969268605578691, "q_75": 0.039772963616997004, "min": 0.03959172125905752, "max": 0.03986023971810937, "mean": 0.03972711297683418, "std": 8.041080937959425e-05, "repeat": 10, "number": 1}]}, "temperature.Fuentes.time_fuentes": NaN, "temperature.SAPM.time_sapm_cell": {"result": [0.0016684525180608034], "stats": [{"ci_99": [0.001638650561549834, 0.0017301752897245543], "q_25": 0.0016526311602709548, "q_75": 0.0016779699861737235, "min": 0.001638650561549834, "max": 0.0017301752897245543, "mean": 0.001669336735670056, "std": 2.475328110838973e-05, "repeat": 10, "number": 7}]}, "tracking.SingleAxis.time_singleaxis": {"result": [0.017752339132130146], "stats": [{"ci_99": [0.01521624717861414, 0.019873737823218107], "q_25": 0.016559944953769445, "q_75": 0.018572692293673754, "min": 0.01521624717861414, "max": 0.019873737823218107, "mean": 0.017664008727297186, "std": 0.0014708472462924371, "repeat": 10, "number": 1}]}, "tracking.SingleAxis.time_tracker_singleaxis": {"result": [0.017960601951926947], "stats": [{"ci_99": [0.015363526064902544, 0.01927758613601327], "q_25": 0.01709198602475226, "q_75": 0.018790303263813257, "min": 0.015363526064902544, "max": 0.01927758613601327, "mean": 0.017803118098527193, "std": 0.001194065614084574, "repeat": 10, "number": 1}]}}, "params": {"arch": "x86_64", "cpu": "Intel Xeon Processor (Skylake, IBRS)",