{"results": {"irradiance.Irradiance.time_aoi": {"result": [0.0023480395320802927], "stats": [{"ci_99": [0.0022809059359133244, 0.002440925408154726], "q_25": 0.002301047439686954, "q_75": 0.002379866549745202, "min": 0.0022809059359133244, "max": 0.002440925408154726, "mean": 0.002348085828125477, "std": 5.050143877987546e-05, "repeat": 10, "number": 5}]}, "irradiance.Irradiance.time_aoi_projection": {"result": [0.002026799926534295], "stats": [{"ci_99": [0.001970579195767641, 0.0020826896652579308], "q_25": 0.0019889115821570156, "q_75": 0.002060839859768748, "min": 0.001970579195767641, "max": 0.0020826896652579308, "mean": 0.0020262691471725704, "std": 3.977801247405811e-05, "repeat": 10, "number": 5}]}, "irradiance.Irradiance.time_dirindex": {"result": [0.14028001576662064], "stats": [{"ci_99": [0.1380511410534382, 0.1442798189818859], "q_25": 0.13823591906111687, "q_75": 0.14264613878913224, "min": 0.1380511410534382, "max": 0.1442798189818859, "mean": 0.14062437652610243, "std": 0.002363500025483497, "repeat": 10, "number": 1}]}, "irradiance.Irradiance.time_dirint": {"result": [0.06940244836732745], "stats": [{"ci_99": [0.06903093960136175, 0.07224828423932195], "q_25": 0.0691347187384963, "q_75": 0.07056392740923911, "min": 0.06903093960136175, "max": 0.07224828423932195, "mean": 0.07002641120925546, "std": 0.0012163489889197427, "repeat": 10, "number": 1}]}, "irradiance.Irradiance.time_disc": {"result": [0.01997874630615115], "stats": [{"ci_99": [0.01875137398019433, 0.021731756161898375], "q_25": 0.019355022464878857, "q_75": 0.020126977120526135, "min": 0.01875137398019433, "max": 0.021731756161898375, "mean": 0.0199604460503906, "std": 0.0008353833263989012, "repeat": 10, "number": 1}]}, "irradiance.Irradiance.time_erbs": {"result": [0.013102004770189524], "stats": [{"ci_99": [0.01257171481847763, 0.013535039033740759], "q_25": 0.012729195645079017, "q_75": 0.013199717621318996, "min": 0.01257171481847763, "max": 0.013535039033740759, "mean": 0.01304233786650002, "std": 0.0003213073458082043, "repeat": 10, "number": 1}]}, "irradiance.Irradiance.time_get_extra_radiation": {"result": [0.0026329830870963633], "stats": [{"ci_99": [0.0025768757332116365, 0.0027171900728717446], "q_25": 0.0026091613981407136, "q_75": 0.002649666363140568, "min": 0.0025768757332116365, "max": 0.0027171900728717446, "mean": 0.0026325618964619935, "std": 3.879154503975463e-05, "repeat": 10, "number": 4}]}, "irradiance.Irradiance.time_get_ground_diffuse": {"result": [0.0005402056849561632], "stats": [{"ci_99": [0.0005155468359589576, 0.0006117015145719051], "q_25": 0.0005285953346174211, "q_75": 0.0005537055141758174, "min": 0.0005155468359589576, "max": 0.0006117015145719051, "mean": 0.0005469596735201776, "std": 2.8372466532388017e-05, "repeat": 10, "number": 20}]}, "irradiance.Irradiance.time_get_total_irradiance": {"result": [0.005340534495189786], "stats": [{"ci_99": [0.005209094611927867, 0.0055814869701862335], "q_25": 0.00529459590325132, "q_75": 0.0054586001788266, "min": 0.005209094611927867, "max": 0.0055814869701862335, "mean": 0.005369521863758564, "std": 0.00011301271880813193, "repeat": 10, "number": 2}]}, "location.Location.time_location_get_airmass": {"result": [0.0014143938024062663], "stats": [{"ci_99": [0.0013366486527957022, 0.0014371337601915002], "q_25": 0.0014116403181105852, "q_75": 0.0014228178770281374, "min": 0.0013366486527957022, "max": 0.0014371337601915002, "mean": 0.0014099608815740794, "std": 2.6048989373894242e-05, "repeat": 10, "number": 8}]}, "location.Location.time_location_get_clearsky": {"result": [0.01276542735286057], "stats": [{"ci_99": [0.01205021282657981, 0.012998341582715511], "q_25": 0.012693747878074646, "q_75": 0.012816622387617826, "min": 0.01205021282657981, "max": 0.012998341582715511, "mean": 0.012709150649607181, "std": 0.00024233596424158959, "repeat": 10, "number": 1}]}, "location.Location.time_location_get_solarposition": {"result": [0.01817424246110022], "stats": [{"ci_99": [0.017852064222097397, 0.01863619266077876], "q_25": 0.018088060431182384, "q_75": 0.018238604185171425, "min": 0.017852064222097397, "max": 0.01863619266077876, "mean": 0.01819745535030961, "std": 0.00022479128501588422, "repeat": 10, "number": 1}]}, "location.Location_0_6_1.time_location_get_sun_rise_set_transit_pyephem": {"result": [0.1952327007893473], "stats": [{"ci_99": [0.17878137715160847, 0.1958349859341979], "q_25": 0.19490744324866682, "q_75": 0.19546687754336745, "min": 0.17878137715160847, "max": 0.1958349859341979, "mean": 0.19204899948090315, "std": 0.006611271835493888, "repeat": 10, "number": 1}]}, "location.Location_0_6_1.time_location_get_sun_rise_set_transit_spa": {"result": [0.044001313392072916], "stats": [{"ci_99": [0.04331756895408034, 0.04433516087010503], "q_25": 0.04375478404108435, "q_75": 0.0442373666446656, "min": 0.04331756895408034, "max": 0.04433516087010503, "mean": 0.04395790109410882, "std": 0.00032019612352502964, "repeat": 10, "number": 1}]}, "solarposition.SolarPosition.time_ephemeris": {"result": [0.023636203492060304], "stats": [{"ci_99": [0.023409845773130655, 0.023879631888121367], "q_25": 0.023560594534501433, "q_75": 0.02366200601682067, "min": 0.023409845773130655, "max": 0.023879631888121367, "mean": 0.023620228748768568, "std": 0.000131635803341641, "repeat": 10, "number": 1}]}, "solarposition.SolarPosition.time_ephemeris_localized": {"result": [0.02482589613646269], "stats": [{"ci_99": [0.02389107597991824, 0.02552633872255683], "q_25": 0.024730158504098654, "q_75": 0.024937184993177652, "min": 0.02389107597991824, "max": 0.02552633872255683, "mean": 0.024748256849125027, "std": 0.00042945050059885355, "repeat": 10, "number": 1}]}, "solarposition.SolarPosition.time_nrel_earthsun_distance": {"result": [0.02398818777874112], "stats": [{"ci_99": [0.0238187569193542, 0.024410391226410866], "q_25": 0.023876483319327235, "q_75": 0.02409827266819775, "min": 0.0238187569193542, "max": 0.024410391226410866, "mean": 0.02401305423118174, "std": 0.00016713347909329225, "repeat": 10, "number": 1}]}, "solarposition.SolarPosition.time_spa_python": {"result": [0.029681042535230517], "stats": [{"ci_99": [0.028682662174105644, 0.031045687850564718], "q_25": 0.02904676552861929, "q_75": 0.030987091595306993, "min": 0.028682662174105644, "max": 0.031045687850564718, "mean": 0.02990617575123906, "std": 0.0009691148898487681, "repeat": 10, "number": 1}]}, "solarposition.SolarPosition.time_sun_rise_set_transit_spa": {"result": [0.05167126934975386], "stats": [{"ci_99": [0.05018759099766612, 0.05251369997859001], "q_25": 0.05079728725831956, "q_75": 0.05239026842173189, "min": 0.05018759099766612, "max": 0.05251369997859001, "mean": 0.051540558505803344, "std": 0.0008910539939361642, "repeat": 10, "number": 1}]}, "temperature.Fuentes.time_fuentes": NaN, "temperature.SAPM.time_sapm_cell": {"result": [0.001611604554844754], "stats": [{"ci_99": [0.001445506832429341, 0.001705210722450699], "q_25": 0.0015150795723976834, "q_75": 0.0016242211485015495, "min": 0.001445506832429341, "max": 0.001705210722450699, "mean": 0.001580789725163153, "std": 7.888884635526202e-05, "repeat": 10, "number": 7}]}, "tracking.SingleAxis.time_singleaxis": {"result": [0.006405248306691647], "stats": [{"ci_99": [0.0061705876141786575, 0.006759620970115066], "q_25": 0.0063267695950344205, "q_75": 0.006662463885731995, "min": 0.0061705876141786575, "max": 0.006759620970115066, "mean": 0.0064633050700649616, "std": 0.00019885282919990515, "repeat": 10, "number": 2}]}, "tracking.SingleAxis.time_tracker_singleaxis": {"result": [0.0065061349887400866], "stats": [{"ci_99": [0.006217681337147951, 0.006798716029152274], "q_25": 0.006434702023398131, "q_75": 0.00656439719023183, "min": 0.006217681337147951, "max": 0.006798716029152274, "mean": 0.006491293758153915, "std": 0.0001613446833214932, "repeat": 10, "number": 2}]}}, "params": {"arch": "x86_64", "cpu": "Intel Xeon Processor (Skylake, IBRS)",