{"results": {"irradiance.Irradiance.time_aoi": {"result": [0.002374271582812071], "stats": [{"ci_99": [0.0023549630306661127, 0.0024166411720216276], "q_25": 0.0023673942079767587, "q_75": 0.002380552841350436, "min": 0.0023549630306661127, "max": 0.0024166411720216276, "mean": 0.002377216899767518, "std": 1.673469159554568e-05, "repeat": 10, "number": 5}]}, "irradiance.Irradiance.time_aoi_projection": {"result": [0.002130157360807061], "stats": [{"ci_99": [0.002083806227892637, 0.0021454952657222748], "q_25": 0.002094263443723321, "q_75": 0.0021388938650488856, "min": 0.002083806227892637, "max": 0.0021454952657222748, "mean": 0.002118995245546103, "std": 2.333414102370159e-05, "repeat": 10, "number": 5}]}, "irradiance.Irradiance.time_dirindex": {"result": [0.0660578808747232], "stats": [{"ci_99": [0.0650558820925653, 0.06792394490912557], "q_25": 0.06528899713885039, "q_75": 0.06622602790594101, "min": 0.0650558820925653, "max": 0.06792394490912557, "mean": 0.06598443710245191, "std": 0.0008153516762507407, "repeat": 10, "number": 1}]}, "irradiance.Irradiance.time_dirint": {"result": [0.033256660448387265], "stats": [{"ci_99": [0.03241638606414199, 0.03780648810788989], "q_25": 0.0326546065043658, "q_75": 0.03371391643304378, "min": 0.03241638606414199, "max": 0.03780648810788989, "mean": 0.03365613496862352, "std": 0.00151459168432922, "repeat": 10, "number": 1}]}, "irradiance.Irradiance.time_disc": {"result": [0.012660778127610683], "stats": [{"ci_99": [0.012276221066713333, 0.013766841031610966], "q_25": 0.012444949941709638, "q_75": 0.012922730529680848, "min": 0.012276221066713333, "max": 0.013766841031610966, "mean": 0.012778193363919855, "std": 0.0004663336562713346, "repeat": 10, "number": 1}]}, "irradiance.Irradiance.time_erbs": {"result": [0.0069555051159113646], "stats": [{"ci_99": [0.0067067265044897795, 0.0073326758574694395], "q_25": 0.0068264679866842926, "q_75": 0.007206064066849649, "min": 0.0067067265044897795, "max": 0.0073326758574694395, "mean": 0.006997342687100172, "std": 0.0002141610298218116, "repeat": 10, "number": 2}]}, "irradiance.Irradiance.time_get_extra_radiation": {"result": [0.0005342191201634705], "stats": [{"ci_99": [0.0005266806809231638, 0.0005613764980807901], "q_25": 0.0005306549719534814, "q_75": 0.0005365584103856236, "min": 0.0005266806809231638, "max": 0.0005613764980807901, "mean": 0.0005359402555041015, "std": 9.1192616089079e-06, "repeat": 10, "number": 20}]}, "irradiance.Irradiance.time_get_ground_diffuse": {"result": [0.00034000834760566554], "stats": [{"ci_99": [0.00032661307292679943, 0.0003770066890865564], "q_25": 0.00032878641116743286, "q_75": 0.0003602572639162342, "min": 0.00032661307292679943, "max": 0.0003770066890865564, "mean": 0.0003456703697641691, "std": 1.8712977568289464e-05, "repeat": 10, "number": 30}]}, "irradiance.Irradiance.time_get_total_irradiance": {"result": [0.004556535587956508], "stats": [{"ci_99": [0.004449890305598577, 0.004612837762882312], "q_25": 0.004538022913038731, "q_75": 0.004602221810879807, "min": 0.004449890305598577, "max": 0.004612837762882312, "mean": 0.004558049933984875, "std": 4.8588861002083096e-05, "repeat": 10, "number": 3}]}, "location.Location.time_location_get_airmass": {"result": [0.0013615380157716572], "stats": [{"ci_99": [0.0013463931391015649, 0.0013868773821741343], "q_25": 0.0013554984179791063, "q_75": 0.0013644810678670183, "min": 0.0013463931391015649, "max": 0.0013868773821741343, "mean": 0.0013620640675071627, "std": 1.066667810360278e-05, "repeat": 10, "number": 8}]}, "location.Location.time_location_get_clearsky": {"result": [0.009079599636606872], "stats": [{"ci_99": [0.008965486427769065, 0.009393325075507164], "q_25": 0.009048891020938754, "q_75": 0.009207477036397904, "min": 0.008965486427769065, "max": 0.009393325075507164, "mean": 0.009129681228660046, "std": 0.00013751845294054853, "repeat": 10, "number": 2}]}, "location.Location.time_location_get_solarposition": {"result": [0.01507979305461049], "stats": [{"ci_99": [0.015016441233456135, 0.015290248207747936], "q_25": 0.01503949984908104, "q_75": 0.015105284634046257, "min": 0.015016441233456135, "max": 0.015290248207747936, "mean": 0.015095489472150803, "std": 7.634824053218935e-05, "repeat": 10, "number": 1}]}, "location.Location_0_6_1.time_location_get_sun_rise_set_transit_pyephem": NaN, "location.Location_0_6_1.time_location_get_sun_rise_set_transit_spa": NaN, "solarposition.SolarPosition.time_ephemeris": {"result": [0.01822162140160799], "stats": [{"ci_99": [0.017957882955670357, 0.018499077763408422], "q_25": 0.018174082040786743, "q_75": 0.018252840032801032, "min": 0.017957882955670357, "max": 0.018499077763408422, "mean": 0.018212399492040277, "std": 0.0001331884530595063, "repeat": 10, "number": 1}]}, "solarposition.SolarPosition.time_ephemeris_localized": {"result": [0.018416828010231256], "stats": [{"ci_99": [0.018098123837262392, 0.01889055361971259], "q_25": 0.018204114167019725, "q_75": 0.018649917095899582, "min": 0.018098123837262392, "max": 0.01889055361971259, "mean": 0.01843190034851432, "std": 0.00025899014271365265, "repeat": 10, "number": 1}]}, "solarposition.SolarPosition.time_nrel_earthsun_distance": {"result": [0.022637970047071576], "stats": [{"ci_99": [0.02246780414134264, 0.022856523748487234], "q_25": 0.022574395523406565, "q_75": 0.022703610244207084, "min": 0.02246780414134264, "max": 0.022856523748487234, "mean": 0.022647019196301698, "std": 0.00010385204341124681, "repeat": 10, "number": 1}]}, "solarposition.SolarPosition.time_spa_python": {"result": [0.025856736581772566], "stats": [{"ci_99": [0.025688452180474997, 0.027626875322312117], "q_25": 0.025748832151293755, "q_75": 0.026095134438946843, "min": 0.025688452180474997, "max": 0.027626875322312117, "mean": 0.026068050321191548, "std": 0.0005539547819711316, "repeat": 10, "number": 1}]}, "solarposition.SolarPosition.time_sun_rise_set_transit_spa": {"result": [0.03784963977523148], "stats": [{"ci_99": [0.037475706078112125, 0.03823603177443147], "q_25": 0.0377670933958143, "q_75": 0.03797506517730653, "min": 0.037475706078112125, "max": 0.03823603177443147, "mean": 0.03788065314292908, "std": 0.00021166053686598848, "repeat": 10, "number": 1}]}, "temperature.Fuentes.time_fuentes": NaN, "temperature.SAPM.time_sapm_cell": {"result": [0.0016404456525508848], "stats": [{"ci_99": [0.0016124934357191836, 0.0018233221822551318], "q_25": 0.0016310180404356545, "q_75": 0.001645159109362534, "min": 0.0016124934357191836, "max": 0.0018233221822551318, "mean": 0.0016558646490531306, "std": 5.712127734532701e-05, "repeat": 10, "number": 7}]}, "tracking.SingleAxis.time_singleaxis": {"result": [0.016580677358433604], "stats": [{"ci_99": [0.01579987071454525, 0.019403369165956974], "q_25": 0.016225319588556886, "q_75": 0.01731205452233553, "min": 0.01579987071454525, "max": 0.019403369165956974, "mean": 0.01696991459466517, "std": 0.0011029773127192806, "repeat": 10, "number": 1}]}, "tracking.SingleAxis.time_tracker_singleaxis": {"result": [0.017314407508820295], "stats": [{"ci_99": [0.015720443800091743, 0.019742849748581648], "q_25": 0.01591866952367127, "q_75": 0.01913113531190902, "min": 0.015720443800091743, "max": 0.019742849748581648, "mean": 0.017561214882880448, "std": 0.0016127086181664336, "repeat": 10, "number": 1}]}}, "params": {"arch": "x86_64", "cpu": "Intel Xeon Processor (Skylake, IBRS)", "machine": "pvlib-asv.forecasting.energy.arizona.edu", "num_cpu": "4", "os": "Linux 5.7.8-200.fc32.x86_64", "ram": "8145244", "python": "3.6", "numpy": "1.12.0", "pandas": "0.22.0", "scipy": "1.2.0", "pytables": "3.6.1", "ephem": "3.7.6.0"}, "requirements": {"numpy": "1.12.0", "pandas": "0.22.0", "scipy": "1.2.0", "pytables": "3.6.1", "ephem": "3.7.6.0"}, "commit_hash": "7ed0a8a5b4362ae39a3147653ec5568f66517fa2", "date": 1544656510000, "env_name": "conda-py3.6-ephem3.7.6.0-numpy1.12.0-pandas0.22.0-pytables3.6.1-scipy1.2.0", "python": "3.6", "profiles": {},