{"results": {"irradiance.Irradiance.time_aoi": {"result": [0.002222782792523503], "stats": [{"ci_99": [0.002196844946593046, 0.002355638425797224], "q_25": 0.002205707598477602, "q_75": 0.0022471775766462086, "min": 0.002196844946593046, "max": 0.002355638425797224, "mean": 0.002238767556846142, "std": 4.791843178848019e-05, "repeat": 10, "number": 5}]}, "irradiance.Irradiance.time_aoi_projection": {"result": [0.002246404392644763], "stats": [{"ci_99": [0.002151365205645561, 0.0023667617700994016], "q_25": 0.002202628832310438, "q_75": 0.0022596673108637336, "min": 0.002151365205645561, "max": 0.0023667617700994016, "mean": 0.0022492272965610027, "std": 6.596183632157203e-05, "repeat": 10, "number": 5}]}, "irradiance.Irradiance.time_dirindex": {"result": [0.14554933388717473], "stats": [{"ci_99": [0.14340932294726372, 0.14988163392990828], "q_25": 0.144627092522569, "q_75": 0.14878092193976045, "min": 0.14340932294726372, "max": 0.14988163392990828, "mean": 0.14635733533650636, "std": 0.0023597148041653066, "repeat": 10, "number": 1}]}, "irradiance.Irradiance.time_dirint": {"result": [0.07180062728002667], "stats": [{"ci_99": [0.07049203710630536, 0.07473944313824177], "q_25": 0.07107846473809332, "q_75": 0.07241299806628376, "min": 0.07049203710630536, "max": 0.07473944313824177, "mean": 0.07193976654671133, "std": 0.0011739614071206836, "repeat": 10, "number": 1}]}, "irradiance.Irradiance.time_disc": {"result": [0.019605673849582672], "stats": [{"ci_99": [0.01783510996028781, 0.020554411690682173], "q_25": 0.018817898584529757, "q_75": 0.01965821022167802, "min": 0.01783510996028781, "max": 0.020554411690682173, "mean": 0.01922580078244209, "std": 0.0007973435922433191, "repeat": 10, "number": 1}]}, "irradiance.Irradiance.time_erbs": {"result": [0.01351716136559844], "stats": [{"ci_99": [0.013431186322122812, 0.013603761326521635], "q_25": 0.013481662841513753, "q_75": 0.01355102495290339, "min": 0.013431186322122812, "max": 0.013603761326521635, "mean": 0.013513481291010977, "std": 5.3063942880986344e-05, "repeat": 10, "number": 1}]}, "irradiance.Irradiance.time_get_extra_radiation": {"result": [0.002662989601958543], "stats": [{"ci_99": [0.002646288718096912, 0.0027579928282648325], "q_25": 0.0026531617622822523, "q_75": 0.002680887177120894, "min": 0.002646288718096912, "max": 0.0027579928282648325, "mean": 0.00267414515838027, "std": 3.2248361064850944e-05, "repeat": 10, "number": 4}]}, "irradiance.Irradiance.time_get_ground_diffuse": {"result": [0.0005499595077708363], "stats": [{"ci_99": [0.0005455313948914409, 0.0005593437002971768], "q_25": 0.0005467265727929771, "q_75": 0.0005556029558647424, "min": 0.0005455313948914409, "max": 0.0005593437002971768, "mean": 0.0005510450876317918, "std": 4.94232527830827e-06, "repeat": 10, "number": 20}]}, "irradiance.Irradiance.time_get_total_irradiance": {"result": [0.0051049456621209775], "stats": [{"ci_99": [0.005037715968986352, 0.005451275346179803], "q_25": 0.005082117587638398, "q_75": 0.005140474803435306, "min": 0.005037715968986352, "max": 0.005451275346179803, "mean": 0.005134280724450945, "std": 0.00011258488826923969, "repeat": 10, "number": 3}]}, "location.Location.time_location_get_airmass": {"result": [0.001492017480943884], "stats": [{"ci_99": [0.0014879511270139898, 0.0015190706056143557], "q_25": 0.0014896043077377336, "q_75": 0.0014933379965701274, "min": 0.0014879511270139898, "max": 0.0015190706056143557, "mean": 0.001494909403845668, "std": 8.958989800614878e-06, "repeat": 10, "number": 7}]}, "location.Location.time_location_get_clearsky": {"result": [0.013092734850943089], "stats": [{"ci_99": [0.012070178985595703, 0.013672216329723597], "q_25": 0.013033839873969555, "q_75": 0.013099146075546741, "min": 0.012070178985595703, "max": 0.013672216329723597, "mean": 0.012939862860366701, "std": 0.0004622734472915049, "repeat": 10, "number": 1}]}, "location.Location.time_location_get_solarposition": {"result": [0.017723173601552844], "stats": [{"ci_99": [0.017497349996119738, 0.017970372922718525], "q_25": 0.017620593192987144, "q_75": 0.017844969290308654, "min": 0.017497349996119738, "max": 0.017970372922718525, "mean": 0.017727843020111322, "std": 0.0001408255207220127, "repeat": 10, "number": 1}]}, "location.Location_0_6_1.time_location_get_sun_rise_set_transit_pyephem": {"result": [0.19608013262040913], "stats": [{"ci_99": [0.19145095208659768, 0.19663231633603573], "q_25": 0.19574011431541294, "q_75": 0.1964181426446885, "min": 0.19145095208659768, "max": 0.19663231633603573, "mean": 0.19567807703278958, "std": 0.0014455870191935572, "repeat": 10, "number": 1}]}, "location.Location_0_6_1.time_location_get_sun_rise_set_transit_spa": {"result": [0.043231804855167866], "stats": [{"ci_99": [0.04259905079379678, 0.04383823415264487], "q_25": 0.04299141385126859, "q_75": 0.04364189435727894, "min": 0.04259905079379678, "max": 0.04383823415264487, "mean": 0.043274199683219196, "std": 0.00041487618860487825, "repeat": 10, "number": 1}]}, "solarposition.SolarPosition.time_ephemeris": {"result": [0.024696376407518983], "stats": [{"ci_99": [0.023764737881720066, 0.02522683097049594], "q_25": 0.02410366223193705, "q_75": 0.025086812674999237, "min": 0.023764737881720066, "max": 0.02522683097049594, "mean": 0.024578549759462477, "std": 0.0005438104135824187, "repeat": 10, "number": 1}]}, "solarposition.SolarPosition.time_ephemeris_localized": {"result": [0.025397162418812513], "stats": [{"ci_99": [0.024405074771493673, 0.02627861313521862], "q_25": 0.025176476687192917, "q_75": 0.025727425469085574, "min": 0.024405074771493673, "max": 0.02627861313521862, "mean": 0.025441819243133067, "std": 0.0004902515096402617, "repeat": 10, "number": 1}]}, "solarposition.SolarPosition.time_nrel_earthsun_distance": {"result": [0.023091368610039353], "stats": [{"ci_99": [0.022954075131565332, 0.023389620706439018], "q_25": 0.023037198232486844, "q_75": 0.02320109587162733, "min": 0.022954075131565332, "max": 0.023389620706439018, "mean": 0.023131956346333027, "std": 0.00013031540933792406, "repeat": 10, "number": 1}]}, "solarposition.SolarPosition.time_spa_python": {"result": [0.030211774865165353], "stats": [{"ci_99": [0.02992147020995617, 0.03252960788086057], "q_25": 0.030179618508554995, "q_75": 0.031105607864446938, "min": 0.02992147020995617, "max": 0.03252960788086057, "mean": 0.03075653868727386, "std": 0.0009388522263528895, "repeat": 10, "number": 1}]}, "solarposition.SolarPosition.time_sun_rise_set_transit_spa": {"result": [0.049289470072835684], "stats": [{"ci_99": [0.04885762324556708, 0.0501224659383297], "q_25": 0.049000461120158434, "q_75": 0.049541286076419055, "min": 0.04885762324556708, "max": 0.0501224659383297, "mean": 0.0493248603772372, "std": 0.00038239948871863404, "repeat": 10, "number": 1}]}, "temperature.Fuentes.time_fuentes": {"result": null, "params": [["'a'", "'b'", "'deltaT'"]]}, "temperature.SAPM.time_sapm_cell": {"result": null, "params": [["'a'", "'b'", "'deltaT'"]]}, "tracking.SingleAxis.time_singleaxis": {"result": [0.0063615028047934175], "stats": [{"ci_99": [0.006158868549391627, 0.006430065492168069], "q_25": 0.00629446777747944, "q_75": 0.006428585795219988, "min": 0.006158868549391627, "max": 0.006430065492168069, "mean": 0.006343213585205376, "std": 9.054039428999777e-05, "repeat": 10, "number": 2}]}, "tracking.SingleAxis.time_tracker_singleaxis": {"result": [0.0064462750451639295], "stats": [{"ci_99": [0.00615021912381053, 0.007035776041448116], "q_25": 0.00638251646887511, "q_75": 0.006547038210555911, "min": 0.00615021912381053, "max": 0.007035776041448116, "mean": 0.006485441396944225, "std": 0.00023185918823843182, "repeat": 10, "number": 2}]}}, "params": {"arch": "x86_64", "cpu": "Intel Xeon Processor (Skylake, IBRS)", "machine": "pvlib-asv.forecasting.energy.arizona.edu", "num_cpu": "4", "os": "Linux 5.7.8-200.fc32.x86_64", "ram": "8145244", "python": "3.7", "ephem": "3.7.6.0", "numpy": "1.18.5", "pandas": "1.1.0", "pytables": "3.6.1", "scipy": "1.2.0"},