{"results": {"irradiance.Irradiance.time_aoi": {"result": [0.002342538209632039], "stats": [{"ci_99": [0.0023152712732553483, 0.0024608829990029335], "q_25": 0.0023371459916234016, "q_75": 0.0023585722781717775, "min": 0.0023152712732553483, "max": 0.0024608829990029335, "mean": 0.002355430778115988, "std": 3.915669978485193e-05, "repeat": 10, "number": 5}]}, "irradiance.Irradiance.time_aoi_projection": {"result": [0.002173961140215397], "stats": [{"ci_99": [0.0021055971272289755, 0.002214464358985424], "q_25": 0.002146690525114536, "q_75": 0.0021889314521104097, "min": 0.0021055971272289755, "max": 0.002214464358985424, "mean": 0.002167791277170181, "std": 3.0287579935632262e-05, "repeat": 10, "number": 5}]}, "irradiance.Irradiance.time_dirindex": {"result": [0.06406951346434653], "stats": [{"ci_99": [0.06318625388666987, 0.06592835299670696], "q_25": 0.06380103097762913, "q_75": 0.06421696569304913, "min": 0.06318625388666987, "max": 0.06592835299670696, "mean": 0.06414079209789633, "std": 0.0006853255947366037, "repeat": 10, "number": 1}]}, "irradiance.Irradiance.time_dirint": {"result": [0.03175620152615011], "stats": [{"ci_99": [0.03137190919369459, 0.03252159897238016], "q_25": 0.031476625707000494, "q_75": 0.03220469073858112, "min": 0.03137190919369459, "max": 0.03252159897238016, "mean": 0.03185016233474016, "std": 0.00040794432008017583, "repeat": 10, "number": 1}]}, "irradiance.Irradiance.time_disc": {"result": [0.012509607942774892], "stats": [{"ci_99": [0.01229148032143712, 0.012698357924818993], "q_25": 0.012419826351106167, "q_75": 0.012558327405713499, "min": 0.01229148032143712, "max": 0.012698357924818993, "mean": 0.012506480794399977, "std": 0.00012096930650242007, "repeat": 10, "number": 1}]}, "irradiance.Irradiance.time_erbs": {"result": [0.006766994018107653], "stats": [{"ci_99": [0.0066084470599889755, 0.007353726075962186], "q_25": 0.006702744460199028, "q_75": 0.006809290556702763, "min": 0.0066084470599889755, "max": 0.007353726075962186, "mean": 0.006830609100870788, "std": 0.0002284770615440665, "repeat": 10, "number": 2}]}, "irradiance.Irradiance.time_get_extra_radiation": null, "irradiance.Irradiance.time_get_ground_diffuse": null, "irradiance.Irradiance.time_get_total_irradiance": null, "location.Location.time_location_get_airmass": {"result": [0.0038091118913143873], "stats": [{"ci_99": [0.0037574476251999536, 0.0038480094323555627], "q_25": 0.003771250369027257, "q_75": 0.0038119785798092685, "min": 0.0037574476251999536, "max": 0.0038480094323555627, "mean": 0.0037985739298164838, "std": 2.849593678091992e-05, "repeat": 10, "number": 3}]}, "location.Location.time_location_get_clearsky": {"result": [0.012298858491703868], "stats": [{"ci_99": [0.01220259815454483, 0.012451805174350739], "q_25": 0.012237224844284356, "q_75": 0.012363287503831089, "min": 0.01220259815454483, "max": 0.012451805174350739, "mean": 0.01230633445084095, "std": 7.652219978620464e-05, "repeat": 10, "number": 1}]}, "location.Location.time_location_get_solarposition": {"result": [0.014957919484004378], "stats": [{"ci_99": [0.014884778764098883, 0.015169724822044373], "q_25": 0.014929749420844018, "q_75": 0.014972766162827611, "min": 0.014884778764098883, "max": 0.015169724822044373, "mean": 0.014968185964971781, "std": 7.7188173410557e-05, "repeat": 10, "number": 1}]}, "location.Location_0_6_1.time_location_get_sun_rise_set_transit_pyephem": NaN, "location.Location_0_6_1.time_location_get_sun_rise_set_transit_spa": NaN, "solarposition.SolarPosition.time_ephemeris": {"result": [0.018325794953852892], "stats": [{"ci_99": [0.018016416113823652, 0.018531478010118008], "q_25": 0.018252961803227663, "q_75": 0.018412380828522146, "min": 0.018016416113823652, "max": 0.018531478010118008, "mean": 0.018321218248456717, "std": 0.00014294710344955246, "repeat": 10, "number": 1}]}, "solarposition.SolarPosition.time_ephemeris_localized": {"result": [0.21037000510841608], "stats": [{"ci_99": [0.2083441880531609, 0.2131840749643743], "q_25": 0.20908606436569244, "q_75": 0.21168630965985358, "min": 0.2083441880531609, "max": 0.2131840749643743, "mean": 0.2104943469632417, "std": 0.0016026798719147612, "repeat": 10, "number": 1}]}, "solarposition.SolarPosition.time_nrel_earthsun_distance": {"result": [0.022593878442421556], "stats": [{"ci_99": [0.022396856918931007, 0.02292079571634531], "q_25": 0.022402599570341408, "q_75": 0.02284199872519821, "min": 0.022396856918931007, "max": 0.02292079571634531, "mean": 0.022623936319723724, "std": 0.0002192465553152359, "repeat": 10, "number": 1}]}, "solarposition.SolarPosition.time_spa_python": {"result": [0.02570117497816682], "stats": [{"ci_99": [0.025645975023508072, 0.02611335599794984], "q_25": 0.02568748639896512, "q_75": 0.025768296443857253, "min": 0.025645975023508072, "max": 0.02611335599794984, "mean": 0.025754544837400316, "std": 0.0001277149647381761, "repeat": 10, "number": 1}]}, "solarposition.SolarPosition.time_sun_rise_set_transit_spa": {"result": [0.03742665587924421], "stats": [{"ci_99": [0.03712005075067282, 0.03764932742342353], "q_25": 0.037263795151375234, "q_75": 0.03752963664010167, "min": 0.03712005075067282, "max": 0.03764932742342353, "mean": 0.03740224912762642, "std": 0.00016416323665924553, "repeat": 10, "number": 1}]}, "temperature.Fuentes.time_fuentes": NaN, "temperature.SAPM.time_sapm_cell": {"result": [0.0016425655755613533], "stats": [{"ci_99": [0.0016028192559523241, 0.0017054871256862367], "q_25": 0.001635330662663494, "q_75": 0.0016500909280564103, "min": 0.0016028192559523241, "max": 0.0017054871256862367, "mean": 0.0016447122674435378, "std": 2.4929278803590567e-05, "repeat": 10, "number": 7}]}, "tracking.SingleAxis.time_singleaxis": {"result": [0.038081641076132655], "stats": [{"ci_99": [0.03594142384827137, 0.039629124104976654], "q_25": 0.036761160008609295, "q_75": 0.03870170039590448, "min": 0.03594142384827137, "max": 0.039629124104976654, "mean": 0.03790282318368554, "std": 0.0012167086141279197, "repeat": 10, "number": 1}]}, "tracking.SingleAxis.time_tracker_singleaxis": {"result": [0.03882597340270877], "stats": [{"ci_99": [0.036939387675374746, 0.04026418598368764], "q_25": 0.03833234799094498, "q_75": 0.039289690437726676, "min": 0.036939387675374746, "max": 0.04026418598368764, "mean": 0.03874957556836307, "std": 0.0009870543509274687, "repeat": 10, "number": 1}]}}, "params": {"arch": "x86_64", "cpu": "Intel Xeon Processor (Skylake, IBRS)", "machine": "pvlib-asv.forecasting.energy.arizona.edu", "num_cpu": "4", "os": "Linux 5.7.8-200.fc32.x86_64", "ram": "8145244", "python": "3.6", "numpy": "1.12.0", "pandas": "0.22.0", "scipy": "1.2.0", "pytables": "3.6.1", "ephem": "3.7.6.0"}, "requirements": {"numpy": "1.12.0", "pandas": "0.22.0", "scipy": "1.2.0", "pytables": "3.6.1", "ephem": "3.7.6.0"}, "commit_hash": "80bf796a98426ae39b24ff4606016a0412dee409", "date": 1532707471000, "env_name": "conda-py3.6-ephem3.7.6.0-numpy1.12.0-pandas0.22.0-pytables3.6.1-scipy1.2.0", "python": "3.6", "profiles": {}, "started_at": {"irradiance.Irradiance.time_aoi": 1599835327733, "irradiance.Irradiance.time_aoi_projection": 1599835329640, "irradiance.Irradiance.time_dirindex": 1599835331545, "irradiance.Irradiance.time_dirint": 1599835333752, "irradiance.Irradiance.time_disc": 1599835335758, "irradiance.Irradiance.time_erbs": 1599835337664, "irradiance.Irradiance.time_get_extra_radiation": 1599835320726, "irradiance.Irradiance.time_get_ground_diffuse": 1599835321079, "irradiance.Irradiance.time_get_total_irradiance": 1599835321432, "location.Location.time_location_get_airmass": 1599835339571, "location.Location.time_location_get_clearsky": 1599835339874, "location.Location.time_location_get_solarposition": 1599835340178, "location.Location_0_6_1.time_location_get_sun_rise_set_transit_pyephem": 1599835340481, "location.Location_0_6_1.time_location_get_sun_rise_set_transit_spa": 1599835340534, "solarposition.SolarPosition.time_ephemeris": 1599835340588,