{"results": {"irradiance.Irradiance.time_aoi": {"result": [0.0021681157872080804], "stats": [{"ci_99": [0.0021370071917772293, 0.0023672494105994703], "q_25": 0.0021466532954946163, "q_75": 0.002280809893272817, "min": 0.0021370071917772293, "max": 0.0023672494105994703, "mean": 0.0022155816480517393, "std": 8.562015570085956e-05, "repeat": 10, "number": 5}]}, "irradiance.Irradiance.time_aoi_projection": {"result": [0.002175234071910381], "stats": [{"ci_99": [0.0021394262090325355, 0.0023313875310122965], "q_25": 0.0021494054002687336, "q_75": 0.0022022310644388195, "min": 0.0021394262090325355, "max": 0.0023313875310122965, "mean": 0.002189294556155801, "std": 5.392344542270832e-05, "repeat": 10, "number": 5}]}, "irradiance.Irradiance.time_dirindex": {"result": [0.14414626033976674], "stats": [{"ci_99": [0.14108155528083444, 0.1466513890773058], "q_25": 0.1427461545681581, "q_75": 0.1455304507398978, "min": 0.14108155528083444, "max": 0.1466513890773058, "mean": 0.14404582805000246, "std": 0.001731179894083546, "repeat": 10, "number": 1}]}, "irradiance.Irradiance.time_dirint": {"result": [0.07162950420752168], "stats": [{"ci_99": [0.0697700921446085, 0.0730155911296606], "q_25": 0.0702259864192456, "q_75": 0.07262323098257184, "min": 0.0697700921446085, "max": 0.0730155911296606, "mean": 0.07149704163894058, "std": 0.0012304502641378742, "repeat": 10, "number": 1}]}, "irradiance.Irradiance.time_disc": {"result": [0.01925847679376602], "stats": [{"ci_99": [0.01823922200128436, 0.019889327697455883], "q_25": 0.01920211815740913, "q_75": 0.019541442394256592, "min": 0.01823922200128436, "max": 0.019889327697455883, "mean": 0.019286531116813423, "std": 0.0004118429099231492, "repeat": 10, "number": 1}]}, "irradiance.Irradiance.time_erbs": {"result": [0.011634492548182607], "stats": [{"ci_99": [0.011508603114634752, 0.012566253077238798], "q_25": 0.011628467356786132, "q_75": 0.011721638729795814, "min": 0.011508603114634752, "max": 0.012566253077238798, "mean": 0.011743121920153499, "std": 0.000286320538185177, "repeat": 10, "number": 1}]}, "irradiance.Irradiance.time_get_extra_radiation": {"result": [0.0026739242603071034], "stats": [{"ci_99": [0.0026599677512422204, 0.0026943517150357366], "q_25": 0.0026684131007641554, "q_75": 0.0026755097205750644, "min": 0.0026599677512422204, "max": 0.0026943517150357366, "mean": 0.0026734502636827527, "std": 8.59131264840631e-06, "repeat": 10, "number": 4}]}, "irradiance.Irradiance.time_get_ground_diffuse": {"result": [0.0005289356181906028], "stats": [{"ci_99": [0.0005000701851465485, 0.000548624052581462], "q_25": 0.000515690845945342, "q_75": 0.0005326458327048881, "min": 0.0005000701851465485, "max": 0.000548624052581462, "mean": 0.0005240580448034134, "std": 1.4656658801104432e-05, "repeat": 10, "number": 22}]}, "irradiance.Irradiance.time_get_total_irradiance": {"result": [0.00498254814495643], "stats": [{"ci_99": [0.00490023676926891, 0.0053475469661255675], "q_25": 0.004966794125114878, "q_75": 0.005036434119877716, "min": 0.00490023676926891, "max": 0.0053475469661255675, "mean": 0.005039305938407779, "std": 0.00013579532046370928, "repeat": 10, "number": 3}]}, "location.Location.time_location_get_airmass": {"result": [0.001486884696143014], "stats": [{"ci_99": [0.001379072865737336, 0.001497015157448394], "q_25": 0.0014843010077519076, "q_75": 0.0014905545893790467, "min": 0.001379072865737336, "max": 0.001497015157448394, "mean": 0.0014770963162715944, "std": 3.2956700948327404e-05, "repeat": 10, "number": 7}]}, "location.Location.time_location_get_clearsky": {"result": [0.013016494922339916], "stats": [{"ci_99": [0.012039360124617815, 0.01320197293534875], "q_25": 0.01298920449335128, "q_75": 0.013077252660878003, "min": 0.012039360124617815, "max": 0.01320197293534875, "mean": 0.012860636180266737, "std": 0.00040093531931919207, "repeat": 10, "number": 1}]}, "location.Location.time_location_get_solarposition": {"result": [0.01782572898082435], "stats": [{"ci_99": [0.017530866898596287, 0.01847841590642929], "q_25": 0.017745348159223795, "q_75": 0.017866700538434088, "min": 0.017530866898596287, "max": 0.01847841590642929, "mean": 0.01784916836768389, "std": 0.0002412521631797275, "repeat": 10, "number": 1}]}, "location.Location_0_6_1.time_location_get_sun_rise_set_transit_pyephem": NaN, "location.Location_0_6_1.time_location_get_sun_rise_set_transit_spa": NaN, "solarposition.SolarPosition.time_ephemeris": {"result": [0.024804747896268964], "stats": [{"ci_99": [0.023516918998211622, 0.026656867004930973], "q_25": 0.023700545076280832, "q_75": 0.025973560172133148, "min": 0.023516918998211622, "max": 0.026656867004930973, "mean": 0.024897619616240263, "std": 0.0012272918048539634, "repeat": 10, "number": 1}]}, "solarposition.SolarPosition.time_ephemeris_localized": {"result": [0.02414482645690441], "stats": [{"ci_99": [0.02349606016650796, 0.0255932891741395], "q_25": 0.023624810157343745, "q_75": 0.025037797400727868, "min": 0.02349606016650796, "max": 0.0255932891741395, "mean": 0.024353408254683018, "std": 0.0007805732153891079, "repeat": 10, "number": 1}]}, "solarposition.SolarPosition.time_nrel_earthsun_distance": {"result": [0.023378726793453097], "stats": [{"ci_99": [0.022978992201387882, 0.023943595122545958], "q_25": 0.02300087979529053, "q_75": 0.023478752467781305, "min": 0.022978992201387882, "max": 0.023943595122545958, "mean": 0.02332381149753928, "std": 0.00030807048463158055, "repeat": 10, "number": 1}]}, "solarposition.SolarPosition.time_spa_python": {"result": [0.028789596166461706], "stats": [{"ci_99": [0.028170101810246706, 0.030553103890269995], "q_25": 0.028286981279961765, "q_75": 0.02926525624934584, "min": 0.028170101810246706, "max": 0.030553103890269995, "mean": 0.02891480955295265, "std": 0.0007033417552434778, "repeat": 10, "number": 1}]}, "solarposition.SolarPosition.time_sun_rise_set_transit_spa": {"result": [0.049744629533961415], "stats": [{"ci_99": [0.04946779320016503, 0.05034235306084156], "q_25": 0.04964077263139188, "q_75": 0.04985014791600406, "min": 0.04946779320016503, "max": 0.05034235306084156, "mean": 0.049800300132483245, "std": 0.0002608473620939619, "repeat": 10, "number": 1}]}, "temperature.Fuentes.time_fuentes": NaN, "tracking.SingleAxis.time_singleaxis": {"result": [0.04508735332638025], "stats": [{"ci_99": [0.04385335789993405, 0.04926696885377169], "q_25": 0.04476212104782462, "q_75": 0.04529162251856178, "min": 0.04385335789993405, "max": 0.04926696885377169, "mean": 0.04551201141439378, "std": 0.0015379574339442618, "repeat": 10, "number": 1}]}, "tracking.SingleAxis.time_tracker_singleaxis": {"result": [0.045879989163950086], "stats": [{"ci_99": [0.04472652217373252, 0.04882304510101676], "q_25": 0.0454028332605958, "q_75": 0.04635007551405579, "min": 0.04472652217373252, "max": 0.04882304510101676, "mean": 0.04608447733335197, "std": 0.0010649400273892767, "repeat": 10, "number": 1}]}, "temperature.SAPM.time_sapm_cell": {"result": [0.0022231538702423372], "stats": [{"ci_99": [0.0022123994616170726, 0.0022615553655972085], "q_25": 0.0022169838387829563, "q_75": 0.0022435829353829226, "min": 0.0022123994616170726, "max": 0.0022615553655972085, "mean": 0.0022299841977655886, "std": 1.6735146522433775e-05, "repeat": 10, "number": 6}]}}, "params": {"arch": "x86_64", "cpu": "Intel Xeon Processor (Skylake, IBRS)", "machine": "pvlib-asv.forecasting.energy.arizona.edu", "num_cpu": "4", "os": "Linux 5.7.8-200.fc32.x86_64", "ram": "8145244", "python": "3.7", "ephem": "3.7.6.0", "numpy": "1.18.5", "pandas": "1.1.0", "pytables": "3.6.1", "scipy": "1.2.0"}, "requirements": {"ephem": "3.7.6.0", "numpy": "1.18.5", "pandas": "1.1.0", "pytables": "3.6.1", "scipy": "1.2.0"}, "commit_hash": "845a75ac736c00901c5077f2e57902d505e18d71", "date": 1535155850000, "env_name": "conda-py3.7-ephem3.7.6.0-numpy1.18.5-pandas1.1.0-pytables3.6.1-scipy1.2.0", "python": "3.7", "profiles": {}, "started_at": {"irradiance.Irradiance.time_aoi": 1599427233232,