{"results": {"irradiance.Irradiance.time_aoi": {"result": [0.0023275579325854777], "stats": [{"ci_99": [0.002279017027467489, 0.0024230602197349072], "q_25": 0.0022954634623602033, "q_75": 0.0023704494582489134, "min": 0.002279017027467489, "max": 0.0024230602197349072, "mean": 0.002336019929498434, "std": 4.7577729644459823e-05, "repeat": 10, "number": 5}]}, "irradiance.Irradiance.time_aoi_projection": {"result": [0.0019544860115274787], "stats": [{"ci_99": [0.0019252801624437172, 0.0020620846189558506], "q_25": 0.0019334912455330293, "q_75": 0.0020261228977081678, "min": 0.0019252801624437172, "max": 0.0020620846189558506, "mean": 0.001979042962193489, "std": 5.193597207183479e-05, "repeat": 10, "number": 6}]}, "irradiance.Irradiance.time_dirindex": {"result": [0.14105837745591998], "stats": [{"ci_99": [0.13828311581164598, 0.1530363569036126], "q_25": 0.1400018602143973, "q_75": 0.14280238037463278, "min": 0.13828311581164598, "max": 0.1530363569036126, "mean": 0.1421662244014442, "std": 0.003997863309373296, "repeat": 10, "number": 1}]}, "irradiance.Irradiance.time_dirint": {"result": [0.0705040143802762], "stats": [{"ci_99": [0.06849714834243059, 0.07313431706279516], "q_25": 0.06905119155999273, "q_75": 0.07129492319654673, "min": 0.06849714834243059, "max": 0.07313431706279516, "mean": 0.07040408635511994, "std": 0.0014500357654564531, "repeat": 10, "number": 1}]}, "irradiance.Irradiance.time_disc": {"result": [0.019697560695931315], "stats": [{"ci_99": [0.019314410164952278, 0.02108054095879197], "q_25": 0.019558909232728183, "q_75": 0.0201547434553504, "min": 0.019314410164952278, "max": 0.02108054095879197, "mean": 0.019887718465179206, "std": 0.0004891205401494775, "repeat": 10, "number": 1}]}, "irradiance.Irradiance.time_erbs": {"result": [0.012100104009732604], "stats": [{"ci_99": [0.011608267202973366, 0.012616361025720835], "q_25": 0.011902175843715668, "q_75": 0.012354937032796443, "min": 0.011608267202973366, "max": 0.012616361025720835, "mean": 0.012116496358066798, "std": 0.00030791050312583044, "repeat": 10, "number": 1}]}, "irradiance.Irradiance.time_get_extra_radiation": {"result": [0.0026449242141097784], "stats": [{"ci_99": [0.0025905959773808718, 0.0026872226735576987], "q_25": 0.0026195664249826223, "q_75": 0.002672628004802391, "min": 0.0025905959773808718, "max": 0.0026872226735576987, "mean": 0.0026429501711390914, "std": 3.2462831226300974e-05, "repeat": 10, "number": 4}]}, "irradiance.Irradiance.time_get_ground_diffuse": {"result": [0.0005702154245227574], "stats": [{"ci_99": [0.0005125087918713689, 0.0005954761989414691], "q_25": 0.0005331364402081817, "q_75": 0.0005860377103090286, "min": 0.0005125087918713689, "max": 0.0005954761989414691, "mean": 0.0005615659290924668, "std": 2.909771547662022e-05, "repeat": 10, "number": 20}]}, "irradiance.Irradiance.time_get_total_irradiance": {"result": [0.0053765540942549706], "stats": [{"ci_99": [0.005199918989092112, 0.00559056643396616], "q_25": 0.005257230019196868, "q_75": 0.0055031831143423915, "min": 0.005199918989092112, "max": 0.00559056643396616, "mean": 0.0053846351336687805, "std": 0.0001307764538389159, "repeat": 10, "number": 2}]}, "location.Location.time_location_get_airmass": {"result": [0.0014119944535195827], "stats": [{"ci_99": [0.001312681008130312, 0.0014512697816826403], "q_25": 0.00140694783476647, "q_75": 0.0014183743332978338, "min": 0.001312681008130312, "max": 0.0014512697816826403, "mean": 0.0014067941578105093, "std": 3.385582797456002e-05, "repeat": 10, "number": 8}]}, "location.Location.time_location_get_clearsky": {"result": [0.012933283345773816], "stats": [{"ci_99": [0.012118981685489416, 0.013653939124196768], "q_25": 0.012704951339401305, "q_75": 0.0132275833748281, "min": 0.012118981685489416, "max": 0.013653939124196768, "mean": 0.012970254989340901, "std": 0.00045066272062787373, "repeat": 10, "number": 1}]}, "location.Location.time_location_get_solarposition": {"result": [0.017900844104588032], "stats": [{"ci_99": [0.017785332165658474, 0.018087011761963367], "q_25": 0.01786355150397867, "q_75": 0.01795708353165537, "min": 0.017785332165658474, "max": 0.018087011761963367, "mean": 0.017919684294611216, "std": 9.06359738191393e-05, "repeat": 10, "number": 1}]}, "location.Location_0_6_1.time_location_get_sun_rise_set_transit_pyephem": NaN, "location.Location_0_6_1.time_location_get_sun_rise_set_transit_spa": NaN, "solarposition.SolarPosition.time_ephemeris": {"result": [0.026100150076672435], "stats": [{"ci_99": [0.024230455979704857, 0.027057386934757233], "q_25": 0.024942329968325794, "q_75": 0.0261993701569736, "min": 0.024230455979704857, "max": 0.027057386934757233, "mean": 0.025706074712798, "std": 0.0008401940280731887, "repeat": 10, "number": 1}]}, "solarposition.SolarPosition.time_ephemeris_localized": {"result": [0.025561278220266104], "stats": [{"ci_99": [0.02371877897530794, 0.026618186850100756], "q_25": 0.024398447712883353, "q_75": 0.026551647461019456, "min": 0.02371877897530794, "max": 0.026618186850100756, "mean": 0.025432210881263018, "std": 0.001103685803234647, "repeat": 10, "number": 1}]}, "solarposition.SolarPosition.time_nrel_earthsun_distance": {"result": [0.02410575607791543], "stats": [{"ci_99": [0.023855402134358883, 0.02492175390943885], "q_25": 0.024025475489906967, "q_75": 0.024504114757291973, "min": 0.023855402134358883, "max": 0.02492175390943885, "mean": 0.024259574711322784, "std": 0.0003531733472805276, "repeat": 10, "number": 1}]}, "solarposition.SolarPosition.time_spa_python": {"result": [0.028924824437126517], "stats": [{"ci_99": [0.02857611421495676, 0.030216106213629246], "q_25": 0.028723349329084158, "q_75": 0.029021440539509058, "min": 0.02857611421495676, "max": 0.030216106213629246, "mean": 0.0290425025857985, "std": 0.0004662459612967797, "repeat": 10, "number": 1}]}, "solarposition.SolarPosition.time_sun_rise_set_transit_spa": {"result": [0.0495897033251822], "stats": [{"ci_99": [0.049268804024904966, 0.05104546109214425], "q_25": 0.049387276521883905, "q_75": 0.049969620537012815, "min": 0.049268804024904966, "max": 0.05104546109214425, "mean": 0.04976238813251257, "std": 0.0005084732808859082, "repeat": 10, "number": 1}]}, "temperature.Fuentes.time_fuentes": NaN, "temperature.SAPM.time_sapm_cell": {"result": [0.0022280414588749407], "stats": [{"ci_99": [0.0021928899921476843, 0.0022761493921279905], "q_25": 0.0022029160521924497, "q_75": 0.002238574787043035, "min": 0.0021928899921476843, "max": 0.0022761493921279905, "mean": 0.0022271675057709216, "std": 2.59294412517102e-05, "repeat": 10, "number": 5}]}, "tracking.SingleAxis.time_singleaxis": {"result": [0.03185021271929145], "stats": [{"ci_99": [0.030205477960407734, 0.034708545077592134], "q_25": 0.03137186181265861, "q_75": 0.0320657225092873, "min": 0.030205477960407734, "max": 0.034708545077592134, "mean": 0.031877609388902786, "std": 0.0010995771296551154, "repeat": 10, "number": 1}]}, "tracking.SingleAxis.time_tracker_singleaxis": {"result": [0.03170128003694117], "stats": [{"ci_99": [0.028993534855544567, 0.03308783611282706], "q_25": 0.030895837699063122, "q_75": 0.0321942592272535, "min": 0.028993534855544567, "max": 0.03308783611282706, "mean": 0.03153258361853659, "std": 0.0011157594017206418, "repeat": 10, "number": 1}]}}, "params": {"arch": "x86_64", "cpu": "Intel Xeon Processor (Skylake, IBRS)", "machine": "pvlib-asv.forecasting.energy.arizona.edu", "num_cpu": "4", "os": "Linux 5.7.8-200.fc32.x86_64", "ram": "8145244", "python": "3.8", "numpy": "", "pandas": "", "scipy": "", "pytables": "", "ephem": ""}, "requirements": {"numpy": "", "pandas": "", "scipy": "", "pytables": "", "ephem": ""}, "commit_hash": "845a75ac736c00901c5077f2e57902d505e18d71", "date": 1535155850000, "env_name": "conda-py3.8-ephem-numpy-pandas-pytables-scipy", "python": "3.8", "profiles": {}, "started_at": {"irradiance.Irradiance.time_aoi": 1599833535741, "irradiance.Irradiance.time_aoi_projection": 1599833537597,