{"results": {"irradiance.Irradiance.time_aoi": {"result": [0.0023925837595015764], "stats": [{"ci_99": [0.0023654731921851635, 0.0024174345657229424], "q_25": 0.002375854691490531, "q_75": 0.0023976827971637247, "min": 0.0023654731921851635, "max": 0.0024174345657229424, "mean": 0.002389449924230576, "std": 1.6380358904714768e-05, "repeat": 10, "number": 5}]}, "irradiance.Irradiance.time_aoi_projection": {"result": [0.002152197016403079], "stats": [{"ci_99": [0.002116231620311737, 0.002180368732661009], "q_25": 0.0021329173585399983, "q_75": 0.0021653502248227597, "min": 0.002116231620311737, "max": 0.002180368732661009, "mean": 0.002149582104757428, "std": 2.076167639521651e-05, "repeat": 10, "number": 5}]}, "irradiance.Irradiance.time_dirindex": {"result": [0.06592576950788498], "stats": [{"ci_99": [0.06466315919533372, 0.06733053177595139], "q_25": 0.06513729912694544, "q_75": 0.0663400290068239, "min": 0.06466315919533372, "max": 0.06733053177595139, "mean": 0.06583033427596093, "std": 0.0008281098996290394, "repeat": 10, "number": 1}]}, "irradiance.Irradiance.time_dirint": {"result": [0.032527009258046746], "stats": [{"ci_99": [0.03198169497773051, 0.0375447878614068], "q_25": 0.0321615522261709, "q_75": 0.032683217665180564, "min": 0.03198169497773051, "max": 0.0375447878614068, "mean": 0.033197809709236026, "std": 0.0017741707534138932, "repeat": 10, "number": 1}]}, "irradiance.Irradiance.time_disc": {"result": [0.012739367317408323], "stats": [{"ci_99": [0.012536183930933475, 0.013170192018151283], "q_25": 0.012631045072339475, "q_75": 0.012862548814155161, "min": 0.012536183930933475, "max": 0.013170192018151283, "mean": 0.012771859671920538, "std": 0.00018690305274798633, "repeat": 10, "number": 1}]}, "irradiance.Irradiance.time_erbs": {"result": [0.007436293759383261], "stats": [{"ci_99": [0.0072933826595544815, 0.007610600907355547], "q_25": 0.007396657892968506, "q_75": 0.007483483524993062, "min": 0.0072933826595544815, "max": 0.007610600907355547, "mean": 0.007438568933866918, "std": 8.200879774696022e-05, "repeat": 10, "number": 2}]}, "irradiance.Irradiance.time_get_extra_radiation": {"result": [0.0005448768160452968], "stats": [{"ci_99": [0.0005357611042104269, 0.0005832697804036893], "q_25": 0.0005408837705066329, "q_75": 0.0005468943119539242, "min": 0.0005357611042104269, "max": 0.0005832697804036893, "mean": 0.0005474812057065336, "std": 1.2548993685977446e-05, "repeat": 10, "number": 19}]}, "irradiance.Irradiance.time_get_ground_diffuse": {"result": [0.0003594669499708449], "stats": [{"ci_99": [0.00032741302514777463, 0.0003724631661658778], "q_25": 0.0003559206619256121, "q_75": 0.0003661791903569418, "min": 0.00032741302514777463, "max": 0.0003724631661658778, "mean": 0.0003559610806405544, "std": 1.4505197275323318e-05, "repeat": 10, "number": 34}]}, "irradiance.Irradiance.time_get_total_irradiance": {"result": [0.004567558644339442], "stats": [{"ci_99": [0.0045102545991539955, 0.004629333348323901], "q_25": 0.004537139010305206, "q_75": 0.00458783582629015, "min": 0.0045102545991539955, "max": 0.004629333348323901, "mean": 0.004566118400543928, "std": 3.417257581164285e-05, "repeat": 10, "number": 3}]}, "location.Location.time_location_get_airmass": {"result": [0.0013926746905781329], "stats": [{"ci_99": [0.0013843973283655941, 0.0014179136487655342], "q_25": 0.0013893718860344961, "q_75": 0.0013969513529445976, "min": 0.0013843973283655941, "max": 0.0014179136487655342, "mean": 0.0013966114493086934, "std": 1.1097190334098733e-05, "repeat": 10, "number": 8}]}, "location.Location.time_location_get_clearsky": {"result": [0.009361064527183771], "stats": [{"ci_99": [0.00900874799117446, 0.010092084063217044], "q_25": 0.009135146683547646, "q_75": 0.009515258076135069, "min": 0.00900874799117446, "max": 0.010092084063217044, "mean": 0.00937136656139046, "std": 0.0003108313928998413, "repeat": 10, "number": 2}]}, "location.Location.time_location_get_solarposition": {"result": [0.01512216986157], "stats": [{"ci_99": [0.015041176229715347, 0.01539224898442626], "q_25": 0.01506478781811893, "q_75": 0.015179537469521165, "min": 0.015041176229715347, "max": 0.01539224898442626, "mean": 0.015141635108739138, "std": 0.00010077717359079286, "repeat": 10, "number": 1}]}, "location.Location_0_6_1.time_location_get_sun_rise_set_transit_pyephem": {"result": [0.1813834854401648], "stats": [{"ci_99": [0.17969193402677774, 0.181962626054883], "q_25": 0.1807840740075335, "q_75": 0.18181714264210314, "min": 0.17969193402677774, "max": 0.181962626054883, "mean": 0.18116890671662986, "std": 0.0007379916714860753, "repeat": 10, "number": 1}]}, "location.Location_0_6_1.time_location_get_sun_rise_set_transit_spa": {"result": [0.033595944521948695], "stats": [{"ci_99": [0.03314113710075617, 0.034220505971461535], "q_25": 0.033313114661723375, "q_75": 0.033744266955181956, "min": 0.03314113710075617, "max": 0.034220505971461535, "mean": 0.033576230378821494, "std": 0.0003185334100000919, "repeat": 10, "number": 1}]}, "solarposition.SolarPosition.time_ephemeris": {"result": [0.01843880512751639], "stats": [{"ci_99": [0.018317318055778742, 0.018811354879289865], "q_25": 0.018364330986514688, "q_75": 0.018685615272261202, "min": 0.018317318055778742, "max": 0.018811354879289865, "mean": 0.018513216776773332, "std": 0.00017728954130309202, "repeat": 10, "number": 1}]}, "solarposition.SolarPosition.time_ephemeris_localized": {"result": [0.018239700235426426], "stats": [{"ci_99": [0.01803337223827839, 0.018561434000730515], "q_25": 0.018151561729609966, "q_75": 0.018336329143494368, "min": 0.01803337223827839, "max": 0.018561434000730515, "mean": 0.01824631397612393, "std": 0.00015203385120631, "repeat": 10, "number": 1}]}, "solarposition.SolarPosition.time_nrel_earthsun_distance": {"result": [0.022772531490772963], "stats": [{"ci_99": [0.022686757147312164, 0.023051675874739885], "q_25": 0.02273482456803322, "q_75": 0.02281522925477475, "min": 0.022686757147312164, "max": 0.023051675874739885, "mean": 0.02280114754103124, "std": 0.00010308675468804708, "repeat": 10, "number": 1}]}, "solarposition.SolarPosition.time_spa_python": {"result": [0.025754385627806187], "stats": [{"ci_99": [0.025634221266955137, 0.02591758780181408], "q_25": 0.02567838237155229, "q_75": 0.0258163686376065, "min": 0.025634221266955137, "max": 0.02591758780181408, "mean": 0.025760837364941835, "std": 9.104227337790529e-05, "repeat": 10, "number": 1}]}, "solarposition.SolarPosition.time_sun_rise_set_transit_spa": {"result": [0.0384719914291054], "stats": [{"ci_99": [0.03807453205808997, 0.041751655749976635], "q_25": 0.03819957096129656, "q_75": 0.04109771130606532, "min": 0.03807453205808997, "max": 0.041751655749976635, "mean": 0.03941969680599868, "std": 0.00152511202715885, "repeat": 10, "number": 1}]}, "temperature.Fuentes.time_fuentes": NaN, "temperature.SAPM.time_sapm_cell": {"result": [0.0010060807690024376], "stats": [{"ci_99": [0.0009939474138346586, 0.0010254916480996392], "q_25": 0.000998851790262217, "q_75": 0.0010195986833423376, "min": 0.0009939474138346586, "max": 0.0010254916480996392, "mean": 0.0010081834583119912, "std": 1.1425357375293167e-05, "repeat": 10, "number": 11}]}, "tracking.SingleAxis.time_singleaxis": {"result": [0.018950096564367414], "stats": [{"ci_99": [0.017431241925805807, 0.021708195097744465], "q_25": 0.018719611456617713, "q_75": 0.01971280330326408, "min": 0.017431241925805807, "max": 0.021708195097744465, "mean": 0.01925635924562812, "std": 0.0011741358682183106, "repeat": 10, "number": 1}]}, "tracking.SingleAxis.time_tracker_singleaxis": {"result": [0.018328631296753883], "stats": [{"ci_99": [0.016934089828282595, 0.021916071884334087], "q_25": 0.017796321189962327, "q_75": 0.01918295305222273, "min": 0.016934089828282595, "max": 0.021916071884334087, "mean": 0.01862734784372151, "std": 0.0014172905653694827, "repeat": 10, "number": 1}]}}, "params": {"arch": "x86_64", "cpu": "Intel Xeon Processor (Skylake, IBRS)",