{"results": {"irradiance.TimeSuite.time_aoi": {"result": [0.0022150525357574223], "stats": [{"ci_99": [0.0022032209672033787, 0.0024318331852555275], "q_25": 0.002212751936167479, "q_75": 0.002264544181525707, "min": 0.0022032209672033787, "max": 0.0024318331852555275, "mean": 0.002250254703685642, "std": 6.562932707121555e-05, "repeat": 10, "number": 5}]}, "irradiance.TimeSuite.time_aoi_projection": {"result": [0.0022010485175997015], "stats": [{"ci_99": [0.0021657833829522135, 0.0024277388118207456], "q_25": 0.0021934054559096697, "q_75": 0.0022589800879359244, "min": 0.0021657833829522135, "max": 0.0024277388118207456, "mean": 0.002242139149457216, "std": 8.452679643172539e-05, "repeat": 10, "number": 5}]}, "irradiance.TimeSuite.time_dirindex": {"result": [0.14667522604577243], "stats": [{"ci_99": [0.14298445591703057, 0.14996885834261775], "q_25": 0.14544306020252407, "q_75": 0.1488227068912238, "min": 0.14298445591703057, "max": 0.14996885834261775, "mean": 0.1467931589577347, "std": 0.0023667337944302804, "repeat": 10, "number": 1}]}, "irradiance.TimeSuite.time_dirint": {"result": [0.07158374367281795], "stats": [{"ci_99": [0.07074924279004335, 0.07458381168544292], "q_25": 0.07090154546312988, "q_75": 0.07344814261887223, "min": 0.07074924279004335, "max": 0.07458381168544292, "mean": 0.07216552924364805, "std": 0.0014743135413680278, "repeat": 10, "number": 1}]}, "irradiance.TimeSuite.time_disc": {"result": [0.018432704964652658], "stats": [{"ci_99": [0.01796030392870307, 0.020467545837163925], "q_25": 0.018237099749967456, "q_75": 0.019364082370884717, "min": 0.01796030392870307, "max": 0.020467545837163925, "mean": 0.018825824465602638, "std": 0.0008647745744584752, "repeat": 10, "number": 1}]}, "irradiance.TimeSuite.time_erbs": {"result": [0.013166381744667888], "stats": [{"ci_99": [0.012417715042829514, 0.01391653809696436], "q_25": 0.012662088964134455, "q_75": 0.01360483595635742, "min": 0.012417715042829514, "max": 0.01391653809696436, "mean": 0.013134049996733666, "std": 0.000546824453485129, "repeat": 10, "number": 1}]}, "irradiance.TimeSuite.time_get_extra_radiation": {"result": [0.002659790334291756], "stats": [{"ci_99": [0.002637951751239598, 0.0027162282494828105], "q_25": 0.002651443093782291, "q_75": 0.0026634929527062923, "min": 0.002637951751239598, "max": 0.0027162282494828105, "mean": 0.0026624893536791204, "std": 2.0208923560614115e-05, "repeat": 10, "number": 4}]}, "irradiance.TimeSuite.time_get_ground_diffuse": {"result": [0.0005466110729189081], "stats": [{"ci_99": [0.0005053836344317956, 0.0005790094040672888], "q_25": 0.0005093044601380825, "q_75": 0.0005702069082128053, "min": 0.0005053836344317956, "max": 0.0005790094040672888, "mean": 0.0005416210613806139, "std": 2.943526142171094e-05, "repeat": 10, "number": 22}]}, "irradiance.TimeSuite.time_get_total_irradiance": {"result": [0.005115736275911331], "stats": [{"ci_99": [0.0050342699978500605, 0.005378915928304195], "q_25": 0.005065707315225154, "q_75": 0.005310725478921086, "min": 0.0050342699978500605, "max": 0.005378915928304195, "mean": 0.005176812363788486, "std": 0.00012957405850316442, "repeat": 10, "number": 2}]}, "location.TimeSuite.time_location_get_airmass": {"result": [0.0014842065782951458], "stats": [{"ci_99": [0.0013666958548128605, 0.0014986588752695493], "q_25": 0.001478480757214129, "q_75": 0.001491220634696739, "min": 0.0013666958548128605, "max": 0.0014986588752695493, "mean": 0.0014637782770608153, "std": 4.8807653652629286e-05, "repeat": 10, "number": 7}]}, "location.TimeSuite.time_location_get_clearsky": {"result": [0.012734869727864861], "stats": [{"ci_99": [0.012088207993656397, 0.013587485998868942], "q_25": 0.012251644628122449, "q_75": 0.013106066035106778, "min": 0.012088207993656397, "max": 0.013587485998868942, "mean": 0.012724584247916938, "std": 0.0004887926499839282, "repeat": 10, "number": 1}]}, "location.TimeSuite.time_location_get_solarposition": {"result": [0.01771765318699181], "stats": [{"ci_99": [0.0176332569681108, 0.017942511942237616], "q_25": 0.017694909824058414, "q_75": 0.017730631167069077, "min": 0.0176332569681108, "max": 0.017942511942237616, "mean": 0.017741833999752998, "std": 9.48573540724789e-05, "repeat": 10, "number": 1}]}, "location.TimeSuite.time_location_get_sun_rise_set_transit_pyephem": {"result": [0.1961228810250759], "stats": [{"ci_99": [0.18122835690155625, 0.19726874586194754], "q_25": 0.19579924806021154, "q_75": 0.19648754631634802, "min": 0.18122835690155625, "max": 0.19726874586194754, "mean": 0.19474277961999178, "std": 0.004528434271608562, "repeat": 10, "number": 1}]}, "location.TimeSuite.time_location_get_sun_rise_set_transit_spa": {"result": [0.04241974535398185], "stats": [{"ci_99": [0.042235744185745716, 0.042772910092025995], "q_25": 0.04228568053804338, "q_75": 0.04254113475326449, "min": 0.042235744185745716, "max": 0.042772910092025995, "mean": 0.04244413929991424, "std": 0.0001784307563948958, "repeat": 10, "number": 1}]}, "solarposition.TimeSuite.time_ephemeris": {"result": [0.024927427992224693], "stats": [{"ci_99": [0.024312921799719334, 0.025320251006633043], "q_25": 0.02482004731427878, "q_75": 0.025094700045883656, "min": 0.024312921799719334, "max": 0.025320251006633043, "mean": 0.024875935958698393, "std": 0.00030802582668914435, "repeat": 10, "number": 1}]}, "solarposition.TimeSuite.time_ephemeris_localized": {"result": [0.024954276392236352], "stats": [{"ci_99": [0.023894119076430798, 0.025570640806108713], "q_25": 0.02470033650752157, "q_75": 0.025421151192858815, "min": 0.023894119076430798, "max": 0.025570640806108713, "mean": 0.024891138495877384, "std": 0.0005802877007015447, "repeat": 10, "number": 1}]}, "solarposition.TimeSuite.time_nrel_earthsun_distance": {"result": [0.023044597823172808], "stats": [{"ci_99": [0.02271852409467101, 0.024049915838986635], "q_25": 0.022968214936554432, "q_75": 0.02328418765682727, "min": 0.02271852409467101, "max": 0.024049915838986635, "mean": 0.023161493055522443, "std": 0.00034917633663942936, "repeat": 10, "number": 1}]}, "solarposition.TimeSuite.time_spa_python": {"result": [0.028225065674632788], "stats": [{"ci_99": [0.02799873799085617, 0.028359279967844486], "q_25": 0.028099339571781456, "q_75": 0.028262733481824398, "min": 0.02799873799085617, "max": 0.028359279967844486, "mean": 0.02818875927478075, "std": 0.00010845544831336175, "repeat": 10, "number": 1}]}, "solarposition.TimeSuite.time_sun_rise_set_transit_spa": {"result": [0.04911255626939237], "stats": [{"ci_99": [0.04833027720451355, 0.04970843903720379], "q_25": 0.04889987944625318, "q_75": 0.04935887234751135, "min": 0.04833027720451355, "max": 0.04970843903720379, "mean": 0.04907778617925942, "std": 0.00038537380331325917, "repeat": 10, "number": 1}]}, "tracking.TimeSuite.time_singleaxis": {"result": [0.006471846019849181], "stats": [{"ci_99": [0.006282426882535219, 0.0065969061106443405], "q_25": 0.006330215896014124, "q_75": 0.006537332315929234, "min": 0.006282426882535219, "max": 0.0065969061106443405, "mean": 0.006441343598999083, "std": 0.0001130244856524704, "repeat": 10, "number": 2}]}, "tracking.TimeSuite.time_tracker_singleaxis": {"result": [0.006403456558473408], "stats": [{"ci_99": [0.006223603617399931, 0.00659317965619266], "q_25": 0.0062672022031620145, "q_75": 0.006473449524492025, "min": 0.006223603617399931, "max": 0.00659317965619266, "mean": 0.006392534705810249, "std": 0.00013037368109566604, "repeat": 10, "number": 2}]}}, "params": {"arch": "x86_64", "cpu": "Intel Xeon Processor (Skylake, IBRS)", "machine": "pvlib-asv.forecasting.energy.arizona.edu", "num_cpu": "4", "os": "Linux 5.7.8-200.fc32.x86_64", "ram": "8145244", "python": "3.7", "ephem": "3.7.6.0", "numpy": "1.18.5", "pandas": "1.1.0", "pytables": "3.6.1", "scipy": "1.2.0"}, "requirements": {"ephem": "3.7.6.0", "numpy": "1.18.5", "pandas": "1.1.0", "pytables": "3.6.1", "scipy": "1.2.0"}, "commit_hash": "87d1bf21ed7f9c654ef55864eb1035c18fbb1cf4", "date": 1598374976000,