{"results": {"irradiance.Irradiance.time_aoi": {"result": [0.0021824830677360297], "stats": [{"ci_99": [0.002154274005442858, 0.002272888459265232], "q_25": 0.002164842840284109, "q_75": 0.0021995000541210176, "min": 0.002154274005442858, "max": 0.002272888459265232, "mean": 0.0021897713094949723, "std": 3.359482104264522e-05, "repeat": 10, "number": 5}]}, "irradiance.Irradiance.time_aoi_projection": {"result": [0.0022281067911535503], "stats": [{"ci_99": [0.0022000334225594997, 0.0022621613927185534], "q_25": 0.0022162683308124542, "q_75": 0.00223408886231482, "min": 0.0022000334225594997, "max": 0.0022621613927185534, "mean": 0.002226798878982663, "std": 1.6747276185535336e-05, "repeat": 10, "number": 5}]}, "irradiance.Irradiance.time_dirindex": {"result": [0.1474704914726317], "stats": [{"ci_99": [0.14451831579208374, 0.14972952380776405], "q_25": 0.14625046274159104, "q_75": 0.14891749375965446, "min": 0.14451831579208374, "max": 0.14972952380776405, "mean": 0.14733569300733507, "std": 0.0017620692413807138, "repeat": 10, "number": 1}]}, "irradiance.Irradiance.time_dirint": {"result": [0.07061953796073794], "stats": [{"ci_99": [0.07007256895303726, 0.07384102698415518], "q_25": 0.07021621440071613, "q_75": 0.07262241118587554, "min": 0.07007256895303726, "max": 0.07384102698415518, "mean": 0.07134468900039792, "std": 0.0014480063348148164, "repeat": 10, "number": 1}]}, "irradiance.Irradiance.time_disc": {"result": [0.019363046856597066], "stats": [{"ci_99": [0.017810713965445757, 0.020040393341332674], "q_25": 0.01825286156963557, "q_75": 0.019488989491946995, "min": 0.017810713965445757, "max": 0.020040393341332674, "mean": 0.019014474330469967, "std": 0.0007812541990454916, "repeat": 10, "number": 1}]}, "irradiance.Irradiance.time_erbs": {"result": [0.012727877357974648], "stats": [{"ci_99": [0.011568209622055292, 0.012918971013277769], "q_25": 0.012106487643904984, "q_75": 0.01282766624353826, "min": 0.011568209622055292, "max": 0.012918971013277769, "mean": 0.012469542073085904, "std": 0.0005174438484054308, "repeat": 10, "number": 1}]}, "irradiance.Irradiance.time_get_extra_radiation": null, "irradiance.Irradiance.time_get_ground_diffuse": null, "irradiance.Irradiance.time_get_total_irradiance": null, "location.Location.time_location_get_airmass": {"result": [0.005248468951322138], "stats": [{"ci_99": [0.004844976123422384, 0.005297948839142919], "q_25": 0.0052387050236575305, "q_75": 0.00527965824585408, "min": 0.004844976123422384, "max": 0.005297948839142919, "mean": 0.005219026003032923, "std": 0.00012671330205252324, "repeat": 10, "number": 2}]}, "location.Location.time_location_get_clearsky": {"result": [0.017369751119986176], "stats": [{"ci_99": [0.015993313863873482, 0.018010518047958612], "q_25": 0.01733781979419291, "q_75": 0.017529933131299913, "min": 0.015993313863873482, "max": 0.018010518047958612, "mean": 0.017329296097159386, "std": 0.00048816534740073067, "repeat": 10, "number": 1}]}, "location.Location.time_location_get_solarposition": {"result": [0.017904523527249694], "stats": [{"ci_99": [0.01774660311639309, 0.01812511309981346], "q_25": 0.01781796826981008, "q_75": 0.017965872073546052, "min": 0.01774660311639309, "max": 0.01812511309981346, "mean": 0.01790816825814545, "std": 0.00011517829599881803, "repeat": 10, "number": 1}]}, "location.Location_0_6_1.time_location_get_sun_rise_set_transit_pyephem": NaN, "location.Location_0_6_1.time_location_get_sun_rise_set_transit_spa": NaN, "solarposition.SolarPosition.time_ephemeris": {"result": [0.02467000111937523], "stats": [{"ci_99": [0.02373237395659089, 0.025318435858935118], "q_25": 0.024145655101165175, "q_75": 0.02490613574627787, "min": 0.02373237395659089, "max": 0.025318435858935118, "mean": 0.024568703258410096, "std": 0.0005470588856323216, "repeat": 10, "number": 1}]}, "solarposition.SolarPosition.time_ephemeris_localized": {"result": [0.24493238097056746], "stats": [{"ci_99": [0.23959391983225942, 0.24741653632372618], "q_25": 0.24486535508185625, "q_75": 0.2452592618064955, "min": 0.23959391983225942, "max": 0.24741653632372618, "mean": 0.24480737172998487, "std": 0.0019154909975269503, "repeat": 10, "number": 1}]}, "solarposition.SolarPosition.time_nrel_earthsun_distance": {"result": [0.023032041266560555], "stats": [{"ci_99": [0.022552691865712404, 0.023472780361771584], "q_25": 0.023012281744740903, "q_75": 0.023096767836250365, "min": 0.022552691865712404, "max": 0.023472780361771584, "mean": 0.02305066492408514, "std": 0.00021873251223236253, "repeat": 10, "number": 1}]}, "solarposition.SolarPosition.time_spa_python": {"result": [0.028474717400968075], "stats": [{"ci_99": [0.028219352010637522, 0.02866843296214938], "q_25": 0.028374312911182642, "q_75": 0.028580261510796845, "min": 0.028219352010637522, "max": 0.02866843296214938, "mean": 0.028470183070749045, "std": 0.00014327242381267542, "repeat": 10, "number": 1}]}, "solarposition.SolarPosition.time_sun_rise_set_transit_spa": {"result": [0.04993322119116783], "stats": [{"ci_99": [0.04955576919019222, 0.05027714092284441], "q_25": 0.04972413775976747, "q_75": 0.05017945170402527, "min": 0.04955576919019222, "max": 0.05027714092284441, "mean": 0.049929464468732476, "std": 0.0002645824148023743, "repeat": 10, "number": 1}]}, "temperature.Fuentes.time_fuentes": NaN, "tracking.SingleAxis.time_singleaxis": {"result": [0.0464150074403733], "stats": [{"ci_99": [0.04479672620072961, 0.047738879919052124], "q_25": 0.04573275404982269, "q_75": 0.04743840603623539, "min": 0.04479672620072961, "max": 0.047738879919052124, "mean": 0.04640657645650208, "std": 0.0010174991162583806, "repeat": 10, "number": 1}]}, "tracking.SingleAxis.time_tracker_singleaxis": {"result": [0.0452299895696342], "stats": [{"ci_99": [0.043789461720734835, 0.046837438363581896], "q_25": 0.044536288594827056, "q_75": 0.045734824729152024, "min": 0.043789461720734835, "max": 0.046837438363581896, "mean": 0.04527083756402135, "std": 0.0009958798155975542, "repeat": 10, "number": 1}]}, "temperature.SAPM.time_sapm_cell": {"result": [0.002224657917395234], "stats": [{"ci_99": [0.00219266414642334, 0.002271359600126743], "q_25": 0.0022163523361086847, "q_75": 0.00224765301682055, "min": 0.00219266414642334, "max": 0.002271359600126743, "mean": 0.002231871243566274, "std": 2.3427118361950305e-05, "repeat": 10, "number": 5}]}}, "params": {"arch": "x86_64", "cpu": "Intel Xeon Processor (Skylake, IBRS)", "machine": "pvlib-asv.forecasting.energy.arizona.edu", "num_cpu": "4", "os": "Linux 5.7.8-200.fc32.x86_64", "ram": "8145244", "python": "3.7", "ephem": "3.7.6.0", "numpy": "1.18.5", "pandas": "1.1.0", "pytables": "3.6.1", "scipy": "1.2.0"}, "requirements": {"ephem": "3.7.6.0", "numpy": "1.18.5", "pandas": "1.1.0", "pytables": "3.6.1", "scipy": "1.2.0"}, "commit_hash": "8aec267601339c6e1c03434c1211814dd40e8426", "date": 1528387796000, "env_name": "conda-py3.7-ephem3.7.6.0-numpy1.18.5-pandas1.1.0-pytables3.6.1-scipy1.2.0", "python": "3.7", "profiles": {}, "started_at": {"irradiance.Irradiance.time_aoi": 1599428628020, "irradiance.Irradiance.time_aoi_projection": 1599428630076, "irradiance.Irradiance.time_dirindex": 1599428632132, "irradiance.Irradiance.time_dirint": 1599428634889, "irradiance.Irradiance.time_disc": 1599428637245, "irradiance.Irradiance.time_erbs": 1599428639301, "irradiance.Irradiance.time_get_extra_radiation": 1599428620367, "irradiance.Irradiance.time_get_ground_diffuse": 1599428620770, "irradiance.Irradiance.time_get_total_irradiance": 1599428621173, "location.Location.time_location_get_airmass": 1599428641357, "location.Location.time_location_get_clearsky": 1599428641711, "location.Location.time_location_get_solarposition": 1599428642064, "location.Location_0_6_1.time_location_get_sun_rise_set_transit_pyephem": 1599428642418, "location.Location_0_6_1.time_location_get_sun_rise_set_transit_spa": 1599428642470, "solarposition.SolarPosition.time_ephemeris": 1599428642523,