{"results": {"irradiance.Irradiance.time_aoi": {"result": [0.0023435135837644337], "stats": [{"ci_99": [0.0022840330377221106, 0.002425442170351744], "q_25": 0.0022999987006187437, "q_75": 0.0023827848490327597, "min": 0.0022840330377221106, "max": 0.002425442170351744, "mean": 0.0023436358664184814, "std": 4.69310900939198e-05, "repeat": 10, "number": 5}]}, "irradiance.Irradiance.time_aoi_projection": {"result": [0.0020121079403907062], "stats": [{"ci_99": [0.0019828970544040203, 0.002110769972205162], "q_25": 0.0019979582168161867, "q_75": 0.0020174914039671425, "min": 0.0019828970544040203, "max": 0.002110769972205162, "mean": 0.0020210615638643504, "std": 3.853324332515976e-05, "repeat": 10, "number": 5}]}, "irradiance.Irradiance.time_dirindex": {"result": [0.14248929545283318], "stats": [{"ci_99": [0.13910300005227327, 0.14673409005627036], "q_25": 0.14114599430467933, "q_75": 0.14403874147683382, "min": 0.13910300005227327, "max": 0.14673409005627036, "mean": 0.1425979864783585, "std": 0.002200766508994626, "repeat": 10, "number": 1}]}, "irradiance.Irradiance.time_dirint": {"result": [0.07086671865545213], "stats": [{"ci_99": [0.06834945129230618, 0.07330170413479209], "q_25": 0.06947109510656446, "q_75": 0.07160456920973957, "min": 0.06834945129230618, "max": 0.07330170413479209, "mean": 0.07071376349776984, "std": 0.0014752393683912846, "repeat": 10, "number": 1}]}, "irradiance.Irradiance.time_disc": {"result": [0.01862066239118576], "stats": [{"ci_99": [0.018333739135414362, 0.019419481046497822], "q_25": 0.018483604304492474, "q_75": 0.01909918140154332, "min": 0.018333739135414362, "max": 0.019419481046497822, "mean": 0.01875957977026701, "std": 0.00036701425079856316, "repeat": 10, "number": 1}]}, "irradiance.Irradiance.time_erbs": {"result": [0.01348032453097403], "stats": [{"ci_99": [0.01329296175390482, 0.014222966972738504], "q_25": 0.013343445607461035, "q_75": 0.013796983170323074, "min": 0.01329296175390482, "max": 0.014222966972738504, "mean": 0.013622483192011713, "std": 0.00033496682228339905, "repeat": 10, "number": 1}]}, "irradiance.Irradiance.time_get_extra_radiation": {"result": [0.002700613171327859], "stats": [{"ci_99": [0.0026260997401550412, 0.0027406803565099835], "q_25": 0.002685976156499237, "q_75": 0.002717933210078627, "min": 0.0026260997401550412, "max": 0.0027406803565099835, "mean": 0.0026969602331519127, "std": 3.0254675858859206e-05, "repeat": 10, "number": 4}]}, "irradiance.Irradiance.time_get_ground_diffuse": {"result": [0.0005568096770302338], "stats": [{"ci_99": [0.0005206762922599035, 0.0005974317626918064], "q_25": 0.0005356640322133899, "q_75": 0.0005900844561812632, "min": 0.0005206762922599035, "max": 0.0005974317626918064, "mean": 0.0005600711385555126, "std": 2.8664641481824703e-05, "repeat": 10, "number": 17}]}, "irradiance.Irradiance.time_get_total_irradiance": {"result": [0.005311766057275236], "stats": [{"ci_99": [0.005165368551388383, 0.0053959619253873825], "q_25": 0.005239647754933685, "q_75": 0.005341500276699662, "min": 0.005165368551388383, "max": 0.0053959619253873825, "mean": 0.005292145535349846, "std": 7.770437289751431e-05, "repeat": 10, "number": 2}]}, "location.Location.time_location_get_airmass": {"result": [0.0014096143131610006], "stats": [{"ci_99": [0.0012944964109919965, 0.0014185712207108736], "q_25": 0.001400881796143949, "q_75": 0.0014147707406664267, "min": 0.0012944964109919965, "max": 0.0014185712207108736, "mean": 0.0013880077167414129, "std": 4.6823609372563527e-05, "repeat": 10, "number": 8}]}, "location.Location.time_location_get_clearsky": {"result": [0.013021338498219848], "stats": [{"ci_99": [0.012273067142814398, 0.013558437116444111], "q_25": 0.012855671462602913, "q_75": 0.013325618230737746, "min": 0.012273067142814398, "max": 0.013558437116444111, "mean": 0.013037545327097177, "std": 0.0003515684866218404, "repeat": 10, "number": 1}]}, "location.Location.time_location_get_solarposition": {"result": [0.018107299925759435], "stats": [{"ci_99": [0.01772133819758892, 0.018657777924090624], "q_25": 0.017795525607652962, "q_75": 0.018462974345311522, "min": 0.01772133819758892, "max": 0.018657777924090624, "mean": 0.01813107552006841, "std": 0.0003493178275149665, "repeat": 10, "number": 1}]}, "location.Location_0_6_1.time_location_get_sun_rise_set_transit_pyephem": {"result": [0.19558369647711515], "stats": [{"ci_99": [0.1788813853636384, 0.19999847980216146], "q_25": 0.19546893006190658, "q_75": 0.19605182076338679, "min": 0.1788813853636384, "max": 0.19999847980216146, "mean": 0.19442502218298613, "std": 0.00534816356317099, "repeat": 10, "number": 1}]}, "location.Location_0_6_1.time_location_get_sun_rise_set_transit_spa": {"result": [0.042830645805224776], "stats": [{"ci_99": [0.042560372967273, 0.043024149257689714], "q_25": 0.04270790610462427, "q_75": 0.04291804728563875, "min": 0.042560372967273, "max": 0.043024149257689714, "mean": 0.04281430724076927, "std": 0.00015088404515271067, "repeat": 10, "number": 1}]}, "solarposition.SolarPosition.time_ephemeris": {"result": [0.023397451965138316], "stats": [{"ci_99": [0.023220187053084373, 0.025148871820420027], "q_25": 0.023339811712503433, "q_75": 0.023558778571896255, "min": 0.023220187053084373, "max": 0.025148871820420027, "mean": 0.023612555861473084, "std": 0.000543600497799785, "repeat": 10, "number": 1}]}, "solarposition.SolarPosition.time_ephemeris_localized": {"result": [0.024805802619084716], "stats": [{"ci_99": [0.023978847078979015, 0.025188923347741365], "q_25": 0.024670636979863048, "q_75": 0.024991199024952948, "min": 0.023978847078979015, "max": 0.025188923347741365, "mean": 0.024753484455868602, "std": 0.0003362782433717164, "repeat": 10, "number": 1}]}, "solarposition.SolarPosition.time_nrel_earthsun_distance": {"result": [0.023970365524291992], "stats": [{"ci_99": [0.023433370981365442, 0.024092214182019234], "q_25": 0.023903173278085887, "q_75": 0.024024495389312506, "min": 0.023433370981365442, "max": 0.024092214182019234, "mean": 0.023926518578082322, "std": 0.0001759639139937665, "repeat": 10, "number": 1}]}, "solarposition.SolarPosition.time_spa_python": {"result": [0.02851888188160956], "stats": [{"ci_99": [0.02830715710297227, 0.028808479197323322], "q_25": 0.028404056560248137, "q_75": 0.02860402618534863, "min": 0.02830715710297227, "max": 0.028808479197323322, "mean": 0.02852545492351055, "std": 0.00015128370661372266, "repeat": 10, "number": 1}]}, "solarposition.SolarPosition.time_sun_rise_set_transit_spa": {"result": [0.049444514559581876], "stats": [{"ci_99": [0.0491773746907711, 0.04976119101047516], "q_25": 0.04929117951542139, "q_75": 0.04951603035442531, "min": 0.0491773746907711, "max": 0.04976119101047516, "mean": 0.04942044056952, "std": 0.0001630179331419344, "repeat": 10, "number": 1}]}, "temperature.Fuentes.time_fuentes": NaN, "temperature.SAPM.time_sapm_cell": {"result": [0.001595451862418226], "stats": [{"ci_99": [0.0015563932912690298, 0.001650370258305754], "q_25": 0.0015877239805247103, "q_75": 0.0016003689795200313, "min": 0.0015563932912690298, "max": 0.001650370258305754, "mean": 0.0015964063882295573, "std": 2.2320124763019414e-05, "repeat": 10, "number": 7}]}, "tracking.SingleAxis.time_singleaxis": {"result": [0.006379183265380561], "stats": [{"ci_99": [0.00618596444837749, 0.006681542145088315], "q_25": 0.006237353663891554, "q_75": 0.006487838982138783, "min": 0.00618596444837749, "max": 0.006681542145088315, "mean": 0.0063804625533521175, "std": 0.00015617467816594986, "repeat": 10, "number": 2}]}, "tracking.SingleAxis.time_tracker_singleaxis": {"result": [0.006556404754519463], "stats": [{"ci_99": [0.006228544982150197, 0.0069997000973671675], "q_25": 0.0063502080156467855, "q_75": 0.00658099731663242, "min": 0.006228544982150197, "max": 0.0069997000973671675, "mean": 0.006535618426278233, "std": 0.00024247317689543753, "repeat": 10, "number": 2}]}}, "params": {"arch": "x86_64", "cpu": "Intel Xeon Processor (Skylake, IBRS)",