{"results": {"irradiance.Irradiance.time_aoi": {"result": [0.0022021453827619553], "stats": [{"ci_99": [0.0021608149632811545, 0.00223466781899333], "q_25": 0.00220122083555907, "q_75": 0.0022153844824060794, "min": 0.0021608149632811545, "max": 0.00223466781899333, "mean": 0.0022021969594061374, "std": 2.139323897203777e-05, "repeat": 10, "number": 5}]}, "irradiance.Irradiance.time_aoi_projection": {"result": [0.002200577314943075], "stats": [{"ci_99": [0.0021611781790852546, 0.0022295942530035973], "q_25": 0.002192573598586023, "q_75": 0.0022065677447244527, "min": 0.0021611781790852546, "max": 0.0022295942530035973, "mean": 0.0021965332608669995, "std": 1.9042354186758276e-05, "repeat": 10, "number": 5}]}, "irradiance.Irradiance.time_dirindex": {"result": [0.1434930118266493], "stats": [{"ci_99": [0.14188367826864123, 0.14749255497008562], "q_25": 0.14223822683561593, "q_75": 0.1455384996952489, "min": 0.14188367826864123, "max": 0.14749255497008562, "mean": 0.14402044196613134, "std": 0.0019994184345421403, "repeat": 10, "number": 1}]}, "irradiance.Irradiance.time_dirint": {"result": [0.07305962848477066], "stats": [{"ci_99": [0.07015429204329848, 0.07418593810871243], "q_25": 0.07113703328650445, "q_75": 0.07358740258496255, "min": 0.07015429204329848, "max": 0.07418593810871243, "mean": 0.0724759953096509, "std": 0.0014404437479873433, "repeat": 10, "number": 1}]}, "irradiance.Irradiance.time_disc": {"result": [0.019161731703206897], "stats": [{"ci_99": [0.017845246009528637, 0.01949910819530487], "q_25": 0.01841992442496121, "q_75": 0.019278830965049565, "min": 0.017845246009528637, "max": 0.01949910819530487, "mean": 0.018890583608299493, "std": 0.0005991382105855423, "repeat": 10, "number": 1}]}, "irradiance.Irradiance.time_erbs": {"result": [0.012271500192582607], "stats": [{"ci_99": [0.011594363953918219, 0.012803981080651283], "q_25": 0.011778089683502913, "q_75": 0.012680058949626982, "min": 0.011594363953918219, "max": 0.012803981080651283, "mean": 0.012228732788935303, "std": 0.0004726248261463941, "repeat": 10, "number": 1}]}, "irradiance.Irradiance.time_get_extra_radiation": null, "irradiance.Irradiance.time_get_ground_diffuse": null, "irradiance.Irradiance.time_get_total_irradiance": null, "location.Location.time_location_get_airmass": {"result": [0.005575696472078562], "stats": [{"ci_99": [0.005347859812900424, 0.0057729450054466724], "q_25": 0.005508162546902895, "q_75": 0.005729334894567728, "min": 0.005347859812900424, "max": 0.0057729450054466724, "mean": 0.005596716701984405, "std": 0.0001367241686579382, "repeat": 10, "number": 2}]}, "location.Location.time_location_get_clearsky": {"result": [0.450160602806136], "stats": [{"ci_99": [0.4420578218996525, 0.4646720956079662], "q_25": 0.44710927829146385, "q_75": 0.4598168096272275, "min": 0.4420578218996525, "max": 0.4646720956079662, "mean": 0.45249562822282313, "std": 0.007924607862651539, "repeat": 10, "number": 1}]}, "location.Location.time_location_get_solarposition": {"result": [0.018019916024059057], "stats": [{"ci_99": [0.017778011970221996, 0.018474139273166656], "q_25": 0.01797472476027906, "q_75": 0.018096652580425143, "min": 0.017778011970221996, "max": 0.018474139273166656, "mean": 0.018047708598896862, "std": 0.00017127299735199695, "repeat": 10, "number": 1}]}, "location.Location_0_6_1.time_location_get_sun_rise_set_transit_pyephem": NaN, "location.Location_0_6_1.time_location_get_sun_rise_set_transit_spa": NaN, "solarposition.SolarPosition.time_ephemeris": null, "solarposition.SolarPosition.time_ephemeris_localized": null, "solarposition.SolarPosition.time_nrel_earthsun_distance": {"result": [0.023072986397892237], "stats": [{"ci_99": [0.022753237280994654, 0.023398809134960175], "q_25": 0.02306365326512605, "q_75": 0.023111987044103444, "min": 0.022753237280994654, "max": 0.023398809134960175, "mean": 0.02308823252096772, "std": 0.0001668986955837944, "repeat": 10, "number": 1}]}, "solarposition.SolarPosition.time_spa_python": {"result": [0.030237325001507998], "stats": [{"ci_99": [0.030014792922884226, 0.030724281910806894], "q_25": 0.030147673562169075, "q_75": 0.030357481678947806, "min": 0.030014792922884226, "max": 0.030724281910806894, "mean": 0.030274192057549953, "std": 0.00018716641342813768, "repeat": 10, "number": 1}]}, "solarposition.SolarPosition.time_sun_rise_set_transit_spa": {"result": [0.050277335569262505], "stats": [{"ci_99": [0.04999680118635297, 0.05075616529211402], "q_25": 0.05013586045242846, "q_75": 0.050493696122430265, "min": 0.04999680118635297, "max": 0.05075616529211402, "mean": 0.05031594913452864, "std": 0.00023208657256285886, "repeat": 10, "number": 1}]}, "temperature.Fuentes.time_fuentes": NaN, "tracking.SingleAxis.time_singleaxis": {"result": [0.04485868406482041], "stats": [{"ci_99": [0.04303340706974268, 0.04692573705688119], "q_25": 0.04416608775500208, "q_75": 0.045378560200333595, "min": 0.04303340706974268, "max": 0.04692573705688119, "mean": 0.04480149419978261, "std": 0.0010342602310709627, "repeat": 10, "number": 1}]}, "tracking.SingleAxis.time_tracker_singleaxis": {"result": [0.044868732802569866], "stats": [{"ci_99": [0.04355467623099685, 0.04619986517354846], "q_25": 0.044364121509715915, "q_75": 0.04525921249296516, "min": 0.04355467623099685, "max": 0.04619986517354846, "mean": 0.044838637206703426, "std": 0.000690558198905086, "repeat": 10, "number": 1}]}}, "params": {"arch": "x86_64", "cpu": "Intel Xeon Processor (Skylake, IBRS)", "machine": "pvlib-asv.forecasting.energy.arizona.edu", "num_cpu": "4", "os": "Linux 5.7.8-200.fc32.x86_64", "ram": "8145244", "python": "3.7", "ephem": "3.7.6.0", "numpy": "1.18.5", "pandas": "1.1.0", "pytables": "3.6.1", "scipy": "1.2.0"}, "requirements": {"ephem": "3.7.6.0", "numpy": "1.18.5", "pandas": "1.1.0", "pytables": "3.6.1", "scipy": "1.2.0"}, "commit_hash": "8d56b2e1daa9bbac0b1f370836abe946336f2768", "date": 1483064186000, "env_name": "conda-py3.7-ephem3.7.6.0-numpy1.18.5-pandas1.1.0-pytables3.6.1-scipy1.2.0", "python": "3.7", "profiles": {}, "started_at": {"irradiance.Irradiance.time_aoi": 1599433658382, "irradiance.Irradiance.time_aoi_projection": 1599433663141, "irradiance.Irradiance.time_dirindex": 1599433667901, "irradiance.Irradiance.time_dirint": 1599433673412, "irradiance.Irradiance.time_disc": 1599433678522, "irradiance.Irradiance.time_erbs": 1599433683382, "irradiance.Irradiance.time_get_extra_radiation": 1599433648375, "irradiance.Irradiance.time_get_ground_diffuse": 1599433649228, "irradiance.Irradiance.time_get_total_irradiance": 1599433650082, "location.Location.time_location_get_airmass": 1599433688142, "location.Location.time_location_get_clearsky": 1599433688495, "location.Location.time_location_get_solarposition": 1599433691453, "location.Location_0_6_1.time_location_get_sun_rise_set_transit_pyephem": 1599433691806, "location.Location_0_6_1.time_location_get_sun_rise_set_transit_spa": 1599433691859, "solarposition.SolarPosition.time_ephemeris": 1599433654704, "solarposition.SolarPosition.time_ephemeris_localized": 1599433654806, "solarposition.SolarPosition.time_nrel_earthsun_distance": 1599433691911, "solarposition.SolarPosition.time_spa_python": 1599433692164, "solarposition.SolarPosition.time_sun_rise_set_transit_spa": 1599433692468, "temperature.Fuentes.time_fuentes": 1599433692871, "tracking.SingleAxis.time_singleaxis": 1599433693127, "tracking.SingleAxis.time_tracker_singleaxis": 1599433694231}, "ended_at": {"irradiance.Irradiance.time_aoi": 1599433663141, "irradiance.Irradiance.time_aoi_projection": 1599433667901, "irradiance.Irradiance.time_dirindex": 1599433673411, "irradiance.Irradiance.time_dirint": 1599433678522, "irradiance.Irradiance.time_disc": 1599433683382, "irradiance.Irradiance.time_erbs": 1599433688141, "irradiance.Irradiance.time_get_extra_radiation": 1599433649228, "irradiance.Irradiance.time_get_ground_diffuse": 1599433650082, "irradiance.Irradiance.time_get_total_irradiance": 1599433650936,