{"results": {"irradiance.TimeSuite.time_aoi": {"result": [0.0022456203121691944], "stats": [{"ci_99": [0.0021953225135803224, 0.002372621186077595], "q_25": 0.0022188972448930143, "q_75": 0.0023347396403551103, "min": 0.0021953225135803224, "max": 0.002372621186077595, "mean": 0.0022704278305172923, "std": 6.29427063375344e-05, "repeat": 10, "number": 5}]}, "irradiance.TimeSuite.time_aoi_projection": {"result": [0.00234400974586606], "stats": [{"ci_99": [0.0021894000470638274, 0.0023918227292597295], "q_25": 0.002325069601647556, "q_75": 0.002364335604943335, "min": 0.0021894000470638274, "max": 0.0023918227292597295, "mean": 0.0023299033008515836, "std": 5.531997470528048e-05, "repeat": 10, "number": 5}]}, "irradiance.TimeSuite.time_dirindex": {"result": [0.1470084460452199], "stats": [{"ci_99": [0.14577109273523092, 0.14852015301585197], "q_25": 0.14636860764585435, "q_75": 0.14710755192209035, "min": 0.14577109273523092, "max": 0.14852015301585197, "mean": 0.14692754708230496, "std": 0.0007609121531269475, "repeat": 10, "number": 1}]}, "irradiance.TimeSuite.time_dirint": {"result": [0.07313868589699268], "stats": [{"ci_99": [0.07177187222987413, 0.0739490669220686], "q_25": 0.07224471413064748, "q_75": 0.07371176802553236, "min": 0.07177187222987413, "max": 0.0739490669220686, "mean": 0.07299882969819009, "std": 0.00079168538038633, "repeat": 10, "number": 1}]}, "irradiance.TimeSuite.time_disc": {"result": [0.019506910350173712], "stats": [{"ci_99": [0.018963332753628492, 0.0199030889198184], "q_25": 0.019262652494944632, "q_75": 0.019568364834412932, "min": 0.018963332753628492, "max": 0.0199030889198184, "mean": 0.019446389004588126, "std": 0.00026628149905214997, "repeat": 10, "number": 1}]}, "irradiance.TimeSuite.time_erbs": {"result": [0.012784590944647789], "stats": [{"ci_99": [0.01182784978300333, 0.013038280885666609], "q_25": 0.012713833013549447, "q_75": 0.01286068418994546, "min": 0.01182784978300333, "max": 0.013038280885666609, "mean": 0.012716409051790833, "std": 0.00031232135592574846, "repeat": 10, "number": 1}]}, "irradiance.TimeSuite.time_get_extra_radiation": null, "irradiance.TimeSuite.time_get_ground_diffuse": null, "irradiance.TimeSuite.time_get_total_irradiance": null, "location.TimeSuite.time_location_get_airmass": {"result": [0.005337197566404939], "stats": [{"ci_99": [0.0052801463752985, 0.005437989952042699], "q_25": 0.005309623666107655, "q_75": 0.005370564991608262, "min": 0.0052801463752985, "max": 0.005437989952042699, "mean": 0.0053474751068279145, "std": 4.9996054133212826e-05, "repeat": 10, "number": 2}]}, "location.TimeSuite.time_location_get_clearsky": {"result": [0.017828444484621286], "stats": [{"ci_99": [0.01763584790751338, 0.01850867411121726], "q_25": 0.017731184139847755, "q_75": 0.01819002686534077, "min": 0.01763584790751338, "max": 0.01850867411121726, "mean": 0.017952528595924378, "std": 0.00029982756179666985, "repeat": 10, "number": 1}]}, "location.TimeSuite.time_location_get_solarposition": {"result": [0.018745965557172894], "stats": [{"ci_99": [0.01866073999553919, 0.01880792435258627], "q_25": 0.018709144671447575, "q_75": 0.018780836137011647, "min": 0.01866073999553919, "max": 0.01880792435258627, "mean": 0.018743433197960256, "std": 4.3423774901368794e-05, "repeat": 10, "number": 1}]}, "solarposition.TimeSuite.time_ephemeris": {"result": [0.02536891191266477], "stats": [{"ci_99": [0.02491293800994754, 0.025781509000808], "q_25": 0.02510984579566866, "q_75": 0.025603909394703805, "min": 0.02491293800994754, "max": 0.025781509000808, "mean": 0.025346587272360922, "std": 0.00030068105100611363, "repeat": 10, "number": 1}]}, "solarposition.TimeSuite.time_ephemeris_localized": {"result": [0.2559801652096212], "stats": [{"ci_99": [0.2546150228008628, 0.26215728279203176], "q_25": 0.2554212211398408, "q_75": 0.25691633275710046, "min": 0.2546150228008628, "max": 0.26215728279203176, "mean": 0.25661842059344053, "std": 0.002022546703082213, "repeat": 10, "number": 1}]}, "solarposition.TimeSuite.time_nrel_earthsun_distance": {"result": [0.023162379628047347], "stats": [{"ci_99": [0.022777143865823746, 0.025141621939837933], "q_25": 0.02305471571162343, "q_75": 0.023306801565922797, "min": 0.022777143865823746, "max": 0.025141621939837933, "mean": 0.023505711648613214, "std": 0.0008048032107745789, "repeat": 10, "number": 1}]}, "solarposition.TimeSuite.time_spa_python": {"result": [0.030276643112301826], "stats": [{"ci_99": [0.029749599285423756, 0.030540348030626774], "q_25": 0.030215516686439514, "q_75": 0.03032675920985639, "min": 0.029749599285423756, "max": 0.030540348030626774, "mean": 0.030245643900707365, "std": 0.00019039751724546564, "repeat": 10, "number": 1}]}, "solarposition.TimeSuite.time_sun_rise_set_transit_spa": {"result": [0.05076859472319484], "stats": [{"ci_99": [0.05012028105556965, 0.05093824118375778], "q_25": 0.05065730772912502, "q_75": 0.05080312688369304, "min": 0.05012028105556965, "max": 0.05093824118375778, "mean": 0.05070410538464785, "std": 0.00021861456031248774, "repeat": 10, "number": 1}]}, "tracking.TimeSuite.time_singleaxis": {"result": [0.048444844549521804], "stats": [{"ci_99": [0.047588733956217766, 0.04946754314005375], "q_25": 0.048254019231535494, "q_75": 0.04885338630992919, "min": 0.047588733956217766, "max": 0.04946754314005375, "mean": 0.04854874480515718, "std": 0.0005595054705470254, "repeat": 10, "number": 1}]}, "tracking.TimeSuite.time_tracker_singleaxis": {"result": [0.04839231842197478], "stats": [{"ci_99": [0.04677977925166488, 0.048867191188037395], "q_25": 0.047487859264947474, "q_75": 0.04871047171764076, "min": 0.04677977925166488, "max": 0.048867191188037395, "mean": 0.04806925617158413, "std": 0.0007436652839396338, "repeat": 10, "number": 1}]}}, "params": {"arch": "x86_64", "cpu": "Intel Xeon Processor (Skylake, IBRS)", "machine": "pvlib-asv.forecasting.energy.arizona.edu", "num_cpu": "4", "os": "Linux 5.7.8-200.fc32.x86_64", "ram": "8145244", "python": "3.7", "ephem": "3.7.6.0", "numpy": "1.18.5", "pandas": "1.1.0", "pytables": "3.6.1", "scipy": "1.2.0"}, "requirements": {"ephem": "3.7.6.0", "numpy": "1.18.5", "pandas": "1.1.0", "pytables": "3.6.1", "scipy": "1.2.0"}, "commit_hash": "8da6afc53a45cb09ea8e33a97a1aaa294cdf871d", "date": 1526485139000, "env_name": "conda-py3.7-ephem3.7.6.0-numpy1.18.5-pandas1.1.0-pytables3.6.1-scipy1.2.0", "python": "3.7", "profiles": {}, "started_at": {"irradiance.TimeSuite.time_aoi": 1599362788820, "irradiance.TimeSuite.time_aoi_projection": 1599362790976, "irradiance.TimeSuite.time_dirindex": 1599362793132, "irradiance.TimeSuite.time_dirint": 1599362795989, "irradiance.TimeSuite.time_disc": 1599362798496, "irradiance.TimeSuite.time_erbs": 1599362800652, "irradiance.TimeSuite.time_get_extra_radiation": 1599362781226, "irradiance.TimeSuite.time_get_ground_diffuse": 1599362781629, "irradiance.TimeSuite.time_get_total_irradiance": 1599362782032, "location.TimeSuite.time_location_get_airmass": 1599362802808, "location.TimeSuite.time_location_get_clearsky": 1599362803161, "location.TimeSuite.time_location_get_solarposition": 1599362803565, "solarposition.TimeSuite.time_ephemeris": 1599362803968, "solarposition.TimeSuite.time_ephemeris_localized": 1599362804271, "solarposition.TimeSuite.time_nrel_earthsun_distance": 1599362805877, "solarposition.TimeSuite.time_spa_python": 1599362806180, "solarposition.TimeSuite.time_sun_rise_set_transit_spa": 1599362806483, "tracking.TimeSuite.time_singleaxis": 1599362806887, "tracking.TimeSuite.time_tracker_singleaxis": 1599362808041}, "ended_at": {"irradiance.TimeSuite.time_aoi": 1599362790976, "irradiance.TimeSuite.time_aoi_projection": 1599362793132, "irradiance.TimeSuite.time_dirindex": 1599362795989, "irradiance.TimeSuite.time_dirint": 1599362798496, "irradiance.TimeSuite.time_disc": 1599362800652, "irradiance.TimeSuite.time_erbs": 1599362802808, "irradiance.TimeSuite.time_get_extra_radiation": 1599362781629, "irradiance.TimeSuite.time_get_ground_diffuse": 1599362782031,