{"results": {"irradiance.Irradiance.time_aoi": {"result": [0.002369783213362098], "stats": [{"ci_99": [0.002336775790899992, 0.0024165369570255278], "q_25": 0.002357921609655023, "q_75": 0.0023990354500710966, "min": 0.002336775790899992, "max": 0.0024165369570255278, "mean": 0.002376156225800514, "std": 2.5392984831110525e-05, "repeat": 10, "number": 5}]}, "irradiance.Irradiance.time_aoi_projection": {"result": [0.002007192000746727], "stats": [{"ci_99": [0.001907411776483059, 0.0020764287561178207], "q_25": 0.0019693731563165786, "q_75": 0.002039342769421637, "min": 0.001907411776483059, "max": 0.0020764287561178207, "mean": 0.002002353332936764, "std": 5.331664113359616e-05, "repeat": 10, "number": 5}]}, "irradiance.Irradiance.time_dirindex": {"result": [0.14165826374664903], "stats": [{"ci_99": [0.13952915417030454, 0.1431932281702757], "q_25": 0.1404254880035296, "q_75": 0.14256537787150592, "min": 0.13952915417030454, "max": 0.1431932281702757, "mean": 0.1414518270175904, "std": 0.0012561167561907513, "repeat": 10, "number": 1}]}, "irradiance.Irradiance.time_dirint": {"result": [0.07215635408647358], "stats": [{"ci_99": [0.06892211688682437, 0.073688596021384], "q_25": 0.07124332140665501, "q_75": 0.07239283039234579, "min": 0.06892211688682437, "max": 0.073688596021384, "mean": 0.07191200922243297, "std": 0.0013190036236905246, "repeat": 10, "number": 1}]}, "irradiance.Irradiance.time_disc": {"result": [0.019979744218289852], "stats": [{"ci_99": [0.019557897932827473, 0.020351532846689224], "q_25": 0.019691505236551166, "q_75": 0.02025673072785139, "min": 0.019557897932827473, "max": 0.020351532846689224, "mean": 0.019974611746147276, "std": 0.0002932924113834583, "repeat": 10, "number": 1}]}, "irradiance.Irradiance.time_erbs": {"result": [0.013289930764585733], "stats": [{"ci_99": [0.012818663846701384, 0.014154665172100067], "q_25": 0.013008489622734487, "q_75": 0.013862568070180714, "min": 0.012818663846701384, "max": 0.014154665172100067, "mean": 0.013428795663639904, "std": 0.000492834236409331, "repeat": 10, "number": 1}]}, "irradiance.Irradiance.time_get_extra_radiation": {"result": [0.002667659195140004], "stats": [{"ci_99": [0.0026139430701732635, 0.0027212739223614335], "q_25": 0.002649413072504103, "q_75": 0.002681502141058445, "min": 0.0026139430701732635, "max": 0.0027212739223614335, "mean": 0.002665591659024358, "std": 2.88130059305437e-05, "repeat": 10, "number": 4}]}, "irradiance.Irradiance.time_get_ground_diffuse": {"result": [0.0005782529944553972], "stats": [{"ci_99": [0.0005514586344361305, 0.0006068625021725893], "q_25": 0.0005697857239283621, "q_75": 0.0005874639784451573, "min": 0.0005514586344361305, "max": 0.0006068625021725893, "mean": 0.0005780360451899469, "std": 1.6417488967256535e-05, "repeat": 10, "number": 20}]}, "irradiance.Irradiance.time_get_total_irradiance": {"result": [0.005395854474045336], "stats": [{"ci_99": [0.005241326987743378, 0.005609533516690135], "q_25": 0.0053162421099841595, "q_75": 0.005524467851500958, "min": 0.005241326987743378, "max": 0.005609533516690135, "mean": 0.005417269025929272, "std": 0.00012148005270592996, "repeat": 10, "number": 2}]}, "location.Location.time_location_get_airmass": {"result": [0.001442510518245399], "stats": [{"ci_99": [0.0013191805337555707, 0.0014708061353303492], "q_25": 0.001438089064322412, "q_75": 0.001448317023459822, "min": 0.0013191805337555707, "max": 0.0014708061353303492, "mean": 0.001432548143202439, "std": 3.914705741762885e-05, "repeat": 10, "number": 8}]}, "location.Location.time_location_get_clearsky": {"result": [0.012983748456463218], "stats": [{"ci_99": [0.012295166030526161, 0.013613615185022354], "q_25": 0.012907310388982296, "q_75": 0.013054539216682315, "min": 0.012295166030526161, "max": 0.013613615185022354, "mean": 0.012933632219210267, "std": 0.00034607728007404894, "repeat": 10, "number": 1}]}, "location.Location.time_location_get_solarposition": {"result": [0.017740830313414335], "stats": [{"ci_99": [0.01762951724231243, 0.017852073069661856], "q_25": 0.01772887632250786, "q_75": 0.017778812209144235, "min": 0.01762951724231243, "max": 0.017852073069661856, "mean": 0.01774633196182549, "std": 6.024671952330297e-05, "repeat": 10, "number": 1}]}, "location.Location_0_6_1.time_location_get_sun_rise_set_transit_pyephem": {"result": [0.19491559453308582], "stats": [{"ci_99": [0.19454162335023284, 0.195680252276361], "q_25": 0.1948539287550375, "q_75": 0.1951063594315201, "min": 0.19454162335023284, "max": 0.195680252276361, "mean": 0.19497376955114304, "std": 0.0003007621550021992, "repeat": 10, "number": 1}]}, "location.Location_0_6_1.time_location_get_sun_rise_set_transit_spa": {"result": [0.04263372207060456], "stats": [{"ci_99": [0.042485267855226994, 0.04326201602816582], "q_25": 0.04254970606416464, "q_75": 0.04301019513513893, "min": 0.042485267855226994, "max": 0.04326201602816582, "mean": 0.042782502016052604, "std": 0.0002777612089234225, "repeat": 10, "number": 1}]}, "solarposition.SolarPosition.time_ephemeris": {"result": [0.024891401175409555], "stats": [{"ci_99": [0.024423519149422646, 0.025986840948462486], "q_25": 0.024718243977986276, "q_75": 0.024990620790049434, "min": 0.024423519149422646, "max": 0.025986840948462486, "mean": 0.024925574334338306, "std": 0.0004000048288103917, "repeat": 10, "number": 1}]}, "solarposition.SolarPosition.time_ephemeris_localized": {"result": [0.024872587993741035], "stats": [{"ci_99": [0.02413668902590871, 0.025355055928230286], "q_25": 0.024667168501764536, "q_75": 0.025037302053533494, "min": 0.02413668902590871, "max": 0.025355055928230286, "mean": 0.02482999409548938, "std": 0.0003270665671547271, "repeat": 10, "number": 1}]}, "solarposition.SolarPosition.time_nrel_earthsun_distance": {"result": [0.02401984133757651], "stats": [{"ci_99": [0.02391918934881687, 0.024212094023823738], "q_25": 0.023948516929522157, "q_75": 0.024120463524013758, "min": 0.02391918934881687, "max": 0.024212094023823738, "mean": 0.024039649358019232, "std": 9.794727134455102e-05, "repeat": 10, "number": 1}]}, "solarposition.SolarPosition.time_spa_python": {"result": [0.03021323005668819], "stats": [{"ci_99": [0.030066422186791897, 0.030627978965640068], "q_25": 0.030144059099256992, "q_75": 0.030382086639292538, "min": 0.030066422186791897, "max": 0.030627978965640068, "mean": 0.030280174920335412, "std": 0.00017354095817955544, "repeat": 10, "number": 1}]}, "solarposition.SolarPosition.time_sun_rise_set_transit_spa": {"result": [0.04928147071041167], "stats": [{"ci_99": [0.04876297526061535, 0.050687800627201796], "q_25": 0.04912993358448148, "q_75": 0.04953469010069966, "min": 0.04876297526061535, "max": 0.050687800627201796, "mean": 0.04937845910899341, "std": 0.0005067286387779949, "repeat": 10, "number": 1}]}, "temperature.Fuentes.time_fuentes": NaN, "temperature.SAPM.time_sapm_cell": {"result": [0.0022250023515274124], "stats": [{"ci_99": [0.002172639671092232, 0.002250456173593799], "q_25": 0.002214178384747356, "q_75": 0.0022394529854257903, "min": 0.002172639671092232, "max": 0.002250456173593799, "mean": 0.002222386778642734, "std": 2.3345887822506665e-05, "repeat": 10, "number": 6}]}, "tracking.SingleAxis.time_singleaxis": {"result": [0.006519194808788598], "stats": [{"ci_99": [0.006199094466865063, 0.0068790295626968145], "q_25": 0.0063219425501301885, "q_75": 0.00658698909683153, "min": 0.006199094466865063, "max": 0.0068790295626968145, "mean": 0.0064881038852036, "std": 0.00019196602028522487, "repeat": 10, "number": 2}]}, "tracking.SingleAxis.time_tracker_singleaxis": {"result": [0.006385857588611543], "stats": [{"ci_99": [0.00625989050604403, 0.0067226465325802565], "q_25": 0.0062931416323408484, "q_75": 0.006574411876499653, "min": 0.00625989050604403, "max": 0.0067226465325802565, "mean": 0.006432484788820148, "std": 0.00015978018497269752, "repeat": 10, "number": 2}]}}, "params": {"arch": "x86_64", "cpu": "Intel Xeon Processor (Skylake, IBRS)",