{"results": {"irradiance.Irradiance.time_aoi": {"result": [0.002333013247698546], "stats": [{"ci_99": [0.0023175367154181004, 0.002350908238440752], "q_25": 0.002327927364967763, "q_75": 0.0023381317267194388, "min": 0.0023175367154181004, "max": 0.002350908238440752, "mean": 0.0023331342916935683, "std": 1.0006070259421277e-05, "repeat": 10, "number": 5}]}, "irradiance.Irradiance.time_aoi_projection": {"result": [0.0021808520890772344], "stats": [{"ci_99": [0.002076565660536289, 0.0023690723814070226], "q_25": 0.002114029927179217, "q_75": 0.002300873585045338, "min": 0.002076565660536289, "max": 0.0023690723814070226, "mean": 0.0022048784326761956, "std": 0.00010678017105916598, "repeat": 10, "number": 5}]}, "irradiance.Irradiance.time_dirindex": {"result": [0.06597249628975987], "stats": [{"ci_99": [0.0655914330855012, 0.0667698672041297], "q_25": 0.0658792374888435, "q_75": 0.06637956527993083, "min": 0.0655914330855012, "max": 0.0667698672041297, "mean": 0.06611868487671017, "std": 0.00038442321940872616, "repeat": 10, "number": 1}]}, "irradiance.Irradiance.time_dirint": {"result": [0.03293002396821976], "stats": [{"ci_99": [0.03235854301601648, 0.03555397689342499], "q_25": 0.032789899967610836, "q_75": 0.03398430906236172, "min": 0.03235854301601648, "max": 0.03555397689342499, "mean": 0.03341937344521284, "std": 0.0009202979568642886, "repeat": 10, "number": 1}]}, "irradiance.Irradiance.time_disc": {"result": [0.012707330286502838], "stats": [{"ci_99": [0.012322410941123962, 0.012942042667418718], "q_25": 0.012478214805014431, "q_75": 0.012732629664242268, "min": 0.012322410941123962, "max": 0.012942042667418718, "mean": 0.01264389455318451, "std": 0.00019892771063790014, "repeat": 10, "number": 1}]}, "irradiance.Irradiance.time_erbs": {"result": [0.007354536559432745], "stats": [{"ci_99": [0.007274962496012449, 0.007447857642546296], "q_25": 0.0073129297234117985, "q_75": 0.007392105413600802, "min": 0.007274962496012449, "max": 0.007447857642546296, "mean": 0.007356252917088568, "std": 5.4358245908326014e-05, "repeat": 10, "number": 2}]}, "irradiance.Irradiance.time_get_extra_radiation": {"result": [0.0005375717417337], "stats": [{"ci_99": [0.0005334855057299137, 0.0005451263394206762], "q_25": 0.0005350758903659881, "q_75": 0.0005394967505708337, "min": 0.0005334855057299137, "max": 0.0005451263394206762, "mean": 0.0005379292275756597, "std": 3.4499972536132354e-06, "repeat": 10, "number": 20}]}, "irradiance.Irradiance.time_get_ground_diffuse": {"result": [0.0003643179234738151], "stats": [{"ci_99": [0.00033198739401996136, 0.0003689435621102651], "q_25": 0.00036106492625549437, "q_75": 0.00036621410011624295, "min": 0.00033198739401996136, "max": 0.0003689435621102651, "mean": 0.00036117521580308676, "std": 1.024695438140258e-05, "repeat": 10, "number": 30}]}, "irradiance.Irradiance.time_get_total_irradiance": {"result": [0.004596137053643664], "stats": [{"ci_99": [0.004561788557718198, 0.004623789961139361], "q_25": 0.004580555600114167, "q_75": 0.0046021598391234875, "min": 0.004561788557718198, "max": 0.004623789961139361, "mean": 0.004592899528021614, "std": 1.8656408535273196e-05, "repeat": 10, "number": 3}]}, "location.Location.time_location_get_airmass": {"result": [0.0013847982336301357], "stats": [{"ci_99": [0.001361986214760691, 0.00139765371568501], "q_25": 0.0013673134235432371, "q_75": 0.0013883097999496385, "min": 0.001361986214760691, "max": 0.00139765371568501, "mean": 0.0013793551886919885, "std": 1.2087172960952582e-05, "repeat": 10, "number": 8}]}, "location.Location.time_location_get_clearsky": {"result": [0.009388506761752069], "stats": [{"ci_99": [0.009292700560763478, 0.009598164586350322], "q_25": 0.009355830436106771, "q_75": 0.009464792732615024, "min": 0.009292700560763478, "max": 0.009598164586350322, "mean": 0.009420313593000173, "std": 9.817574604233677e-05, "repeat": 10, "number": 2}]}, "location.Location.time_location_get_solarposition": {"result": [0.01512694451957941], "stats": [{"ci_99": [0.014985003974288702, 0.015305877663195133], "q_25": 0.015077741350978613, "q_75": 0.01514984737150371, "min": 0.014985003974288702, "max": 0.015305877663195133, "mean": 0.01513385116122663, "std": 9.136991012188108e-05, "repeat": 10, "number": 1}]}, "location.Location_0_6_1.time_location_get_sun_rise_set_transit_pyephem": {"result": [0.18052943400107324], "stats": [{"ci_99": [0.17827225755900145, 0.18169960286468267], "q_25": 0.18033432529773563, "q_75": 0.18104297725949436, "min": 0.17827225755900145, "max": 0.18169960286468267, "mean": 0.18053908734582363, "std": 0.000929491514428909, "repeat": 10, "number": 1}]}, "location.Location_0_6_1.time_location_get_sun_rise_set_transit_spa": {"result": [0.032991785323247313], "stats": [{"ci_99": [0.032622823026031256, 0.03369219973683357], "q_25": 0.03291089448612183, "q_75": 0.03309906763024628, "min": 0.032622823026031256, "max": 0.03369219973683357, "mean": 0.0330259230453521, "std": 0.00027433992627688957, "repeat": 10, "number": 1}]}, "solarposition.SolarPosition.time_ephemeris": {"result": [0.018223430961370468], "stats": [{"ci_99": [0.018021810799837112, 0.01878714794293046], "q_25": 0.018107255804352462, "q_75": 0.018308668513782322, "min": 0.018021810799837112, "max": 0.01878714794293046, "mean": 0.018263287795707583, "std": 0.00021468434027022642, "repeat": 10, "number": 1}]}, "solarposition.SolarPosition.time_ephemeris_localized": {"result": [0.018202622421085835], "stats": [{"ci_99": [0.01806462835520506, 0.01834944635629654], "q_25": 0.018118606065399945, "q_75": 0.018316605943255126, "min": 0.01806462835520506, "max": 0.01834944635629654, "mean": 0.018209939217194916, "std": 0.00010450242193566174, "repeat": 10, "number": 1}]}, "solarposition.SolarPosition.time_nrel_earthsun_distance": {"result": [0.022627234691753983], "stats": [{"ci_99": [0.02251512184739113, 0.023123533930629492], "q_25": 0.0226009109755978, "q_75": 0.02270720584783703, "min": 0.02251512184739113, "max": 0.023123533930629492, "mean": 0.022677777940407394, "std": 0.00016427599482722157, "repeat": 10, "number": 1}]}, "solarposition.SolarPosition.time_spa_python": {"result": [0.02582749491557479], "stats": [{"ci_99": [0.025688447058200836, 0.026272776070982218], "q_25": 0.02581091842148453, "q_75": 0.025927462498657405, "min": 0.025688447058200836, "max": 0.026272776070982218, "mean": 0.025887723453342913, "std": 0.00015503207965348944, "repeat": 10, "number": 1}]}, "solarposition.SolarPosition.time_sun_rise_set_transit_spa": {"result": [0.03785030520521104], "stats": [{"ci_99": [0.03772831987589598, 0.03827818389981985], "q_25": 0.037772947922348976, "q_75": 0.037951119360513985, "min": 0.03772831987589598, "max": 0.03827818389981985, "mean": 0.037896808981895444, "std": 0.0001607107960725393, "repeat": 10, "number": 1}]}, "temperature.Fuentes.time_fuentes": NaN, "temperature.SAPM.time_sapm_cell": {"result": [0.0009851945056156678], "stats": [{"ci_99": [0.0009457217529416084, 0.0010283199054273691], "q_25": 0.0009552335303107446, "q_75": 0.001013452599925751, "min": 0.0009457217529416084, "max": 0.0010283199054273691, "mean": 0.000985360628163273, "std": 3.274549615648128e-05, "repeat": 10, "number": 11}]}, "tracking.SingleAxis.time_singleaxis": {"result": [0.02112437877804041], "stats": [{"ci_99": [0.017691707704216242, 0.02208465989679098], "q_25": 0.01826594292651862, "q_75": 0.021661620237864554, "min": 0.017691707704216242, "max": 0.02208465989679098, "mean": 0.02019018610008061, "std": 0.0017523812256774744, "repeat": 10, "number": 1}]}, "tracking.SingleAxis.time_tracker_singleaxis": {"result": [0.021246809046715498], "stats": [{"ci_99": [0.017107661813497543, 0.024475052021443844], "q_25": 0.018706525908783078, "q_75": 0.021952883107587695, "min": 0.017107661813497543, "max": 0.024475052021443844, "mean": 0.02079874570481479, "std": 0.002479855536343585, "repeat": 10, "number": 1}]}}, "params": {"arch": "x86_64", "cpu": "Intel Xeon Processor (Skylake, IBRS)",