{"results": {"irradiance.Irradiance.time_aoi": {"result": [0.0021875078789889814], "stats": [{"ci_99": [0.0021657343953847886, 0.0022288285195827483], "q_25": 0.002174661890603602, "q_75": 0.0021992387482896447, "min": 0.0021657343953847886, "max": 0.0022288285195827483, "mean": 0.002188846068456769, "std": 1.8097919128212308e-05, "repeat": 10, "number": 5}]}, "irradiance.Irradiance.time_aoi_projection": {"result": [0.002193012274801731], "stats": [{"ci_99": [0.0021366141736507416, 0.0022734180092811584], "q_25": 0.0021731836488470433, "q_75": 0.002211445150896907, "min": 0.0021366141736507416, "max": 0.0022734180092811584, "mean": 0.002191820498555899, "std": 3.797182605658552e-05, "repeat": 10, "number": 5}]}, "irradiance.Irradiance.time_dirindex": {"result": [0.14298758702352643], "stats": [{"ci_99": [0.14115691324695945, 0.1476287147961557], "q_25": 0.1426099098753184, "q_75": 0.145363706513308, "min": 0.14115691324695945, "max": 0.1476287147961557, "mean": 0.1440020845271647, "std": 0.0021324651802110055, "repeat": 10, "number": 1}]}, "irradiance.Irradiance.time_dirint": {"result": [0.0715567406732589], "stats": [{"ci_99": [0.06965146074071527, 0.0776887396350503], "q_25": 0.07018382323440164, "q_75": 0.07658829551655799, "min": 0.06965146074071527, "max": 0.0776887396350503, "mean": 0.07303101061843335, "std": 0.003237341584653584, "repeat": 10, "number": 1}]}, "irradiance.Irradiance.time_disc": {"result": [0.019447335973381996], "stats": [{"ci_99": [0.01920378813520074, 0.02012411318719387], "q_25": 0.019413770409300923, "q_75": 0.019738453323952854, "min": 0.01920378813520074, "max": 0.02012411318719387, "mean": 0.019574500061571597, "std": 0.00026985907824849726, "repeat": 10, "number": 1}]}, "irradiance.Irradiance.time_erbs": {"result": [0.012553415028378367], "stats": [{"ci_99": [0.01172769209370017, 0.012741736136376858], "q_25": 0.012441091588698328, "q_75": 0.012585700838826597, "min": 0.01172769209370017, "max": 0.012741736136376858, "mean": 0.01241645384579897, "std": 0.0003117937973881672, "repeat": 10, "number": 1}]}, "irradiance.Irradiance.time_get_extra_radiation": {"result": [0.002636224264279008], "stats": [{"ci_99": [0.002619708771817386, 0.0028706477023661137], "q_25": 0.002626233210321516, "q_75": 0.0026570188347250223, "min": 0.002619708771817386, "max": 0.0028706477023661137, "mean": 0.0026800430030561985, "std": 9.264901483718136e-05, "repeat": 10, "number": 4}]}, "irradiance.Irradiance.time_get_ground_diffuse": {"result": [0.0005392404505982995], "stats": [{"ci_99": [0.0004994336050003767, 0.0005547194508835673], "q_25": 0.0005329951469320803, "q_75": 0.0005430977325886488, "min": 0.0004994336050003767, "max": 0.0005547194508835673, "mean": 0.0005353438528254628, "std": 1.4406484212370953e-05, "repeat": 10, "number": 20}]}, "irradiance.Irradiance.time_get_total_irradiance": {"result": [0.005003223350892465], "stats": [{"ci_99": [0.004948191034297149, 0.0053799535768727464], "q_25": 0.004972287453711033, "q_75": 0.005031170207075775, "min": 0.004948191034297149, "max": 0.0053799535768727464, "mean": 0.005040602028990785, "std": 0.00012093002797243356, "repeat": 10, "number": 3}]}, "location.Location.time_location_get_airmass": {"result": [0.0014865741333259003], "stats": [{"ci_99": [0.0014777611941099167, 0.0015136809753520148], "q_25": 0.0014815065078437328, "q_75": 0.0014951146274272886, "min": 0.0014777611941099167, "max": 0.0015136809753520148, "mean": 0.001489393732377461, "std": 1.0398974393841213e-05, "repeat": 10, "number": 7}]}, "location.Location.time_location_get_clearsky": {"result": [0.013105437392368913], "stats": [{"ci_99": [0.012110300827771425, 0.013603264931589365], "q_25": 0.01250299671664834, "q_75": 0.01320843305438757, "min": 0.012110300827771425, "max": 0.013603264931589365, "mean": 0.012913238117471337, "std": 0.0004740502476128954, "repeat": 10, "number": 1}]}, "location.Location.time_location_get_solarposition": {"result": [0.01780144148506224], "stats": [{"ci_99": [0.017684347927570343, 0.0178562649525702], "q_25": 0.017738805385306478, "q_75": 0.017828566022217274, "min": 0.017684347927570343, "max": 0.0178562649525702, "mean": 0.01778418938629329, "std": 5.822854162897013e-05, "repeat": 10, "number": 1}]}, "location.Location_0_6_1.time_location_get_sun_rise_set_transit_pyephem": NaN, "location.Location_0_6_1.time_location_get_sun_rise_set_transit_spa": NaN, "solarposition.SolarPosition.time_ephemeris": {"result": [0.024727843469008803], "stats": [{"ci_99": [0.02357878629118204, 0.02593587012961507], "q_25": 0.024414069834165275, "q_75": 0.02514410379808396, "min": 0.02357878629118204, "max": 0.02593587012961507, "mean": 0.024744589673355223, "std": 0.0007131630242929009, "repeat": 10, "number": 1}]}, "solarposition.SolarPosition.time_ephemeris_localized": {"result": [0.024969305843114853], "stats": [{"ci_99": [0.024757700972259045, 0.02517657307907939], "q_25": 0.024809784488752484, "q_75": 0.02509465371258557, "min": 0.024757700972259045, "max": 0.02517657307907939, "mean": 0.024958824552595616, "std": 0.00015024888474002068, "repeat": 10, "number": 1}]}, "solarposition.SolarPosition.time_nrel_earthsun_distance": {"result": [0.023109449539333582], "stats": [{"ci_99": [0.02302683237940073, 0.023253757040947676], "q_25": 0.023078946047462523, "q_75": 0.023124029976315796, "min": 0.02302683237940073, "max": 0.023253757040947676, "mean": 0.02310955715365708, "std": 5.7091051979034486e-05, "repeat": 10, "number": 1}]}, "solarposition.SolarPosition.time_spa_python": {"result": [0.028437697794288397], "stats": [{"ci_99": [0.028164856135845184, 0.029193583875894547], "q_25": 0.028247733716852963, "q_75": 0.028555315919220448, "min": 0.028164856135845184, "max": 0.029193583875894547, "mean": 0.02847852264530957, "std": 0.00029018543065229897, "repeat": 10, "number": 1}]}, "solarposition.SolarPosition.time_sun_rise_set_transit_spa": {"result": [0.0497573004104197], "stats": [{"ci_99": [0.04947516415268183, 0.050944444723427296], "q_25": 0.04971794108860195, "q_75": 0.05005366972181946, "min": 0.04947516415268183, "max": 0.050944444723427296, "mean": 0.049919450329616664, "std": 0.0004008527152633027, "repeat": 10, "number": 1}]}, "temperature.Fuentes.time_fuentes": NaN, "temperature.SAPM.time_sapm_cell": {"result": [0.0022367951925843952], "stats": [{"ci_99": [0.0021884393878281116, 0.002305508777499199], "q_25": 0.0022195462370291352, "q_75": 0.0022433228325098756, "min": 0.0021884393878281116, "max": 0.002305508777499199, "mean": 0.002237668745219708, "std": 3.3919286157684494e-05, "repeat": 10, "number": 5}]}, "tracking.SingleAxis.time_singleaxis": {"result": [0.04467906360514462], "stats": [{"ci_99": [0.04330344218760729, 0.046937757171690464], "q_25": 0.044334534322842956, "q_75": 0.04599639505613595, "min": 0.04330344218760729, "max": 0.046937757171690464, "mean": 0.045034695183858275, "std": 0.0010869741740444736, "repeat": 10, "number": 1}]}, "tracking.SingleAxis.time_tracker_singleaxis": {"result": [0.044910929165780544], "stats": [{"ci_99": [0.04324231995269656, 0.046415242832154036], "q_25": 0.044342226814478636, "q_75": 0.04548050544690341, "min": 0.04324231995269656, "max": 0.046415242832154036, "mean": 0.044905185559764506, "std": 0.0009059113180560711, "repeat": 10, "number": 1}]}}, "params": {"arch": "x86_64", "cpu": "Intel Xeon Processor (Skylake, IBRS)", "machine": "pvlib-asv.forecasting.energy.arizona.edu", "num_cpu": "4", "os": "Linux 5.7.8-200.fc32.x86_64", "ram": "8145244", "python": "3.7", "ephem": "3.7.6.0", "numpy": "1.18.5", "pandas": "1.1.0", "pytables": "3.6.1", "scipy": "1.2.0"}, "requirements": {"ephem": "3.7.6.0", "numpy": "1.18.5", "pandas": "1.1.0", "pytables": "3.6.1", "scipy": "1.2.0"}, "commit_hash": "998840b5857aa3c29878ebee5cc5fdd966f20265", "date": 1536188092000, "env_name": "conda-py3.7-ephem3.7.6.0-numpy1.18.5-pandas1.1.0-pytables3.6.1-scipy1.2.0", "python": "3.7", "profiles": {}, "started_at": {"irradiance.Irradiance.time_aoi": 1599426843345,