{"results": {"irradiance.Irradiance.time_aoi": {"result": [0.002333380375057459], "stats": [{"ci_99": [0.0022782085463404654, 0.0024183820001780986], "q_25": 0.0023001545574516057, "q_75": 0.0023813913343474265, "min": 0.0022782085463404654, "max": 0.0024183820001780986, "mean": 0.002339966595172882, "std": 4.7207508015716974e-05, "repeat": 10, "number": 5}]}, "irradiance.Irradiance.time_aoi_projection": {"result": [0.002064850414171815], "stats": [{"ci_99": [0.0019499714486300944, 0.002157755196094513], "q_25": 0.002017334825359285, "q_75": 0.0020902846707031133, "min": 0.0019499714486300944, "max": 0.002157755196094513, "mean": 0.0020513974782079463, "std": 6.12020147748342e-05, "repeat": 10, "number": 5}]}, "irradiance.Irradiance.time_dirindex": {"result": [0.14073178288526833], "stats": [{"ci_99": [0.13563966611400247, 0.14671182725578547], "q_25": 0.13891611574217677, "q_75": 0.14158209727611393, "min": 0.13563966611400247, "max": 0.14671182725578547, "mean": 0.1406027004122734, "std": 0.002806955188567767, "repeat": 10, "number": 1}]}, "irradiance.Irradiance.time_dirint": {"result": [0.06956390221603215], "stats": [{"ci_99": [0.06810260331258178, 0.07295249495655298], "q_25": 0.06896094977855682, "q_75": 0.07069881679490209, "min": 0.06810260331258178, "max": 0.07295249495655298, "mean": 0.07004973869770766, "std": 0.001476475264909372, "repeat": 10, "number": 1}]}, "irradiance.Irradiance.time_disc": {"result": [0.0196712170727551], "stats": [{"ci_99": [0.018491143826395273, 0.02062313025817275], "q_25": 0.019333761418238282, "q_75": 0.020184788154438138, "min": 0.018491143826395273, "max": 0.02062313025817275, "mean": 0.01966535965912044, "std": 0.000645217813767582, "repeat": 10, "number": 1}]}, "irradiance.Irradiance.time_erbs": {"result": [0.01291175209917128], "stats": [{"ci_99": [0.011841289233416319, 0.013371676206588745], "q_25": 0.012419786304235458, "q_75": 0.013171134050935507, "min": 0.011841289233416319, "max": 0.013371676206588745, "mean": 0.01276817605830729, "std": 0.0004941805512208897, "repeat": 10, "number": 1}]}, "irradiance.Irradiance.time_get_extra_radiation": {"result": [0.0026662108721211553], "stats": [{"ci_99": [0.002578347222879529, 0.0027913576923310757], "q_25": 0.0026176702813245356, "q_75": 0.0026984193827956915, "min": 0.002578347222879529, "max": 0.0027913576923310757, "mean": 0.0026655298308469353, "std": 6.115067905966887e-05, "repeat": 10, "number": 4}]}, "irradiance.Irradiance.time_get_ground_diffuse": {"result": [0.0005393768311478197], "stats": [{"ci_99": [0.000508091296069324, 0.000552825047634542], "q_25": 0.0005249070934951305, "q_75": 0.0005491415271535516, "min": 0.000508091296069324, "max": 0.000552825047634542, "mean": 0.0005358136747963726, "std": 1.5031988555498742e-05, "repeat": 10, "number": 20}]}, "irradiance.Irradiance.time_get_total_irradiance": {"result": [0.005415613995864987], "stats": [{"ci_99": [0.005210523959249258, 0.0055803717114031315], "q_25": 0.0052658081403933465, "q_75": 0.005506724468432367, "min": 0.005210523959249258, "max": 0.0055803717114031315, "mean": 0.0054001941345632075, "std": 0.00013733698757631164, "repeat": 10, "number": 2}]}, "location.Location.time_location_get_airmass": {"result": [0.0014506695151794702], "stats": [{"ci_99": [0.0013321326114237309, 0.001474476302973926], "q_25": 0.00143809721339494, "q_75": 0.0014629401412094012, "min": 0.0013321326114237309, "max": 0.001474476302973926, "mean": 0.0014411956071853638, "std": 3.875101988220767e-05, "repeat": 10, "number": 8}]}, "location.Location.time_location_get_clearsky": {"result": [0.01291205221787095], "stats": [{"ci_99": [0.012361790053546429, 0.01364207174628973], "q_25": 0.01266819005832076, "q_75": 0.013113018590956926, "min": 0.012361790053546429, "max": 0.01364207174628973, "mean": 0.012928706314414739, "std": 0.00039946306088050254, "repeat": 10, "number": 1}]}, "location.Location.time_location_get_solarposition": {"result": [0.018097535707056522], "stats": [{"ci_99": [0.017832497134804726, 0.01899520494043827], "q_25": 0.017983506550081074, "q_75": 0.01831928046885878, "min": 0.017832497134804726, "max": 0.01899520494043827, "mean": 0.018240517610684036, "std": 0.0003775415721778206, "repeat": 10, "number": 1}]}, "location.Location_0_6_1.time_location_get_sun_rise_set_transit_pyephem": NaN, "location.Location_0_6_1.time_location_get_sun_rise_set_transit_spa": NaN, "solarposition.SolarPosition.time_ephemeris": {"result": [0.026670020539313555], "stats": [{"ci_99": [0.02348185610026121, 0.02698946977034211], "q_25": 0.02394718735013157, "q_75": 0.026885364670306444, "min": 0.02348185610026121, "max": 0.02698946977034211, "mean": 0.02562352381646633, "std": 0.0015077602511009637, "repeat": 10, "number": 1}]}, "solarposition.SolarPosition.time_ephemeris_localized": {"result": [0.026388768572360277], "stats": [{"ci_99": [0.024634126108139753, 0.027073244098573923], "q_25": 0.025515864952467382, "q_75": 0.026439662091434002, "min": 0.024634126108139753, "max": 0.027073244098573923, "mean": 0.02603842825628817, "std": 0.000734753981219927, "repeat": 10, "number": 1}]}, "solarposition.SolarPosition.time_nrel_earthsun_distance": {"result": [0.025508665945380926], "stats": [{"ci_99": [0.025329997297376394, 0.027593286707997322], "q_25": 0.025428303866647184, "q_75": 0.02569756133016199, "min": 0.025329997297376394, "max": 0.027593286707997322, "mean": 0.025731190340593457, "std": 0.0006345521996190246, "repeat": 10, "number": 1}]}, "solarposition.SolarPosition.time_spa_python": {"result": [0.029259562492370605], "stats": [{"ci_99": [0.02861872687935829, 0.031098739244043827], "q_25": 0.028937527909874916, "q_75": 0.029888290795497596, "min": 0.02861872687935829, "max": 0.031098739244043827, "mean": 0.029534824704751373, "std": 0.0008247731222926903, "repeat": 10, "number": 1}]}, "solarposition.SolarPosition.time_sun_rise_set_transit_spa": {"result": [0.0518926614895463], "stats": [{"ci_99": [0.05090870521962643, 0.05323537578806281], "q_25": 0.051425626617856324, "q_75": 0.05231550394091755, "min": 0.05090870521962643, "max": 0.05323537578806281, "mean": 0.051868430152535436, "std": 0.0006831721364238472, "repeat": 10, "number": 1}]}, "temperature.Fuentes.time_fuentes": NaN, "temperature.SAPM.time_sapm_cell": {"result": [0.0022640162613242866], "stats": [{"ci_99": [0.0022181754000484945, 0.0023178682662546636], "q_25": 0.0022444201633334162, "q_75": 0.0022902013035491107, "min": 0.0022181754000484945, "max": 0.0023178682662546636, "mean": 0.002267265450209379, "std": 2.957614722571092e-05, "repeat": 10, "number": 5}]}, "tracking.SingleAxis.time_singleaxis": {"result": [0.03166576963849366], "stats": [{"ci_99": [0.03079074714332819, 0.0335978539660573], "q_25": 0.03116106882225722, "q_75": 0.03212631295900792, "min": 0.03079074714332819, "max": 0.0335978539660573, "mean": 0.0317674137186259, "std": 0.0007917706348107854, "repeat": 10, "number": 1}]}, "tracking.SingleAxis.time_tracker_singleaxis": {"result": [0.031428470043465495], "stats": [{"ci_99": [0.030035472940653563, 0.03302751714363694], "q_25": 0.030904047656804323, "q_75": 0.03173890896141529, "min": 0.030035472940653563, "max": 0.03302751714363694, "mean": 0.03144608614966273, "std": 0.0008843570596354425, "repeat": 10, "number": 1}]}}, "params": {"arch": "x86_64", "cpu": "Intel Xeon Processor (Skylake, IBRS)", "machine": "pvlib-asv.forecasting.energy.arizona.edu", "num_cpu": "4", "os": "Linux 5.7.8-200.fc32.x86_64", "ram": "8145244", "python": "3.8", "numpy": "", "pandas": "", "scipy": "", "pytables": "", "ephem": ""}, "requirements": {"numpy": "", "pandas": "", "scipy": "", "pytables": "", "ephem": ""}, "commit_hash": "998840b5857aa3c29878ebee5cc5fdd966f20265", "date": 1536188092000, "env_name": "conda-py3.8-ephem-numpy-pandas-pytables-scipy", "python": "3.8", "profiles": {}, "started_at": {"irradiance.Irradiance.time_aoi": 1599832775778, "irradiance.Irradiance.time_aoi_projection": 1599832777634,