{"results": {"irradiance.Irradiance.time_aoi": {"result": [0.0023663587868213657], "stats": [{"ci_99": [0.0023346612229943275, 0.002448737341910601], "q_25": 0.002347590518184006, "q_75": 0.0023863618494942788, "min": 0.0023346612229943275, "max": 0.002448737341910601, "mean": 0.002372446674853563, "std": 3.278947623365485e-05, "repeat": 10, "number": 5}]}, "irradiance.Irradiance.time_aoi_projection": {"result": [0.0020273876531670494], "stats": [{"ci_99": [0.0019199751938382785, 0.0023346155261], "q_25": 0.001970580779016018, "q_75": 0.002050889811168114, "min": 0.0019199751938382785, "max": 0.0023346155261, "mean": 0.002059025418323775, "std": 0.0001341623442588403, "repeat": 10, "number": 6}]}, "irradiance.Irradiance.time_dirindex": {"result": [0.14247408788651228], "stats": [{"ci_99": [0.13885195972397923, 0.14482623990625143], "q_25": 0.14150000142399222, "q_75": 0.1437164677772671, "min": 0.13885195972397923, "max": 0.14482623990625143, "mean": 0.14233702048659325, "std": 0.0018862533275639211, "repeat": 10, "number": 1}]}, "irradiance.Irradiance.time_dirint": {"result": [0.07035976741462946], "stats": [{"ci_99": [0.06881918990984559, 0.0716300131753087], "q_25": 0.06939794903155416, "q_75": 0.07100651680957526, "min": 0.06881918990984559, "max": 0.0716300131753087, "mean": 0.07019140706397593, "std": 0.0009412843618151176, "repeat": 10, "number": 1}]}, "irradiance.Irradiance.time_disc": {"result": [0.019084467319771647], "stats": [{"ci_99": [0.01827821508049965, 0.020143740344792604], "q_25": 0.018749579438008368, "q_75": 0.019539190805517137, "min": 0.01827821508049965, "max": 0.020143740344792604, "mean": 0.019126398442313074, "std": 0.0005493801112107896, "repeat": 10, "number": 1}]}, "irradiance.Irradiance.time_erbs": {"result": [0.013379428535699844], "stats": [{"ci_99": [0.013002270366996527, 0.01383144361898303], "q_25": 0.013098025927320123, "q_75": 0.013725016498938203, "min": 0.013002270366996527, "max": 0.01383144361898303, "mean": 0.013411325169727206, "std": 0.0003105935415579654, "repeat": 10, "number": 1}]}, "irradiance.Irradiance.time_get_extra_radiation": {"result": [0.0026741281035356224], "stats": [{"ci_99": [0.0026260470040142536, 0.0027868617326021194], "q_25": 0.002660740807186812, "q_75": 0.0027005794981960207, "min": 0.0026260470040142536, "max": 0.0027868617326021194, "mean": 0.00268276707502082, "std": 4.255982620890236e-05, "repeat": 10, "number": 4}]}, "irradiance.Irradiance.time_get_ground_diffuse": {"result": [0.0005363336848941717], "stats": [{"ci_99": [0.0004950367252935063, 0.0006137031807818196], "q_25": 0.0005235001180236313, "q_75": 0.0006057600628330626, "min": 0.0004950367252935063, "max": 0.0006137031807818196, "mean": 0.0005564347650347785, "std": 4.309946926200096e-05, "repeat": 10, "number": 22}]}, "irradiance.Irradiance.time_get_total_irradiance": {"result": [0.005239895195700228], "stats": [{"ci_99": [0.005179795436561108, 0.005475194659084082], "q_25": 0.005211282812524587, "q_75": 0.005297859956044704, "min": 0.005179795436561108, "max": 0.005475194659084082, "mean": 0.005269117699936032, "std": 8.449102959647915e-05, "repeat": 10, "number": 2}]}, "location.Location.time_location_get_airmass": {"result": [0.0014155428216326982], "stats": [{"ci_99": [0.0013997805071994662, 0.0014278595917858183], "q_25": 0.0014066300791455433, "q_75": 0.0014159688289510086, "min": 0.0013997805071994662, "max": 0.0014278595917858183, "mean": 0.0014123471395578236, "std": 7.95867209879491e-06, "repeat": 10, "number": 8}]}, "location.Location.time_location_get_clearsky": {"result": [0.012725355103611946], "stats": [{"ci_99": [0.012598265893757343, 0.013024916872382164], "q_25": 0.012678161263465881, "q_75": 0.012770486064255238, "min": 0.012598265893757343, "max": 0.013024916872382164, "mean": 0.012748101353645324, "std": 0.00011387389523095757, "repeat": 10, "number": 1}]}, "location.Location.time_location_get_solarposition": {"result": [0.018766455352306366], "stats": [{"ci_99": [0.018579842057079077, 0.018860563170164824], "q_25": 0.018682573572732508, "q_75": 0.01881716283969581, "min": 0.018579842057079077, "max": 0.018860563170164824, "mean": 0.018746326118707655, "std": 8.692741768931387e-05, "repeat": 10, "number": 1}]}, "location.Location_0_6_1.time_location_get_sun_rise_set_transit_pyephem": {"result": [0.19539721007458866], "stats": [{"ci_99": [0.19453985104337335, 0.19567824015393853], "q_25": 0.19528918794821948, "q_75": 0.1954052959335968, "min": 0.19453985104337335, "max": 0.19567824015393853, "mean": 0.19531627553515135, "std": 0.00028063722938199634, "repeat": 10, "number": 1}]}, "location.Location_0_6_1.time_location_get_sun_rise_set_transit_spa": {"result": [0.04399726912379265], "stats": [{"ci_99": [0.043717484921216965, 0.04440631717443466], "q_25": 0.043810194940306246, "q_75": 0.04416780744213611, "min": 0.043717484921216965, "max": 0.04440631717443466, "mean": 0.044017702294513586, "std": 0.00023482912031660196, "repeat": 10, "number": 1}]}, "solarposition.SolarPosition.time_ephemeris": {"result": [0.024947479600086808], "stats": [{"ci_99": [0.024579335004091263, 0.025241565890610218], "q_25": 0.02487364411354065, "q_75": 0.025031701079569757, "min": 0.024579335004091263, "max": 0.025241565890610218, "mean": 0.024941565515473486, "std": 0.00017448173949392292, "repeat": 10, "number": 1}]}, "solarposition.SolarPosition.time_ephemeris_localized": {"result": [0.025121663929894567], "stats": [{"ci_99": [0.02505941316485405, 0.0253009176813066], "q_25": 0.025083183427341282, "q_75": 0.02524979622103274, "min": 0.02505941316485405, "max": 0.0253009176813066, "mean": 0.02515626708045602, "std": 9.10543888336643e-05, "repeat": 10, "number": 1}]}, "solarposition.SolarPosition.time_nrel_earthsun_distance": {"result": [0.02459044987335801], "stats": [{"ci_99": [0.02353726699948311, 0.025587256997823715], "q_25": 0.023623861954547465, "q_75": 0.02539371745660901, "min": 0.02353726699948311, "max": 0.025587256997823715, "mean": 0.024541314458474517, "std": 0.0008884195444607463, "repeat": 10, "number": 1}]}, "solarposition.SolarPosition.time_spa_python": {"result": [0.031860549468547106], "stats": [{"ci_99": [0.03156193206086755, 0.03203402692452073], "q_25": 0.031766463769599795, "q_75": 0.031908870209008455, "min": 0.03156193206086755, "max": 0.03203402692452073, "mean": 0.031836306722834704, "std": 0.0001219820436130591, "repeat": 10, "number": 1}]}, "solarposition.SolarPosition.time_sun_rise_set_transit_spa": {"result": [0.05058674840256572], "stats": [{"ci_99": [0.04925214406102896, 0.05158484587445855], "q_25": 0.05038490309379995, "q_75": 0.05063757742755115, "min": 0.04925214406102896, "max": 0.05158484587445855, "mean": 0.05049322587437928, "std": 0.0006558706420142219, "repeat": 10, "number": 1}]}, "temperature.Fuentes.time_fuentes": NaN, "temperature.SAPM.time_sapm_cell": {"result": [0.0016048067315880743], "stats": [{"ci_99": [0.0014879587106406689, 0.0016538079694977828], "q_25": 0.0015997148917189668, "q_75": 0.0016091373316677554, "min": 0.0014879587106406689, "max": 0.0016538079694977828, "mean": 0.001597440934606961, "std": 3.9945999178256265e-05, "repeat": 10, "number": 7}]}, "tracking.SingleAxis.time_singleaxis": {"result": [0.006439641350880265], "stats": [{"ci_99": [0.006234653061255813, 0.006910399533808231], "q_25": 0.006291851634159684, "q_75": 0.006650438066571951, "min": 0.006234653061255813, "max": 0.006910399533808231, "mean": 0.006499266857281328, "std": 0.000234055986819085, "repeat": 10, "number": 2}]}, "tracking.SingleAxis.time_tracker_singleaxis": {"result": [0.0064017202239483595], "stats": [{"ci_99": [0.006191191961988807, 0.006951651070266962], "q_25": 0.006260251859202981, "q_75": 0.0066489194869063795, "min": 0.006191191961988807, "max": 0.006951651070266962, "mean": 0.006474781571887434, "std": 0.0002416766243812299, "repeat": 10, "number": 2}]}}, "params": {"arch": "x86_64", "cpu": "Intel Xeon Processor (Skylake, IBRS)",