{"results": {"irradiance.Irradiance.time_aoi": {"result": [0.002340725110843778], "stats": [{"ci_99": [0.002257845550775528, 0.002399965189397335], "q_25": 0.0023107871413230894, "q_75": 0.0023777898401021957, "min": 0.002257845550775528, "max": 0.002399965189397335, "mean": 0.0023404239397495988, "std": 4.630671137760346e-05, "repeat": 10, "number": 5}]}, "irradiance.Irradiance.time_aoi_projection": {"result": [0.0019717493560165167], "stats": [{"ci_99": [0.0019157512113451957, 0.002063027024269104], "q_25": 0.001924492814578116, "q_75": 0.0020410957746207718, "min": 0.0019157512113451957, "max": 0.002063027024269104, "mean": 0.0019820232037454843, "std": 5.839825287424432e-05, "repeat": 10, "number": 5}]}, "irradiance.Irradiance.time_dirindex": {"result": [0.14074522140435874], "stats": [{"ci_99": [0.13758522691205144, 0.14694250375032425], "q_25": 0.13884639891330153, "q_75": 0.14188724954146892, "min": 0.13758522691205144, "max": 0.14694250375032425, "mean": 0.1408253401517868, "std": 0.0025567523801180232, "repeat": 10, "number": 1}]}, "irradiance.Irradiance.time_dirint": {"result": [0.07027643150649965], "stats": [{"ci_99": [0.06842144904658198, 0.07107340777292848], "q_25": 0.06878916651476175, "q_75": 0.07055645936634392, "min": 0.06842144904658198, "max": 0.07107340777292848, "mean": 0.06982043436728418, "std": 0.0009571265123597171, "repeat": 10, "number": 1}]}, "irradiance.Irradiance.time_disc": {"result": [0.01930045895278454], "stats": [{"ci_99": [0.018015245907008648, 0.02037214394658804], "q_25": 0.01907705154735595, "q_75": 0.02000736619811505, "min": 0.018015245907008648, "max": 0.02037214394658804, "mean": 0.01938911392353475, "std": 0.000701777449632761, "repeat": 10, "number": 1}]}, "irradiance.Irradiance.time_erbs": {"result": [0.01277632056735456], "stats": [{"ci_99": [0.012275059707462788, 0.014147240202873945], "q_25": 0.012693045777268708, "q_75": 0.013199296779930592, "min": 0.012275059707462788, "max": 0.014147240202873945, "mean": 0.012993389274924994, "std": 0.0005833734287736067, "repeat": 10, "number": 1}]}, "irradiance.Irradiance.time_get_extra_radiation": {"result": [0.002662187849637121], "stats": [{"ci_99": [0.0025960957864299417, 0.002761546289548278], "q_25": 0.0026284673949703574, "q_75": 0.002684074977878481, "min": 0.0025960957864299417, "max": 0.002761546289548278, "mean": 0.002664948208257556, "std": 4.713501211389586e-05, "repeat": 10, "number": 4}]}, "irradiance.Irradiance.time_get_ground_diffuse": {"result": [0.0005620900222933606], "stats": [{"ci_99": [0.0005116417856985017, 0.0005995772141767176], "q_25": 0.0005283732592177234, "q_75": 0.0005855047217521228, "min": 0.0005116417856985017, "max": 0.0005995772141767176, "mean": 0.0005575901534604399, "std": 3.005278105282837e-05, "repeat": 10, "number": 19}]}, "irradiance.Irradiance.time_get_total_irradiance": {"result": [0.005403143004514277], "stats": [{"ci_99": [0.005224286578595638, 0.00563821941614151], "q_25": 0.005360492446925491, "q_75": 0.0054500087280757725, "min": 0.005224286578595638, "max": 0.00563821941614151, "mean": 0.005411551264114678, "std": 0.00010366182793944902, "repeat": 10, "number": 2}]}, "location.Location.time_location_get_airmass": {"result": [0.0014064071874599904], "stats": [{"ci_99": [0.0013041237834841013, 0.0014310122351162136], "q_25": 0.0013106822443660349, "q_75": 0.0014194712857715786, "min": 0.0013041237834841013, "max": 0.0014310122351162136, "mean": 0.0013742948474828153, "std": 5.370469697468094e-05, "repeat": 10, "number": 8}]}, "location.Location.time_location_get_clearsky": {"result": [0.012773297959938645], "stats": [{"ci_99": [0.012109702918678522, 0.012904347851872444], "q_25": 0.012710422044619918, "q_75": 0.01285098446533084, "min": 0.012109702918678522, "max": 0.012904347851872444, "mean": 0.012724203383550048, "std": 0.00021607437664857414, "repeat": 10, "number": 1}]}, "location.Location.time_location_get_solarposition": {"result": [0.01783084264025092], "stats": [{"ci_99": [0.01767263887450099, 0.01826711604371667], "q_25": 0.017717172857373953, "q_75": 0.01799335947725922, "min": 0.01767263887450099, "max": 0.01826711604371667, "mean": 0.017881470965221524, "std": 0.00019249886130313438, "repeat": 10, "number": 1}]}, "location.Location_0_6_1.time_location_get_sun_rise_set_transit_pyephem": {"result": [0.19441304891370237], "stats": [{"ci_99": [0.19392515579238534, 0.19502065097913146], "q_25": 0.19414529646746814, "q_75": 0.19486874248832464, "min": 0.19392515579238534, "max": 0.19502065097913146, "mean": 0.19448348111473024, "std": 0.00037640017829987214, "repeat": 10, "number": 1}]}, "location.Location_0_6_1.time_location_get_sun_rise_set_transit_spa": {"result": [0.0423037544824183], "stats": [{"ci_99": [0.042035944294184446, 0.043260789941996336], "q_25": 0.0421946452697739, "q_75": 0.04239582654554397, "min": 0.042035944294184446, "max": 0.043260789941996336, "mean": 0.04237323487177491, "std": 0.0003338501379677183, "repeat": 10, "number": 1}]}, "solarposition.SolarPosition.time_ephemeris": {"result": [0.024782219901680946], "stats": [{"ci_99": [0.024496244732290506, 0.02511236211284995], "q_25": 0.024740215274505317, "q_75": 0.024842814076691866, "min": 0.024496244732290506, "max": 0.02511236211284995, "mean": 0.024805260915309192, "std": 0.00017188397034789457, "repeat": 10, "number": 1}]}, "solarposition.SolarPosition.time_ephemeris_localized": {"result": [0.024778958410024643], "stats": [{"ci_99": [0.023604639805853367, 0.025134701747447252], "q_25": 0.024439443834125996, "q_75": 0.024944748729467392, "min": 0.023604639805853367, "max": 0.025134701747447252, "mean": 0.024592627305537462, "std": 0.00048562300361787095, "repeat": 10, "number": 1}]}, "solarposition.SolarPosition.time_nrel_earthsun_distance": {"result": [0.024031388107687235], "stats": [{"ci_99": [0.02386884717270732, 0.024219796992838383], "q_25": 0.023924782522954047, "q_75": 0.02411964302882552, "min": 0.02386884717270732, "max": 0.024219796992838383, "mean": 0.024032268859446048, "std": 0.0001213823748419763, "repeat": 10, "number": 1}]}, "solarposition.SolarPosition.time_spa_python": {"result": [0.028517610859125853], "stats": [{"ci_99": [0.028333863243460655, 0.0286080832593143], "q_25": 0.028422623523510993, "q_75": 0.028579090954735875, "min": 0.028333863243460655, "max": 0.0286080832593143, "mean": 0.028499884204939006, "std": 9.176723810758213e-05, "repeat": 10, "number": 1}]}, "solarposition.SolarPosition.time_sun_rise_set_transit_spa": {"result": [0.04900090442970395], "stats": [{"ci_99": [0.048580667935311794, 0.04991585202515125], "q_25": 0.04872397205326706, "q_75": 0.04907501139678061, "min": 0.048580667935311794, "max": 0.04991585202515125, "mean": 0.04902844773605466, "std": 0.00038417128293237766, "repeat": 10, "number": 1}]}, "temperature.Fuentes.time_fuentes": NaN, "temperature.SAPM.time_sapm_cell": {"result": [0.002112010416264335], "stats": [{"ci_99": [0.0020258758837978044, 0.002204169131194552], "q_25": 0.0020420533255673945, "q_75": 0.0021813950152136385, "min": 0.0020258758837978044, "max": 0.002204169131194552, "mean": 0.0021108485758304595, "std": 6.923140677217657e-05, "repeat": 10, "number": 6}]}, "tracking.SingleAxis.time_singleaxis": {"result": [0.00646151602268219], "stats": [{"ci_99": [0.006228267215192318, 0.006856473395600915], "q_25": 0.006341242406051606, "q_75": 0.006796164670959115, "min": 0.006228267215192318, "max": 0.006856473395600915, "mean": 0.00653947030659765, "std": 0.00022946665410384393, "repeat": 10, "number": 2}]}, "tracking.SingleAxis.time_tracker_singleaxis": {"result": [0.006501093506813049], "stats": [{"ci_99": [0.0063185915350914, 0.007076174020767212], "q_25": 0.006435697549022734, "q_75": 0.00674783531576395, "min": 0.0063185915350914, "max": 0.007076174020767212, "mean": 0.006598951830528677, "std": 0.0002251903980006054, "repeat": 10, "number": 2}]}}, "params": {"arch": "x86_64", "cpu": "Intel Xeon Processor (Skylake, IBRS)",