{"results": {"irradiance.Irradiance.time_aoi": {"result": [0.002385716885328293], "stats": [{"ci_99": [0.002330823987722397, 0.002433703001588583], "q_25": 0.002357334038242698, "q_75": 0.002396149164997041, "min": 0.002330823987722397, "max": 0.002433703001588583, "mean": 0.0023779104650020594, "std": 2.9644170729209652e-05, "repeat": 10, "number": 5}]}, "irradiance.Irradiance.time_aoi_projection": {"result": [0.002152568381279707], "stats": [{"ci_99": [0.0021134539507329463, 0.002179403975605965], "q_25": 0.0021462662145495413, "q_75": 0.0021694019204005596, "min": 0.0021134539507329463, "max": 0.002179403975605965, "mean": 0.002152421129867435, "std": 2.1498957416731907e-05, "repeat": 10, "number": 5}]}, "irradiance.Irradiance.time_dirindex": {"result": [0.06533154752105474], "stats": [{"ci_99": [0.06462728604674339, 0.06682067783549428], "q_25": 0.0651929402956739, "q_75": 0.06602492509409785, "min": 0.06462728604674339, "max": 0.06682067783549428, "mean": 0.06559738647192717, "std": 0.0006742684497469912, "repeat": 10, "number": 1}]}, "irradiance.Irradiance.time_dirint": {"result": [0.0326138106174767], "stats": [{"ci_99": [0.03197604464367032, 0.03313449118286371], "q_25": 0.03229271632153541, "q_75": 0.032802363159134984, "min": 0.03197604464367032, "max": 0.03313449118286371, "mean": 0.03256384152919054, "std": 0.0003390523115578478, "repeat": 10, "number": 1}]}, "irradiance.Irradiance.time_disc": {"result": [0.012611520942300558], "stats": [{"ci_99": [0.01218299800530076, 0.012912543024867773], "q_25": 0.012308967649005353, "q_75": 0.012771031353622675, "min": 0.01218299800530076, "max": 0.012912543024867773, "mean": 0.012558764778077602, "std": 0.0002522955875369762, "repeat": 10, "number": 1}]}, "irradiance.Irradiance.time_erbs": {"result": [0.007278083241544664], "stats": [{"ci_99": [0.007158347871154547, 0.007414762629196048], "q_25": 0.007205273432191461, "q_75": 0.007389346836134791, "min": 0.007158347871154547, "max": 0.007414762629196048, "mean": 0.007289303652942181, "std": 9.730533946773154e-05, "repeat": 10, "number": 2}]}, "irradiance.Irradiance.time_get_extra_radiation": {"result": [0.0005349979735910892], "stats": [{"ci_99": [0.0005290949484333396, 0.0005424589617177844], "q_25": 0.000532972376095131, "q_75": 0.0005376671673730016, "min": 0.0005290949484333396, "max": 0.0005424589617177844, "mean": 0.0005354163935407996, "std": 3.58643975078567e-06, "repeat": 10, "number": 20}]}, "irradiance.Irradiance.time_get_ground_diffuse": {"result": [0.00033271823529944277], "stats": [{"ci_99": [0.0003217110325666991, 0.0003558625467121601], "q_25": 0.00032596027647907084, "q_75": 0.0003374789481643926, "min": 0.0003217110325666991, "max": 0.0003558625467121601, "mean": 0.0003348468929867853, "std": 1.137707876713191e-05, "repeat": 10, "number": 33}]}, "irradiance.Irradiance.time_get_total_irradiance": {"result": [0.004576948859418431], "stats": [{"ci_99": [0.004553554734836022, 0.004622706988205512], "q_25": 0.004573699668981135, "q_75": 0.004579782369546592, "min": 0.004553554734836022, "max": 0.004622706988205512, "mean": 0.004579438486446937, "std": 1.92202405854717e-05, "repeat": 10, "number": 3}]}, "location.Location.time_location_get_airmass": {"result": [0.0013823125627823174], "stats": [{"ci_99": [0.0013745754840783775, 0.0014057469088584185], "q_25": 0.0013807040668325499, "q_75": 0.001387314754538238, "min": 0.0013745754840783775, "max": 0.0014057469088584185, "mean": 0.0013848406553734094, "std": 8.130363547614508e-06, "repeat": 10, "number": 8}]}, "location.Location.time_location_get_clearsky": {"result": [0.009397024638019502], "stats": [{"ci_99": [0.009052234468981624, 0.009982252027839422], "q_25": 0.009293765760958195, "q_75": 0.009491582051850855, "min": 0.009052234468981624, "max": 0.009982252027839422, "mean": 0.009419576963409781, "std": 0.0002594828422842286, "repeat": 10, "number": 2}]}, "location.Location.time_location_get_solarposition": {"result": [0.01506954338401556], "stats": [{"ci_99": [0.015021835919469595, 0.01518102502450347], "q_25": 0.015048894216306508, "q_75": 0.015091775567270815, "min": 0.015021835919469595, "max": 0.01518102502450347, "mean": 0.015077395783737301, "std": 4.461856835863601e-05, "repeat": 10, "number": 1}]}, "location.Location_0_6_1.time_location_get_sun_rise_set_transit_pyephem": {"result": [0.17952521657571197], "stats": [{"ci_99": [0.17918751994147897, 0.1802505631931126], "q_25": 0.17938693438190967, "q_75": 0.1799244312569499, "min": 0.17918751994147897, "max": 0.1802505631931126, "mean": 0.17963848155923187, "std": 0.00035726871584957964, "repeat": 10, "number": 1}]}, "location.Location_0_6_1.time_location_get_sun_rise_set_transit_spa": {"result": [0.032527249539271], "stats": [{"ci_99": [0.032252296805381775, 0.03306880919262767], "q_25": 0.032384753692895174, "q_75": 0.03266793128568679, "min": 0.032252296805381775, "max": 0.03306880919262767, "mean": 0.032545577827841045, "std": 0.00023356459906450765, "repeat": 10, "number": 1}]}, "solarposition.SolarPosition.time_ephemeris": {"result": [0.018634734209626913], "stats": [{"ci_99": [0.018055259250104427, 0.019293549936264753], "q_25": 0.018402510206215084, "q_75": 0.018767227651551366, "min": 0.018055259250104427, "max": 0.019293549936264753, "mean": 0.01861115894280374, "std": 0.0003192082486366523, "repeat": 10, "number": 1}]}, "solarposition.SolarPosition.time_ephemeris_localized": {"result": [0.018366840900853276], "stats": [{"ci_99": [0.01809857413172722, 0.018814492039382458], "q_25": 0.018247556523419917, "q_75": 0.018431943957693875, "min": 0.01809857413172722, "max": 0.018814492039382458, "mean": 0.018380787549540402, "std": 0.00020416802528385063, "repeat": 10, "number": 1}]}, "solarposition.SolarPosition.time_nrel_earthsun_distance": {"result": [0.02273758500814438], "stats": [{"ci_99": [0.022663143929094076, 0.02362833544611931], "q_25": 0.02270184364169836, "q_75": 0.022802922991104424, "min": 0.022663143929094076, "max": 0.02362833544611931, "mean": 0.022827578196302056, "std": 0.0002716329094925499, "repeat": 10, "number": 1}]}, "solarposition.SolarPosition.time_spa_python": {"result": [0.028505723224952817], "stats": [{"ci_99": [0.02845947677269578, 0.02872793935239315], "q_25": 0.028482509427703917, "q_75": 0.028597882599569857, "min": 0.02845947677269578, "max": 0.02872793935239315, "mean": 0.02854918842203915, "std": 8.986692474670218e-05, "repeat": 10, "number": 1}]}, "solarposition.SolarPosition.time_sun_rise_set_transit_spa": {"result": [0.03778607491403818], "stats": [{"ci_99": [0.03733831597492099, 0.03785637905821204], "q_25": 0.037663659080863, "q_75": 0.03782757848966867, "min": 0.03733831597492099, "max": 0.03785637905821204, "mean": 0.037723537720739844, "std": 0.00014965811035046108, "repeat": 10, "number": 1}]}, "temperature.Fuentes.time_fuentes": NaN, "temperature.SAPM.time_sapm_cell": {"result": [0.0016584132931062154], "stats": [{"ci_99": [0.001640391136918749, 0.0017096494058413164], "q_25": 0.0016483289488990393, "q_75": 0.0016638354697663868, "min": 0.001640391136918749, "max": 0.0017096494058413164, "mean": 0.0016607270509536773, "std": 1.8533186456604266e-05, "repeat": 10, "number": 7}]}, "tracking.SingleAxis.time_singleaxis": {"result": [0.018099820939823985], "stats": [{"ci_99": [0.016486298758536577, 0.01973988488316536], "q_25": 0.017538274987600744, "q_75": 0.0187662421958521, "min": 0.016486298758536577, "max": 0.01973988488316536, "mean": 0.01817971430718899, "std": 0.001013577752313041, "repeat": 10, "number": 1}]}, "tracking.SingleAxis.time_tracker_singleaxis": {"result": [0.02078143903054297], "stats": [{"ci_99": [0.01752099022269249, 0.023245621006935835], "q_25": 0.019042971427552402, "q_75": 0.021198223461396992, "min": 0.01752099022269249, "max": 0.023245621006935835, "mean": 0.02027122057043016, "std": 0.0017068910810374418, "repeat": 10, "number": 1}]}}, "params": {"arch": "x86_64", "cpu": "Intel Xeon Processor (Skylake, IBRS)",