{"results": {"irradiance.Irradiance.time_aoi": {"result": [0.0022001538425683977], "stats": [{"ci_99": [0.002170330472290516, 0.002361035346984863], "q_25": 0.002177604148164392, "q_75": 0.0022487384965643284, "min": 0.002170330472290516, "max": 0.002361035346984863, "mean": 0.0022297130711376664, "std": 6.900300683570205e-05, "repeat": 10, "number": 5}]}, "irradiance.Irradiance.time_aoi_projection": {"result": [0.002240947633981705], "stats": [{"ci_99": [0.002172520570456982, 0.0022621875628829], "q_25": 0.0022298657335340978, "q_75": 0.0022482850588858125, "min": 0.002172520570456982, "max": 0.0022621875628829, "mean": 0.0022324044536799195, "std": 2.5480024010719672e-05, "repeat": 10, "number": 5}]}, "irradiance.Irradiance.time_dirindex": {"result": [0.14577907347120345], "stats": [{"ci_99": [0.14309270586818457, 0.14687404921278358], "q_25": 0.14336598478257656, "q_75": 0.1462149400031194, "min": 0.14309270586818457, "max": 0.14687404921278358, "mean": 0.14510099980980157, "std": 0.0014914134158650995, "repeat": 10, "number": 1}]}, "irradiance.Irradiance.time_dirint": {"result": [0.07122948323376477], "stats": [{"ci_99": [0.07038171216845512, 0.07316740974783897], "q_25": 0.07072520616929978, "q_75": 0.07265302061568946, "min": 0.07038171216845512, "max": 0.07316740974783897, "mean": 0.07160936882719397, "std": 0.001046810545192983, "repeat": 10, "number": 1}]}, "irradiance.Irradiance.time_disc": {"result": [0.01901150052435696], "stats": [{"ci_99": [0.01793687976896763, 0.020167286042124033], "q_25": 0.018511150614358485, "q_75": 0.01961777510587126, "min": 0.01793687976896763, "max": 0.020167286042124033, "mean": 0.019023301592096687, "std": 0.0007322567409287854, "repeat": 10, "number": 1}]}, "irradiance.Irradiance.time_erbs": {"result": [0.012463893508538604], "stats": [{"ci_99": [0.012272210326045752, 0.013392677996307611], "q_25": 0.012387908063828945, "q_75": 0.012542382930405438, "min": 0.012272210326045752, "max": 0.013392677996307611, "mean": 0.012576048588380217, "std": 0.0003210875188553595, "repeat": 10, "number": 1}]}, "irradiance.Irradiance.time_get_extra_radiation": {"result": [0.0026678487192839384], "stats": [{"ci_99": [0.002651854185387492, 0.0026820567436516285], "q_25": 0.00266363937407732, "q_75": 0.002670741727342829, "min": 0.002651854185387492, "max": 0.0026820567436516285, "mean": 0.0026671164436265827, "std": 8.368185272711618e-06, "repeat": 10, "number": 4}]}, "irradiance.Irradiance.time_get_ground_diffuse": {"result": [0.0005181131185963751], "stats": [{"ci_99": [0.0005091696977615357, 0.0005575408460572362], "q_25": 0.0005127849406562746, "q_75": 0.0005328000755980611, "min": 0.0005091696977615357, "max": 0.0005575408460572362, "mean": 0.0005261072958819568, "std": 1.6842696295681675e-05, "repeat": 10, "number": 20}]}, "irradiance.Irradiance.time_get_total_irradiance": {"result": [0.004986731645961603], "stats": [{"ci_99": [0.0049581110167006654, 0.005146685987710953], "q_25": 0.004979181840705375, "q_75": 0.005064696112337212, "min": 0.0049581110167006654, "max": 0.005146685987710953, "mean": 0.005019728979095817, "std": 5.9119138266458945e-05, "repeat": 10, "number": 3}]}, "location.Location.time_location_get_airmass": {"result": [0.0014976940583437681], "stats": [{"ci_99": [0.0013674574105867318, 0.0015039981475898198], "q_25": 0.0014043492431353246, "q_75": 0.001501549916741039, "min": 0.0013674574105867318, "max": 0.0015039981475898198, "mean": 0.0014603111493800367, "std": 5.8433551067576575e-05, "repeat": 10, "number": 7}]}, "location.Location.time_location_get_clearsky": {"result": [0.013202313100919127], "stats": [{"ci_99": [0.012266336940228939, 0.013653254136443138], "q_25": 0.012494742288254201, "q_75": 0.01322506763972342, "min": 0.012266336940228939, "max": 0.013653254136443138, "mean": 0.012968851951882243, "std": 0.00047620294436850387, "repeat": 10, "number": 1}]}, "location.Location.time_location_get_solarposition": {"result": [0.018042239360511303], "stats": [{"ci_99": [0.017793933860957623, 0.01833291258662939], "q_25": 0.017885276349261403, "q_75": 0.018049419042654335, "min": 0.017793933860957623, "max": 0.01833291258662939, "mean": 0.018005329975858332, "std": 0.0001520447816522913, "repeat": 10, "number": 1}]}, "location.Location_0_6_1.time_location_get_sun_rise_set_transit_pyephem": {"result": [0.19607526203617454], "stats": [{"ci_99": [0.17958455299958587, 0.19647317985072732], "q_25": 0.19565218477509916, "q_75": 0.19618470664136112, "min": 0.17958455299958587, "max": 0.19647317985072732, "mean": 0.194384576799348, "std": 0.004940909413431307, "repeat": 10, "number": 1}]}, "location.Location_0_6_1.time_location_get_sun_rise_set_transit_spa": {"result": [0.04331809235736728], "stats": [{"ci_99": [0.0431307009421289, 0.0435833060182631], "q_25": 0.04323154175654054, "q_75": 0.04352861596271396, "min": 0.0431307009421289, "max": 0.0435833060182631, "mean": 0.043360504973679784, "std": 0.0001570662765706929, "repeat": 10, "number": 1}]}, "solarposition.SolarPosition.time_ephemeris": {"result": [0.02463778737001121], "stats": [{"ci_99": [0.024086561053991318, 0.025498680770397186], "q_25": 0.02435711829457432, "q_75": 0.025104903732426465, "min": 0.024086561053991318, "max": 0.025498680770397186, "mean": 0.02471748264506459, "std": 0.0004467799407717828, "repeat": 10, "number": 1}]}, "solarposition.SolarPosition.time_ephemeris_localized": {"result": [0.025053707417100668], "stats": [{"ci_99": [0.024107792880386114, 0.026025171391665936], "q_25": 0.024822131963446736, "q_75": 0.025301568559370935, "min": 0.024107792880386114, "max": 0.026025171391665936, "mean": 0.025075732450932264, "std": 0.0005307579986734703, "repeat": 10, "number": 1}]}, "solarposition.SolarPosition.time_nrel_earthsun_distance": {"result": [0.02320810197852552], "stats": [{"ci_99": [0.022603841964155436, 0.023414296098053455], "q_25": 0.02309205720666796, "q_75": 0.023269433295354247, "min": 0.022603841964155436, "max": 0.023414296098053455, "mean": 0.023149338131770492, "std": 0.0002099730900366693, "repeat": 10, "number": 1}]}, "solarposition.SolarPosition.time_spa_python": {"result": [0.028591073350980878], "stats": [{"ci_99": [0.028381902258843184, 0.028919754084199667], "q_25": 0.028492832905612886, "q_75": 0.0286153182387352, "min": 0.028381902258843184, "max": 0.028919754084199667, "mean": 0.028601672593504192, "std": 0.00015175053459570652, "repeat": 10, "number": 1}]}, "solarposition.SolarPosition.time_sun_rise_set_transit_spa": {"result": [0.04994557169266045], "stats": [{"ci_99": [0.04948251508176327, 0.0507253659889102], "q_25": 0.04985711968038231, "q_75": 0.05018715315964073, "min": 0.04948251508176327, "max": 0.0507253659889102, "mean": 0.05000840276479721, "std": 0.00033315902580532996, "repeat": 10, "number": 1}]}, "temperature.Fuentes.time_fuentes": {"result": [NaN, null, null], "params": [["'a'", "'b'", "'deltaT'"]]}, "tracking.SingleAxis.time_singleaxis": {"result": [0.006634789984673262], "stats": [{"ci_99": [0.00617817766033113, 0.006943568587303162], "q_25": 0.006446473533287644, "q_75": 0.006722693680785596, "min": 0.00617817766033113, "max": 0.006943568587303162, "mean": 0.006583691947162152, "std": 0.00020924812450390045, "repeat": 10, "number": 2}]}, "tracking.SingleAxis.time_tracker_singleaxis": {"result": [0.006522511481307447], "stats": [{"ci_99": [0.006208818173035979, 0.007176766404882073], "q_25": 0.006441933801397681, "q_75": 0.006636786798480898, "min": 0.006208818173035979, "max": 0.007176766404882073, "mean": 0.0065637200605124235, "std": 0.0002646399956708708, "repeat": 10, "number": 2}]}, "temperature.SAPM.time_sapm_cell": {"result": [0.002260054321959615], "stats": [{"ci_99": [0.002046986669301987, 0.0023036775179207324], "q_25": 0.0021986230975016953, "q_75": 0.002284960518591106, "min": 0.002046986669301987, "max": 0.0023036775179207324, "mean": 0.0022217465471476316, "std": 9.131084564382374e-05, "repeat": 10, "number": 5}]}}, "params": {"arch": "x86_64",