{"results": {"irradiance.TimeSuite.time_aoi": {"result": [0.002205748436972499], "stats": [{"ci_99": [0.002163631189614534, 0.0022804307751357555], "q_25": 0.0021733292844146493, "q_75": 0.0022435048827901486, "min": 0.002163631189614534, "max": 0.0022804307751357555, "mean": 0.002211477207019925, "std": 4.193334733689152e-05, "repeat": 10, "number": 5}]}, "irradiance.TimeSuite.time_aoi_projection": {"result": [0.002215403504669666], "stats": [{"ci_99": [0.0021598977968096734, 0.002374613378196955], "q_25": 0.002196052693761885, "q_75": 0.0023102730512619017, "min": 0.0021598977968096734, "max": 0.002374613378196955, "mean": 0.0022445457149297, "std": 7.392323501528461e-05, "repeat": 10, "number": 5}]}, "irradiance.TimeSuite.time_dirindex": {"result": [0.1459666343871504], "stats": [{"ci_99": [0.14258388988673687, 0.1531793810427189], "q_25": 0.1448709323303774, "q_75": 0.14730712305754423, "min": 0.14258388988673687, "max": 0.1531793810427189, "mean": 0.146267743781209, "std": 0.0028526957367859917, "repeat": 10, "number": 1}]}, "irradiance.TimeSuite.time_dirint": {"result": [0.07135866000317037], "stats": [{"ci_99": [0.07062102342024446, 0.0746198589913547], "q_25": 0.07089620619080961, "q_75": 0.07213902310468256, "min": 0.07062102342024446, "max": 0.0746198589913547, "mean": 0.07173341666348279, "std": 0.0011562681137214346, "repeat": 10, "number": 1}]}, "irradiance.TimeSuite.time_disc": {"result": [0.01984772691503167], "stats": [{"ci_99": [0.0196296451613307, 0.020252262707799673], "q_25": 0.019689042354002595, "q_75": 0.019990507629700005, "min": 0.0196296451613307, "max": 0.020252262707799673, "mean": 0.01987282414920628, "std": 0.00019555857351229907, "repeat": 10, "number": 1}]}, "irradiance.TimeSuite.time_erbs": {"result": [0.013676385162398219], "stats": [{"ci_99": [0.01308606332167983, 0.014123641420155764], "q_25": 0.013622708385810256, "q_75": 0.013809745316393673, "min": 0.01308606332167983, "max": 0.014123641420155764, "mean": 0.013688007416203619, "std": 0.00025136641468785805, "repeat": 10, "number": 1}]}, "irradiance.TimeSuite.time_get_extra_radiation": {"result": [0.002672127273399383], "stats": [{"ci_99": [0.002617528196424246, 0.003026070073246956], "q_25": 0.002623666514409706, "q_75": 0.0027063299785368145, "min": 0.002617528196424246, "max": 0.003026070073246956, "mean": 0.002719660208094865, "std": 0.00013808575734233574, "repeat": 10, "number": 4}]}, "irradiance.TimeSuite.time_get_ground_diffuse": {"result": [0.0005564127288954822], "stats": [{"ci_99": [0.0005155641977724276, 0.0005776876779763322], "q_25": 0.000544254306556755, "q_75": 0.0005704029708316452, "min": 0.0005155641977724276, "max": 0.0005776876779763322, "mean": 0.0005534859521216468, "std": 1.9351600643305602e-05, "repeat": 10, "number": 19}]}, "irradiance.TimeSuite.time_get_total_irradiance": {"result": [0.005191978649236262], "stats": [{"ci_99": [0.005051415879279375, 0.005546389147639275], "q_25": 0.0051453832420520484, "q_75": 0.005318242532666773, "min": 0.005051415879279375, "max": 0.005546389147639275, "mean": 0.005253137182444334, "std": 0.00016123845401119088, "repeat": 10, "number": 2}]}, "location.TimeSuite.time_location_get_airmass": {"result": [0.001500232145190239], "stats": [{"ci_99": [0.0014840182848274708, 0.001548493281006813], "q_25": 0.001491144033414977, "q_75": 0.0015093715961224266, "min": 0.0014840182848274708, "max": 0.001548493281006813, "mean": 0.0015040019527077675, "std": 1.795390079880394e-05, "repeat": 10, "number": 7}]}, "location.TimeSuite.time_location_get_clearsky": {"result": [0.013185835676267743], "stats": [{"ci_99": [0.012239726725965738, 0.013481775298714638], "q_25": 0.012725797132588923, "q_75": 0.013207845040597022, "min": 0.012239726725965738, "max": 0.013481775298714638, "mean": 0.012981773447245359, "std": 0.00041029396226744064, "repeat": 10, "number": 1}]}, "location.TimeSuite.time_location_get_solarposition": {"result": [0.0182252274826169], "stats": [{"ci_99": [0.017893887124955654, 0.01908424636349082], "q_25": 0.0180570047814399, "q_75": 0.018688957439735532, "min": 0.017893887124955654, "max": 0.01908424636349082, "mean": 0.018376874923706054, "std": 0.000407546686280248, "repeat": 10, "number": 1}]}, "location.TimeSuite.time_location_get_sun_rise_set_transit_pyephem": {"result": [0.1967637341003865], "stats": [{"ci_99": [0.18004112085327506, 0.200560312718153], "q_25": 0.19641045713797212, "q_75": 0.1978874292690307, "min": 0.18004112085327506, "max": 0.200560312718153, "mean": 0.19573965184390546, "std": 0.005389449124241742, "repeat": 10, "number": 1}]}, "location.TimeSuite.time_location_get_sun_rise_set_transit_spa": {"result": [0.04500385606661439], "stats": [{"ci_99": [0.04447979014366865, 0.045871259178966284], "q_25": 0.044647877220995724, "q_75": 0.04527941043488681, "min": 0.04447979014366865, "max": 0.045871259178966284, "mean": 0.045039416011422875, "std": 0.000443537196926512, "repeat": 10, "number": 1}]}, "solarposition.TimeSuite.time_ephemeris": {"result": [0.02426299639046192], "stats": [{"ci_99": [0.023869159165769815, 0.025976723060011864], "q_25": 0.024111583014018834, "q_75": 0.024755061487667263, "min": 0.023869159165769815, "max": 0.025976723060011864, "mean": 0.02454210417345166, "std": 0.0006866960966236782, "repeat": 10, "number": 1}]}, "solarposition.TimeSuite.time_ephemeris_localized": {"result": [0.024892885936424136], "stats": [{"ci_99": [0.023933052085340023, 0.025438455864787102], "q_25": 0.024443390779197216, "q_75": 0.025243468931876123, "min": 0.023933052085340023, "max": 0.025438455864787102, "mean": 0.02483730614185333, "std": 0.00048431835173327236, "repeat": 10, "number": 1}]}, "solarposition.TimeSuite.time_nrel_earthsun_distance": {"result": [0.02310665394179523], "stats": [{"ci_99": [0.023021910805255175, 0.023311827797442675], "q_25": 0.023040500353090465, "q_75": 0.023211712599731982, "min": 0.023021910805255175, "max": 0.023311827797442675, "mean": 0.023132133623585106, "std": 9.837121352716737e-05, "repeat": 10, "number": 1}]}, "solarposition.TimeSuite.time_spa_python": {"result": [0.028857093071565032], "stats": [{"ci_99": [0.028526756912469864, 0.0290689948014915], "q_25": 0.028728694887831807, "q_75": 0.028911256813444197, "min": 0.028526756912469864, "max": 0.0290689948014915, "mean": 0.028818952525034545, "std": 0.00015490876285056648, "repeat": 10, "number": 1}]}, "solarposition.TimeSuite.time_sun_rise_set_transit_spa": {"result": [0.05173436738550663], "stats": [{"ci_99": [0.05066122114658356, 0.05253713810816407], "q_25": 0.050973822246305645, "q_75": 0.05207767046522349, "min": 0.05066122114658356, "max": 0.05253713810816407, "mean": 0.05159882549196482, "std": 0.0006347460912405165, "repeat": 10, "number": 1}]}, "tracking.TimeSuite.time_singleaxis": {"result": [0.006949767470359802], "stats": [{"ci_99": [0.006579514360055327, 0.007439700420945883], "q_25": 0.006699825986288488, "q_75": 0.0071180693921633065, "min": 0.006579514360055327, "max": 0.007439700420945883, "mean": 0.006936882715672254, "std": 0.0002642813667800072, "repeat": 10, "number": 2}]}, "tracking.TimeSuite.time_tracker_singleaxis": {"result": [0.006719306344166398], "stats": [{"ci_99": [0.006474725436419249, 0.007193079451099038], "q_25": 0.006611933175008744, "q_75": 0.006772287422791123, "min": 0.006474725436419249, "max": 0.007193079451099038, "mean": 0.006734171928837895, "std": 0.000198719589556821, "repeat": 10, "number": 2}]}}, "params": {"arch": "x86_64", "cpu": "Intel Xeon Processor (Skylake, IBRS)", "machine": "pvlib-asv.forecasting.energy.arizona.edu", "num_cpu": "4", "os": "Linux 5.7.8-200.fc32.x86_64", "ram": "8145244", "python": "3.7", "ephem": "3.7.6.0", "numpy": "1.18.5", "pandas": "1.1.0", "pytables": "3.6.1", "scipy": "1.2.0"}, "requirements": {"ephem": "3.7.6.0", "numpy": "1.18.5", "pandas": "1.1.0", "pytables": "3.6.1", "scipy": "1.2.0"}, "commit_hash": "9c364d8d00153ab284885c5a7169b83a8c4f02da", "date": 1574793467000,