{"results": {"irradiance.Irradiance.time_aoi": {"result": [0.0021911632735282186], "stats": [{"ci_99": [0.0021597322076559065, 0.002259040158241987], "q_25": 0.0021824444644153117, "q_75": 0.002214136486873031, "min": 0.0021597322076559065, "max": 0.002259040158241987, "mean": 0.002199056949466467, "std": 2.706136268526197e-05, "repeat": 10, "number": 5}]}, "irradiance.Irradiance.time_aoi_projection": {"result": [0.002227392001077533], "stats": [{"ci_99": [0.002175138797610998, 0.0023820918053388596], "q_25": 0.002210053033195436, "q_75": 0.0022434760583564636, "min": 0.002175138797610998, "max": 0.0023820918053388596, "mean": 0.002235023221001029, "std": 5.4841392685729385e-05, "repeat": 10, "number": 5}]}, "irradiance.Irradiance.time_dirindex": {"result": [0.14702647365629673], "stats": [{"ci_99": [0.14218770759180188, 0.15306134801357985], "q_25": 0.1449147192761302, "q_75": 0.1481890541035682, "min": 0.14218770759180188, "max": 0.15306134801357985, "mean": 0.1471705070696771, "std": 0.0034057858053277833, "repeat": 10, "number": 1}]}, "irradiance.Irradiance.time_dirint": {"result": [0.07354463986121118], "stats": [{"ci_99": [0.07089227577671409, 0.07498998194932938], "q_25": 0.0720649550203234, "q_75": 0.0736478182952851, "min": 0.07089227577671409, "max": 0.07498998194932938, "mean": 0.07314052395522594, "std": 0.0012965231034337246, "repeat": 10, "number": 1}]}, "irradiance.Irradiance.time_disc": {"result": [0.019622287480160594], "stats": [{"ci_99": [0.018328031059354544, 0.01997068990021944], "q_25": 0.01874523761216551, "q_75": 0.019653639406897128, "min": 0.018328031059354544, "max": 0.01997068990021944, "mean": 0.019297978980466722, "std": 0.0005980708670978818, "repeat": 10, "number": 1}]}, "irradiance.Irradiance.time_erbs": {"result": [0.012595107080414891], "stats": [{"ci_99": [0.012035344261676073, 0.013053303118795156], "q_25": 0.012119966326281428, "q_75": 0.012959813233464956, "min": 0.012035344261676073, "max": 0.013053303118795156, "mean": 0.012553639383986593, "std": 0.0004004455182684587, "repeat": 10, "number": 1}]}, "irradiance.Irradiance.time_get_extra_radiation": null, "irradiance.Irradiance.time_get_ground_diffuse": null, "irradiance.Irradiance.time_get_total_irradiance": null, "location.Location.time_location_get_airmass": {"result": [0.005663215997628868], "stats": [{"ci_99": [0.005532692419365048, 0.005757603561505675], "q_25": 0.005646449280902743, "q_75": 0.0057150188949890435, "min": 0.005532692419365048, "max": 0.005757603561505675, "mean": 0.005662044789642095, "std": 7.18176728799127e-05, "repeat": 10, "number": 2}]}, "location.Location.time_location_get_clearsky": {"result": [0.018655162304639816], "stats": [{"ci_99": [0.017727934755384922, 0.019074602983891964], "q_25": 0.018496821052394807, "q_75": 0.018747802008874714, "min": 0.017727934755384922, "max": 0.019074602983891964, "mean": 0.018540304666385055, "std": 0.0003727622965711447, "repeat": 10, "number": 1}]}, "location.Location.time_location_get_solarposition": {"result": [0.01823086035437882], "stats": [{"ci_99": [0.018025885336101055, 0.018736794125288725], "q_25": 0.018082043156027794, "q_75": 0.01851686416193843, "min": 0.018025885336101055, "max": 0.018736794125288725, "mean": 0.018295507645234466, "std": 0.0002432309778053974, "repeat": 10, "number": 1}]}, "location.Location_0_6_1.time_location_get_sun_rise_set_transit_pyephem": NaN, "location.Location_0_6_1.time_location_get_sun_rise_set_transit_spa": NaN, "solarposition.SolarPosition.time_ephemeris": {"result": [0.025848638731986284], "stats": [{"ci_99": [0.025393125135451555, 0.0264146588742733], "q_25": 0.025595359038561583, "q_75": 0.0260479865828529, "min": 0.025393125135451555, "max": 0.0264146588742733, "mean": 0.025863019935786723, "std": 0.00031973038045593927, "repeat": 10, "number": 1}]}, "solarposition.SolarPosition.time_ephemeris_localized": {"result": [0.25522689102217555], "stats": [{"ci_99": [0.24534439388662577, 0.2574353632517159], "q_25": 0.24746627337299287, "q_75": 0.25645655125845224, "min": 0.24534439388662577, "max": 0.2574353632517159, "mean": 0.2526554132811725, "std": 0.004844478710270328, "repeat": 10, "number": 1}]}, "solarposition.SolarPosition.time_nrel_earthsun_distance": {"result": [0.02354990504682064], "stats": [{"ci_99": [0.023233613930642605, 0.023812281899154186], "q_25": 0.023470502463169396, "q_75": 0.02375808754004538, "min": 0.023233613930642605, "max": 0.023812281899154186, "mean": 0.023580262437462807, "std": 0.00018462144653265064, "repeat": 10, "number": 1}]}, "solarposition.SolarPosition.time_spa_python": {"result": [0.029509165324270725], "stats": [{"ci_99": [0.028908317908644676, 0.030711071100085974], "q_25": 0.029355042381212115, "q_75": 0.029696722864173353, "min": 0.028908317908644676, "max": 0.030711071100085974, "mean": 0.029646923765540123, "std": 0.0005418130070359133, "repeat": 10, "number": 1}]}, "solarposition.SolarPosition.time_sun_rise_set_transit_spa": {"result": [0.05142517667263746], "stats": [{"ci_99": [0.050877693109214306, 0.052149191964417696], "q_25": 0.05105337395798415, "q_75": 0.05202268110588193, "min": 0.050877693109214306, "max": 0.052149191964417696, "mean": 0.05151472487486899, "std": 0.0004791808171796555, "repeat": 10, "number": 1}]}, "temperature.Fuentes.time_fuentes": NaN, "temperature.SAPM.time_sapm_cell": {"result": [0.002278984896838665], "stats": [{"ci_99": [0.002225774992257357, 0.0023507141508162023], "q_25": 0.002245743270032108, "q_75": 0.0023114542476832863, "min": 0.002225774992257357, "max": 0.0023507141508162023, "mean": 0.002281591454520822, "std": 4.151716067990447e-05, "repeat": 10, "number": 5}]}, "tracking.SingleAxis.time_singleaxis": {"result": [0.047149669378995895], "stats": [{"ci_99": [0.045897071715444326, 0.04929794371128082], "q_25": 0.04653344361577183, "q_75": 0.048571052378974855, "min": 0.045897071715444326, "max": 0.04929794371128082, "mean": 0.047480352222919464, "std": 0.001198413635394933, "repeat": 10, "number": 1}]}, "tracking.SingleAxis.time_tracker_singleaxis": {"result": [0.04772574920207262], "stats": [{"ci_99": [0.04538148595020175, 0.05041452217847109], "q_25": 0.04636939102783799, "q_75": 0.048032803111709654, "min": 0.04538148595020175, "max": 0.05041452217847109, "mean": 0.04766048085875809, "std": 0.0015722300817373176, "repeat": 10, "number": 1}]}}, "params": {"arch": "x86_64", "cpu": "Intel Xeon Processor (Skylake, IBRS)", "machine": "pvlib-asv.forecasting.energy.arizona.edu", "num_cpu": "4", "os": "Linux 5.7.8-200.fc32.x86_64", "ram": "8145244", "python": "3.7", "ephem": "3.7.6.0", "numpy": "1.18.5", "pandas": "1.1.0", "pytables": "3.6.1", "scipy": "1.2.0"}, "requirements": {"ephem": "3.7.6.0", "numpy": "1.18.5", "pandas": "1.1.0", "pytables": "3.6.1", "scipy": "1.2.0"}, "commit_hash": "9cc946f9d3565bd3861fbcdf9f26d2eb22967ccf", "date": 1522949532000, "env_name": "conda-py3.7-ephem3.7.6.0-numpy1.18.5-pandas1.1.0-pytables3.6.1-scipy1.2.0", "python": "3.7", "profiles": {}, "started_at": {"irradiance.Irradiance.time_aoi": 1599429068470, "irradiance.Irradiance.time_aoi_projection": 1599429070527, "irradiance.Irradiance.time_dirindex": 1599429072584, "irradiance.Irradiance.time_dirint": 1599429075392, "irradiance.Irradiance.time_disc": 1599429077849, "irradiance.Irradiance.time_erbs": 1599429079956, "irradiance.Irradiance.time_get_extra_radiation": 1599429060659, "irradiance.Irradiance.time_get_ground_diffuse": 1599429061062, "irradiance.Irradiance.time_get_total_irradiance": 1599429061466, "location.Location.time_location_get_airmass": 1599429082013, "location.Location.time_location_get_clearsky": 1599429082366, "location.Location.time_location_get_solarposition": 1599429082720, "location.Location_0_6_1.time_location_get_sun_rise_set_transit_pyephem": 1599429083123, "location.Location_0_6_1.time_location_get_sun_rise_set_transit_spa": 1599429083176, "solarposition.SolarPosition.time_ephemeris": 1599429083229,