{"results": {"irradiance.Irradiance.time_aoi": {"result": [0.0023647820111364127], "stats": [{"ci_99": [0.0023408973589539527, 0.002399100549519062], "q_25": 0.00235136307310313, "q_75": 0.002378057735040784, "min": 0.0023408973589539527, "max": 0.002399100549519062, "mean": 0.0023666774109005924, "std": 1.9154256831795238e-05, "repeat": 10, "number": 5}]}, "irradiance.Irradiance.time_aoi_projection": {"result": [0.002135830838233233], "stats": [{"ci_99": [0.002116662822663784, 0.0021912235766649245], "q_25": 0.00212565811816603, "q_75": 0.0021478074137121442, "min": 0.002116662822663784, "max": 0.0021912235766649245, "mean": 0.0021405537892132996, "std": 2.12092858165826e-05, "repeat": 10, "number": 5}]}, "irradiance.Irradiance.time_dirindex": {"result": [0.06540236552245915], "stats": [{"ci_99": [0.06437921337783337, 0.0659931730479002], "q_25": 0.06491845205891877, "q_75": 0.06551279651466757, "min": 0.06437921337783337, "max": 0.0659931730479002, "mean": 0.06523176259361207, "std": 0.00046460569202324273, "repeat": 10, "number": 1}]}, "irradiance.Irradiance.time_dirint": {"result": [0.032298831501975656], "stats": [{"ci_99": [0.03180594788864255, 0.03304918296635151], "q_25": 0.032230492448434234, "q_75": 0.03241837304085493, "min": 0.03180594788864255, "max": 0.03304918296635151, "mean": 0.03236166634596884, "std": 0.00031620056275006095, "repeat": 10, "number": 1}]}, "irradiance.Irradiance.time_disc": {"result": [0.012240525102242827], "stats": [{"ci_99": [0.01204297412186861, 0.012744918931275606], "q_25": 0.012099258601665497, "q_75": 0.012425539898686111, "min": 0.01204297412186861, "max": 0.012744918931275606, "mean": 0.012306172447279096, "std": 0.00024544238574648414, "repeat": 10, "number": 1}]}, "irradiance.Irradiance.time_erbs": {"result": [0.006693205330520868], "stats": [{"ci_99": [0.006589408498257399, 0.006890968419611454], "q_25": 0.0066353040165267885, "q_75": 0.00675264757592231, "min": 0.006589408498257399, "max": 0.006890968419611454, "mean": 0.006713050859980285, "std": 9.857765852365367e-05, "repeat": 10, "number": 2}]}, "irradiance.Irradiance.time_get_extra_radiation": null, "irradiance.Irradiance.time_get_ground_diffuse": null, "irradiance.Irradiance.time_get_total_irradiance": null, "location.Location.time_location_get_airmass": {"result": [0.003902357614909609], "stats": [{"ci_99": [0.0038746829765538373, 0.003940704899529616], "q_25": 0.003887259867042303, "q_75": 0.003916091634891927, "min": 0.0038746829765538373, "max": 0.003940704899529616, "mean": 0.0039026871789246804, "std": 1.9143367492229362e-05, "repeat": 10, "number": 3}]}, "location.Location.time_location_get_clearsky": {"result": [0.012337003368884325], "stats": [{"ci_99": [0.012205639854073524, 0.012473828624933958], "q_25": 0.012309971265494823, "q_75": 0.012372021097689867, "min": 0.012205639854073524, "max": 0.012473828624933958, "mean": 0.012343334686011075, "std": 7.467972521234781e-05, "repeat": 10, "number": 1}]}, "location.Location.time_location_get_solarposition": {"result": [0.0149661919567734], "stats": [{"ci_99": [0.014932763297110796, 0.01506362110376358], "q_25": 0.014956207247450948, "q_75": 0.015024001942947507, "min": 0.014932763297110796, "max": 0.01506362110376358, "mean": 0.014985584327951074, "std": 4.1803877705170526e-05, "repeat": 10, "number": 1}]}, "location.Location_0_6_1.time_location_get_sun_rise_set_transit_pyephem": NaN, "location.Location_0_6_1.time_location_get_sun_rise_set_transit_spa": NaN, "solarposition.SolarPosition.time_ephemeris": {"result": [0.018301909556612372], "stats": [{"ci_99": [0.018168221693485975, 0.01857850607484579], "q_25": 0.01821413973812014, "q_75": 0.01837645226623863, "min": 0.018168221693485975, "max": 0.01857850607484579, "mean": 0.018319834023714066, "std": 0.00012259180685635573, "repeat": 10, "number": 1}]}, "solarposition.SolarPosition.time_ephemeris_localized": {"result": [0.21704210457392037], "stats": [{"ci_99": [0.215204908978194, 0.22002208605408669], "q_25": 0.21662262454628944, "q_75": 0.21892644627951086, "min": 0.215204908978194, "max": 0.22002208605408669, "mean": 0.2176183275412768, "std": 0.0014489762422520462, "repeat": 10, "number": 1}]}, "solarposition.SolarPosition.time_nrel_earthsun_distance": {"result": [0.02259437250904739], "stats": [{"ci_99": [0.022231541108340025, 0.02466872986406088], "q_25": 0.022314422763884068, "q_75": 0.02426917781122029, "min": 0.022231541108340025, "max": 0.02466872986406088, "mean": 0.023146955668926238, "std": 0.0010115013608212448, "repeat": 10, "number": 1}]}, "solarposition.SolarPosition.time_spa_python": {"result": [0.025675490498542786], "stats": [{"ci_99": [0.025557999033480883, 0.02590561890974641], "q_25": 0.025589596247300506, "q_75": 0.02581684198230505, "min": 0.025557999033480883, "max": 0.02590561890974641, "mean": 0.025703888898715378, "std": 0.00011940634209738817, "repeat": 10, "number": 1}]}, "solarposition.SolarPosition.time_sun_rise_set_transit_spa": {"result": [0.03766126651316881], "stats": [{"ci_99": [0.037307714112102985, 0.038363017141819], "q_25": 0.03754596970975399, "q_75": 0.03782856371253729, "min": 0.037307714112102985, "max": 0.038363017141819, "mean": 0.03773626014590263, "std": 0.0003126586532723542, "repeat": 10, "number": 1}]}, "temperature.Fuentes.time_fuentes": NaN, "temperature.SAPM.time_sapm_cell": {"result": [0.0016361810266971588], "stats": [{"ci_99": [0.001604136944349323, 0.0016587754445416586], "q_25": 0.001616617797740868, "q_75": 0.0016502036846109797, "min": 0.001604136944349323, "max": 0.0016587754445416586, "mean": 0.0016339197156152552, "std": 1.826484460823498e-05, "repeat": 10, "number": 7}]}, "tracking.SingleAxis.time_singleaxis": {"result": [0.025168870575726032], "stats": [{"ci_99": [0.02417660690844059, 0.025819113943725824], "q_25": 0.024675241787917912, "q_75": 0.02535339561291039, "min": 0.02417660690844059, "max": 0.025819113943725824, "mean": 0.025056244572624564, "std": 0.0004958558818958749, "repeat": 10, "number": 1}]}, "tracking.SingleAxis.time_tracker_singleaxis": {"result": [0.025025023380294442], "stats": [{"ci_99": [0.023826288990676403, 0.026064184959977865], "q_25": 0.024332041619345546, "q_75": 0.025616407860070467, "min": 0.023826288990676403, "max": 0.026064184959977865, "mean": 0.024968071701005103, "std": 0.0007851686663384168, "repeat": 10, "number": 1}]}}, "params": {"arch": "x86_64", "cpu": "Intel Xeon Processor (Skylake, IBRS)", "machine": "pvlib-asv.forecasting.energy.arizona.edu", "num_cpu": "4", "os": "Linux 5.7.8-200.fc32.x86_64", "ram": "8145244", "python": "3.6", "numpy": "1.12.0", "pandas": "0.22.0", "scipy": "1.2.0", "pytables": "3.6.1", "ephem": "3.7.6.0"}, "requirements": {"numpy": "1.12.0", "pandas": "0.22.0", "scipy": "1.2.0", "pytables": "3.6.1", "ephem": "3.7.6.0"}, "commit_hash": "9cc946f9d3565bd3861fbcdf9f26d2eb22967ccf", "date": 1522949532000, "env_name": "conda-py3.6-ephem3.7.6.0-numpy1.12.0-pandas0.22.0-pytables3.6.1-scipy1.2.0", "python": "3.6", "profiles": {}, "started_at": {"irradiance.Irradiance.time_aoi": 1599837017844, "irradiance.Irradiance.time_aoi_projection": 1599837019749, "irradiance.Irradiance.time_dirindex": 1599837021654, "irradiance.Irradiance.time_dirint": 1599837023861, "irradiance.Irradiance.time_disc": 1599837025867, "irradiance.Irradiance.time_erbs": 1599837027772, "irradiance.Irradiance.time_get_extra_radiation": 1599837011043, "irradiance.Irradiance.time_get_ground_diffuse": 1599837011396, "irradiance.Irradiance.time_get_total_irradiance": 1599837011749, "location.Location.time_location_get_airmass": 1599837029679, "location.Location.time_location_get_clearsky": 1599837029982, "location.Location.time_location_get_solarposition": 1599837030285, "location.Location_0_6_1.time_location_get_sun_rise_set_transit_pyephem": 1599837030589, "location.Location_0_6_1.time_location_get_sun_rise_set_transit_spa": 1599837030642, "solarposition.SolarPosition.time_ephemeris": 1599837030694,