{"results": {"irradiance.Irradiance.time_aoi": {"result": [0.0023853293154388663], "stats": [{"ci_99": [0.0022956921719014646, 0.0024811483919620512], "q_25": 0.0023332159267738465, "q_75": 0.002406163699924946, "min": 0.0022956921719014646, "max": 0.0024811483919620512, "mean": 0.002378332857042551, "std": 5.735015950728887e-05, "repeat": 10, "number": 5}]}, "irradiance.Irradiance.time_aoi_projection": {"result": [0.002005689699823658], "stats": [{"ci_99": [0.0019363018218427896, 0.0021077076283593974], "q_25": 0.001956174868003776, "q_75": 0.00201488317300876, "min": 0.0019363018218427896, "max": 0.0021077076283593974, "mean": 0.0019966745749115944, "std": 4.847920708706092e-05, "repeat": 10, "number": 6}]}, "irradiance.Irradiance.time_dirindex": {"result": [0.14506036159582436], "stats": [{"ci_99": [0.14108733693137765, 0.1492088115774095], "q_25": 0.14256806811317801, "q_75": 0.14733587158843875, "min": 0.14108733693137765, "max": 0.1492088115774095, "mean": 0.14501113621518016, "std": 0.0027409885859489167, "repeat": 10, "number": 1}]}, "irradiance.Irradiance.time_dirint": {"result": [0.07103786151856184], "stats": [{"ci_99": [0.0689392457716167, 0.08353143092244864], "q_25": 0.07015055627562106, "q_75": 0.07191315258387476, "min": 0.0689392457716167, "max": 0.08353143092244864, "mean": 0.07207519193179905, "std": 0.003953400597084205, "repeat": 10, "number": 1}]}, "irradiance.Irradiance.time_disc": {"result": [0.020115840015932918], "stats": [{"ci_99": [0.01897902972996235, 0.020742344204336405], "q_25": 0.01952098065521568, "q_75": 0.020298741525039077, "min": 0.01897902972996235, "max": 0.020742344204336405, "mean": 0.01993637648411095, "std": 0.0005475871043310739, "repeat": 10, "number": 1}]}, "irradiance.Irradiance.time_erbs": {"result": [0.012889285339042544], "stats": [{"ci_99": [0.011971993837505579, 0.013203319162130356], "q_25": 0.012601695954799652, "q_75": 0.012968103168532252, "min": 0.011971993837505579, "max": 0.013203319162130356, "mean": 0.01275928453542292, "std": 0.0003734810890285673, "repeat": 10, "number": 1}]}, "irradiance.Irradiance.time_get_extra_radiation": {"result": [0.0027000040863640606], "stats": [{"ci_99": [0.0026182762812823057, 0.0027992185205221176], "q_25": 0.002677333279279992, "q_75": 0.0027145036146976054, "min": 0.0026182762812823057, "max": 0.0027992185205221176, "mean": 0.0027023392147384586, "std": 5.653019029935788e-05, "repeat": 10, "number": 4}]}, "irradiance.Irradiance.time_get_ground_diffuse": {"result": [0.0005930833101860786], "stats": [{"ci_99": [0.0005788359987108331, 0.0006086187878329503], "q_25": 0.0005841267809860016, "q_75": 0.000600745386787151, "min": 0.0005788359987108331, "max": 0.0006086187878329503, "mean": 0.0005925600049330999, "std": 9.741241805466714e-06, "repeat": 10, "number": 19}]}, "irradiance.Irradiance.time_get_total_irradiance": {"result": [0.005539039266295731], "stats": [{"ci_99": [0.005418059881776571, 0.005657529458403587], "q_25": 0.005463561275973916, "q_75": 0.0055723400437273085, "min": 0.005418059881776571, "max": 0.005657529458403587, "mean": 0.005525608616881073, "std": 7.269317034350645e-05, "repeat": 10, "number": 2}]}, "location.Location.time_location_get_airmass": {"result": [0.0014152580697555095], "stats": [{"ci_99": [0.0014043923583813012, 0.0014644922921434045], "q_25": 0.0014104035653872415, "q_75": 0.0014365418901434168, "min": 0.0014043923583813012, "max": 0.0014644922921434045, "mean": 0.0014243928424548357, "std": 1.8632273288100954e-05, "repeat": 10, "number": 8}]}, "location.Location.time_location_get_clearsky": {"result": [0.012712711934000254], "stats": [{"ci_99": [0.012186720035970211, 0.013024715706706047], "q_25": 0.012341715395450592, "q_75": 0.012852395186200738, "min": 0.012186720035970211, "max": 0.013024715706706047, "mean": 0.012611854076385497, "std": 0.00029450542504549384, "repeat": 10, "number": 1}]}, "location.Location.time_location_get_solarposition": {"result": [0.01779010728932917], "stats": [{"ci_99": [0.017643614672124386, 0.01802124362438917], "q_25": 0.017701196833513677, "q_75": 0.017836580285802484, "min": 0.017643614672124386, "max": 0.01802124362438917, "mean": 0.017786472756415605, "std": 0.00010676244003578288, "repeat": 10, "number": 1}]}, "location.Location_0_6_1.time_location_get_sun_rise_set_transit_pyephem": NaN, "location.Location_0_6_1.time_location_get_sun_rise_set_transit_spa": NaN, "solarposition.SolarPosition.time_ephemeris": {"result": [0.02535001141950488], "stats": [{"ci_99": [0.02362392470240593, 0.026947022881358862], "q_25": 0.023892857367172837, "q_75": 0.026294703828170896, "min": 0.02362392470240593, "max": 0.026947022881358862, "mean": 0.02518901922740042, "std": 0.0011960310853768549, "repeat": 10, "number": 1}]}, "solarposition.SolarPosition.time_ephemeris_localized": {"result": [0.025455207331106067], "stats": [{"ci_99": [0.024229272734373808, 0.027695706114172935], "q_25": 0.025066457339562476, "q_75": 0.026421563234180212, "min": 0.024229272734373808, "max": 0.027695706114172935, "mean": 0.025740005588158966, "std": 0.0011111652110767979, "repeat": 10, "number": 1}]}, "solarposition.SolarPosition.time_nrel_earthsun_distance": {"result": [0.024176360573619604], "stats": [{"ci_99": [0.023950906936079264, 0.024632860906422138], "q_25": 0.024050053558312356, "q_75": 0.02425920672249049, "min": 0.023950906936079264, "max": 0.024632860906422138, "mean": 0.024195163464173674, "std": 0.0001877259866055842, "repeat": 10, "number": 1}]}, "solarposition.SolarPosition.time_spa_python": {"result": [0.02859369246289134], "stats": [{"ci_99": [0.028386157006025314, 0.029601484071463346], "q_25": 0.028538828599266708, "q_75": 0.02880386169999838, "min": 0.028386157006025314, "max": 0.029601484071463346, "mean": 0.028717856481671335, "std": 0.00032435485149490936, "repeat": 10, "number": 1}]}, "solarposition.SolarPosition.time_sun_rise_set_transit_spa": {"result": [0.04964223923161626], "stats": [{"ci_99": [0.04923107894137502, 0.0500975651666522], "q_25": 0.049426240962930024, "q_75": 0.049942113109864295, "min": 0.04923107894137502, "max": 0.0500975651666522, "mean": 0.04966756240464747, "std": 0.00028601944700460676, "repeat": 10, "number": 1}]}, "temperature.Fuentes.time_fuentes": NaN, "temperature.SAPM.time_sapm_cell": {"result": [0.002233049599453807], "stats": [{"ci_99": [0.002130088396370411, 0.002329140808433294], "q_25": 0.0022219361271709204, "q_75": 0.0022444580215960743, "min": 0.002130088396370411, "max": 0.002329140808433294, "mean": 0.0022244404163211584, "std": 5.4170147716668566e-05, "repeat": 10, "number": 5}]}, "tracking.SingleAxis.time_singleaxis": {"result": [0.00654164410661906], "stats": [{"ci_99": [0.006134691648185253, 0.007169340504333377], "q_25": 0.006357643811497837, "q_75": 0.006777243688702583, "min": 0.006134691648185253, "max": 0.007169340504333377, "mean": 0.006598495575599372, "std": 0.0003353824210611466, "repeat": 10, "number": 2}]}, "tracking.SingleAxis.time_tracker_singleaxis": {"result": [0.006474613677710295], "stats": [{"ci_99": [0.006231346866115928, 0.006859340937808156], "q_25": 0.00637879827991128, "q_75": 0.006746723141986877, "min": 0.006231346866115928, "max": 0.006859340937808156, "mean": 0.006530822487547994, "std": 0.00021924446092318886, "repeat": 10, "number": 2}]}}, "params": {"arch": "x86_64", "cpu": "Intel Xeon Processor (Skylake, IBRS)", "machine": "pvlib-asv.forecasting.energy.arizona.edu", "num_cpu": "4", "os": "Linux 5.7.8-200.fc32.x86_64", "ram": "8145244", "python": "3.8", "numpy": "", "pandas": "", "scipy": "", "pytables": "", "ephem": ""}, "requirements": {"numpy": "", "pandas": "", "scipy": "", "pytables": "", "ephem": ""}, "commit_hash": "9cec7ab304c7536ec357bd70178105be8f68ff79", "date": 1548699959000, "env_name": "conda-py3.8-ephem-numpy-pandas-pytables-scipy", "python": "3.8", "profiles": {}, "started_at": {"irradiance.Irradiance.time_aoi": 1599804212027, "irradiance.Irradiance.time_aoi_projection": 1599804213883,