{"results": {"irradiance.Irradiance.time_aoi": {"result": [0.002304075472056866], "stats": [{"ci_99": [0.0022313189692795277, 0.0023784006014466287], "q_25": 0.0022626000922173263, "q_75": 0.002322711516171694, "min": 0.0022313189692795277, "max": 0.0023784006014466287, "mean": 0.0023008113354444507, "std": 4.506981628250938e-05, "repeat": 10, "number": 5}]}, "irradiance.Irradiance.time_aoi_projection": {"result": [0.0020040462259203196], "stats": [{"ci_99": [0.0019257699605077505, 0.0020611577977736792], "q_25": 0.0019797005807049572, "q_75": 0.0020071364900407693, "min": 0.0019257699605077505, "max": 0.0020611577977736792, "mean": 0.0019957607612013815, "std": 3.452798793466428e-05, "repeat": 10, "number": 6}]}, "irradiance.Irradiance.time_dirindex": {"result": [0.1406850020866841], "stats": [{"ci_99": [0.1376876551657915, 0.1455027530901134], "q_25": 0.1402708739042282, "q_75": 0.14367268013302237, "min": 0.1376876551657915, "max": 0.1455027530901134, "mean": 0.14135738532058895, "std": 0.0025674684109420844, "repeat": 10, "number": 1}]}, "irradiance.Irradiance.time_dirint": {"result": [0.0695882816798985], "stats": [{"ci_99": [0.06783875124529004, 0.07049504667520523], "q_25": 0.06923332065343857, "q_75": 0.07029883668292314, "min": 0.06783875124529004, "max": 0.07049504667520523, "mean": 0.0695900556165725, "std": 0.0007767477455405075, "repeat": 10, "number": 1}]}, "irradiance.Irradiance.time_disc": {"result": [0.018836528528481722], "stats": [{"ci_99": [0.01813856093212962, 0.019624768290668726], "q_25": 0.01863338379189372, "q_75": 0.019108103355392814, "min": 0.01813856093212962, "max": 0.019624768290668726, "mean": 0.01883501010015607, "std": 0.0004121502174458385, "repeat": 10, "number": 1}]}, "irradiance.Irradiance.time_erbs": {"result": [0.012284463969990611], "stats": [{"ci_99": [0.01177187729626894, 0.012761258985847235], "q_25": 0.012137419311329722, "q_75": 0.012452805298380554, "min": 0.01177187729626894, "max": 0.012761258985847235, "mean": 0.012269880808889865, "std": 0.0002672040377170658, "repeat": 10, "number": 1}]}, "irradiance.Irradiance.time_get_extra_radiation": {"result": [0.0026380413910374045], "stats": [{"ci_99": [0.002571663004346192, 0.002686551306396723], "q_25": 0.0026277527504134923, "q_75": 0.0026565717707853764, "min": 0.002571663004346192, "max": 0.002686551306396723, "mean": 0.0026369099505245686, "std": 3.1945681889502864e-05, "repeat": 10, "number": 4}]}, "irradiance.Irradiance.time_get_ground_diffuse": {"result": [0.0005645145429298282], "stats": [{"ci_99": [0.0005144661085473166, 0.00059943788477944], "q_25": 0.0005478876668752895, "q_75": 0.0005842064856551588, "min": 0.0005144661085473166, "max": 0.00059943788477944, "mean": 0.0005637017156307895, "std": 2.5686219260713604e-05, "repeat": 10, "number": 18}]}, "irradiance.Irradiance.time_get_total_irradiance": {"result": [0.005295217968523502], "stats": [{"ci_99": [0.0051042435225099325, 0.005618841620162129], "q_25": 0.005223171960096806, "q_75": 0.005361586983781308, "min": 0.0051042435225099325, "max": 0.005618841620162129, "mean": 0.005304023833014071, "std": 0.0001461102350251836, "repeat": 10, "number": 2}]}, "location.Location.time_location_get_airmass": {"result": [0.005357368150725961], "stats": [{"ci_99": [0.0048291184939444065, 0.00546956155449152], "q_25": 0.005271334666758776, "q_75": 0.00538449379382655, "min": 0.0048291184939444065, "max": 0.00546956155449152, "mean": 0.005295949848368764, "std": 0.00017133472104080918, "repeat": 10, "number": 2}]}, "location.Location.time_location_get_clearsky": {"result": [0.01684016501531005], "stats": [{"ci_99": [0.01588908489793539, 0.01718902215361595], "q_25": 0.01670178584754467, "q_75": 0.017036306322552264, "min": 0.01588908489793539, "max": 0.01718902215361595, "mean": 0.01672728550620377, "std": 0.0004384259945885994, "repeat": 10, "number": 1}]}, "location.Location.time_location_get_solarposition": {"result": [0.017566883005201817], "stats": [{"ci_99": [0.017418580129742622, 0.0177103066816926], "q_25": 0.017506795353256166, "q_75": 0.01765233278274536, "min": 0.017418580129742622, "max": 0.0177103066816926, "mean": 0.017569116735830902, "std": 9.317950839689595e-05, "repeat": 10, "number": 1}]}, "location.Location_0_6_1.time_location_get_sun_rise_set_transit_pyephem": NaN, "location.Location_0_6_1.time_location_get_sun_rise_set_transit_spa": NaN, "solarposition.SolarPosition.time_ephemeris": {"result": [0.02654943661764264], "stats": [{"ci_99": [0.026229748968034983, 0.02707820199429989], "q_25": 0.026323481579311192, "q_75": 0.026652658474631608, "min": 0.026229748968034983, "max": 0.02707820199429989, "mean": 0.02655888763256371, "std": 0.00026976591851403224, "repeat": 10, "number": 1}]}, "solarposition.SolarPosition.time_ephemeris_localized": {"result": [0.25420670630410314], "stats": [{"ci_99": [0.24799606809392571, 0.2582754548639059], "q_25": 0.2529517854563892, "q_75": 0.2548973457887769, "min": 0.24799606809392571, "max": 0.2582754548639059, "mean": 0.25370588605292144, "std": 0.0026028938010933416, "repeat": 10, "number": 1}]}, "solarposition.SolarPosition.time_nrel_earthsun_distance": {"result": [0.023442746605724096], "stats": [{"ci_99": [0.023318137973546982, 0.023556611966341734], "q_25": 0.023415713687427342, "q_75": 0.02350439364090562, "min": 0.023318137973546982, "max": 0.023556611966341734, "mean": 0.02344743344001472, "std": 7.213075403650424e-05, "repeat": 10, "number": 1}]}, "solarposition.SolarPosition.time_spa_python": {"result": [0.02828789548948407], "stats": [{"ci_99": [0.027980013750493526, 0.028562669176608324], "q_25": 0.02805337472818792, "q_75": 0.028406793251633644, "min": 0.027980013750493526, "max": 0.028562669176608324, "mean": 0.02825024356134236, "std": 0.0001906095936814912, "repeat": 10, "number": 1}]}, "solarposition.SolarPosition.time_sun_rise_set_transit_spa": {"result": [0.04910941794514656], "stats": [{"ci_99": [0.04833701811730862, 0.049869629088789225], "q_25": 0.048704075859859586, "q_75": 0.04943477176129818, "min": 0.04833701811730862, "max": 0.049869629088789225, "mean": 0.0490690300706774, "std": 0.0004930820782802502, "repeat": 10, "number": 1}]}, "temperature.Fuentes.time_fuentes": NaN, "temperature.SAPM.time_sapm_cell": {"result": [0.002197669120505452], "stats": [{"ci_99": [0.0021917544305324554, 0.002288816962391138], "q_25": 0.0021925645181909204, "q_75": 0.002223768434487283, "min": 0.0021917544305324554, "max": 0.002288816962391138, "mean": 0.002212876016274095, "std": 3.0297444175974374e-05, "repeat": 10, "number": 5}]}, "tracking.SingleAxis.time_singleaxis": {"result": [0.032296432415023446], "stats": [{"ci_99": [0.029631789308041334, 0.034112026914954185], "q_25": 0.030826005269773304, "q_75": 0.03317975683603436, "min": 0.029631789308041334, "max": 0.034112026914954185, "mean": 0.032059168070554735, "std": 0.0014064081768118, "repeat": 10, "number": 1}]}, "tracking.SingleAxis.time_tracker_singleaxis": {"result": [0.031139657367020845], "stats": [{"ci_99": [0.030651042237877846, 0.032167645171284676], "q_25": 0.03080681385472417, "q_75": 0.0316298333927989, "min": 0.030651042237877846, "max": 0.032167645171284676, "mean": 0.03127855444326997, "std": 0.0005191857128236582, "repeat": 10, "number": 1}]}}, "params": {"arch": "x86_64", "cpu": "Intel Xeon Processor (Skylake, IBRS)", "machine": "pvlib-asv.forecasting.energy.arizona.edu", "num_cpu": "4", "os": "Linux 5.7.8-200.fc32.x86_64", "ram": "8145244", "python": "3.8", "numpy": "", "pandas": "", "scipy": "", "pytables": "", "ephem": ""}, "requirements": {"numpy": "", "pandas": "", "scipy": "", "pytables": "", "ephem": ""}, "commit_hash": "9ead2f2ea996094bda751633d7f214703a3ed7d7", "date": 1534259432000, "env_name": "conda-py3.8-ephem-numpy-pandas-pytables-scipy", "python": "3.8", "profiles": {}, "started_at": {"irradiance.Irradiance.time_aoi": 1599834413116, "irradiance.Irradiance.time_aoi_projection": 1599834415122, "irradiance.Irradiance.time_dirindex": 1599834417178,