{"results": {"irradiance.Irradiance.time_aoi": {"result": [0.0023710450623184443], "stats": [{"ci_99": [0.002335192169994116, 0.002530386485159397], "q_25": 0.002344960393384099, "q_75": 0.0023962814826518296, "min": 0.002335192169994116, "max": 0.002530386485159397, "mean": 0.0023950719740241768, "std": 6.797851603352942e-05, "repeat": 10, "number": 5}]}, "irradiance.Irradiance.time_aoi_projection": {"result": [0.002127069514244795], "stats": [{"ci_99": [0.0021038574166595938, 0.0021905915811657904], "q_25": 0.0021211294922977683, "q_75": 0.0021451137959957126, "min": 0.0021038574166595938, "max": 0.0021905915811657904, "mean": 0.00213695339858532, "std": 2.66598694318504e-05, "repeat": 10, "number": 5}]}, "irradiance.Irradiance.time_dirindex": {"result": [0.06565620587207377], "stats": [{"ci_99": [0.06496373424306512, 0.07599776890128851], "q_25": 0.06536908156704158, "q_75": 0.06641309359110892, "min": 0.06496373424306512, "max": 0.07599776890128851, "mean": 0.06735531655140221, "std": 0.003665380582588669, "repeat": 10, "number": 1}]}, "irradiance.Irradiance.time_dirint": {"result": [0.03313787351362407], "stats": [{"ci_99": [0.03249819716438651, 0.03422090411186218], "q_25": 0.03287193225696683, "q_75": 0.033648366341367364, "min": 0.03249819716438651, "max": 0.03422090411186218, "mean": 0.03325056121684611, "std": 0.0005125705541973493, "repeat": 10, "number": 1}]}, "irradiance.Irradiance.time_disc": {"result": [0.01285837241448462], "stats": [{"ci_99": [0.012773226015269756, 0.013038889970630407], "q_25": 0.012817404698580503, "q_75": 0.012888641678728163, "min": 0.012773226015269756, "max": 0.013038889970630407, "mean": 0.012870309734717011, "std": 7.924816265057358e-05, "repeat": 10, "number": 1}]}, "irradiance.Irradiance.time_erbs": {"result": [0.007375715998932719], "stats": [{"ci_99": [0.007222556509077549, 0.007444740971550345], "q_25": 0.007288566906936467, "q_75": 0.007400444126687944, "min": 0.007222556509077549, "max": 0.007444740971550345, "mean": 0.007345420261844993, "std": 7.571743250267299e-05, "repeat": 10, "number": 2}]}, "irradiance.Irradiance.time_get_extra_radiation": {"result": [0.0005436698587513284], "stats": [{"ci_99": [0.00053750858397076, 0.0005520191533785118], "q_25": 0.0005414578450941726, "q_75": 0.0005492891895731813, "min": 0.00053750858397076, "max": 0.0005520191533785118, "mean": 0.0005449714776324598, "std": 4.7782068220298924e-06, "repeat": 10, "number": 19}]}, "irradiance.Irradiance.time_get_ground_diffuse": {"result": [0.00034313085639188365], "stats": [{"ci_99": [0.00032479942385708134, 0.0004073715197943872], "q_25": 0.00033268234842727265, "q_75": 0.00037119315276222845, "min": 0.00032479942385708134, "max": 0.0004073715197943872, "mean": 0.0003520833057982306, "std": 2.5821373755541e-05, "repeat": 10, "number": 31}]}, "irradiance.Irradiance.time_get_total_irradiance": {"result": [0.0045898995983103905], "stats": [{"ci_99": [0.004485349326084058, 0.004904359268645446], "q_25": 0.004523709183558822, "q_75": 0.004633757324578862, "min": 0.004485349326084058, "max": 0.004904359268645446, "mean": 0.004606475712110599, "std": 0.00011383751057463773, "repeat": 10, "number": 3}]}, "location.Location.time_location_get_airmass": {"result": [0.0013798675208818167], "stats": [{"ci_99": [0.0013715047971345484, 0.001397518499288708], "q_25": 0.0013761154405074194, "q_75": 0.0013862347841495648, "min": 0.0013715047971345484, "max": 0.001397518499288708, "mean": 0.00138128119870089, "std": 7.771264706817257e-06, "repeat": 10, "number": 8}]}, "location.Location.time_location_get_clearsky": {"result": [0.009479748317971826], "stats": [{"ci_99": [0.009410756407305598, 0.009735105326399207], "q_25": 0.009446965937968343, "q_75": 0.009487803385127336, "min": 0.009410756407305598, "max": 0.009735105326399207, "mean": 0.009488991415128111, "std": 8.708602873902632e-05, "repeat": 10, "number": 2}]}, "location.Location.time_location_get_solarposition": {"result": [0.014949819073081017], "stats": [{"ci_99": [0.014890389982610941, 0.015060987789183855], "q_25": 0.014931188779883087, "q_75": 0.015009105671197176, "min": 0.014890389982610941, "max": 0.015060987789183855, "mean": 0.01496332730166614, "std": 5.419626013369295e-05, "repeat": 10, "number": 1}]}, "location.Location_0_6_1.time_location_get_sun_rise_set_transit_pyephem": {"result": [0.18130846275016665], "stats": [{"ci_99": [0.1807375131174922, 0.18190190708264709], "q_25": 0.18099680938757956, "q_75": 0.1817523449426517, "min": 0.1807375131174922, "max": 0.18190190708264709, "mean": 0.1813388705253601, "std": 0.00040690179309178743, "repeat": 10, "number": 1}]}, "location.Location_0_6_1.time_location_get_sun_rise_set_transit_spa": {"result": [0.03404248086735606], "stats": [{"ci_99": [0.03375083999708295, 0.03566692676395178], "q_25": 0.03385924291796982, "q_75": 0.034457137691788375, "min": 0.03375083999708295, "max": 0.03566692676395178, "mean": 0.03430164903402329, "std": 0.0006156673732247096, "repeat": 10, "number": 1}]}, "solarposition.SolarPosition.time_ephemeris": {"result": [0.018631179118528962], "stats": [{"ci_99": [0.018140221014618874, 0.018974395003169775], "q_25": 0.018479045014828444, "q_75": 0.018660206929780543, "min": 0.018140221014618874, "max": 0.018974395003169775, "mean": 0.018573956657201053, "std": 0.00025801279464614165, "repeat": 10, "number": 1}]}, "solarposition.SolarPosition.time_ephemeris_localized": {"result": [0.01822450803592801], "stats": [{"ci_99": [0.018067367374897003, 0.01857729395851493], "q_25": 0.018126775277778506, "q_75": 0.01832121447660029, "min": 0.018067367374897003, "max": 0.01857729395851493, "mean": 0.018243960104882717, "std": 0.00014630373130188894, "repeat": 10, "number": 1}]}, "solarposition.SolarPosition.time_nrel_earthsun_distance": {"result": [0.022721029119566083], "stats": [{"ci_99": [0.022575373761355877, 0.022905167657881975], "q_25": 0.022611718391999602, "q_75": 0.022794184391386807, "min": 0.022575373761355877, "max": 0.022905167657881975, "mean": 0.022716541402041913, "std": 0.00010477567580544437, "repeat": 10, "number": 1}]}, "solarposition.SolarPosition.time_spa_python": {"result": [0.02575584128499031], "stats": [{"ci_99": [0.025655016768723726, 0.02598601207137108], "q_25": 0.025732974288985133, "q_75": 0.0258244521683082, "min": 0.025655016768723726, "max": 0.02598601207137108, "mean": 0.0257817598991096, "std": 9.185159264148581e-05, "repeat": 10, "number": 1}]}, "solarposition.SolarPosition.time_sun_rise_set_transit_spa": {"result": [0.03772879089228809], "stats": [{"ci_99": [0.03756346274167299, 0.03806025208905339], "q_25": 0.037667511380277574, "q_75": 0.03778929659165442, "min": 0.03756346274167299, "max": 0.03806025208905339, "mean": 0.0377507331315428, "std": 0.00013889691798438215, "repeat": 10, "number": 1}]}, "temperature.Fuentes.time_fuentes": NaN, "temperature.SAPM.time_sapm_cell": {"result": [0.001022675328634002], "stats": [{"ci_99": [0.0009748790921135383, 0.0010458202609284358], "q_25": 0.0010134352540427988, "q_75": 0.0010286834281445904, "min": 0.0009748790921135383, "max": 0.0010458202609284358, "mean": 0.0010163914496925746, "std": 2.145561015599159e-05, "repeat": 10, "number": 11}]}, "tracking.SingleAxis.time_singleaxis": {"result": [0.019555597100406885], "stats": [{"ci_99": [0.016522488091140985, 0.021804186049848795], "q_25": 0.0184467047220096, "q_75": 0.020648146513849497, "min": 0.016522488091140985, "max": 0.021804186049848795, "mean": 0.0194793620146811, "std": 0.0014961666845936727, "repeat": 10, "number": 1}]}, "tracking.SingleAxis.time_tracker_singleaxis": {"result": [0.020569225773215294], "stats": [{"ci_99": [0.019583324901759624, 0.02194710588082671], "q_25": 0.02022207051049918, "q_75": 0.02118967368733138, "min": 0.019583324901759624, "max": 0.02194710588082671, "mean": 0.02070227372460067, "std": 0.0006679693484114902, "repeat": 10, "number": 1}]}}, "params": {"arch": "x86_64", "cpu": "Intel Xeon Processor (Skylake, IBRS)",