{"results": {"irradiance.Irradiance.time_aoi": {"result": [0.0022766444832086567], "stats": [{"ci_99": [0.002220336254686117, 0.0023030251264572143], "q_25": 0.0022446845192462205, "q_75": 0.0022890783846378324, "min": 0.002220336254686117, "max": 0.0023030251264572143, "mean": 0.0022672824468463657, "std": 2.9210807259638367e-05, "repeat": 10, "number": 5}]}, "irradiance.Irradiance.time_aoi_projection": {"result": [0.0022159809246659282], "stats": [{"ci_99": [0.0021847312338650225, 0.0023007282055914403], "q_25": 0.0021890135249122977, "q_75": 0.002262762631289661, "min": 0.0021847312338650225, "max": 0.0023007282055914403, "mean": 0.0022270416468381884, "std": 3.985290532346605e-05, "repeat": 10, "number": 5}]}, "irradiance.Irradiance.time_dirindex": null, "irradiance.Irradiance.time_dirint": {"result": [0.07184472540393472], "stats": [{"ci_99": [0.07077262783423066, 0.07378938514739275], "q_25": 0.07138157717417926, "q_75": 0.07327724003698677, "min": 0.07077262783423066, "max": 0.07378938514739275, "mean": 0.07225488079711795, "std": 0.0010726505869499841, "repeat": 10, "number": 1}]}, "irradiance.Irradiance.time_disc": {"result": [0.018243446946144104], "stats": [{"ci_99": [0.018004396930336952, 0.02031078515574336], "q_25": 0.018057874171063304, "q_75": 0.019250461482442915, "min": 0.018004396930336952, "max": 0.02031078515574336, "mean": 0.01867568991146982, "std": 0.0007998027106938113, "repeat": 10, "number": 1}]}, "irradiance.Irradiance.time_erbs": {"result": [0.011879028053954244], "stats": [{"ci_99": [0.011782302055507898, 0.012419449165463448], "q_25": 0.011812896700575948, "q_75": 0.012009368510916829, "min": 0.011782302055507898, "max": 0.012419449165463448, "mean": 0.011941926088184118, "std": 0.00018408386348901305, "repeat": 10, "number": 1}]}, "irradiance.Irradiance.time_get_extra_radiation": null, "irradiance.Irradiance.time_get_ground_diffuse": null, "irradiance.Irradiance.time_get_total_irradiance": null, "location.Location.time_location_get_airmass": {"result": [0.00553408800624311], "stats": [{"ci_99": [0.005076393485069275, 0.005620498908683658], "q_25": 0.005209195951465517, "q_75": 0.005555063136853278, "min": 0.005076393485069275, "max": 0.005620498908683658, "mean": 0.0054139391053467985, "std": 0.0002165137251375405, "repeat": 10, "number": 2}]}, "location.Location.time_location_get_clearsky": {"result": [0.45065734698437154], "stats": [{"ci_99": [0.4471737779676914, 0.46222980599850416], "q_25": 0.44824140903074294, "q_75": 0.46167174354195595, "min": 0.4471737779676914, "max": 0.46222980599850416, "mean": 0.4540931832976639, "std": 0.006486603158648316, "repeat": 10, "number": 1}]}, "location.Location.time_location_get_solarposition": {"result": [0.018060815520584583], "stats": [{"ci_99": [0.01784794172272086, 0.018322078976780176], "q_25": 0.01799587532877922, "q_75": 0.018129724427126348, "min": 0.01784794172272086, "max": 0.018322078976780176, "mean": 0.018075810791924597, "std": 0.00013376967259841894, "repeat": 10, "number": 1}]}, "location.Location_0_6_1.time_location_get_sun_rise_set_transit_pyephem": NaN, "location.Location_0_6_1.time_location_get_sun_rise_set_transit_spa": NaN, "solarposition.SolarPosition.time_ephemeris": null, "solarposition.SolarPosition.time_ephemeris_localized": null, "solarposition.SolarPosition.time_nrel_earthsun_distance": {"result": [0.023115893127396703], "stats": [{"ci_99": [0.02306576492264867, 0.02333244774490595], "q_25": 0.023090305854566395, "q_75": 0.023151711677201092, "min": 0.02306576492264867, "max": 0.02333244774490595, "mean": 0.023145632073283195, "std": 8.48722432088141e-05, "repeat": 10, "number": 1}]}, "solarposition.SolarPosition.time_spa_python": {"result": [0.028592510148882866], "stats": [{"ci_99": [0.028455093037337065, 0.029086730908602476], "q_25": 0.02851386647671461, "q_75": 0.028685934841632843, "min": 0.028455093037337065, "max": 0.029086730908602476, "mean": 0.028637709375470877, "std": 0.0001794172283363305, "repeat": 10, "number": 1}]}, "solarposition.SolarPosition.time_sun_rise_set_transit_spa": {"result": [0.050396609818562865], "stats": [{"ci_99": [0.050197487231343985, 0.05051800096407533], "q_25": 0.050257551367394626, "q_75": 0.05040946661029011, "min": 0.050197487231343985, "max": 0.05051800096407533, "mean": 0.05034952536225319, "std": 9.797881611487394e-05, "repeat": 10, "number": 1}]}, "temperature.Fuentes.time_fuentes": NaN, "temperature.SAPM.time_sapm_cell": {"result": [0.0022702818270772694], "stats": [{"ci_99": [0.0022410639561712743, 0.0022969732061028482], "q_25": 0.002253230707719922, "q_75": 0.0022786172572523355, "min": 0.0022410639561712743, "max": 0.0022969732061028482, "mean": 0.0022688609454780814, "std": 1.7717122958560126e-05, "repeat": 10, "number": 5}]}, "tracking.SingleAxis.time_singleaxis": {"result": [0.04544671345502138], "stats": [{"ci_99": [0.04302660282701254, 0.04801858076825738], "q_25": 0.04497418028768152, "q_75": 0.04647267272230238, "min": 0.04302660282701254, "max": 0.04801858076825738, "mean": 0.045662128878757355, "std": 0.0013905505178997337, "repeat": 10, "number": 1}]}, "tracking.SingleAxis.time_tracker_singleaxis": {"result": [0.04498611553572118], "stats": [{"ci_99": [0.044137401040643454, 0.04622107790783048], "q_25": 0.04460119490977377, "q_75": 0.045958474511280656, "min": 0.044137401040643454, "max": 0.04622107790783048, "mean": 0.045208467682823536, "std": 0.0007154850127045737, "repeat": 10, "number": 1}]}}, "params": {"arch": "x86_64", "cpu": "Intel Xeon Processor (Skylake, IBRS)", "machine": "pvlib-asv.forecasting.energy.arizona.edu", "num_cpu": "4", "os": "Linux 5.7.8-200.fc32.x86_64", "ram": "8145244", "python": "3.7", "ephem": "3.7.6.0", "numpy": "1.18.5", "pandas": "1.1.0", "pytables": "3.6.1", "scipy": "1.2.0"}, "requirements": {"ephem": "3.7.6.0", "numpy": "1.18.5", "pandas": "1.1.0", "pytables": "3.6.1", "scipy": "1.2.0"}, "commit_hash": "a07462ea7b5bda9ed730fc7c2af95f82b7b8115f", "date": 1477086770000, "env_name": "conda-py3.7-ephem3.7.6.0-numpy1.18.5-pandas1.1.0-pytables3.6.1-scipy1.2.0", "python": "3.7", "profiles": {}, "started_at": {"irradiance.Irradiance.time_aoi": 1599434704426, "irradiance.Irradiance.time_aoi_projection": 1599434709136, "irradiance.Irradiance.time_dirindex": 1599434678989, "irradiance.Irradiance.time_dirint": 1599434713845, "irradiance.Irradiance.time_disc": 1599434718905, "irradiance.Irradiance.time_erbs": 1599434723664, "irradiance.Irradiance.time_get_extra_radiation": 1599434694422, "irradiance.Irradiance.time_get_ground_diffuse": 1599434695275, "irradiance.Irradiance.time_get_total_irradiance": 1599434696129, "location.Location.time_location_get_airmass": 1599434728374, "location.Location.time_location_get_clearsky": 1599434728727, "location.Location.time_location_get_solarposition": 1599434731684, "location.Location_0_6_1.time_location_get_sun_rise_set_transit_pyephem": 1599434732037, "location.Location_0_6_1.time_location_get_sun_rise_set_transit_spa": 1599434732090, "solarposition.SolarPosition.time_ephemeris": 1599434700750, "solarposition.SolarPosition.time_ephemeris_localized": 1599434700852, "solarposition.SolarPosition.time_nrel_earthsun_distance": 1599434732142, "solarposition.SolarPosition.time_spa_python": 1599434732444, "solarposition.SolarPosition.time_sun_rise_set_transit_spa": 1599434732747, "temperature.Fuentes.time_fuentes": 1599434733150, "temperature.SAPM.time_sapm_cell": 1599434733203, "tracking.SingleAxis.time_singleaxis": 1599434733406, "tracking.SingleAxis.time_tracker_singleaxis": 1599434734510}, "ended_at": {"irradiance.Irradiance.time_aoi": 1599434709135, "irradiance.Irradiance.time_aoi_projection": 1599434713845, "irradiance.Irradiance.time_dirindex": 1599434679843, "irradiance.Irradiance.time_dirint": 1599434718905, "irradiance.Irradiance.time_disc": 1599434723664, "irradiance.Irradiance.time_erbs": 1599434728373, "irradiance.Irradiance.time_get_extra_radiation": 1599434695275,