{"results": {"irradiance.Irradiance.time_aoi": {"result": [0.002304742205888033], "stats": [{"ci_99": [0.002272661216557026, 0.0023629190400242805], "q_25": 0.0022883745143190025, "q_75": 0.0023308854782953855, "min": 0.002272661216557026, "max": 0.0023629190400242805, "mean": 0.002311665816232562, "std": 2.8131546369914856e-05, "repeat": 10, "number": 5}]}, "irradiance.Irradiance.time_aoi_projection": {"result": [0.0020037177406872315], "stats": [{"ci_99": [0.0019494463534404833, 0.0020481341828902564], "q_25": 0.001980482251383364, "q_75": 0.002038833685219288, "min": 0.0019494463534404833, "max": 0.0020481341828902564, "mean": 0.0020051659162466724, "std": 3.457718030536276e-05, "repeat": 10, "number": 6}]}, "irradiance.Irradiance.time_dirindex": {"result": [0.1417127694003284], "stats": [{"ci_99": [0.13789993105456233, 0.15130043402314186], "q_25": 0.13923982181586325, "q_75": 0.14305053267162293, "min": 0.13789993105456233, "max": 0.15130043402314186, "mean": 0.1420980293303728, "std": 0.0037408027923691075, "repeat": 10, "number": 1}]}, "irradiance.Irradiance.time_dirint": {"result": [0.07024316000752151], "stats": [{"ci_99": [0.06830622116103768, 0.08000712003558874], "q_25": 0.06924015248659998, "q_75": 0.07101401127874851, "min": 0.06830622116103768, "max": 0.08000712003558874, "mean": 0.07110901903361082, "std": 0.0032043538131152453, "repeat": 10, "number": 1}]}, "irradiance.Irradiance.time_disc": {"result": [0.018901259871199727], "stats": [{"ci_99": [0.018191046081483364, 0.020520274993032217], "q_25": 0.018466184148564935, "q_75": 0.019197786576114595, "min": 0.018191046081483364, "max": 0.020520274993032217, "mean": 0.01900520417839289, "std": 0.0006993102420779308, "repeat": 10, "number": 1}]}, "irradiance.Irradiance.time_erbs": {"result": [0.013070903718471527], "stats": [{"ci_99": [0.012711382936686277, 0.013947978150099516], "q_25": 0.012786696082912385, "q_75": 0.013698413502424955, "min": 0.012711382936686277, "max": 0.013947978150099516, "mean": 0.013225180516019463, "std": 0.0004663053131384412, "repeat": 10, "number": 1}]}, "irradiance.Irradiance.time_get_extra_radiation": {"result": [0.002640390594024211], "stats": [{"ci_99": [0.0026013070018962026, 0.0027136373100802302], "q_25": 0.0026201551663689315, "q_75": 0.002657248667674139, "min": 0.0026013070018962026, "max": 0.0027136373100802302, "mean": 0.0026440666406415403, "std": 3.272306382294532e-05, "repeat": 10, "number": 4}]}, "irradiance.Irradiance.time_get_ground_diffuse": {"result": [0.0005385290831327438], "stats": [{"ci_99": [0.0005091675790026784, 0.0005952808540314436], "q_25": 0.0005175886966753751, "q_75": 0.0005718958214856683, "min": 0.0005091675790026784, "max": 0.0005952808540314436, "mean": 0.0005439712619408965, "std": 3.0235201244810307e-05, "repeat": 10, "number": 20}]}, "irradiance.Irradiance.time_get_total_irradiance": {"result": [0.005423483904451132], "stats": [{"ci_99": [0.0052060328889638186, 0.005517873680219054], "q_25": 0.00532162218587473, "q_75": 0.005500418599694967, "min": 0.0052060328889638186, "max": 0.005517873680219054, "mean": 0.0053949711145833135, "std": 0.00011058725550343344, "repeat": 10, "number": 2}]}, "location.Location.time_location_get_airmass": {"result": [0.0014178554993122816], "stats": [{"ci_99": [0.0012983851484023035, 0.0014427023706957698], "q_25": 0.0014138012484181672, "q_75": 0.0014317025779746473, "min": 0.0012983851484023035, "max": 0.0014427023706957698, "mean": 0.0014010153827257454, "std": 4.9465514589449185e-05, "repeat": 10, "number": 8}]}, "location.Location.time_location_get_clearsky": {"result": [0.012748762033879757], "stats": [{"ci_99": [0.012128624133765697, 0.013425618875771761], "q_25": 0.01268089096993208, "q_75": 0.01283054263330996, "min": 0.012128624133765697, "max": 0.013425618875771761, "mean": 0.012738733692094684, "std": 0.00036150158381027423, "repeat": 10, "number": 1}]}, "location.Location.time_location_get_solarposition": {"result": [0.01771313394419849], "stats": [{"ci_99": [0.017589136958122253, 0.017808305099606514], "q_25": 0.01766674011014402, "q_75": 0.017749566701240838, "min": 0.017589136958122253, "max": 0.017808305099606514, "mean": 0.017701926827430724, "std": 6.842306127672862e-05, "repeat": 10, "number": 1}]}, "location.Location_0_6_1.time_location_get_sun_rise_set_transit_pyephem": {"result": [0.19472611253149807], "stats": [{"ci_99": [0.17833269108086824, 0.19564541801810265], "q_25": 0.19423003296833485, "q_75": 0.19523623690474778, "min": 0.17833269108086824, "max": 0.19564541801810265, "mean": 0.19300915636122226, "std": 0.004988821417603577, "repeat": 10, "number": 1}]}, "location.Location_0_6_1.time_location_get_sun_rise_set_transit_spa": {"result": [0.0421878753695637], "stats": [{"ci_99": [0.04181473469361663, 0.042477901093661785], "q_25": 0.041974403779022396, "q_75": 0.04232014645822346, "min": 0.04181473469361663, "max": 0.042477901093661785, "mean": 0.04215499297715723, "std": 0.00020329624612599063, "repeat": 10, "number": 1}]}, "solarposition.SolarPosition.time_ephemeris": {"result": [0.02444381802342832], "stats": [{"ci_99": [0.023399406112730503, 0.025404291227459908], "q_25": 0.023823044612072408, "q_75": 0.024797590100206435, "min": 0.023399406112730503, "max": 0.025404291227459908, "mean": 0.02432860336266458, "std": 0.0006310431443438723, "repeat": 10, "number": 1}]}, "solarposition.SolarPosition.time_ephemeris_localized": {"result": [0.024578192504122853], "stats": [{"ci_99": [0.023503895848989487, 0.02544115111231804], "q_25": 0.02426530118100345, "q_75": 0.024902351084165275, "min": 0.023503895848989487, "max": 0.02544115111231804, "mean": 0.02452290439978242, "std": 0.0005426023345753662, "repeat": 10, "number": 1}]}, "solarposition.SolarPosition.time_nrel_earthsun_distance": {"result": [0.023999554803594947], "stats": [{"ci_99": [0.02376845618709922, 0.024183633271604776], "q_25": 0.0239639695500955, "q_75": 0.024046072736382484, "min": 0.02376845618709922, "max": 0.024183633271604776, "mean": 0.023997024260461332, "std": 9.929452078906235e-05, "repeat": 10, "number": 1}]}, "solarposition.SolarPosition.time_spa_python": {"result": [0.02838033647276461], "stats": [{"ci_99": [0.02820602571591735, 0.030043684877455235], "q_25": 0.0283042814116925, "q_75": 0.028495909296907485, "min": 0.02820602571591735, "max": 0.030043684877455235, "mean": 0.028563578659668565, "std": 0.0005124926323414309, "repeat": 10, "number": 1}]}, "solarposition.SolarPosition.time_sun_rise_set_transit_spa": {"result": [0.04885477549396455], "stats": [{"ci_99": [0.048429583199322224, 0.049867475870996714], "q_25": 0.04875084024388343, "q_75": 0.04927323467563838, "min": 0.048429583199322224, "max": 0.049867475870996714, "mean": 0.04901985637843609, "std": 0.000408338996582812, "repeat": 10, "number": 1}]}, "temperature.Fuentes.time_fuentes": NaN, "temperature.SAPM.time_sapm_cell": {"result": [0.0022167613729834556], "stats": [{"ci_99": [0.0021904118359088896, 0.0022433442063629627], "q_25": 0.002204714878462255, "q_75": 0.0022324053803458813, "min": 0.0021904118359088896, "max": 0.0022433442063629627, "mean": 0.00221707065589726, "std": 1.7850992212514306e-05, "repeat": 10, "number": 5}]}, "tracking.SingleAxis.time_singleaxis": {"result": [0.0063018506625667214], "stats": [{"ci_99": [0.005973611958324909, 0.006651901872828603], "q_25": 0.006043684668838978, "q_75": 0.006484247627668083, "min": 0.005973611958324909, "max": 0.006651901872828603, "mean": 0.00627704116050154, "std": 0.00023398130837993104, "repeat": 10, "number": 2}]}, "tracking.SingleAxis.time_tracker_singleaxis": {"result": [0.006312413141131401], "stats": [{"ci_99": [0.00577623350545764, 0.006810154300183058], "q_25": 0.005983712384477258, "q_75": 0.006537664507050067, "min": 0.00577623350545764, "max": 0.006810154300183058, "mean": 0.006279974849894643, "std": 0.00032276899349799386, "repeat": 10, "number": 2}]}}, "params": {"arch": "x86_64", "cpu": "Intel Xeon Processor (Skylake, IBRS)",