{"results": {"irradiance.Irradiance.time_aoi": {"result": [0.0023084605112671853], "stats": [{"ci_99": [0.0022379644215106964, 0.002390415221452713], "q_25": 0.002264037821441889, "q_75": 0.00233622242230922, "min": 0.0022379644215106964, "max": 0.002390415221452713, "mean": 0.0023047545738518237, "std": 4.757329050112925e-05, "repeat": 10, "number": 5}]}, "irradiance.Irradiance.time_aoi_projection": {"result": [0.0019997619558125733], "stats": [{"ci_99": [0.001967457588762045, 0.0020408657379448413], "q_25": 0.00198525027371943, "q_75": 0.0020243907580152157, "min": 0.001967457588762045, "max": 0.0020408657379448413, "mean": 0.0020041722152382138, "std": 2.3526760911756087e-05, "repeat": 10, "number": 5}]}, "irradiance.Irradiance.time_dirindex": {"result": [0.14306569658219814], "stats": [{"ci_99": [0.13912478601559997, 0.14714781614020467], "q_25": 0.14113068475853652, "q_75": 0.14474647829774767, "min": 0.13912478601559997, "max": 0.14714781614020467, "mean": 0.14300060123205185, "std": 0.002695153497193965, "repeat": 10, "number": 1}]}, "irradiance.Irradiance.time_dirint": {"result": [0.06875858292914927], "stats": [{"ci_99": [0.06684078276157379, 0.07144701527431607], "q_25": 0.06859874364454299, "q_75": 0.06991351977922022, "min": 0.06684078276157379, "max": 0.07144701527431607, "mean": 0.06907124528661371, "std": 0.0012225315267361304, "repeat": 10, "number": 1}]}, "irradiance.Irradiance.time_disc": {"result": [0.018439352279528975], "stats": [{"ci_99": [0.017744719982147217, 0.019685229752212763], "q_25": 0.018125625792890787, "q_75": 0.01881277177017182, "min": 0.017744719982147217, "max": 0.019685229752212763, "mean": 0.018517693551257253, "std": 0.0005868806997839864, "repeat": 10, "number": 1}]}, "irradiance.Irradiance.time_erbs": {"result": [0.012266438687220216], "stats": [{"ci_99": [0.012028072029352188, 0.013036785181611776], "q_25": 0.012139046448282897, "q_75": 0.012442805571481586, "min": 0.012028072029352188, "max": 0.013036785181611776, "mean": 0.012365472270175815, "std": 0.000310701307335638, "repeat": 10, "number": 1}]}, "irradiance.Irradiance.time_get_extra_radiation": null, "irradiance.Irradiance.time_get_ground_diffuse": null, "irradiance.Irradiance.time_get_total_irradiance": null, "location.Location.time_location_get_airmass": {"result": [0.005333107314072549], "stats": [{"ci_99": [0.005290445638820529, 0.0055606733076274395], "q_25": 0.0053058177581988275, "q_75": 0.005358138761948794, "min": 0.005290445638820529, "max": 0.0055606733076274395, "mean": 0.005359307932667434, "std": 7.980597204349065e-05, "repeat": 10, "number": 2}]}, "location.Location.time_location_get_clearsky": {"result": [0.01716010761447251], "stats": [{"ci_99": [0.016045281197875738, 0.017337170895189047], "q_25": 0.01705528947059065, "q_75": 0.017211252241395414, "min": 0.016045281197875738, "max": 0.017337170895189047, "mean": 0.017058344976976513, "std": 0.00035119703399288623, "repeat": 10, "number": 1}]}, "location.Location.time_location_get_solarposition": {"result": [0.017824173904955387], "stats": [{"ci_99": [0.017629946116358042, 0.018529905006289482], "q_25": 0.01779383036773652, "q_75": 0.017912600305862725, "min": 0.017629946116358042, "max": 0.018529905006289482, "mean": 0.01788920545950532, "std": 0.00023025287599141666, "repeat": 10, "number": 1}]}, "location.Location_0_6_1.time_location_get_sun_rise_set_transit_pyephem": NaN, "location.Location_0_6_1.time_location_get_sun_rise_set_transit_spa": NaN, "solarposition.SolarPosition.time_ephemeris": {"result": [0.024669883772730827], "stats": [{"ci_99": [0.024075789842754602, 0.025430400855839252], "q_25": 0.024494641926139593, "q_75": 0.025055318721570075, "min": 0.024075789842754602, "max": 0.025430400855839252, "mean": 0.02475704038515687, "std": 0.0003908215080021824, "repeat": 10, "number": 1}]}, "solarposition.SolarPosition.time_ephemeris_localized": {"result": [0.25550431036390364], "stats": [{"ci_99": [0.24810393014922738, 0.2595801819115877], "q_25": 0.24955758918076754, "q_75": 0.2568149284925312, "min": 0.24810393014922738, "max": 0.2595801819115877, "mean": 0.25381721355952325, "std": 0.004088807770509431, "repeat": 10, "number": 1}]}, "solarposition.SolarPosition.time_nrel_earthsun_distance": {"result": [0.024162151152268052], "stats": [{"ci_99": [0.023551207967102528, 0.0247704372741282], "q_25": 0.023931145085953176, "q_75": 0.024452572455629706, "min": 0.023551207967102528, "max": 0.0247704372741282, "mean": 0.02416865834966302, "std": 0.0003614906806233722, "repeat": 10, "number": 1}]}, "solarposition.SolarPosition.time_spa_python": {"result": [0.028553836978971958], "stats": [{"ci_99": [0.028294837102293968, 0.028884658124297857], "q_25": 0.02844309469219297, "q_75": 0.028607678832486272, "min": 0.028294837102293968, "max": 0.028884658124297857, "mean": 0.028547337092459203, "std": 0.00015721997349067335, "repeat": 10, "number": 1}]}, "solarposition.SolarPosition.time_sun_rise_set_transit_spa": {"result": [0.049454392632469535], "stats": [{"ci_99": [0.04922418389469385, 0.0506947310641408], "q_25": 0.049370197812095284, "q_75": 0.049901435733772814, "min": 0.04922418389469385, "max": 0.0506947310641408, "mean": 0.049654547870159146, "std": 0.00042954141224416765, "repeat": 10, "number": 1}]}, "temperature.Fuentes.time_fuentes": NaN, "temperature.SAPM.time_sapm_cell": {"result": [0.002111080009490252], "stats": [{"ci_99": [0.0020333974622189998, 0.0022303374484181405], "q_25": 0.002063167281448841, "q_75": 0.0022172449622303247, "min": 0.0020333974622189998, "max": 0.0022303374484181405, "mean": 0.0021319664642214776, "std": 7.609859123086033e-05, "repeat": 10, "number": 5}]}, "tracking.SingleAxis.time_singleaxis": {"result": [0.031266843900084496], "stats": [{"ci_99": [0.029016036074608564, 0.03151593590155244], "q_25": 0.030604706145823002, "q_75": 0.03131452261004597, "min": 0.029016036074608564, "max": 0.03151593590155244, "mean": 0.030868583964183925, "std": 0.0007152910494612229, "repeat": 10, "number": 1}]}, "tracking.SingleAxis.time_tracker_singleaxis": {"result": [0.031344652408733964], "stats": [{"ci_99": [0.029348126146942377, 0.03247922100126743], "q_25": 0.03059194388333708, "q_75": 0.03220730251632631, "min": 0.029348126146942377, "max": 0.03247922100126743, "mean": 0.03128326209262013, "std": 0.0010130841323866806, "repeat": 10, "number": 1}]}}, "params": {"arch": "x86_64", "cpu": "Intel Xeon Processor (Skylake, IBRS)", "machine": "pvlib-asv.forecasting.energy.arizona.edu", "num_cpu": "4", "os": "Linux 5.7.8-200.fc32.x86_64", "ram": "8145244", "python": "3.8", "numpy": "", "pandas": "", "scipy": "", "pytables": "", "ephem": ""}, "requirements": {"numpy": "", "pandas": "", "scipy": "", "pytables": "", "ephem": ""}, "commit_hash": "a16850a22be92ec04adc08ed55038b15bdf30ba9", "date": 1526226967000, "env_name": "conda-py3.8-ephem-numpy-pandas-pytables-scipy", "python": "3.8", "profiles": {}, "started_at": {"irradiance.Irradiance.time_aoi": 1599836639366, "irradiance.Irradiance.time_aoi_projection": 1599836641472, "irradiance.Irradiance.time_dirindex": 1599836643528, "irradiance.Irradiance.time_dirint": 1599836646336, "irradiance.Irradiance.time_disc": 1599836648743, "irradiance.Irradiance.time_erbs": 1599836650849, "irradiance.Irradiance.time_get_extra_radiation": 1599836631707, "irradiance.Irradiance.time_get_ground_diffuse": 1599836632110, "irradiance.Irradiance.time_get_total_irradiance": 1599836632514, "location.Location.time_location_get_airmass": 1599836652956, "location.Location.time_location_get_clearsky": 1599836653309, "location.Location.time_location_get_solarposition": 1599836653663, "location.Location_0_6_1.time_location_get_sun_rise_set_transit_pyephem": 1599836654017, "location.Location_0_6_1.time_location_get_sun_rise_set_transit_spa": 1599836654069, "solarposition.SolarPosition.time_ephemeris": 1599836654122, "solarposition.SolarPosition.time_ephemeris_localized": 1599836654375,