{"results": {"irradiance.Irradiance.time_aoi": {"result": [0.0022198988124728205], "stats": [{"ci_99": [0.0021434851922094824, 0.002352583408355713], "q_25": 0.0021804183023050425, "q_75": 0.002235731645487249, "min": 0.0021434851922094824, "max": 0.002352583408355713, "mean": 0.0022277573216706514, "std": 6.780672165868022e-05, "repeat": 10, "number": 5}]}, "irradiance.Irradiance.time_aoi_projection": {"result": [0.002201236505061388], "stats": [{"ci_99": [0.0021484402008354665, 0.002215399593114853], "q_25": 0.0021861571818590163, "q_75": 0.002213250519707799, "min": 0.0021484402008354665, "max": 0.002215399593114853, "mean": 0.002193726291880012, "std": 2.311636474574789e-05, "repeat": 10, "number": 5}]}, "irradiance.Irradiance.time_dirindex": {"result": [0.14563666353933513], "stats": [{"ci_99": [0.14326015021651983, 0.15123810293152928], "q_25": 0.14371364458929747, "q_75": 0.14688391599338502, "min": 0.14326015021651983, "max": 0.15123810293152928, "mean": 0.14581373003311454, "std": 0.0023502172546776383, "repeat": 10, "number": 1}]}, "irradiance.Irradiance.time_dirint": {"result": [0.07185644959099591], "stats": [{"ci_99": [0.07021327503025532, 0.07358559826388955], "q_25": 0.07076551765203476, "q_75": 0.07315316633321345, "min": 0.07021327503025532, "max": 0.07358559826388955, "mean": 0.07195696304552257, "std": 0.0012103210965475624, "repeat": 10, "number": 1}]}, "irradiance.Irradiance.time_disc": {"result": [0.01842775964178145], "stats": [{"ci_99": [0.01792081305757165, 0.01986477803438902], "q_25": 0.01814614818431437, "q_75": 0.01975987572222948, "min": 0.01792081305757165, "max": 0.01986477803438902, "mean": 0.018828246649354695, "std": 0.0007852417694497362, "repeat": 10, "number": 1}]}, "irradiance.Irradiance.time_erbs": {"result": [0.01355340308509767], "stats": [{"ci_99": [0.012574418913573027, 0.013979694340378046], "q_25": 0.013304084190167487, "q_75": 0.013637765659950674, "min": 0.012574418913573027, "max": 0.013979694340378046, "mean": 0.013405030826106668, "std": 0.0004112692984749199, "repeat": 10, "number": 1}]}, "irradiance.Irradiance.time_get_extra_radiation": {"result": [0.002688801265321672], "stats": [{"ci_99": [0.0026611729990690947, 0.0029300975147634745], "q_25": 0.0026757424930110574, "q_75": 0.0028434758132789284, "min": 0.0026611729990690947, "max": 0.0029300975147634745, "mean": 0.0027484044316224755, "std": 0.00010562834534207156, "repeat": 10, "number": 4}]}, "irradiance.Irradiance.time_get_ground_diffuse": {"result": [0.0005455199121074243], "stats": [{"ci_99": [0.0005027053200385787, 0.0005542698570273139], "q_25": 0.0005186923874796114, "q_75": 0.0005523641117509793, "min": 0.0005027053200385787, "max": 0.0005542698570273139, "mean": 0.0005365769019011746, "std": 1.952345422667008e-05, "repeat": 10, "number": 22}]}, "irradiance.Irradiance.time_get_total_irradiance": {"result": [0.005105953314341605], "stats": [{"ci_99": [0.004958836827427149, 0.005411796038970351], "q_25": 0.005015272239688784, "q_75": 0.005126490548718721, "min": 0.004958836827427149, "max": 0.005411796038970351, "mean": 0.005108600808307528, "std": 0.0001264468052871611, "repeat": 10, "number": 2}]}, "location.Location.time_location_get_airmass": {"result": [0.0014881575147488288], "stats": [{"ci_99": [0.0013748650172991411, 0.001499434999589409], "q_25": 0.00148504160876785, "q_75": 0.0014914769147123608, "min": 0.0013748650172991411, "max": 0.001499434999589409, "mean": 0.0014773239315088306, "std": 3.4628920637645445e-05, "repeat": 10, "number": 7}]}, "location.Location.time_location_get_clearsky": {"result": [0.013230849988758564], "stats": [{"ci_99": [0.01214893814176321, 0.013684346806257963], "q_25": 0.013139580260030925, "q_75": 0.013559165876358747, "min": 0.01214893814176321, "max": 0.013684346806257963, "mean": 0.013226063456386328, "std": 0.0004208527150706238, "repeat": 10, "number": 1}]}, "location.Location.time_location_get_solarposition": {"result": [0.01789048407226801], "stats": [{"ci_99": [0.01766914688050747, 0.018339954782277346], "q_25": 0.017821343149989843, "q_75": 0.017920912127010524, "min": 0.01766914688050747, "max": 0.018339954782277346, "mean": 0.017898475239053368, "std": 0.00017064031196016902, "repeat": 10, "number": 1}]}, "location.Location_0_6_1.time_location_get_sun_rise_set_transit_pyephem": {"result": [0.19581049866974354], "stats": [{"ci_99": [0.19413850735872984, 0.1965483338572085], "q_25": 0.19567342230584472, "q_75": 0.19618119287770241, "min": 0.19413850735872984, "max": 0.1965483338572085, "mean": 0.19580424563027918, "std": 0.0006319775932416402, "repeat": 10, "number": 1}]}, "location.Location_0_6_1.time_location_get_sun_rise_set_transit_spa": {"result": [0.04446752509102225], "stats": [{"ci_99": [0.044087335001677275, 0.04478703625500202], "q_25": 0.04422545270062983, "q_75": 0.044720658333972096, "min": 0.044087335001677275, "max": 0.04478703625500202, "mean": 0.04446005481295288, "std": 0.00025252546786130707, "repeat": 10, "number": 1}]}, "solarposition.SolarPosition.time_ephemeris": {"result": [0.023823152529075742], "stats": [{"ci_99": [0.023673867341130972, 0.024458651896566153], "q_25": 0.023755976115353405, "q_75": 0.023849944351240993, "min": 0.023673867341130972, "max": 0.024458651896566153, "mean": 0.02386216279119253, "std": 0.00021005581214568844, "repeat": 10, "number": 1}]}, "solarposition.SolarPosition.time_ephemeris_localized": {"result": [0.02440881635993719], "stats": [{"ci_99": [0.023836359847337008, 0.02537646982818842], "q_25": 0.02407327713444829, "q_75": 0.024866315536201, "min": 0.023836359847337008, "max": 0.02537646982818842, "mean": 0.02449899911880493, "std": 0.0005121845253099084, "repeat": 10, "number": 1}]}, "solarposition.SolarPosition.time_nrel_earthsun_distance": {"result": [0.02303124312311411], "stats": [{"ci_99": [0.02297221403568983, 0.02319571888074279], "q_25": 0.022997642867267132, "q_75": 0.023084483458660543, "min": 0.02297221403568983, "max": 0.02319571888074279, "mean": 0.023056315118446948, "std": 7.648992487563556e-05, "repeat": 10, "number": 1}]}, "solarposition.SolarPosition.time_spa_python": {"result": [0.028619284508749843], "stats": [{"ci_99": [0.028461149893701077, 0.029205641243606806], "q_25": 0.028552127187140286, "q_75": 0.02864794246852398, "min": 0.028461149893701077, "max": 0.029205641243606806, "mean": 0.028653041645884513, "std": 0.0001941331208992291, "repeat": 10, "number": 1}]}, "solarposition.SolarPosition.time_sun_rise_set_transit_spa": {"result": [0.04985945834778249], "stats": [{"ci_99": [0.04950622282922268, 0.050732222851365805], "q_25": 0.04971865878906101, "q_75": 0.04996984975878149, "min": 0.04950622282922268, "max": 0.050732222851365805, "mean": 0.04993116003461182, "std": 0.000330084797260685, "repeat": 10, "number": 1}]}, "temperature.Fuentes.time_fuentes": {"result": [null], "params": [["'a'", "'b'", "'deltaT'"]]}, "tracking.SingleAxis.time_singleaxis": {"result": [0.006470877677202225], "stats": [{"ci_99": [0.006301917601376772, 0.00685984967276454], "q_25": 0.006452564266510308, "q_75": 0.006598458450753242, "min": 0.006301917601376772, "max": 0.00685984967276454, "mean": 0.006522557558491826, "std": 0.000149186957298613, "repeat": 10, "number": 2}]}, "tracking.SingleAxis.time_tracker_singleaxis": {"result": [0.006496517336927354], "stats": [{"ci_99": [0.0062849875539541245, 0.006696793017908931], "q_25": 0.006452025088947266, "q_75": 0.006542186893057078, "min": 0.0062849875539541245, "max": 0.006696793017908931, "mean": 0.006482426566071809, "std": 0.00011151325859599791, "repeat": 10, "number": 2}]}, "temperature.SAPM.time_sapm_cell": {"result": [0.001447640301194042], "stats": [{"ci_99": [0.0014053832273930311, 0.0016113125020638108], "q_25": 0.0014152318763080984, "q_75": 0.0015854414086788893, "min": 0.0014053832273930311, "max": 0.0016113125020638108, "mean": 0.0014917919063009322, "std": 8.637975358317764e-05, "repeat": 10, "number": 8}]}}, "params": {"arch": "x86_64",