{"results": {"irradiance.TimeSuite.time_aoi": {"result": [0.002204297110438347], "stats": [{"ci_99": [0.0022004802711308004, 0.0022202727384865286], "q_25": 0.002202862617559731, "q_75": 0.0022081426111981274, "min": 0.0022004802711308004, "max": 0.0022202727384865286, "mean": 0.0022064615041017532, "std": 5.5842329700911964e-06, "repeat": 10, "number": 5}]}, "irradiance.TimeSuite.time_aoi_projection": {"result": [0.002331588976085186], "stats": [{"ci_99": [0.002173127979040146, 0.002348644472658634], "q_25": 0.0023245461517944935, "q_75": 0.0023331341799348593, "min": 0.002173127979040146, "max": 0.002348644472658634, "mean": 0.0023169699870049954, "std": 4.856109097614689e-05, "repeat": 10, "number": 5}]}, "irradiance.TimeSuite.time_dirindex": {"result": [0.14657989284023643], "stats": [{"ci_99": [0.14530985336750746, 0.14921306679025292], "q_25": 0.14623487507924438, "q_75": 0.14668446348514408, "min": 0.14530985336750746, "max": 0.14921306679025292, "mean": 0.14677222413010896, "std": 0.0010655443790900648, "repeat": 10, "number": 1}]}, "irradiance.TimeSuite.time_dirint": {"result": [0.07256632600910962], "stats": [{"ci_99": [0.07126804301515222, 0.07386825419962406], "q_25": 0.07243714306969196, "q_75": 0.0728992517106235, "min": 0.07126804301515222, "max": 0.07386825419962406, "mean": 0.07254894757643342, "std": 0.0006917150580722147, "repeat": 10, "number": 1}]}, "irradiance.TimeSuite.time_disc": {"result": [0.01966322446241975], "stats": [{"ci_99": [0.01876146998256445, 0.020237494260072708], "q_25": 0.01945146534126252, "q_75": 0.019808024866506457, "min": 0.01876146998256445, "max": 0.020237494260072708, "mean": 0.019623908028006554, "std": 0.00037356643000337105, "repeat": 10, "number": 1}]}, "irradiance.TimeSuite.time_erbs": {"result": [0.013298162957653403], "stats": [{"ci_99": [0.013164886739104986, 0.013894026633352041], "q_25": 0.013220370979979634, "q_75": 0.013521521002985537, "min": 0.013164886739104986, "max": 0.013894026633352041, "mean": 0.013386492151767015, "std": 0.00022025049786040399, "repeat": 10, "number": 1}]}, "irradiance.TimeSuite.time_get_extra_radiation": {"result": [0.0026488295407034457], "stats": [{"ci_99": [0.002638051984831691, 0.00290679675526917], "q_25": 0.002646386157721281, "q_75": 0.0028073655266780406, "min": 0.002638051984831691, "max": 0.00290679675526917, "mean": 0.002717392367776483, "std": 0.00010907647171325346, "repeat": 10, "number": 4}]}, "irradiance.TimeSuite.time_get_ground_diffuse": {"result": [0.0005464764483469097], "stats": [{"ci_99": [0.0005335315669837751, 0.0005528501627084456], "q_25": 0.0005447360944296968, "q_75": 0.0005498881709124696, "min": 0.0005335315669837751, "max": 0.0005528501627084456, "mean": 0.0005460403271411595, "std": 5.520153074315642e-06, "repeat": 10, "number": 19}]}, "irradiance.TimeSuite.time_get_total_irradiance": {"result": [0.005187518778257072], "stats": [{"ci_99": [0.005011297529563308, 0.005446171388030052], "q_25": 0.0051228252705186605, "q_75": 0.0053508669952861965, "min": 0.005011297529563308, "max": 0.005446171388030052, "mean": 0.005224231164902449, "std": 0.0001327031087278224, "repeat": 10, "number": 2}]}, "location.TimeSuite.time_location_get_airmass": {"result": [0.0014852374193391631], "stats": [{"ci_99": [0.0014793892790164267, 0.0015095414460769721], "q_25": 0.001481952578095453, "q_75": 0.0014953913632780313, "min": 0.0014793892790164267, "max": 0.0015095414460769721, "mean": 0.0014888994595302003, "std": 9.30385977418693e-06, "repeat": 10, "number": 7}]}, "location.TimeSuite.time_location_get_clearsky": {"result": [0.013236468890681863], "stats": [{"ci_99": [0.013149958569556475, 0.013901830650866032], "q_25": 0.01321181165985763, "q_75": 0.013313961797393858, "min": 0.013149958569556475, "max": 0.013901830650866032, "mean": 0.013307270267978311, "std": 0.0002068775833536056, "repeat": 10, "number": 1}]}, "location.TimeSuite.time_location_get_solarposition": {"result": [0.018847569823265076], "stats": [{"ci_99": [0.01875954307615757, 0.01892719930037856], "q_25": 0.0188159259269014, "q_75": 0.018875965266488492, "min": 0.01875954307615757, "max": 0.01892719930037856, "mean": 0.018847046978771688, "std": 4.90153338925186e-05, "repeat": 10, "number": 1}]}, "location.TimeSuite.time_location_get_sun_rise_set_transit_pyephem": {"result": [0.20297177857719362], "stats": [{"ci_99": [0.20223492104560137, 0.20342841697856784], "q_25": 0.2027277402812615, "q_75": 0.20309803553391248, "min": 0.20223492104560137, "max": 0.20342841697856784, "mean": 0.2028658501803875, "std": 0.00036445123237745664, "repeat": 10, "number": 1}]}, "location.TimeSuite.time_location_get_sun_rise_set_transit_spa": {"result": [0.04476315388455987], "stats": [{"ci_99": [0.04446486895903945, 0.04490683879703283], "q_25": 0.04470933007542044, "q_75": 0.044814167311415076, "min": 0.04446486895903945, "max": 0.04490683879703283, "mean": 0.04474772843532264, "std": 0.0001221708070908908, "repeat": 10, "number": 1}]}, "solarposition.TimeSuite.time_ephemeris": {"result": [0.02533508208580315], "stats": [{"ci_99": [0.025153954047709703, 0.026445483788847923], "q_25": 0.025282254558987916, "q_75": 0.025523729156702757, "min": 0.025153954047709703, "max": 0.026445483788847923, "mean": 0.025542379496619104, "std": 0.00044796335242934076, "repeat": 10, "number": 1}]}, "solarposition.TimeSuite.time_ephemeris_localized": {"result": [0.025219523813575506], "stats": [{"ci_99": [0.024836374912410975, 0.02563257236033678], "q_25": 0.02492854348383844, "q_75": 0.025395227828994393, "min": 0.024836374912410975, "max": 0.02563257236033678, "mean": 0.025185113586485387, "std": 0.0002646316436238282, "repeat": 10, "number": 1}]}, "solarposition.TimeSuite.time_nrel_earthsun_distance": {"result": [0.02298456965945661], "stats": [{"ci_99": [0.02254867320880294, 0.023885508999228477], "q_25": 0.02292553521692753, "q_75": 0.023027698858641088, "min": 0.02254867320880294, "max": 0.023885508999228477, "mean": 0.02299666255712509, "std": 0.0003430126226219399, "repeat": 10, "number": 1}]}, "solarposition.TimeSuite.time_spa_python": {"result": [0.030347604537382722], "stats": [{"ci_99": [0.03027219558134675, 0.03043720033019781], "q_25": 0.030342618469148874, "q_75": 0.030387405771762133, "min": 0.03027219558134675, "max": 0.03043720033019781, "mean": 0.030355474958196283, "std": 4.5135450895350835e-05, "repeat": 10, "number": 1}]}, "solarposition.TimeSuite.time_sun_rise_set_transit_spa": {"result": [0.05123720155097544], "stats": [{"ci_99": [0.050963013898581266, 0.05162310926243663], "q_25": 0.05114426382351667, "q_75": 0.05153052043169737, "min": 0.050963013898581266, "max": 0.05162310926243663, "mean": 0.051291607320308685, "std": 0.00023224601027457874, "repeat": 10, "number": 1}]}, "tracking.TimeSuite.time_singleaxis": {"result": [0.006719399243593216], "stats": [{"ci_99": [0.006404187064617872, 0.0070550714153796434], "q_25": 0.006560625974088907, "q_75": 0.006849472469184548, "min": 0.006404187064617872, "max": 0.0070550714153796434, "mean": 0.006715279282070696, "std": 0.00018930145872299344, "repeat": 10, "number": 2}]}, "tracking.TimeSuite.time_tracker_singleaxis": {"result": [0.006747550098225474], "stats": [{"ci_99": [0.006561599439010024, 0.0069879654329270124], "q_25": 0.006685023312456906, "q_75": 0.006857839995063841, "min": 0.006561599439010024, "max": 0.0069879654329270124, "mean": 0.006761632184498012, "std": 0.00013531006506114075, "repeat": 10, "number": 2}]}}, "params": {"arch": "x86_64", "cpu": "Intel Xeon Processor (Skylake, IBRS)", "machine": "pvlib-asv.forecasting.energy.arizona.edu", "num_cpu": "4", "os": "Linux 5.7.8-200.fc32.x86_64", "ram": "8145244", "python": "3.7", "ephem": "3.7.6.0", "numpy": "1.18.5", "pandas": "1.1.0", "pytables": "3.6.1", "scipy": "1.2.0"}, "requirements": {"ephem": "3.7.6.0", "numpy": "1.18.5", "pandas": "1.1.0", "pytables": "3.6.1", "scipy": "1.2.0"}, "commit_hash": "a210432595839f3efbbf669d5d6b1dbbd4b1ff9f", "date": 1569258038000,