{"results": {"irradiance.Irradiance.time_aoi": {"result": [0.0023731807712465526], "stats": [{"ci_99": [0.0023363977670669556, 0.0024169588461518286], "q_25": 0.002360072894953191, "q_75": 0.002412097901105881, "min": 0.0023363977670669556, "max": 0.0024169588461518286, "mean": 0.0023811133485287426, "std": 2.856716678168412e-05, "repeat": 10, "number": 5}]}, "irradiance.Irradiance.time_aoi_projection": {"result": [0.0019605354173108935], "stats": [{"ci_99": [0.0019251869525760412, 0.0020420089519272247], "q_25": 0.0019464675375881295, "q_75": 0.0019785598075638213, "min": 0.0019251869525760412, "max": 0.0020420089519272247, "mean": 0.001969999276722471, "std": 3.513238516126964e-05, "repeat": 10, "number": 6}]}, "irradiance.Irradiance.time_dirindex": {"result": [0.14220998249948025], "stats": [{"ci_99": [0.13855236396193504, 0.14505828684195876], "q_25": 0.13986486778594553, "q_75": 0.14309021434746683, "min": 0.13855236396193504, "max": 0.14505828684195876, "mean": 0.1417391919530928, "std": 0.0021204931045409534, "repeat": 10, "number": 1}]}, "irradiance.Irradiance.time_dirint": {"result": [0.07108213449828327], "stats": [{"ci_99": [0.06833821395412087, 0.07220893073827028], "q_25": 0.06938074762001634, "q_75": 0.07142811361700296, "min": 0.06833821395412087, "max": 0.07220893073827028, "mean": 0.07054338287562131, "std": 0.0012632238280388787, "repeat": 10, "number": 1}]}, "irradiance.Irradiance.time_disc": {"result": [0.019683448830619454], "stats": [{"ci_99": [0.018370318692177534, 0.020873569417744875], "q_25": 0.01887781696859747, "q_75": 0.020107571501284838, "min": 0.018370318692177534, "max": 0.020873569417744875, "mean": 0.01956973858177662, "std": 0.0008077045666449568, "repeat": 10, "number": 1}]}, "irradiance.Irradiance.time_erbs": {"result": [0.013329409528523684], "stats": [{"ci_99": [0.013167197816073895, 0.013892114162445068], "q_25": 0.013225984293967485, "q_75": 0.01374530978500843, "min": 0.013167197816073895, "max": 0.013892114162445068, "mean": 0.013454374810680746, "std": 0.000274732772758711, "repeat": 10, "number": 1}]}, "irradiance.Irradiance.time_get_extra_radiation": {"result": [0.0026647120830602944], "stats": [{"ci_99": [0.002599058556370437, 0.002734508248977363], "q_25": 0.0026549079339019954, "q_75": 0.0026850431167986244, "min": 0.002599058556370437, "max": 0.002734508248977363, "mean": 0.0026635406189598142, "std": 3.772669312305909e-05, "repeat": 10, "number": 4}]}, "irradiance.Irradiance.time_get_ground_diffuse": {"result": [0.0005746050867148573], "stats": [{"ci_99": [0.0005406603838006655, 0.0006084852696706852], "q_25": 0.0005539213242526683, "q_75": 0.0005897934703777233, "min": 0.0005406603838006655, "max": 0.0006084852696706852, "mean": 0.0005740418512788084, "std": 2.1807491105240685e-05, "repeat": 10, "number": 18}]}, "irradiance.Irradiance.time_get_total_irradiance": {"result": [0.0053476132452487946], "stats": [{"ci_99": [0.0052453645039349794, 0.005530339432880282], "q_25": 0.005308858526404947, "q_75": 0.005375879292842001, "min": 0.0052453645039349794, "max": 0.005530339432880282, "mean": 0.005362318409606814, "std": 8.988001782582059e-05, "repeat": 10, "number": 2}]}, "location.Location.time_location_get_airmass": {"result": [0.001434518926544115], "stats": [{"ci_99": [0.0014157506520859897, 0.0014432277530431747], "q_25": 0.001425502254278399, "q_75": 0.0014407976414076984, "min": 0.0014157506520859897, "max": 0.0014432277530431747, "mean": 0.0014320110727567225, "std": 9.635193131122975e-06, "repeat": 10, "number": 8}]}, "location.Location.time_location_get_clearsky": {"result": [0.01270945998840034], "stats": [{"ci_99": [0.012093814089894295, 0.013224454130977392], "q_25": 0.012474724208004773, "q_75": 0.012814742978662252, "min": 0.012093814089894295, "max": 0.013224454130977392, "mean": 0.012652136152610183, "std": 0.0003173344786559452, "repeat": 10, "number": 1}]}, "location.Location.time_location_get_solarposition": {"result": [0.01789715769700706], "stats": [{"ci_99": [0.017677350901067257, 0.01822073385119438], "q_25": 0.0178227435098961, "q_75": 0.017995425732806325, "min": 0.017677350901067257, "max": 0.01822073385119438, "mean": 0.017909661773592232, "std": 0.00014540307660633212, "repeat": 10, "number": 1}]}, "location.Location_0_6_1.time_location_get_sun_rise_set_transit_pyephem": {"result": [0.19580653891898692], "stats": [{"ci_99": [0.1775744380429387, 0.19735169876366854], "q_25": 0.195580915780738, "q_75": 0.1960057127289474, "min": 0.1775744380429387, "max": 0.19735169876366854, "mean": 0.19412256702780722, "std": 0.005544238327290611, "repeat": 10, "number": 1}]}, "location.Location_0_6_1.time_location_get_sun_rise_set_transit_spa": {"result": [0.042791756335645914], "stats": [{"ci_99": [0.04239904135465622, 0.04311020905151963], "q_25": 0.042537902016192675, "q_75": 0.04286222066730261, "min": 0.04239904135465622, "max": 0.04311020905151963, "mean": 0.042738948063924906, "std": 0.00021600292828018565, "repeat": 10, "number": 1}]}, "solarposition.SolarPosition.time_ephemeris": {"result": [0.02446276252157986], "stats": [{"ci_99": [0.023662677966058254, 0.025115008931607008], "q_25": 0.023869096767157316, "q_75": 0.02464006608352065, "min": 0.023662677966058254, "max": 0.025115008931607008, "mean": 0.024368714494630694, "std": 0.0004938317813002902, "repeat": 10, "number": 1}]}, "solarposition.SolarPosition.time_ephemeris_localized": {"result": [0.024210563860833645], "stats": [{"ci_99": [0.023320597130805254, 0.025056582875549793], "q_25": 0.023571033496409655, "q_75": 0.02483278966974467, "min": 0.023320597130805254, "max": 0.025056582875549793, "mean": 0.02420286349952221, "std": 0.0006376947197654053, "repeat": 10, "number": 1}]}, "solarposition.SolarPosition.time_nrel_earthsun_distance": {"result": [0.02401760406792164], "stats": [{"ci_99": [0.023958527948707342, 0.024280887097120285], "q_25": 0.023996566189453006, "q_75": 0.024048386607319117, "min": 0.023958527948707342, "max": 0.024280887097120285, "mean": 0.02404101798310876, "std": 8.719615368488908e-05, "repeat": 10, "number": 1}]}, "solarposition.SolarPosition.time_spa_python": {"result": [0.028557378565892577], "stats": [{"ci_99": [0.02836778573691845, 0.028722355142235756], "q_25": 0.028488636249676347, "q_75": 0.028648084495216608, "min": 0.02836778573691845, "max": 0.028722355142235756, "mean": 0.0285582494456321, "std": 0.00011261178802700607, "repeat": 10, "number": 1}]}, "solarposition.SolarPosition.time_sun_rise_set_transit_spa": {"result": [0.04920894396491349], "stats": [{"ci_99": [0.048894789069890976, 0.04933054884895682], "q_25": 0.04910106223542243, "q_75": 0.04927776055410504, "min": 0.048894789069890976, "max": 0.04933054884895682, "mean": 0.049175841826945545, "std": 0.00013074287931348294, "repeat": 10, "number": 1}]}, "temperature.Fuentes.time_fuentes": NaN, "temperature.SAPM.time_sapm_cell": {"result": [0.0016048166767827104], "stats": [{"ci_99": [0.0015904449059494904, 0.001628713615770851], "q_25": 0.0016002431345571364, "q_75": 0.001612557198054024, "min": 0.0015904449059494904, "max": 0.001628713615770851, "mean": 0.00160686391006623, "std": 1.015415808149577e-05, "repeat": 10, "number": 7}]}, "tracking.SingleAxis.time_singleaxis": {"result": [0.006415382260456681], "stats": [{"ci_99": [0.006270603043958545, 0.006851313402876258], "q_25": 0.006349989445880055, "q_75": 0.006744227604940534, "min": 0.006270603043958545, "max": 0.006851313402876258, "mean": 0.006511225877329707, "std": 0.00022082163865686104, "repeat": 10, "number": 2}]}, "tracking.SingleAxis.time_tracker_singleaxis": {"result": [0.00623577565420419], "stats": [{"ci_99": [0.006156996125355363, 0.00711664161644876], "q_25": 0.006198464485350996, "q_75": 0.0065993486205115914, "min": 0.006156996125355363, "max": 0.00711664161644876, "mean": 0.00642602713778615, "std": 0.0003077529452188981, "repeat": 10, "number": 2}]}}, "params": {"arch": "x86_64", "cpu": "Intel Xeon Processor (Skylake, IBRS)",