{"results": {"irradiance.TimeSuite.time_aoi": {"result": [0.002244191290810704], "stats": [{"ci_99": [0.0022173086181282997, 0.00227696318179369], "q_25": 0.002229729737155139, "q_75": 0.002251239004544914, "min": 0.0022173086181282997, "max": 0.00227696318179369, "mean": 0.002243392504751682, "std": 1.857300376281842e-05, "repeat": 10, "number": 5}]}, "irradiance.TimeSuite.time_aoi_projection": {"result": [0.0022311987355351447], "stats": [{"ci_99": [0.0022159705869853495, 0.00235337158665061], "q_25": 0.002221941063180566, "q_75": 0.002272002259269357, "min": 0.0022159705869853495, "max": 0.00235337158665061, "mean": 0.0022574918903410434, "std": 5.014035487147246e-05, "repeat": 10, "number": 5}]}, "irradiance.TimeSuite.time_dirindex": {"result": [0.14761313004419208], "stats": [{"ci_99": [0.14499630965292454, 0.163437913171947], "q_25": 0.14663329790346324, "q_75": 0.14906068274285644, "min": 0.14499630965292454, "max": 0.163437913171947, "mean": 0.1489568257238716, "std": 0.0050286724795015145, "repeat": 10, "number": 1}]}, "irradiance.TimeSuite.time_dirint": {"result": [0.07211825298145413], "stats": [{"ci_99": [0.07154625793918967, 0.0732009126804769], "q_25": 0.0719121975125745, "q_75": 0.07305822928901762, "min": 0.07154625793918967, "max": 0.0732009126804769, "mean": 0.07238643094897271, "std": 0.000612932630460778, "repeat": 10, "number": 1}]}, "irradiance.TimeSuite.time_disc": {"result": [0.019599117804318666], "stats": [{"ci_99": [0.019348722882568836, 0.020275676622986794], "q_25": 0.019451617379672825, "q_75": 0.019831856014207006, "min": 0.019348722882568836, "max": 0.020275676622986794, "mean": 0.019693388883024455, "std": 0.00030446271706712765, "repeat": 10, "number": 1}]}, "irradiance.TimeSuite.time_erbs": {"result": [0.013581858947873116], "stats": [{"ci_99": [0.013504203874617815, 0.014132694341242313], "q_25": 0.013522216468118131, "q_75": 0.013641542405821383, "min": 0.013504203874617815, "max": 0.014132694341242313, "mean": 0.013635109178721905, "std": 0.0001793303280192806, "repeat": 10, "number": 1}]}, "irradiance.TimeSuite.time_get_extra_radiation": {"result": [0.002636434626765549], "stats": [{"ci_99": [0.0026120481779798865, 0.0028999210335314274], "q_25": 0.0026194332749582827, "q_75": 0.0028715099906548858, "min": 0.0026120481779798865, "max": 0.0028999210335314274, "mean": 0.0027264606906101108, "std": 0.00012697223056442567, "repeat": 10, "number": 4}]}, "irradiance.TimeSuite.time_get_ground_diffuse": {"result": [0.0005445709814214044], "stats": [{"ci_99": [0.0005261876051210695, 0.000595048846056064], "q_25": 0.0005388741976478033, "q_75": 0.0005543576941515008, "min": 0.0005261876051210695, "max": 0.000595048846056064, "mean": 0.000550078476468722, "std": 1.8147288614806707e-05, "repeat": 10, "number": 18}]}, "irradiance.TimeSuite.time_get_total_irradiance": {"result": [0.005390944425016642], "stats": [{"ci_99": [0.005138857988640666, 0.005530316382646561], "q_25": 0.005176698206923902, "q_75": 0.005460863176267594, "min": 0.005138857988640666, "max": 0.005530316382646561, "mean": 0.005337127484381199, "std": 0.0001451966946944783, "repeat": 10, "number": 2}]}, "location.TimeSuite.time_location_get_airmass": {"result": [0.0014888892016772714], "stats": [{"ci_99": [0.001482911274901458, 0.0015019687291766917], "q_25": 0.0014864342187398247, "q_75": 0.0014906450274533457, "min": 0.001482911274901458, "max": 0.0015019687291766917, "mean": 0.0014895767838295018, "std": 5.0125096484542605e-06, "repeat": 10, "number": 7}]}, "location.TimeSuite.time_location_get_clearsky": {"result": [0.013231096789240837], "stats": [{"ci_99": [0.013170258607715368, 0.013277661055326462], "q_25": 0.013201819849200547, "q_75": 0.013241972425021231, "min": 0.013170258607715368, "max": 0.013277661055326462, "mean": 0.013222676515579224, "std": 3.258113680238384e-05, "repeat": 10, "number": 1}]}, "location.TimeSuite.time_location_get_solarposition": {"result": [0.01883769198320806], "stats": [{"ci_99": [0.01868062885478139, 0.019063781946897507], "q_25": 0.01881705899722874, "q_75": 0.01885672623757273, "min": 0.01868062885478139, "max": 0.019063781946897507, "mean": 0.018842475628480314, "std": 9.124000873090859e-05, "repeat": 10, "number": 1}]}, "location.TimeSuite.time_location_get_sun_rise_set_transit_pyephem": {"result": [0.1983383318874985], "stats": [{"ci_99": [0.19650410488247871, 0.20062978798523545], "q_25": 0.19708036538213491, "q_75": 0.19858946790918708, "min": 0.19650410488247871, "max": 0.20062978798523545, "mean": 0.19824682706966995, "std": 0.0013485953060610937, "repeat": 10, "number": 1}]}, "location.TimeSuite.time_location_get_sun_rise_set_transit_spa": {"result": [0.045192594174295664], "stats": [{"ci_99": [0.04473143117502332, 0.04546070843935013], "q_25": 0.04502360592596233, "q_75": 0.045263300416991115, "min": 0.04473143117502332, "max": 0.04546070843935013, "mean": 0.045156208472326397, "std": 0.0002116242979194564, "repeat": 10, "number": 1}]}, "solarposition.TimeSuite.time_ephemeris": {"result": [0.025439742021262646], "stats": [{"ci_99": [0.025149671360850334, 0.02566154906526208], "q_25": 0.025337099330499768, "q_75": 0.0255869704997167, "min": 0.025149671360850334, "max": 0.02566154906526208, "mean": 0.025443308148533107, "std": 0.0001630799923355997, "repeat": 10, "number": 1}]}, "solarposition.TimeSuite.time_ephemeris_localized": {"result": [0.025365616427734494], "stats": [{"ci_99": [0.02500957390293479, 0.02593375090509653], "q_25": 0.025166801176965237, "q_75": 0.02554644865449518, "min": 0.02500957390293479, "max": 0.02593375090509653, "mean": 0.02540182746015489, "std": 0.00029337359112332584, "repeat": 10, "number": 1}]}, "solarposition.TimeSuite.time_nrel_earthsun_distance": {"result": [0.023100200574845076], "stats": [{"ci_99": [0.02301968215033412, 0.023516804911196232], "q_25": 0.023074227035976946, "q_75": 0.023229861166328192, "min": 0.02301968215033412, "max": 0.023516804911196232, "mean": 0.023172379285097123, "std": 0.0001564340808966479, "repeat": 10, "number": 1}]}, "solarposition.TimeSuite.time_spa_python": {"result": [0.030532034346833825], "stats": [{"ci_99": [0.030319401063024998, 0.030869401060044765], "q_25": 0.03037869289983064, "q_75": 0.03066370659507811, "min": 0.030319401063024998, "max": 0.030869401060044765, "mean": 0.03053913302719593, "std": 0.00016938740481581592, "repeat": 10, "number": 1}]}, "solarposition.TimeSuite.time_sun_rise_set_transit_spa": {"result": [0.05169900832697749], "stats": [{"ci_99": [0.05139066791161895, 0.052625664975494146], "q_25": 0.05153832898940891, "q_75": 0.051744737080298364, "min": 0.05139066791161895, "max": 0.052625664975494146, "mean": 0.05172578482888639, "std": 0.0003291542087121052, "repeat": 10, "number": 1}]}, "tracking.TimeSuite.time_singleaxis": {"result": [0.006810126360505819], "stats": [{"ci_99": [0.006481535499915481, 0.0070407146122306585], "q_25": 0.00674355321098119, "q_75": 0.006900307023897767, "min": 0.006481535499915481, "max": 0.0070407146122306585, "mean": 0.006801718077622354, "std": 0.0001487856231261666, "repeat": 10, "number": 2}]}, "tracking.TimeSuite.time_tracker_singleaxis": {"result": [0.006624128902330995], "stats": [{"ci_99": [0.006486713886260986, 0.007002558559179306], "q_25": 0.0065668231109157205, "q_75": 0.006702325656078756, "min": 0.006486713886260986, "max": 0.007002558559179306, "mean": 0.006658105785027147, "std": 0.00013618105364477108, "repeat": 10, "number": 2}]}}, "params": {"arch": "x86_64", "cpu": "Intel Xeon Processor (Skylake, IBRS)", "machine": "pvlib-asv.forecasting.energy.arizona.edu", "num_cpu": "4", "os": "Linux 5.7.8-200.fc32.x86_64", "ram": "8145244", "python": "3.7", "ephem": "3.7.6.0", "numpy": "1.18.5", "pandas": "1.1.0", "pytables": "3.6.1", "scipy": "1.2.0"}, "requirements": {"ephem": "3.7.6.0", "numpy": "1.18.5", "pandas": "1.1.0", "pytables": "3.6.1", "scipy": "1.2.0"}, "commit_hash": "a28d8196a9ba5501e73976789c091628793768cd", "date": 1585434187000,