{"results": {"irradiance.Irradiance.time_aoi": {"result": [0.0021967008709907533], "stats": [{"ci_99": [0.0021730531938374043, 0.0023294080048799513], "q_25": 0.002178881806321442, "q_75": 0.0022302948171272876, "min": 0.0021730531938374043, "max": 0.0023294080048799513, "mean": 0.0022153633181005716, "std": 4.784197482721077e-05, "repeat": 10, "number": 5}]}, "irradiance.Irradiance.time_aoi_projection": {"result": [0.0022122420836240054], "stats": [{"ci_99": [0.002180240023881197, 0.0022810191847383978], "q_25": 0.002204246213659644, "q_75": 0.002245384315028787, "min": 0.002180240023881197, "max": 0.0022810191847383978, "mean": 0.0022229933738708496, "std": 3.227517227401663e-05, "repeat": 10, "number": 5}]}, "irradiance.Irradiance.time_dirindex": {"result": [0.14511607307940722], "stats": [{"ci_99": [0.14231708459556103, 0.15446440503001213], "q_25": 0.1445623905165121, "q_75": 0.14653581799939275, "min": 0.14231708459556103, "max": 0.15446440503001213, "mean": 0.1463320825714618, "std": 0.00344210878631169, "repeat": 10, "number": 1}]}, "irradiance.Irradiance.time_dirint": {"result": [0.07222675648517907], "stats": [{"ci_99": [0.07034492213279009, 0.07269657403230667], "q_25": 0.07092142861802131, "q_75": 0.07249133149161935, "min": 0.07034492213279009, "max": 0.07269657403230667, "mean": 0.07177162067964674, "std": 0.0008948475057224998, "repeat": 10, "number": 1}]}, "irradiance.Irradiance.time_disc": {"result": [0.01960959634743631], "stats": [{"ci_99": [0.018070974852889776, 0.019873782992362976], "q_25": 0.019456340232864022, "q_75": 0.019687091349624097, "min": 0.018070974852889776, "max": 0.019873782992362976, "mean": 0.019461371516808868, "std": 0.0004812922889083028, "repeat": 10, "number": 1}]}, "irradiance.Irradiance.time_erbs": {"result": [0.013432352570816875], "stats": [{"ci_99": [0.013283072039484978, 0.01377533795312047], "q_25": 0.013345090323127806, "q_75": 0.01354252069722861, "min": 0.013283072039484978, "max": 0.01377533795312047, "mean": 0.01346123218536377, "std": 0.00014622261521637914, "repeat": 10, "number": 1}]}, "irradiance.Irradiance.time_get_extra_radiation": {"result": [0.0026381320785731077], "stats": [{"ci_99": [0.002621940686367452, 0.0026728797238320112], "q_25": 0.002633669850183651, "q_75": 0.0026445717667229474, "min": 0.002621940686367452, "max": 0.0026728797238320112, "mean": 0.0026409671292640267, "std": 1.3218939530754082e-05, "repeat": 10, "number": 4}]}, "irradiance.Irradiance.time_get_ground_diffuse": {"result": [0.000529488327447325], "stats": [{"ci_99": [0.0005059879971668124, 0.0005567227024585008], "q_25": 0.000522909581195563, "q_75": 0.0005468745308462531, "min": 0.0005059879971668124, "max": 0.0005567227024585008, "mean": 0.0005337448278442026, "std": 1.5480012360216672e-05, "repeat": 10, "number": 20}]}, "irradiance.Irradiance.time_get_total_irradiance": {"result": [0.0050746688308815156], "stats": [{"ci_99": [0.005026957641045253, 0.005116465346266826], "q_25": 0.005041078004675607, "q_75": 0.00509437460762759, "min": 0.005026957641045253, "max": 0.005116465346266826, "mean": 0.005070252204313874, "std": 3.0495894235640572e-05, "repeat": 10, "number": 3}]}, "location.Location.time_location_get_airmass": {"result": [0.0014799813673432383], "stats": [{"ci_99": [0.0013862065970897675, 0.001497497981680291], "q_25": 0.0014764107597459639, "q_75": 0.0014935397276920933, "min": 0.0013862065970897675, "max": 0.001497497981680291, "mean": 0.0014752110266791922, "std": 3.080243255142645e-05, "repeat": 10, "number": 7}]}, "location.Location.time_location_get_clearsky": {"result": [0.012490838300436735], "stats": [{"ci_99": [0.012143800966441631, 0.013644536957144737], "q_25": 0.012313721235841513, "q_75": 0.013346373569220304, "min": 0.012143800966441631, "max": 0.013644536957144737, "mean": 0.012752513075247407, "std": 0.0005722310492170617, "repeat": 10, "number": 1}]}, "location.Location.time_location_get_solarposition": {"result": [0.01818919414654374], "stats": [{"ci_99": [0.017929764930158854, 0.018298177979886532], "q_25": 0.018075398984365165, "q_75": 0.018252055742777884, "min": 0.017929764930158854, "max": 0.018298177979886532, "mean": 0.018162197340279816, "std": 0.00011363882390108729, "repeat": 10, "number": 1}]}, "location.Location_0_6_1.time_location_get_sun_rise_set_transit_pyephem": {"result": [0.1951754866167903], "stats": [{"ci_99": [0.17836622521281242, 0.19615605613216758], "q_25": 0.179168846225366, "q_75": 0.1956995625514537, "min": 0.17836622521281242, "max": 0.19615605613216758, "mean": 0.18897246760316194, "std": 0.008189455885115169, "repeat": 10, "number": 1}]}, "location.Location_0_6_1.time_location_get_sun_rise_set_transit_spa": {"result": [0.04414911731146276], "stats": [{"ci_99": [0.0438102912157774, 0.044807606376707554], "q_25": 0.04406691528856754, "q_75": 0.044466283288784325, "min": 0.0438102912157774, "max": 0.044807606376707554, "mean": 0.0442352304700762, "std": 0.0003007636899017739, "repeat": 10, "number": 1}]}, "solarposition.SolarPosition.time_ephemeris": {"result": [0.024504202185198665], "stats": [{"ci_99": [0.02376185404136777, 0.02507635485380888], "q_25": 0.023849832243286073, "q_75": 0.024825495784170926, "min": 0.02376185404136777, "max": 0.02507635485380888, "mean": 0.02439752914942801, "std": 0.0005028975124641955, "repeat": 10, "number": 1}]}, "solarposition.SolarPosition.time_ephemeris_localized": {"result": [0.02501848922111094], "stats": [{"ci_99": [0.02430596388876438, 0.025321613997220993], "q_25": 0.02498144842684269, "q_75": 0.025267670978792012, "min": 0.02430596388876438, "max": 0.025321613997220993, "mean": 0.02502370737493038, "std": 0.0002870871778276346, "repeat": 10, "number": 1}]}, "solarposition.SolarPosition.time_nrel_earthsun_distance": {"result": [0.02306216536089778], "stats": [{"ci_99": [0.022588585037738085, 0.023143660742789507], "q_25": 0.023043846944347024, "q_75": 0.023073414573445916, "min": 0.022588585037738085, "max": 0.023143660742789507, "mean": 0.02298495057038963, "std": 0.00018633977676396654, "repeat": 10, "number": 1}]}, "solarposition.SolarPosition.time_spa_python": {"result": [0.02850928343832493], "stats": [{"ci_99": [0.028350623324513435, 0.028817038983106613], "q_25": 0.028477040003053844, "q_75": 0.028666195925325155, "min": 0.028350623324513435, "max": 0.028817038983106613, "mean": 0.028552339086309074, "std": 0.0001442792621633592, "repeat": 10, "number": 1}]}, "solarposition.SolarPosition.time_sun_rise_set_transit_spa": {"result": [0.051080069271847606], "stats": [{"ci_99": [0.05023941909894347, 0.05163827631622553], "q_25": 0.050678509986028075, "q_75": 0.051372076384723186, "min": 0.05023941909894347, "max": 0.05163827631622553, "mean": 0.05103112766519189, "std": 0.00044890431158260815, "repeat": 10, "number": 1}]}, "temperature.Fuentes.time_fuentes": {"result": [NaN, null, null], "params": [["'a'", "'b'", "'deltaT'"]]}, "temperature.SAPM.time_sapm_cell": {"result": [0.0014808648931128638, null, null], "stats": [{"ci_99": [0.0014064598030277661, 0.0016386078537574836], "q_25": 0.0014137329999357462, "q_75": 0.0016234127438760231, "min": 0.0014064598030277661, "max": 0.0016386078537574836, "mean": 0.0015113254144255605, "std": 9.758672199153144e-05, "repeat": 10, "number": 7}, null, null], "params": [["'a'", "'b'", "'deltaT'"]]}, "tracking.SingleAxis.time_singleaxis": {"result": [0.0063012923346832395], "stats": [{"ci_99": [0.006214227061718702, 0.006513999542221427], "q_25": 0.00624218035954982, "q_75": 0.0064637731411494315, "min": 0.006214227061718702, "max": 0.006513999542221427, "mean": 0.006343795615248382, "std": 0.0001119820332020909, "repeat": 10, "number": 2}]}, "tracking.SingleAxis.time_tracker_singleaxis": {"result": [0.00634555600117892], "stats": [{"ci_99": [0.006226186407729983, 0.006571066798642278], "q_25": 0.0062781444867141545, "q_75": 0.006423621438443661, "min": 0.006226186407729983, "max": 0.006571066798642278, "mean": 0.006356530031189323, "std": 0.00010378188217561083,