{"results": {"irradiance.TimeSuite.time_aoi": {"result": [0.0022187418304383754], "stats": [{"ci_99": [0.0021826252341270447, 0.0023403880186378956], "q_25": 0.0021903404965996744, "q_75": 0.0022735777776688336, "min": 0.0021826252341270447, "max": 0.0023403880186378956, "mean": 0.002238996084779501, "std": 5.564521957691669e-05, "repeat": 10, "number": 5}]}, "irradiance.TimeSuite.time_aoi_projection": {"result": [0.0022555048111826182], "stats": [{"ci_99": [0.0022059766575694083, 0.002446490153670311], "q_25": 0.0022338637150824073, "q_75": 0.0022813566494733098, "min": 0.0022059766575694083, "max": 0.002446490153670311, "mean": 0.0022787326853722333, "std": 7.062214414752562e-05, "repeat": 10, "number": 5}]}, "irradiance.TimeSuite.time_dirindex": {"result": [0.14673456246964633], "stats": [{"ci_99": [0.14504856523126364, 0.15047727804630995], "q_25": 0.1459360058652237, "q_75": 0.14786730043124408, "min": 0.14504856523126364, "max": 0.15047727804630995, "mean": 0.14704946437850594, "std": 0.0015147245702640678, "repeat": 10, "number": 1}]}, "irradiance.TimeSuite.time_dirint": {"result": [0.07344980561174452], "stats": [{"ci_99": [0.07164875883609056, 0.07524082763120532], "q_25": 0.07182256586384028, "q_75": 0.07451023848261684, "min": 0.07164875883609056, "max": 0.07524082763120532, "mean": 0.07327989204786718, "std": 0.0014065852619824795, "repeat": 10, "number": 1}]}, "irradiance.TimeSuite.time_disc": {"result": [0.02013354515656829], "stats": [{"ci_99": [0.0198700581677258, 0.020256157964468002], "q_25": 0.020095207961276174, "q_75": 0.020222146646119654, "min": 0.0198700581677258, "max": 0.020256157964468002, "mean": 0.020119435293599962, "std": 0.00012694268621633796, "repeat": 10, "number": 1}]}, "irradiance.TimeSuite.time_erbs": {"result": [0.013325906591489911], "stats": [{"ci_99": [0.012586534023284912, 0.01409746240824461], "q_25": 0.012795988121069968, "q_75": 0.013780612964183092, "min": 0.012586534023284912, "max": 0.01409746240824461, "mean": 0.013299649022519589, "std": 0.0005489559685743442, "repeat": 10, "number": 1}]}, "irradiance.TimeSuite.time_get_extra_radiation": {"result": [0.0027231190470047295], "stats": [{"ci_99": [0.002709551015868783, 0.0027755405753850937], "q_25": 0.0027157412841916084, "q_75": 0.0027500879077706486, "min": 0.002709551015868783, "max": 0.0027755405753850937, "mean": 0.0027328586671501397, "std": 2.1634859585978202e-05, "repeat": 10, "number": 4}]}, "irradiance.TimeSuite.time_get_ground_diffuse": {"result": [0.0005560379941016436], "stats": [{"ci_99": [0.0005144928827097541, 0.0005749373598710486], "q_25": 0.0005504807371548132, "q_75": 0.0005673439131657544, "min": 0.0005144928827097541, "max": 0.0005749373598710486, "mean": 0.0005536174499674847, "std": 1.9185932708767497e-05, "repeat": 10, "number": 19}]}, "irradiance.TimeSuite.time_get_total_irradiance": {"result": [0.005221578874625266], "stats": [{"ci_99": [0.005063704447820783, 0.0065532950684428215], "q_25": 0.0051881769322790205, "q_75": 0.005319396848790348, "min": 0.005063704447820783, "max": 0.0065532950684428215, "mean": 0.005408035288564861, "std": 0.00043422169993226036, "repeat": 10, "number": 2}]}, "location.TimeSuite.time_location_get_airmass": {"result": [0.0015122547878750731], "stats": [{"ci_99": [0.0014939521040235246, 0.0015457700272755964], "q_25": 0.001506803374338363, "q_75": 0.001531887932547501, "min": 0.0014939521040235246, "max": 0.0015457700272755964, "mean": 0.001517404183479292, "std": 1.651532392420907e-05, "repeat": 10, "number": 7}]}, "location.TimeSuite.time_location_get_clearsky": {"result": [0.013211996061727405], "stats": [{"ci_99": [0.012061913963407278, 0.015854304190725088], "q_25": 0.012503871810622513, "q_75": 0.013341029407456517, "min": 0.012061913963407278, "max": 0.015854304190725088, "mean": 0.01320070205256343, "std": 0.0010155555167363918, "repeat": 10, "number": 1}]}, "location.TimeSuite.time_location_get_solarposition": {"result": [0.017790748504921794], "stats": [{"ci_99": [0.01769231492653489, 0.01799583714455366], "q_25": 0.017748289043083787, "q_75": 0.017935187555849552, "min": 0.01769231492653489, "max": 0.01799583714455366, "mean": 0.017828197823837398, "std": 0.00010618505236553088, "repeat": 10, "number": 1}]}, "location.TimeSuite.time_location_get_sun_rise_set_transit_pyephem": {"result": [0.1961014443077147], "stats": [{"ci_99": [0.19552433397620916, 0.19673359813168645], "q_25": 0.19578553806059062, "q_75": 0.19626417791005224, "min": 0.19552433397620916, "max": 0.19673359813168645, "mean": 0.19606174854561687, "std": 0.0003452672257559798, "repeat": 10, "number": 1}]}, "location.TimeSuite.time_location_get_sun_rise_set_transit_spa": {"result": [0.04278048360720277], "stats": [{"ci_99": [0.042472020257264376, 0.042955245822668076], "q_25": 0.0427329441299662, "q_75": 0.04289020108990371, "min": 0.042472020257264376, "max": 0.042955245822668076, "mean": 0.04276868170127272, "std": 0.0001567092953716583, "repeat": 10, "number": 1}]}, "solarposition.TimeSuite.time_ephemeris": {"result": [0.024051693035289645], "stats": [{"ci_99": [0.02376508340239525, 0.02496902784332633], "q_25": 0.023912820499390364, "q_75": 0.02440740098245442, "min": 0.02376508340239525, "max": 0.02496902784332633, "mean": 0.02417051843367517, "std": 0.0003581137298891992, "repeat": 10, "number": 1}]}, "solarposition.TimeSuite.time_ephemeris_localized": {"result": [0.023991788737475872], "stats": [{"ci_99": [0.023731329012662172, 0.024662364274263382], "q_25": 0.023890765965916216, "q_75": 0.024235996534116566, "min": 0.023731329012662172, "max": 0.024662364274263382, "mean": 0.02408470599912107, "std": 0.00028338169247412614, "repeat": 10, "number": 1}]}, "solarposition.TimeSuite.time_nrel_earthsun_distance": {"result": [0.023069065995514393], "stats": [{"ci_99": [0.022962160874158144, 0.02370585687458515], "q_25": 0.023036963306367397, "q_75": 0.023168667103163898, "min": 0.022962160874158144, "max": 0.02370585687458515, "mean": 0.023139700200408696, "std": 0.00020306595006427467, "repeat": 10, "number": 1}]}, "solarposition.TimeSuite.time_spa_python": {"result": [0.028403449337929487], "stats": [{"ci_99": [0.028223666828125715, 0.028525032103061676], "q_25": 0.02834724576678127, "q_75": 0.028424303978681564, "min": 0.028223666828125715, "max": 0.028525032103061676, "mean": 0.028383860643953086, "std": 9.163476980762079e-05, "repeat": 10, "number": 1}]}, "solarposition.TimeSuite.time_sun_rise_set_transit_spa": {"result": [0.049150347942486405], "stats": [{"ci_99": [0.04857898084446788, 0.05016608256846666], "q_25": 0.04875800316222012, "q_75": 0.04945822071749717, "min": 0.04857898084446788, "max": 0.05016608256846666, "mean": 0.049174201721325514, "std": 0.0004710179380931345, "repeat": 10, "number": 1}]}, "tracking.TimeSuite.time_singleaxis": {"result": [0.006665903492830694], "stats": [{"ci_99": [0.006408993620425463, 0.006749945459887385], "q_25": 0.006564429495483637, "q_75": 0.00668892846442759, "min": 0.006408993620425463, "max": 0.006749945459887385, "mean": 0.006625952408649027, "std": 0.00011200354467855454, "repeat": 10, "number": 2}]}, "tracking.TimeSuite.time_tracker_singleaxis": {"result": [0.00660589977633208], "stats": [{"ci_99": [0.006354209966957569, 0.00681978790089488], "q_25": 0.006518518668599427, "q_75": 0.006733582471497357, "min": 0.006354209966957569, "max": 0.00681978790089488, "mean": 0.006613902561366558, "std": 0.00014352972229089104, "repeat": 10, "number": 2}]}}, "params": {"arch": "x86_64", "cpu": "Intel Xeon Processor (Skylake, IBRS)", "machine": "pvlib-asv.forecasting.energy.arizona.edu", "num_cpu": "4", "os": "Linux 5.7.8-200.fc32.x86_64", "ram": "8145244", "python": "3.7", "ephem": "3.7.6.0", "numpy": "1.18.5", "pandas": "1.1.0", "pytables": "3.6.1", "scipy": "1.2.0"}, "requirements": {"ephem": "3.7.6.0", "numpy": "1.18.5", "pandas": "1.1.0", "pytables": "3.6.1", "scipy": "1.2.0"}, "commit_hash": "a7edb8b582174ed45f2d3859f29261908f5e0ab5", "date": 1598387874000,