{"results": {"irradiance.TimeSuite.time_aoi": {"result": [0.002219402324408293], "stats": [{"ci_99": [0.0021458280272781847, 0.002539518475532532], "q_25": 0.0021883795503526925, "q_75": 0.0022358160233125093, "min": 0.0021458280272781847, "max": 0.002539518475532532, "mean": 0.002250702064484358, "std": 0.00011357234158175677, "repeat": 10, "number": 5}]}, "irradiance.TimeSuite.time_aoi_projection": {"result": [0.002237731171771884], "stats": [{"ci_99": [0.0022137033753097056, 0.00251964395865798], "q_25": 0.002234933478757739, "q_75": 0.002254991908557713, "min": 0.0022137033753097056, "max": 0.00251964395865798, "mean": 0.0022796642594039435, "std": 9.17284725340783e-05, "repeat": 10, "number": 5}]}, "irradiance.TimeSuite.time_dirindex": {"result": [0.1475676135160029], "stats": [{"ci_99": [0.14287530072033405, 0.15718072932213545], "q_25": 0.14557990606408566, "q_75": 0.15313910332042724, "min": 0.14287530072033405, "max": 0.15718072932213545, "mean": 0.14894974511116743, "std": 0.004677752763010057, "repeat": 10, "number": 1}]}, "irradiance.TimeSuite.time_dirint": {"result": [0.07176284794695675], "stats": [{"ci_99": [0.06991668324917555, 0.07401444762945175], "q_25": 0.07084383012261242, "q_75": 0.07235717761795968, "min": 0.06991668324917555, "max": 0.07401444762945175, "mean": 0.07181108901277185, "std": 0.00122564827738414, "repeat": 10, "number": 1}]}, "irradiance.TimeSuite.time_disc": {"result": [0.018507222877815366], "stats": [{"ci_99": [0.017954852897673845, 0.019802426919341087], "q_25": 0.018136290134862065, "q_75": 0.019646952743642032, "min": 0.017954852897673845, "max": 0.019802426919341087, "mean": 0.018808543123304843, "std": 0.000754688581656658, "repeat": 10, "number": 1}]}, "irradiance.TimeSuite.time_erbs": {"result": [0.012542135547846556], "stats": [{"ci_99": [0.01230910373851657, 0.01390495989471674], "q_25": 0.012444229098036885, "q_75": 0.013375492650084198, "min": 0.01230910373851657, "max": 0.01390495989471674, "mean": 0.012852690229192377, "std": 0.0006019072554709449, "repeat": 10, "number": 1}]}, "irradiance.TimeSuite.time_get_extra_radiation": {"result": [0.0026710015372373164], "stats": [{"ci_99": [0.002651766175404191, 0.002885049325414002], "q_25": 0.0026551135524641722, "q_75": 0.002682266174815595, "min": 0.002651766175404191, "max": 0.002885049325414002, "mean": 0.0026996088214218616, "std": 7.320747856019019e-05, "repeat": 10, "number": 4}]}, "irradiance.TimeSuite.time_get_ground_diffuse": {"result": [0.0005153143270449204], "stats": [{"ci_99": [0.0004969614938917485, 0.0005503954069519585], "q_25": 0.0005007076066580008, "q_75": 0.0005390149043788288, "min": 0.0004969614938917485, "max": 0.0005503954069519585, "mean": 0.0005199361698363314, "std": 2.0954810868725012e-05, "repeat": 10, "number": 22}]}, "irradiance.TimeSuite.time_get_total_irradiance": {"result": [0.005083389696665108], "stats": [{"ci_99": [0.004983199527487159, 0.005374794593080878], "q_25": 0.005041693162638694, "q_75": 0.0051179686561226845, "min": 0.004983199527487159, "max": 0.005374794593080878, "mean": 0.005096835014410317, "std": 0.00010531704124303302, "repeat": 10, "number": 2}]}, "location.TimeSuite.time_location_get_airmass": {"result": [0.0014929350332490035], "stats": [{"ci_99": [0.0013723684075687612, 0.0015104774252644607], "q_25": 0.001490296213887632, "q_75": 0.0014972092217898796, "min": 0.0013723684075687612, "max": 0.0015104774252644607, "mean": 0.0014830642845481633, "std": 3.7403212242648655e-05, "repeat": 10, "number": 7}]}, "location.TimeSuite.time_location_get_clearsky": {"result": [0.013239638647064567], "stats": [{"ci_99": [0.012303512077778578, 0.013566039968281984], "q_25": 0.01234263414517045, "q_75": 0.013370966538786888, "min": 0.012303512077778578, "max": 0.013566039968281984, "mean": 0.012959995167329907, "std": 0.0005171042248993773, "repeat": 10, "number": 1}]}, "location.TimeSuite.time_location_get_solarposition": {"result": [0.01817814470268786], "stats": [{"ci_99": [0.017900011967867613, 0.01824922114610672], "q_25": 0.018116913735866547, "q_75": 0.018224966945126653, "min": 0.017900011967867613, "max": 0.01824922114610672, "mean": 0.01814218545332551, "std": 0.00010901996741305617, "repeat": 10, "number": 1}]}, "location.TimeSuite.time_location_get_sun_rise_set_transit_pyephem": {"result": [0.19590679928660393], "stats": [{"ci_99": [0.19536288734525442, 0.197050460614264], "q_25": 0.19564684759825468, "q_75": 0.19630464806687087, "min": 0.19536288734525442, "max": 0.197050460614264, "mean": 0.1960013064555824, "std": 0.00048822819116828037, "repeat": 10, "number": 1}]}, "location.TimeSuite.time_location_get_sun_rise_set_transit_spa": {"result": [0.044527644757181406], "stats": [{"ci_99": [0.04430169705301523, 0.04482152825221419], "q_25": 0.04441574192605913, "q_75": 0.04459902853704989, "min": 0.04430169705301523, "max": 0.04482152825221419, "mean": 0.044523761700838806, "std": 0.0001497155905005508, "repeat": 10, "number": 1}]}, "solarposition.TimeSuite.time_ephemeris": {"result": [0.024996952852234244], "stats": [{"ci_99": [0.024051552172750235, 0.02521480107679963], "q_25": 0.024143349728547037, "q_75": 0.025112326140515506, "min": 0.024051552172750235, "max": 0.02521480107679963, "mean": 0.02470155283808708, "std": 0.00048201005958715243, "repeat": 10, "number": 1}]}, "solarposition.TimeSuite.time_ephemeris_localized": {"result": [0.025158488424494863], "stats": [{"ci_99": [0.02490345388650894, 0.026080286130309105], "q_25": 0.025076819583773613, "q_75": 0.025537536363117397, "min": 0.02490345388650894, "max": 0.026080286130309105, "mean": 0.025314002530649304, "std": 0.00037104755735724824, "repeat": 10, "number": 1}]}, "solarposition.TimeSuite.time_nrel_earthsun_distance": {"result": [0.023145098937675357], "stats": [{"ci_99": [0.02304465603083372, 0.02325684018433094], "q_25": 0.023079638951458037, "q_75": 0.023205301258713007, "min": 0.02304465603083372, "max": 0.02325684018433094, "mean": 0.023144650366157295, "std": 6.995591831486742e-05, "repeat": 10, "number": 1}]}, "solarposition.TimeSuite.time_spa_python": {"result": [0.028806123649701476], "stats": [{"ci_99": [0.028706803917884827, 0.029034389182925224], "q_25": 0.028761665453203022, "q_75": 0.02890779683366418, "min": 0.028706803917884827, "max": 0.029034389182925224, "mean": 0.028833801718428732, "std": 0.00010017974394922119, "repeat": 10, "number": 1}]}, "solarposition.TimeSuite.time_sun_rise_set_transit_spa": {"result": [0.051084954058751464], "stats": [{"ci_99": [0.050371183548122644, 0.051923010032624006], "q_25": 0.050901879207231104, "q_75": 0.051196375279687345, "min": 0.050371183548122644, "max": 0.051923010032624006, "mean": 0.051098750764504076, "std": 0.0003976137646158048, "repeat": 10, "number": 1}]}, "tracking.TimeSuite.time_singleaxis": {"result": [0.006418236996978521], "stats": [{"ci_99": [0.00616519944742322, 0.006758641451597214], "q_25": 0.006226319179404527, "q_75": 0.006519587419461459, "min": 0.00616519944742322, "max": 0.006758641451597214, "mean": 0.006407486810348928, "std": 0.0001933129401609679, "repeat": 10, "number": 2}]}, "tracking.TimeSuite.time_tracker_singleaxis": {"result": [0.006503933458589017], "stats": [{"ci_99": [0.006308594485744834, 0.0071944729425013065], "q_25": 0.0064380920375697315, "q_75": 0.006740199984051287, "min": 0.006308594485744834, "max": 0.0071944729425013065, "mean": 0.006611419981345535, "std": 0.0002553120970690138, "repeat": 10, "number": 2}]}}, "params": {"arch": "x86_64", "cpu": "Intel Xeon Processor (Skylake, IBRS)", "machine": "pvlib-asv.forecasting.energy.arizona.edu", "num_cpu": "4", "os": "Linux 5.7.8-200.fc32.x86_64", "ram": "8145244", "python": "3.7", "ephem": "3.7.6.0", "numpy": "1.18.5", "pandas": "1.1.0", "pytables": "3.6.1", "scipy": "1.2.0"}, "requirements": {"ephem": "3.7.6.0", "numpy": "1.18.5", "pandas": "1.1.0", "pytables": "3.6.1", "scipy": "1.2.0"}, "commit_hash": "a873462eb079f7d57cc8c2e5a9cf447ac68027d1", "date": 1567108923000,