{"results": {"irradiance.Irradiance.time_aoi": {"result": [0.0023825319949537516], "stats": [{"ci_99": [0.002314089797437191, 0.0025800663977861406], "q_25": 0.0023535830667242405, "q_75": 0.002392101148143411, "min": 0.002314089797437191, "max": 0.0025800663977861406, "mean": 0.0024071022961288688, "std": 8.683940255522159e-05, "repeat": 10, "number": 5}]}, "irradiance.Irradiance.time_aoi_projection": {"result": [0.002143894881010055], "stats": [{"ci_99": [0.0021345573477447033, 0.00216484060510993], "q_25": 0.0021405676379799843, "q_75": 0.002155750524252653, "min": 0.0021345573477447033, "max": 0.00216484060510993, "mean": 0.002147269081324339, "std": 1.0522025567008378e-05, "repeat": 10, "number": 5}]}, "irradiance.Irradiance.time_dirindex": {"result": [0.06582658737897873], "stats": [{"ci_99": [0.0649822186678648, 0.07654090505093336], "q_25": 0.06543954799417406, "q_75": 0.0666465274989605, "min": 0.0649822186678648, "max": 0.07654090505093336, "mean": 0.06762009104713798, "std": 0.0038732062358369716, "repeat": 10, "number": 1}]}, "irradiance.Irradiance.time_dirint": {"result": [0.033060088055208325], "stats": [{"ci_99": [0.031745586078613997, 0.039996325969696045], "q_25": 0.032338583027012646, "q_75": 0.03375912446063012, "min": 0.031745586078613997, "max": 0.039996325969696045, "mean": 0.03392672808840871, "std": 0.002479972945195642, "repeat": 10, "number": 1}]}, "irradiance.Irradiance.time_disc": {"result": [0.012605942087247968], "stats": [{"ci_99": [0.01211315393447876, 0.012895162682980299], "q_25": 0.012174327741377056, "q_75": 0.012710453243926167, "min": 0.01211315393447876, "max": 0.012895162682980299, "mean": 0.01249136789701879, "std": 0.00029227461332485973, "repeat": 10, "number": 1}]}, "irradiance.Irradiance.time_erbs": {"result": [0.0072991992346942425], "stats": [{"ci_99": [0.007248797919601202, 0.007542050909250975], "q_25": 0.007284462102688849, "q_75": 0.007378377893473953, "min": 0.007248797919601202, "max": 0.007542050909250975, "mean": 0.007342271623201668, "std": 9.093230076329615e-05, "repeat": 10, "number": 2}]}, "irradiance.Irradiance.time_get_extra_radiation": {"result": [0.000536945799831301], "stats": [{"ci_99": [0.0005328046390786767, 0.0005756857106462121], "q_25": 0.0005355151952244341, "q_75": 0.0005431018711533398, "min": 0.0005328046390786767, "max": 0.0005756857106462121, "mean": 0.0005421622819267213, "std": 1.2169523374829242e-05, "repeat": 10, "number": 20}]}, "irradiance.Irradiance.time_get_ground_diffuse": {"result": [0.00035072930896764296], "stats": [{"ci_99": [0.00032581486191381425, 0.0003743310020688702], "q_25": 0.00033026162589735845, "q_75": 0.0003583966788616689, "min": 0.00032581486191381425, "max": 0.0003743310020688702, "mean": 0.00034640852416701175, "std": 1.6054333950467878e-05, "repeat": 10, "number": 34}]}, "irradiance.Irradiance.time_get_total_irradiance": {"result": [0.004577631751696268], "stats": [{"ci_99": [0.004541427673151095, 0.004676849736521642], "q_25": 0.00454696702460448, "q_75": 0.004618264889965455, "min": 0.004541427673151095, "max": 0.004676849736521642, "mean": 0.0045894992537796496, "std": 4.845904335454582e-05, "repeat": 10, "number": 3}]}, "location.Location.time_location_get_airmass": {"result": [0.0013678758114110678], "stats": [{"ci_99": [0.0013526026159524918, 0.0013863133499398828], "q_25": 0.0013603106781374663, "q_75": 0.0013738265406573191, "min": 0.0013526026159524918, "max": 0.0013863133499398828, "mean": 0.0013675279507879168, "std": 1.0315435097459374e-05, "repeat": 10, "number": 8}]}, "location.Location.time_location_get_clearsky": {"result": [0.00934695010073483], "stats": [{"ci_99": [0.009294437477365136, 0.00949504622258246], "q_25": 0.009329587453976274, "q_75": 0.009387814963702112, "min": 0.009294437477365136, "max": 0.00949504622258246, "mean": 0.009361424297094346, "std": 5.4819361486808794e-05, "repeat": 10, "number": 2}]}, "location.Location.time_location_get_solarposition": {"result": [0.014894011430442333], "stats": [{"ci_99": [0.01459968602284789, 0.01513039693236351], "q_25": 0.014705547597259283, "q_75": 0.015016451478004456, "min": 0.01459968602284789, "max": 0.01513039693236351, "mean": 0.014866568194702268, "std": 0.0001728388225860496, "repeat": 10, "number": 1}]}, "location.Location_0_6_1.time_location_get_sun_rise_set_transit_pyephem": {"result": [0.18093424616381526], "stats": [{"ci_99": [0.18034303793683648, 0.18166107684373856], "q_25": 0.18075063324067742, "q_75": 0.18133269308600575, "min": 0.18034303793683648, "max": 0.18166107684373856, "mean": 0.18102194657549261, "std": 0.00038478230368526516, "repeat": 10, "number": 1}]}, "location.Location_0_6_1.time_location_get_sun_rise_set_transit_spa": {"result": [0.03336457954719663], "stats": [{"ci_99": [0.033150716219097376, 0.033992808777838945], "q_25": 0.03321565838996321, "q_75": 0.033676066785119474, "min": 0.033150716219097376, "max": 0.033992808777838945, "mean": 0.033453611796721815, "std": 0.0002782084125035411, "repeat": 10, "number": 1}]}, "solarposition.SolarPosition.time_ephemeris": {"result": [0.01824846351519227], "stats": [{"ci_99": [0.01801192294806242, 0.019128554966300726], "q_25": 0.018117457861080766, "q_75": 0.018675665254704654, "min": 0.01801192294806242, "max": 0.019128554966300726, "mean": 0.018384260404855014, "std": 0.00036568509306800955, "repeat": 10, "number": 1}]}, "solarposition.SolarPosition.time_ephemeris_localized": {"result": [0.018283760640770197], "stats": [{"ci_99": [0.017955021001398563, 0.01863906905055046], "q_25": 0.01817263977136463, "q_75": 0.018459766171872616, "min": 0.017955021001398563, "max": 0.01863906905055046, "mean": 0.018293981533497573, "std": 0.0002190825671247399, "repeat": 10, "number": 1}]}, "solarposition.SolarPosition.time_nrel_earthsun_distance": {"result": [0.022752844961360097], "stats": [{"ci_99": [0.022699677851051092, 0.023143810220062733], "q_25": 0.02273558487650007, "q_75": 0.02279806148726493, "min": 0.022699677851051092, "max": 0.023143810220062733, "mean": 0.02280240450054407, "std": 0.00012819667541707995, "repeat": 10, "number": 1}]}, "solarposition.SolarPosition.time_spa_python": {"result": [0.0253548426553607], "stats": [{"ci_99": [0.025016297586262226, 0.02600408298894763], "q_25": 0.02504746161866933, "q_75": 0.025576881365850568, "min": 0.025016297586262226, "max": 0.02600408298894763, "mean": 0.025368305388838053, "std": 0.0003254187457247172, "repeat": 10, "number": 1}]}, "solarposition.SolarPosition.time_sun_rise_set_transit_spa": {"result": [0.03734872164204717], "stats": [{"ci_99": [0.03674703696742654, 0.03766555432230234], "q_25": 0.037092027720063925, "q_75": 0.037561300909146667, "min": 0.03674703696742654, "max": 0.03766555432230234, "mean": 0.03730882871896028, "std": 0.0002843306320390433, "repeat": 10, "number": 1}]}, "temperature.Fuentes.time_fuentes": NaN, "temperature.SAPM.time_sapm_cell": {"result": [0.001026936271227896], "stats": [{"ci_99": [0.0010133645031601191, 0.0010398459620773793], "q_25": 0.001021823554765433, "q_75": 0.0010362748405896127, "min": 0.0010133645031601191, "max": 0.0010398459620773793, "mean": 0.0010274932906031609, "std": 9.031929308573523e-06, "repeat": 10, "number": 10}]}, "tracking.SingleAxis.time_singleaxis": {"result": [0.017890474991872907], "stats": [{"ci_99": [0.01591345714405179, 0.02026490680873394], "q_25": 0.01728461915627122, "q_75": 0.018820189987309277, "min": 0.01591345714405179, "max": 0.02026490680873394, "mean": 0.01803197069093585, "std": 0.0011649165921146392, "repeat": 10, "number": 1}]}, "tracking.SingleAxis.time_tracker_singleaxis": {"result": [0.018582306569442153], "stats": [{"ci_99": [0.017238471657037735, 0.021001467015594244], "q_25": 0.017740050796419382, "q_75": 0.02032019046600908, "min": 0.017238471657037735, "max": 0.021001467015594244, "mean": 0.01895871264860034, "std": 0.0013689519818504297, "repeat": 10, "number": 1}]}}, "params": {"arch": "x86_64", "cpu": "Intel Xeon Processor (Skylake, IBRS)",