{"results": {"irradiance.Irradiance.time_aoi": {"result": [0.002311032172292471], "stats": [{"ci_99": [0.002266972605139017, 0.002368605975061655], "q_25": 0.0022867715917527674, "q_75": 0.00233310351613909, "min": 0.002266972605139017, "max": 0.002368605975061655, "mean": 0.0023137325793504714, "std": 3.183930594190807e-05, "repeat": 10, "number": 5}]}, "irradiance.Irradiance.time_aoi_projection": {"result": [0.002071257866919041], "stats": [{"ci_99": [0.0019930719397962095, 0.002315402962267399], "q_25": 0.002040708623826504, "q_75": 0.0021218393929302694, "min": 0.0019930719397962095, "max": 0.002315402962267399, "mean": 0.0020896141044795514, "std": 8.774026005391126e-05, "repeat": 10, "number": 5}]}, "irradiance.Irradiance.time_dirindex": {"result": [0.14261502143926919], "stats": [{"ci_99": [0.1382096018642187, 0.1452902746386826], "q_25": 0.1397481419844553, "q_75": 0.1435962711693719, "min": 0.1382096018642187, "max": 0.1452902746386826, "mean": 0.14188683102838695, "std": 0.0024097722813200832, "repeat": 10, "number": 1}]}, "irradiance.Irradiance.time_dirint": {"result": [0.07019042409956455], "stats": [{"ci_99": [0.06911722430959344, 0.07157922815531492], "q_25": 0.06949317175894976, "q_75": 0.07104778569191694, "min": 0.06911722430959344, "max": 0.07157922815531492, "mean": 0.07023673709481955, "std": 0.0008623062264435229, "repeat": 10, "number": 1}]}, "irradiance.Irradiance.time_disc": {"result": [0.019845117116346955], "stats": [{"ci_99": [0.018997424747794867, 0.02039531711488962], "q_25": 0.01938927313312888, "q_75": 0.01993391173891723, "min": 0.018997424747794867, "max": 0.02039531711488962, "mean": 0.0197420553304255, "std": 0.00042733736521232264, "repeat": 10, "number": 1}]}, "irradiance.Irradiance.time_erbs": {"result": [0.013053550152108073], "stats": [{"ci_99": [0.012691031210124493, 0.015068680979311466], "q_25": 0.012947663548402488, "q_75": 0.01349799265153706, "min": 0.012691031210124493, "max": 0.015068680979311466, "mean": 0.0133398428093642, "std": 0.0006588945367772044, "repeat": 10, "number": 1}]}, "irradiance.Irradiance.time_get_extra_radiation": {"result": [0.002688405045773834], "stats": [{"ci_99": [0.0026174410013481975, 0.0028615185292437673], "q_25": 0.0026751791883725673, "q_75": 0.0027122176252305508, "min": 0.0026174410013481975, "max": 0.0028615185292437673, "mean": 0.0026972172781825066, "std": 6.435481476978331e-05, "repeat": 10, "number": 4}]}, "irradiance.Irradiance.time_get_ground_diffuse": {"result": [0.0005375732434913516], "stats": [{"ci_99": [0.0005212291376665235, 0.0005770653020590544], "q_25": 0.0005297210067510605, "q_75": 0.0005532242241315544, "min": 0.0005212291376665235, "max": 0.0005770653020590544, "mean": 0.0005421609058976174, "std": 1.6247178025737014e-05, "repeat": 10, "number": 20}]}, "irradiance.Irradiance.time_get_total_irradiance": {"result": [0.005479421000927687], "stats": [{"ci_99": [0.005329687613993883, 0.005624664016067982], "q_25": 0.0054260745528154075, "q_75": 0.005559816490858793, "min": 0.005329687613993883, "max": 0.005624664016067982, "mean": 0.005484153912402689, "std": 8.732085454246728e-05, "repeat": 10, "number": 2}]}, "location.Location.time_location_get_airmass": {"result": [0.001440805586753413], "stats": [{"ci_99": [0.001409970864187926, 0.0014557948452420533], "q_25": 0.0014246572245610878, "q_75": 0.0014520243712468073, "min": 0.001409970864187926, "max": 0.0014557948452420533, "mean": 0.0014370504941325635, "std": 1.5753138515665466e-05, "repeat": 10, "number": 8}]}, "location.Location.time_location_get_clearsky": {"result": [0.012962800450623035], "stats": [{"ci_99": [0.012742210179567337, 0.013703903649002314], "q_25": 0.012850604834966362, "q_75": 0.013147172168828547, "min": 0.012742210179567337, "max": 0.013703903649002314, "mean": 0.013050089124590158, "std": 0.0002873802677429393, "repeat": 10, "number": 1}]}, "location.Location.time_location_get_solarposition": {"result": [0.019043281907215714], "stats": [{"ci_99": [0.018482844810932875, 0.019373502116650343], "q_25": 0.018959559500217438, "q_75": 0.01914421282708645, "min": 0.018482844810932875, "max": 0.019373502116650343, "mean": 0.019028899306431413, "std": 0.0002268360477649166, "repeat": 10, "number": 1}]}, "location.Location_0_6_1.time_location_get_sun_rise_set_transit_pyephem": {"result": [0.1992744014132768], "stats": [{"ci_99": [0.19833012204617262, 0.2008261028677225], "q_25": 0.1988615388981998, "q_75": 0.19993323495145887, "min": 0.19833012204617262, "max": 0.2008261028677225, "mean": 0.1994495048187673, "std": 0.0008428319254854455, "repeat": 10, "number": 1}]}, "location.Location_0_6_1.time_location_get_sun_rise_set_transit_spa": {"result": [0.04534720745868981], "stats": [{"ci_99": [0.04503676388412714, 0.046133029740303755], "q_25": 0.04513584170490503, "q_75": 0.045591123634949327, "min": 0.04503676388412714, "max": 0.046133029740303755, "mean": 0.04543510591611266, "std": 0.00034980106979954967, "repeat": 10, "number": 1}]}, "solarposition.SolarPosition.time_ephemeris": {"result": [0.025118786841630936], "stats": [{"ci_99": [0.024745604023337364, 0.025280050933361053], "q_25": 0.024974752916023135, "q_75": 0.025208801380358636, "min": 0.024745604023337364, "max": 0.025280050933361053, "mean": 0.02507155193015933, "std": 0.00018113853553346394, "repeat": 10, "number": 1}]}, "solarposition.SolarPosition.time_ephemeris_localized": {"result": [0.025315512903034687], "stats": [{"ci_99": [0.024930921383202076, 0.025590809993445873], "q_25": 0.025200545554980636, "q_75": 0.025493785040453076, "min": 0.024930921383202076, "max": 0.025590809993445873, "mean": 0.025309447245672346, "std": 0.00020888503846807266, "repeat": 10, "number": 1}]}, "solarposition.SolarPosition.time_nrel_earthsun_distance": {"result": [0.024168591480702162], "stats": [{"ci_99": [0.024046622216701508, 0.025308920070528984], "q_25": 0.024092801730148494, "q_75": 0.024294268107041717, "min": 0.024046622216701508, "max": 0.025308920070528984, "mean": 0.024318036390468478, "std": 0.0003711635357256492, "repeat": 10, "number": 1}]}, "solarposition.SolarPosition.time_spa_python": {"result": [0.030594207113608718], "stats": [{"ci_99": [0.030204372014850378, 0.031561863142997026], "q_25": 0.030553402961231768, "q_75": 0.030689326697029173, "min": 0.030204372014850378, "max": 0.031561863142997026, "mean": 0.03064976753666997, "std": 0.00034444005984934765, "repeat": 10, "number": 1}]}, "solarposition.SolarPosition.time_sun_rise_set_transit_spa": {"result": [0.05218082061037421], "stats": [{"ci_99": [0.051344677340239286, 0.05283107981085777], "q_25": 0.05189978738781065, "q_75": 0.05254538974259049, "min": 0.051344677340239286, "max": 0.05283107981085777, "mean": 0.05219199215061963, "std": 0.0004468720566827089, "repeat": 10, "number": 1}]}, "temperature.Fuentes.time_fuentes": NaN, "temperature.SAPM.time_sapm_cell": {"result": [0.0016057065513450652], "stats": [{"ci_99": [0.0014309233520179987, 0.0016293179942294955], "q_25": 0.0014507139421766624, "q_75": 0.001617501548025757, "min": 0.0014309233520179987, "max": 0.0016293179942294955, "mean": 0.0015476025466341526, "std": 8.387224752081197e-05, "repeat": 10, "number": 8}]}, "tracking.SingleAxis.time_singleaxis": {"result": [0.0065503265941515565], "stats": [{"ci_99": [0.00622515706345439, 0.007018389878794551], "q_25": 0.006369794893544167, "q_75": 0.006848844175692648, "min": 0.00622515706345439, "max": 0.007018389878794551, "mean": 0.0065880995243787766, "std": 0.00028953631972429214, "repeat": 10, "number": 2}]}, "tracking.SingleAxis.time_tracker_singleaxis": {"result": [0.006478110910393298], "stats": [{"ci_99": [0.006256046472117305, 0.006758498959243298], "q_25": 0.006306121533270925, "q_75": 0.006637429469265044, "min": 0.006256046472117305, "max": 0.006758498959243298, "mean": 0.006491620163433254, "std": 0.00018441860399232674, "repeat": 10, "number": 2}]}}, "params": {"arch": "x86_64", "cpu": "Intel Xeon Processor (Skylake, IBRS)",