{"results": {"irradiance.Irradiance.time_aoi": {"result": [0.002311333501711488], "stats": [{"ci_99": [0.002270399872213602, 0.0023725376464426517], "q_25": 0.0023027919000014664, "q_75": 0.002325829095207155, "min": 0.002270399872213602, "max": 0.0023725376464426517, "mean": 0.0023167194612324234, "std": 2.9689407315211832e-05, "repeat": 10, "number": 5}]}, "irradiance.Irradiance.time_aoi_projection": {"result": [0.001999900016623239], "stats": [{"ci_99": [0.0019640816996494928, 0.0020448063345005116], "q_25": 0.001975345852163931, "q_75": 0.002017011031663666, "min": 0.0019640816996494928, "max": 0.0020448063345005116, "mean": 0.002000119024887681, "std": 2.6699694669876414e-05, "repeat": 10, "number": 6}]}, "irradiance.Irradiance.time_dirindex": {"result": [0.13962159189395607], "stats": [{"ci_99": [0.13656735001131892, 0.1443832409568131], "q_25": 0.13766057381872088, "q_75": 0.14077700302004814, "min": 0.13656735001131892, "max": 0.1443832409568131, "mean": 0.139537660125643, "std": 0.0022011585116241913, "repeat": 10, "number": 1}]}, "irradiance.Irradiance.time_dirint": {"result": [0.06954244244843721], "stats": [{"ci_99": [0.06849263468757272, 0.07211717218160629], "q_25": 0.06887117004953325, "q_75": 0.06993342831265181, "min": 0.06849263468757272, "max": 0.07211717218160629, "mean": 0.06969897556118668, "std": 0.0010495015848194498, "repeat": 10, "number": 1}]}, "irradiance.Irradiance.time_disc": {"result": [0.018333676271140575], "stats": [{"ci_99": [0.017843422014266253, 0.019656174816191196], "q_25": 0.01821850228589028, "q_75": 0.01905406778678298, "min": 0.017843422014266253, "max": 0.019656174816191196, "mean": 0.018593319319188596, "std": 0.0005803497570061273, "repeat": 10, "number": 1}]}, "irradiance.Irradiance.time_erbs": {"result": [0.012091624550521374], "stats": [{"ci_99": [0.01143405307084322, 0.013355740811675787], "q_25": 0.011681256699375808, "q_75": 0.012585884775035083, "min": 0.01143405307084322, "max": 0.013355740811675787, "mean": 0.012194571876898408, "std": 0.0005853654683129286, "repeat": 10, "number": 1}]}, "irradiance.Irradiance.time_get_extra_radiation": {"result": [0.002642973850015551], "stats": [{"ci_99": [0.0025842770701274276, 0.0026709092780947685], "q_25": 0.002607419533887878, "q_75": 0.0026505146524868906, "min": 0.0025842770701274276, "max": 0.0026709092780947685, "mean": 0.0026306260260753334, "std": 2.898089935012638e-05, "repeat": 10, "number": 4}]}, "irradiance.Irradiance.time_get_ground_diffuse": {"result": [0.0005616414556769949], "stats": [{"ci_99": [0.0004991636317419378, 0.0005923510578117872], "q_25": 0.0005175807317228693, "q_75": 0.0005700795077963879, "min": 0.0004991636317419378, "max": 0.0005923510578117872, "mean": 0.00054988577275684, "std": 3.146233279938774e-05, "repeat": 10, "number": 19}]}, "irradiance.Irradiance.time_get_total_irradiance": {"result": [0.005261463462375104], "stats": [{"ci_99": [0.005220774561166763, 0.005500521510839462], "q_25": 0.00523635750869289, "q_75": 0.0053618677775375545, "min": 0.005220774561166763, "max": 0.005500521510839462, "mean": 0.005311918864026666, "std": 9.736687754364714e-05, "repeat": 10, "number": 2}]}, "location.Location.time_location_get_airmass": {"result": [0.0014193093811627477], "stats": [{"ci_99": [0.0013110284926369786, 0.0014520990080200136], "q_25": 0.0014068228629184887, "q_75": 0.0014307938690762967, "min": 0.0013110284926369786, "max": 0.0014520990080200136, "mean": 0.0014119526080321521, "std": 3.637508178224852e-05, "repeat": 10, "number": 8}]}, "location.Location.time_location_get_clearsky": {"result": [0.013071031542494893], "stats": [{"ci_99": [0.012371755205094814, 0.013384048361331224], "q_25": 0.01297913258895278, "q_75": 0.0132027268409729, "min": 0.012371755205094814, "max": 0.013384048361331224, "mean": 0.01303861029446125, "std": 0.000278011333868284, "repeat": 10, "number": 1}]}, "location.Location.time_location_get_solarposition": {"result": [0.01770428358577192], "stats": [{"ci_99": [0.017592715099453926, 0.01805311907082796], "q_25": 0.017621101578697562, "q_75": 0.01777339249383658, "min": 0.017592715099453926, "max": 0.01805311907082796, "mean": 0.017731070518493652, "std": 0.00013277029214896988, "repeat": 10, "number": 1}]}, "location.Location_0_6_1.time_location_get_sun_rise_set_transit_pyephem": NaN, "location.Location_0_6_1.time_location_get_sun_rise_set_transit_spa": NaN, "solarposition.SolarPosition.time_ephemeris": {"result": [0.024975856998935342], "stats": [{"ci_99": [0.024612159933894873, 0.026110938750207424], "q_25": 0.02478427579626441, "q_75": 0.02522891410626471, "min": 0.024612159933894873, "max": 0.026110938750207424, "mean": 0.025068696448579432, "std": 0.0004194999931298162, "repeat": 10, "number": 1}]}, "solarposition.SolarPosition.time_ephemeris_localized": {"result": [0.024869826156646013], "stats": [{"ci_99": [0.024172371719032526, 0.025841251015663147], "q_25": 0.02438567439094186, "q_75": 0.025035114376805723, "min": 0.024172371719032526, "max": 0.025841251015663147, "mean": 0.024798044422641396, "std": 0.00047724386226260406, "repeat": 10, "number": 1}]}, "solarposition.SolarPosition.time_nrel_earthsun_distance": {"result": [0.023768399842083454], "stats": [{"ci_99": [0.023426180705428123, 0.023870802950114012], "q_25": 0.023701267782598734, "q_75": 0.023796039167791605, "min": 0.023426180705428123, "max": 0.023870802950114012, "mean": 0.023730215989053248, "std": 0.00012270264660650288, "repeat": 10, "number": 1}]}, "solarposition.SolarPosition.time_spa_python": {"result": [0.028370063519105315], "stats": [{"ci_99": [0.028264419175684452, 0.02894093794748187], "q_25": 0.028317911201156676, "q_75": 0.028545517474412918, "min": 0.028264419175684452, "max": 0.02894093794748187, "mean": 0.028451172448694707, "std": 0.0001960491096222626, "repeat": 10, "number": 1}]}, "solarposition.SolarPosition.time_sun_rise_set_transit_spa": {"result": [0.049018623074516654], "stats": [{"ci_99": [0.04813741100952029, 0.050005588214844465], "q_25": 0.04860756197012961, "q_75": 0.049412194872274995, "min": 0.04813741100952029, "max": 0.050005588214844465, "mean": 0.049016800802201034, "std": 0.0005633919517302399, "repeat": 10, "number": 1}]}, "temperature.Fuentes.time_fuentes": NaN, "temperature.SAPM.time_sapm_cell": {"result": [0.002216575108468533], "stats": [{"ci_99": [0.0021785941906273367, 0.002267908398061991], "q_25": 0.002209240314550698, "q_75": 0.0022304951911792156, "min": 0.0021785941906273367, "max": 0.002267908398061991, "mean": 0.002221771348267794, "std": 2.522260982533512e-05, "repeat": 10, "number": 5}]}, "tracking.SingleAxis.time_singleaxis": {"result": [0.031082451110705733], "stats": [{"ci_99": [0.029796773102134466, 0.03238539397716522], "q_25": 0.030520105152390897, "q_75": 0.03155738837085664, "min": 0.029796773102134466, "max": 0.03238539397716522, "mean": 0.031071224715560675, "std": 0.0007473047719507054, "repeat": 10, "number": 1}]}, "tracking.SingleAxis.time_tracker_singleaxis": {"result": [0.03199823200702667], "stats": [{"ci_99": [0.030682175885885954, 0.03361683106049895], "q_25": 0.03140518453437835, "q_75": 0.032861039973795414, "min": 0.030682175885885954, "max": 0.03361683106049895, "mean": 0.032078712806105615, "std": 0.0008972444104946821, "repeat": 10, "number": 1}]}}, "params": {"arch": "x86_64", "cpu": "Intel Xeon Processor (Skylake, IBRS)", "machine": "pvlib-asv.forecasting.energy.arizona.edu", "num_cpu": "4", "os": "Linux 5.7.8-200.fc32.x86_64", "ram": "8145244", "python": "3.8", "numpy": "", "pandas": "", "scipy": "", "pytables": "", "ephem": ""}, "requirements": {"numpy": "", "pandas": "", "scipy": "", "pytables": "", "ephem": ""}, "commit_hash": "abe8bf1e8416b3af57bc550a1b20073c6831f029", "date": 1535732267000, "env_name": "conda-py3.8-ephem-numpy-pandas-pytables-scipy", "python": "3.8", "profiles": {}, "started_at": {"irradiance.Irradiance.time_aoi": 1599833248686, "irradiance.Irradiance.time_aoi_projection": 1599833250542,