{"results": {"irradiance.Irradiance.time_aoi": {"result": [0.002219442930072546], "stats": [{"ci_99": [0.0022016226314008234, 0.0024412473663687705], "q_25": 0.0022067764308303594, "q_75": 0.0022354395128786567, "min": 0.0022016226314008234, "max": 0.0024412473663687705, "mean": 0.002240557279437781, "std": 6.811059557185697e-05, "repeat": 10, "number": 5}]}, "irradiance.Irradiance.time_aoi_projection": {"result": [0.002198779722675681], "stats": [{"ci_99": [0.0021707010455429554, 0.002238643541932106], "q_25": 0.002187095046974719, "q_75": 0.0022272551665082573, "min": 0.0021707010455429554, "max": 0.002238643541932106, "mean": 0.002204259717836976, "std": 2.409663097982136e-05, "repeat": 10, "number": 5}]}, "irradiance.Irradiance.time_dirindex": {"result": [0.14597464073449373], "stats": [{"ci_99": [0.14227665169164538, 0.1489855949766934], "q_25": 0.14451366069260985, "q_75": 0.14799363375641406, "min": 0.14227665169164538, "max": 0.1489855949766934, "mean": 0.14592842529527844, "std": 0.002201491538733665, "repeat": 10, "number": 1}]}, "irradiance.Irradiance.time_dirint": {"result": [0.07331533054821193], "stats": [{"ci_99": [0.07038810569792986, 0.07362948870286345], "q_25": 0.07082838553469628, "q_75": 0.07351245789323002, "min": 0.07038810569792986, "max": 0.07362948870286345, "mean": 0.07233866341412068, "std": 0.0014017655556940176, "repeat": 10, "number": 1}]}, "irradiance.Irradiance.time_disc": {"result": [0.018334422959014773], "stats": [{"ci_99": [0.01781993731856346, 0.01972066704183817], "q_25": 0.01799309835769236, "q_75": 0.019408328225836158, "min": 0.01781993731856346, "max": 0.01972066704183817, "mean": 0.018636505166068674, "std": 0.0007129792783578056, "repeat": 10, "number": 1}]}, "irradiance.Irradiance.time_erbs": {"result": [0.012572376523166895], "stats": [{"ci_99": [0.01155596086755395, 0.012761139776557684], "q_25": 0.011675542686134577, "q_75": 0.012712514377199113, "min": 0.01155596086755395, "max": 0.012761139776557684, "mean": 0.01225804202258587, "std": 0.0005157953041778407, "repeat": 10, "number": 1}]}, "irradiance.Irradiance.time_get_extra_radiation": null, "irradiance.Irradiance.time_get_ground_diffuse": null, "irradiance.Irradiance.time_get_total_irradiance": null, "location.Location.time_location_get_airmass": {"result": [0.005208720453083515], "stats": [{"ci_99": [0.005172858014702797, 0.005281495163217187], "q_25": 0.005187541653867811, "q_75": 0.0052104287897236645, "min": 0.005172858014702797, "max": 0.005281495163217187, "mean": 0.005208408390171826, "std": 2.909116997758227e-05, "repeat": 10, "number": 2}]}, "location.Location.time_location_get_clearsky": {"result": [0.4478021354880184], "stats": [{"ci_99": [0.44197371369227767, 0.46204690588638186], "q_25": 0.44487161468714476, "q_75": 0.4509310070425272, "min": 0.44197371369227767, "max": 0.46204690588638186, "mean": 0.449567566299811, "std": 0.006750903264217351, "repeat": 10, "number": 1}]}, "location.Location.time_location_get_solarposition": {"result": [0.01792682404629886], "stats": [{"ci_99": [0.017740836832672358, 0.018518152181059122], "q_25": 0.0178248374722898, "q_75": 0.018094977480359375, "min": 0.017740836832672358, "max": 0.018518152181059122, "mean": 0.017990515381097794, "std": 0.00023668983897978183, "repeat": 10, "number": 1}]}, "location.Location_0_6_1.time_location_get_sun_rise_set_transit_pyephem": NaN, "location.Location_0_6_1.time_location_get_sun_rise_set_transit_spa": NaN, "solarposition.SolarPosition.time_ephemeris": {"result": [0.024900323012843728], "stats": [{"ci_99": [0.023927708622068167, 0.025413105729967356], "q_25": 0.024381269700825214, "q_75": 0.02514528075698763, "min": 0.023927708622068167, "max": 0.025413105729967356, "mean": 0.024783438444137572, "std": 0.0004621347674771926, "repeat": 10, "number": 1}]}, "solarposition.SolarPosition.time_ephemeris_localized": {"result": [0.23726137960329652], "stats": [{"ci_99": [0.2333483579568565, 0.24569330597296357], "q_25": 0.23421513114590198, "q_75": 0.2428367999382317, "min": 0.2333483579568565, "max": 0.24569330597296357, "mean": 0.23852803660556673, "std": 0.004511686653606081, "repeat": 10, "number": 1}]}, "solarposition.SolarPosition.time_nrel_earthsun_distance": {"result": [0.02302626147866249], "stats": [{"ci_99": [0.022591298911720514, 0.023095648270100355], "q_25": 0.022994140861555934, "q_75": 0.023051461670547724, "min": 0.022591298911720514, "max": 0.023095648270100355, "mean": 0.022987710312008858, "std": 0.00013607332485303806, "repeat": 10, "number": 1}]}, "solarposition.SolarPosition.time_spa_python": {"result": [0.028433684492483735], "stats": [{"ci_99": [0.028171257115900517, 0.02884304104372859], "q_25": 0.028359711170196533, "q_75": 0.028584411251358688, "min": 0.028171257115900517, "max": 0.02884304104372859, "mean": 0.02846334706991911, "std": 0.0001873817535303579, "repeat": 10, "number": 1}]}, "solarposition.SolarPosition.time_sun_rise_set_transit_spa": {"result": [0.04976184922270477], "stats": [{"ci_99": [0.04898136667907238, 0.05075709708034992], "q_25": 0.04952386976219714, "q_75": 0.05015937751159072, "min": 0.04898136667907238, "max": 0.05075709708034992, "mean": 0.04980932418256998, "std": 0.0005000207624094822, "repeat": 10, "number": 1}]}, "temperature.Fuentes.time_fuentes": NaN, "tracking.SingleAxis.time_singleaxis": {"result": [0.04543710988946259], "stats": [{"ci_99": [0.0441788318566978, 0.047279815189540386], "q_25": 0.044766278471797705, "q_75": 0.046000361209735274, "min": 0.0441788318566978, "max": 0.047279815189540386, "mean": 0.045477267308160665, "std": 0.0008676473215118815, "repeat": 10, "number": 1}]}, "tracking.SingleAxis.time_tracker_singleaxis": {"result": [0.045148537727072835], "stats": [{"ci_99": [0.04387326491996646, 0.04561525210738182], "q_25": 0.044710471644066274, "q_75": 0.0453127680812031, "min": 0.04387326491996646, "max": 0.04561525210738182, "mean": 0.04495431478135288, "std": 0.0005419151590499922, "repeat": 10, "number": 1}]}}, "params": {"arch": "x86_64", "cpu": "Intel Xeon Processor (Skylake, IBRS)", "machine": "pvlib-asv.forecasting.energy.arizona.edu", "num_cpu": "4", "os": "Linux 5.7.8-200.fc32.x86_64", "ram": "8145244", "python": "3.7", "ephem": "3.7.6.0", "numpy": "1.18.5", "pandas": "1.1.0", "pytables": "3.6.1", "scipy": "1.2.0"}, "requirements": {"ephem": "3.7.6.0", "numpy": "1.18.5", "pandas": "1.1.0", "pytables": "3.6.1", "scipy": "1.2.0"}, "commit_hash": "ac4ca6fa82ba84356832173b6ebac6590fc21fbf", "date": 1497284297000, "env_name": "conda-py3.7-ephem3.7.6.0-numpy1.18.5-pandas1.1.0-pytables3.6.1-scipy1.2.0", "python": "3.7", "profiles": {}, "started_at": {"irradiance.Irradiance.time_aoi": 1599432097098, "irradiance.Irradiance.time_aoi_projection": 1599432101911, "irradiance.Irradiance.time_dirindex": 1599432106671, "irradiance.Irradiance.time_dirint": 1599432112132, "irradiance.Irradiance.time_disc": 1599432117243, "irradiance.Irradiance.time_erbs": 1599432122053, "irradiance.Irradiance.time_get_extra_radiation": 1599432085528, "irradiance.Irradiance.time_get_ground_diffuse": 1599432086381, "irradiance.Irradiance.time_get_total_irradiance": 1599432087235, "location.Location.time_location_get_airmass": 1599432126813, "location.Location.time_location_get_clearsky": 1599432127167, "location.Location.time_location_get_solarposition": 1599432130074, "location.Location_0_6_1.time_location_get_sun_rise_set_transit_pyephem": 1599432130427, "location.Location_0_6_1.time_location_get_sun_rise_set_transit_spa": 1599432130481, "solarposition.SolarPosition.time_ephemeris": 1599432130534, "solarposition.SolarPosition.time_ephemeris_localized": 1599432130787, "solarposition.SolarPosition.time_nrel_earthsun_distance": 1599432132342, "solarposition.SolarPosition.time_spa_python": 1599432132596, "solarposition.SolarPosition.time_sun_rise_set_transit_spa": 1599432132899, "temperature.Fuentes.time_fuentes": 1599432133303, "tracking.SingleAxis.time_singleaxis": 1599432133559,