{"results": {"irradiance.Irradiance.time_aoi": {"result": [0.0022682039998471737], "stats": [{"ci_99": [0.0022485477849841116, 0.0023889290168881416], "q_25": 0.002252797340042889, "q_75": 0.00231468842830509, "min": 0.0022485477849841116, "max": 0.0023889290168881416, "mean": 0.002286699702963233, "std": 4.414301545127184e-05, "repeat": 10, "number": 5}]}, "irradiance.Irradiance.time_aoi_projection": {"result": [0.001951057386274139], "stats": [{"ci_99": [0.0019053223077207804, 0.0020791684898237386], "q_25": 0.0019304652232676744, "q_75": 0.0019744515496616564, "min": 0.0019053223077207804, "max": 0.0020791684898237386, "mean": 0.001963946378479401, "std": 4.868627453069063e-05, "repeat": 10, "number": 6}]}, "irradiance.Irradiance.time_dirindex": {"result": [0.13963747001253068], "stats": [{"ci_99": [0.13641028897836804, 0.1435171589255333], "q_25": 0.1378946410259232, "q_75": 0.14239887439180166, "min": 0.13641028897836804, "max": 0.1435171589255333, "mean": 0.13997054765932262, "std": 0.002504485049127068, "repeat": 10, "number": 1}]}, "irradiance.Irradiance.time_dirint": {"result": [0.07004872453399003], "stats": [{"ci_99": [0.06845041504129767, 0.072105647996068], "q_25": 0.06912693637423217, "q_75": 0.07127704983577132, "min": 0.06845041504129767, "max": 0.072105647996068, "mean": 0.07019019853323698, "std": 0.001219070711829492, "repeat": 10, "number": 1}]}, "irradiance.Irradiance.time_disc": {"result": [0.019398399395868182], "stats": [{"ci_99": [0.017816822975873947, 0.0199639149941504], "q_25": 0.018492991919629276, "q_75": 0.019519184483215213, "min": 0.017816822975873947, "max": 0.0199639149941504, "mean": 0.019080925593152644, "std": 0.0007327882596681409, "repeat": 10, "number": 1}]}, "irradiance.Irradiance.time_erbs": {"result": [0.012633571401238441], "stats": [{"ci_99": [0.011750396806746721, 0.013122166972607374], "q_25": 0.012096807244233787, "q_75": 0.012806095997802913, "min": 0.011750396806746721, "max": 0.013122166972607374, "mean": 0.012474570469930769, "std": 0.0004489650897755373, "repeat": 10, "number": 1}]}, "irradiance.Irradiance.time_get_extra_radiation": {"result": [0.002652196621056646], "stats": [{"ci_99": [0.00259641173761338, 0.0026918346993625164], "q_25": 0.002634117059642449, "q_75": 0.002671322989044711, "min": 0.00259641173761338, "max": 0.0026918346993625164, "mean": 0.0026477718958631156, "std": 3.0488424478369426e-05, "repeat": 10, "number": 4}]}, "irradiance.Irradiance.time_get_ground_diffuse": {"result": [0.0005365747598592532], "stats": [{"ci_99": [0.00051626508039507, 0.0005643251352012157], "q_25": 0.0005268219763159075, "q_75": 0.000544856514104388, "min": 0.00051626508039507, "max": 0.0005643251352012157, "mean": 0.0005377930440855297, "std": 1.621898489063457e-05, "repeat": 10, "number": 22}]}, "irradiance.Irradiance.time_get_total_irradiance": {"result": [0.005340553820133209], "stats": [{"ci_99": [0.00517905387096107, 0.005540747893974185], "q_25": 0.0052886028424836695, "q_75": 0.0054169383947737515, "min": 0.00517905387096107, "max": 0.005540747893974185, "mean": 0.005356353777460754, "std": 0.00010842309583926398, "repeat": 10, "number": 2}]}, "location.Location.time_location_get_airmass": {"result": [0.0014087618910707533], "stats": [{"ci_99": [0.0013933887821622193, 0.0014265020145103335], "q_25": 0.00139863311778754, "q_75": 0.0014141245483187959, "min": 0.0013933887821622193, "max": 0.0014265020145103335, "mean": 0.0014075744082219898, "std": 1.0627612421409577e-05, "repeat": 10, "number": 8}]}, "location.Location.time_location_get_clearsky": {"result": [0.012747783213853836], "stats": [{"ci_99": [0.012326022144407034, 0.013046515174210072], "q_25": 0.012616678141057491, "q_75": 0.012876759748905897, "min": 0.012326022144407034, "max": 0.013046515174210072, "mean": 0.01273482469841838, "std": 0.00022240932949268747, "repeat": 10, "number": 1}]}, "location.Location.time_location_get_solarposition": {"result": [0.01779973995871842], "stats": [{"ci_99": [0.017511504236608744, 0.018487299792468548], "q_25": 0.01768139866180718, "q_75": 0.018197790370322764, "min": 0.017511504236608744, "max": 0.018487299792468548, "mean": 0.017909521143883465, "std": 0.00032011361748444293, "repeat": 10, "number": 1}]}, "location.Location_0_6_1.time_location_get_sun_rise_set_transit_pyephem": NaN, "location.Location_0_6_1.time_location_get_sun_rise_set_transit_spa": NaN, "solarposition.SolarPosition.time_ephemeris": {"result": [0.026183963986113667], "stats": [{"ci_99": [0.02453254722058773, 0.030845279339700937], "q_25": 0.024946204153820872, "q_75": 0.02651610120665282, "min": 0.02453254722058773, "max": 0.030845279339700937, "mean": 0.026247595716267825, "std": 0.0017266838953876342, "repeat": 10, "number": 1}]}, "solarposition.SolarPosition.time_ephemeris_localized": {"result": [0.02576864999718964], "stats": [{"ci_99": [0.024014896247535944, 0.02656614501029253], "q_25": 0.024586807237938046, "q_75": 0.026486889459192753, "min": 0.024014896247535944, "max": 0.02656614501029253, "mean": 0.02553861732594669, "std": 0.0009816275127851291, "repeat": 10, "number": 1}]}, "solarposition.SolarPosition.time_nrel_earthsun_distance": {"result": [0.023805810371413827], "stats": [{"ci_99": [0.023630985990166664, 0.023953483905643225], "q_25": 0.023750980268232524, "q_75": 0.023875914164818823, "min": 0.023630985990166664, "max": 0.023953483905643225, "mean": 0.023798563051968813, "std": 9.791615210705346e-05, "repeat": 10, "number": 1}]}, "solarposition.SolarPosition.time_spa_python": {"result": [0.028339817421510816], "stats": [{"ci_99": [0.02814782178029418, 0.028695930261164904], "q_25": 0.02822478348389268, "q_75": 0.028473125537857413, "min": 0.02814782178029418, "max": 0.028695930261164904, "mean": 0.028367683524265885, "std": 0.00016541906190055124, "repeat": 10, "number": 1}]}, "solarposition.SolarPosition.time_sun_rise_set_transit_spa": {"result": [0.048754131654277444], "stats": [{"ci_99": [0.048661286011338234, 0.049033194314688444], "q_25": 0.048681446351110935, "q_75": 0.04884619952645153, "min": 0.048661286011338234, "max": 0.049033194314688444, "mean": 0.04877763409167528, "std": 0.00011299628011609189, "repeat": 10, "number": 1}]}, "temperature.Fuentes.time_fuentes": NaN, "temperature.SAPM.time_sapm_cell": {"result": [0.0022033657878637314], "stats": [{"ci_99": [0.0021907719783484936, 0.002263922058045864], "q_25": 0.002195410314016044, "q_75": 0.0022283820435404778, "min": 0.0021907719783484936, "max": 0.002263922058045864, "mean": 0.0022137441206723446, "std": 2.2899262931321103e-05, "repeat": 10, "number": 5}]}, "tracking.SingleAxis.time_singleaxis": {"result": [0.03082881192676723], "stats": [{"ci_99": [0.02930057793855667, 0.0320712118409574], "q_25": 0.030731768114492297, "q_75": 0.031246247119270265, "min": 0.02930057793855667, "max": 0.0320712118409574, "mean": 0.030879352986812592, "std": 0.0006697374360079322, "repeat": 10, "number": 1}]}, "tracking.SingleAxis.time_tracker_singleaxis": {"result": [0.0310324733145535], "stats": [{"ci_99": [0.03031313419342041, 0.03209844417870045], "q_25": 0.030889047891832888, "q_75": 0.03132030076812953, "min": 0.03031313419342041, "max": 0.03209844417870045, "mean": 0.031112220697104932, "std": 0.0004787472718991908, "repeat": 10, "number": 1}]}}, "params": {"arch": "x86_64", "cpu": "Intel Xeon Processor (Skylake, IBRS)", "machine": "pvlib-asv.forecasting.energy.arizona.edu", "num_cpu": "4", "os": "Linux 5.7.8-200.fc32.x86_64", "ram": "8145244", "python": "3.8", "numpy": "", "pandas": "", "scipy": "", "pytables": "", "ephem": ""}, "requirements": {"numpy": "", "pandas": "", "scipy": "", "pytables": "", "ephem": ""}, "commit_hash": "affc1bf1974314e756f82eff7078b6f3bd85c88a", "date": 1536102249000, "env_name": "conda-py3.8-ephem-numpy-pandas-pytables-scipy", "python": "3.8", "profiles": {}, "started_at": {"irradiance.Irradiance.time_aoi": 1599833060296, "irradiance.Irradiance.time_aoi_projection": 1599833062152,