{"results": {"irradiance.TimeSuite.time_aoi": {"result": [0.0022496213670819996], "stats": [{"ci_99": [0.0022100750356912613, 0.0024465530179440973], "q_25": 0.0022325134603306653, "q_75": 0.0023289940087124704, "min": 0.0022100750356912613, "max": 0.0024465530179440973, "mean": 0.0022861368767917154, "std": 7.23929025122606e-05, "repeat": 10, "number": 5}]}, "irradiance.TimeSuite.time_aoi_projection": {"result": [0.00232686004601419], "stats": [{"ci_99": [0.002201074548065662, 0.0023564171977341177], "q_25": 0.0022204009583219886, "q_75": 0.002331788232550025, "min": 0.002201074548065662, "max": 0.0023564171977341177, "mean": 0.0022864509280771015, "std": 5.984545564786436e-05, "repeat": 10, "number": 5}]}, "irradiance.TimeSuite.time_dirindex": {"result": [0.14678112184628844], "stats": [{"ci_99": [0.1453950321301818, 0.15018735826015472], "q_25": 0.1466026596026495, "q_75": 0.14775278070010245, "min": 0.1453950321301818, "max": 0.15018735826015472, "mean": 0.14733609375543893, "std": 0.0014563424017202972, "repeat": 10, "number": 1}]}, "irradiance.TimeSuite.time_dirint": {"result": [0.07188550638966262], "stats": [{"ci_99": [0.07119284803047776, 0.0728305596858263], "q_25": 0.07162427448201925, "q_75": 0.0726318535162136, "min": 0.07119284803047776, "max": 0.0728305596858263, "mean": 0.0720646200235933, "std": 0.000563985513355892, "repeat": 10, "number": 1}]}, "irradiance.TimeSuite.time_disc": {"result": [0.019300468964502215], "stats": [{"ci_99": [0.01901979511603713, 0.02005460485816002], "q_25": 0.019188927952200174, "q_75": 0.01931762951426208, "min": 0.01901979511603713, "max": 0.02005460485816002, "mean": 0.01931555415503681, "std": 0.0002692413515241893, "repeat": 10, "number": 1}]}, "irradiance.TimeSuite.time_erbs": {"result": [0.01275526499375701], "stats": [{"ci_99": [0.01187813188880682, 0.012834882829338312], "q_25": 0.012653168756514788, "q_75": 0.01278248883318156, "min": 0.01187813188880682, "max": 0.012834882829338312, "mean": 0.012592018488794566, "std": 0.00033290082934195645, "repeat": 10, "number": 1}]}, "irradiance.TimeSuite.time_get_extra_radiation": null, "irradiance.TimeSuite.time_get_ground_diffuse": null, "irradiance.TimeSuite.time_get_total_irradiance": null, "location.TimeSuite.time_location_get_airmass": {"result": [0.005439646076411009], "stats": [{"ci_99": [0.004969886504113674, 0.005494160344824195], "q_25": 0.005412591272033751, "q_75": 0.005466851871460676, "min": 0.004969886504113674, "max": 0.005494160344824195, "mean": 0.005399106349796057, "std": 0.00014569939872219708, "repeat": 10, "number": 2}]}, "location.TimeSuite.time_location_get_clearsky": {"result": [0.017619109014049172], "stats": [{"ci_99": [0.017446639947593212, 0.017767463345080614], "q_25": 0.017517650150693953, "q_75": 0.017666575964540243, "min": 0.017446639947593212, "max": 0.017767463345080614, "mean": 0.017603275692090394, "std": 0.00010005331030731421, "repeat": 10, "number": 1}]}, "location.TimeSuite.time_location_get_solarposition": {"result": [0.018968090880662203], "stats": [{"ci_99": [0.018672911915928125, 0.019130638800561428], "q_25": 0.018923254683613777, "q_75": 0.019006403745152056, "min": 0.018672911915928125, "max": 0.019130638800561428, "mean": 0.01893808674067259, "std": 0.00013939304698474628, "repeat": 10, "number": 1}]}, "solarposition.TimeSuite.time_ephemeris": {"result": [0.024946626974269748], "stats": [{"ci_99": [0.024289788212627172, 0.02549315197393298], "q_25": 0.02482140006031841, "q_75": 0.02513841714244336, "min": 0.024289788212627172, "max": 0.02549315197393298, "mean": 0.02497424427419901, "std": 0.00033303896283632035, "repeat": 10, "number": 1}]}, "solarposition.TimeSuite.time_ephemeris_localized": {"result": [0.25886409310624003], "stats": [{"ci_99": [0.25651892088353634, 0.26020058896392584], "q_25": 0.2572993596550077, "q_75": 0.2598183647496626, "min": 0.25651892088353634, "max": 0.26020058896392584, "mean": 0.25855513545684516, "std": 0.0013156533833134382, "repeat": 10, "number": 1}]}, "solarposition.TimeSuite.time_nrel_earthsun_distance": {"result": [0.02311530150473118], "stats": [{"ci_99": [0.02260018978267908, 0.023415439296513796], "q_25": 0.023079390171915293, "q_75": 0.023265345953404903, "min": 0.02260018978267908, "max": 0.023415439296513796, "mean": 0.02312774662859738, "std": 0.00021121746193894305, "repeat": 10, "number": 1}]}, "solarposition.TimeSuite.time_spa_python": {"result": [0.03048599767498672], "stats": [{"ci_99": [0.029977381695061922, 0.030848758295178413], "q_25": 0.030458359164185822, "q_75": 0.0305307264206931, "min": 0.029977381695061922, "max": 0.030848758295178413, "mean": 0.03045848268084228, "std": 0.00021218807277681459, "repeat": 10, "number": 1}]}, "solarposition.TimeSuite.time_sun_rise_set_transit_spa": {"result": [0.0518115374725312], "stats": [{"ci_99": [0.05090855434536934, 0.05202627880498767], "q_25": 0.05158894311171025, "q_75": 0.05186613940168172, "min": 0.05090855434536934, "max": 0.05202627880498767, "mean": 0.05167926885187626, "std": 0.0003254089427603412, "repeat": 10, "number": 1}]}, "tracking.TimeSuite.time_singleaxis": {"result": [0.04689743532799184], "stats": [{"ci_99": [0.04487292980775237, 0.04800855694338679], "q_25": 0.04663289443124086, "q_75": 0.047562028863467276, "min": 0.04487292980775237, "max": 0.04800855694338679, "mean": 0.046889643231406805, "std": 0.0008651694298656782, "repeat": 10, "number": 1}]}, "tracking.TimeSuite.time_tracker_singleaxis": {"result": [0.04745219857431948], "stats": [{"ci_99": [0.0465209330432117, 0.048762451857328415], "q_25": 0.04683296009898186, "q_75": 0.04805520048830658, "min": 0.0465209330432117, "max": 0.048762451857328415, "mean": 0.04747649701312184, "std": 0.0007076372194002339, "repeat": 10, "number": 1}]}}, "params": {"arch": "x86_64", "cpu": "Intel Xeon Processor (Skylake, IBRS)", "machine": "pvlib-asv.forecasting.energy.arizona.edu", "num_cpu": "4", "os": "Linux 5.7.8-200.fc32.x86_64", "ram": "8145244", "python": "3.7", "ephem": "3.7.6.0", "numpy": "1.18.5", "pandas": "1.1.0", "pytables": "3.6.1", "scipy": "1.2.0"}, "requirements": {"ephem": "3.7.6.0", "numpy": "1.18.5", "pandas": "1.1.0", "pytables": "3.6.1", "scipy": "1.2.0"}, "commit_hash": "b026c57cea851763793a1a5e0972d1195d7ec3b8", "date": 1522959074000, "env_name": "conda-py3.7-ephem3.7.6.0-numpy1.18.5-pandas1.1.0-pytables3.6.1-scipy1.2.0", "python": "3.7", "profiles": {}, "started_at": {"irradiance.TimeSuite.time_aoi": 1599363014457, "irradiance.TimeSuite.time_aoi_projection": 1599363016613, "irradiance.TimeSuite.time_dirindex": 1599363018769, "irradiance.TimeSuite.time_dirint": 1599363021626, "irradiance.TimeSuite.time_disc": 1599363024083, "irradiance.TimeSuite.time_erbs": 1599363026289, "irradiance.TimeSuite.time_get_extra_radiation": 1599363006913, "irradiance.TimeSuite.time_get_ground_diffuse": 1599363007316, "irradiance.TimeSuite.time_get_total_irradiance": 1599363007719, "location.TimeSuite.time_location_get_airmass": 1599363028445, "location.TimeSuite.time_location_get_clearsky": 1599363028798, "location.TimeSuite.time_location_get_solarposition": 1599363029151, "solarposition.TimeSuite.time_ephemeris": 1599363029555, "solarposition.TimeSuite.time_ephemeris_localized": 1599363029858, "solarposition.TimeSuite.time_nrel_earthsun_distance": 1599363031513, "solarposition.TimeSuite.time_spa_python": 1599363031817, "solarposition.TimeSuite.time_sun_rise_set_transit_spa": 1599363032121, "tracking.TimeSuite.time_singleaxis": 1599363032524, "tracking.TimeSuite.time_tracker_singleaxis": 1599363033678}, "ended_at": {"irradiance.TimeSuite.time_aoi": 1599363016613, "irradiance.TimeSuite.time_aoi_projection": 1599363018769, "irradiance.TimeSuite.time_dirindex": 1599363021626, "irradiance.TimeSuite.time_dirint": 1599363024082, "irradiance.TimeSuite.time_disc": 1599363026289, "irradiance.TimeSuite.time_erbs": 1599363028445, "irradiance.TimeSuite.time_get_extra_radiation": 1599363007316, "irradiance.TimeSuite.time_get_ground_diffuse": 1599363007719,