{"results": {"irradiance.Irradiance.time_aoi": {"result": [0.002314991317689419], "stats": [{"ci_99": [0.002274159248918295, 0.0023877532221376896], "q_25": 0.002288913680240512, "q_75": 0.002331139566376805, "min": 0.002274159248918295, "max": 0.0023877532221376896, "mean": 0.002320183729752898, "std": 3.742142537118377e-05, "repeat": 10, "number": 5}]}, "irradiance.Irradiance.time_aoi_projection": {"result": [0.0019831879374881587], "stats": [{"ci_99": [0.0019174773090829451, 0.002035493884856502], "q_25": 0.0019479643475885191, "q_75": 0.0020055726054124534, "min": 0.0019174773090829451, "max": 0.002035493884856502, "mean": 0.00197877943670998, "std": 3.687736898192206e-05, "repeat": 10, "number": 6}]}, "irradiance.Irradiance.time_dirindex": {"result": [0.13946457114070654], "stats": [{"ci_99": [0.1371261216700077, 0.14330343715846539], "q_25": 0.1386510528391227, "q_75": 0.14053615753073245, "min": 0.1371261216700077, "max": 0.14330343715846539, "mean": 0.139921239297837, "std": 0.0018589325596046699, "repeat": 10, "number": 1}]}, "irradiance.Irradiance.time_dirint": {"result": [0.07036278070881963], "stats": [{"ci_99": [0.06850134208798409, 0.07176851807162166], "q_25": 0.06945467449259013, "q_75": 0.07085279410239309, "min": 0.06850134208798409, "max": 0.07176851807162166, "mean": 0.07024214682169258, "std": 0.001020951333388311, "repeat": 10, "number": 1}]}, "irradiance.Irradiance.time_disc": {"result": [0.019235747400671244], "stats": [{"ci_99": [0.018019442446529865, 0.019985005259513855], "q_25": 0.01869261742103845, "q_75": 0.019290602183900774, "min": 0.018019442446529865, "max": 0.019985005259513855, "mean": 0.01905072322115302, "std": 0.0005596176758992253, "repeat": 10, "number": 1}]}, "irradiance.Irradiance.time_erbs": {"result": [0.013091293396428227], "stats": [{"ci_99": [0.012275557033717632, 0.013946881052106619], "q_25": 0.012474923161789775, "q_75": 0.013489346369169652, "min": 0.012275557033717632, "max": 0.013946881052106619, "mean": 0.013037273054942488, "std": 0.0005593934002571585, "repeat": 10, "number": 1}]}, "irradiance.Irradiance.time_get_extra_radiation": {"result": [0.0026048271101899445], "stats": [{"ci_99": [0.0025568645214661956, 0.002637400757521391], "q_25": 0.002594282355858013, "q_75": 0.0026145349838770926, "min": 0.0025568645214661956, "max": 0.002637400757521391, "mean": 0.002601185021921992, "std": 2.391076873289979e-05, "repeat": 10, "number": 4}]}, "irradiance.Irradiance.time_get_ground_diffuse": {"result": [0.0005761918378993868], "stats": [{"ci_99": [0.0005512943491339684, 0.0006041184533387423], "q_25": 0.0005584575061220676, "q_75": 0.00058229721034877, "min": 0.0005512943491339684, "max": 0.0006041184533387423, "mean": 0.0005742297368124127, "std": 1.6592729958118517e-05, "repeat": 10, "number": 20}]}, "irradiance.Irradiance.time_get_total_irradiance": {"result": [0.005403962335549295], "stats": [{"ci_99": [0.005187517032027245, 0.005529111949726939], "q_25": 0.005301096884068102, "q_75": 0.005475571320857853, "min": 0.005187517032027245, "max": 0.005529111949726939, "mean": 0.005379822547547519, "std": 0.0001145465249283695, "repeat": 10, "number": 2}]}, "location.Location.time_location_get_airmass": {"result": [0.0014075512008275837], "stats": [{"ci_99": [0.0013204803690314293, 0.0014346725074574351], "q_25": 0.0013998344365973026, "q_75": 0.0014167390327202156, "min": 0.0013204803690314293, "max": 0.0014346725074574351, "mean": 0.0014016544388141482, "std": 2.931363599761826e-05, "repeat": 10, "number": 8}]}, "location.Location.time_location_get_clearsky": {"result": [0.012788595398887992], "stats": [{"ci_99": [0.012670221738517284, 0.013227599207311869], "q_25": 0.01270409265998751, "q_75": 0.013092935783788562, "min": 0.012670221738517284, "max": 0.013227599207311869, "mean": 0.01288717994466424, "std": 0.00020606134377646387, "repeat": 10, "number": 1}]}, "location.Location.time_location_get_solarposition": {"result": [0.018395988969132304], "stats": [{"ci_99": [0.018200820311903954, 0.018645856995135546], "q_25": 0.01831863133702427, "q_75": 0.018468024325557053, "min": 0.018200820311903954, "max": 0.018645856995135546, "mean": 0.01839738953858614, "std": 0.00011904104144560221, "repeat": 10, "number": 1}]}, "location.Location_0_6_1.time_location_get_sun_rise_set_transit_pyephem": {"result": [0.19515810790471733], "stats": [{"ci_99": [0.17847578506916761, 0.19729804387316108], "q_25": 0.19321392511483282, "q_75": 0.19597996107768267, "min": 0.17847578506916761, "max": 0.19729804387316108, "mean": 0.19214717731811107, "std": 0.006742302960167634, "repeat": 10, "number": 1}]}, "location.Location_0_6_1.time_location_get_sun_rise_set_transit_spa": {"result": [0.04266248783096671], "stats": [{"ci_99": [0.04235971113666892, 0.0430794321000576], "q_25": 0.04247759247664362, "q_75": 0.04292238526977599, "min": 0.04235971113666892, "max": 0.0430794321000576, "mean": 0.04268842837773264, "std": 0.00024251940451195116, "repeat": 10, "number": 1}]}, "solarposition.SolarPosition.time_ephemeris": {"result": [0.024704160634428263], "stats": [{"ci_99": [0.023547223303467035, 0.02528353128582239], "q_25": 0.024325888720341027, "q_75": 0.02508523769211024, "min": 0.023547223303467035, "max": 0.02528353128582239, "mean": 0.02460029162466526, "std": 0.0005880628774701187, "repeat": 10, "number": 1}]}, "solarposition.SolarPosition.time_ephemeris_localized": {"result": [0.024988617515191436], "stats": [{"ci_99": [0.02447852725163102, 0.025913297198712826], "q_25": 0.024692718405276537, "q_75": 0.025242495583370328, "min": 0.02447852725163102, "max": 0.025913297198712826, "mean": 0.025050794472917914, "std": 0.00043941103086371676, "repeat": 10, "number": 1}]}, "solarposition.SolarPosition.time_nrel_earthsun_distance": {"result": [0.024000404169782996], "stats": [{"ci_99": [0.023970370180904865, 0.024167596828192472], "q_25": 0.023979555000551045, "q_75": 0.024082230520434678, "min": 0.023970370180904865, "max": 0.024167596828192472, "mean": 0.024038618663325906, "std": 7.338724253727243e-05, "repeat": 10, "number": 1}]}, "solarposition.SolarPosition.time_spa_python": {"result": [0.028598368866369128], "stats": [{"ci_99": [0.028273195028305054, 0.029631962068378925], "q_25": 0.028399880975484848, "q_75": 0.028792790020816028, "min": 0.028273195028305054, "max": 0.029631962068378925, "mean": 0.028719266504049303, "std": 0.0004234928713299873, "repeat": 10, "number": 1}]}, "solarposition.SolarPosition.time_sun_rise_set_transit_spa": {"result": [0.048821347299963236], "stats": [{"ci_99": [0.04843959864228964, 0.04940748680382967], "q_25": 0.0487658929778263, "q_75": 0.049053078051656485, "min": 0.04843959864228964, "max": 0.04940748680382967, "mean": 0.04890597863122821, "std": 0.0002755873621516922, "repeat": 10, "number": 1}]}, "temperature.Fuentes.time_fuentes": NaN, "temperature.SAPM.time_sapm_cell": {"result": [0.0015783364152801888], "stats": [{"ci_99": [0.0013949845784476825, 0.0016099342278071813], "q_25": 0.0015654091257601976, "q_75": 0.0015942595366920745, "min": 0.0013949845784476825, "max": 0.0016099342278071813, "mean": 0.0015574105948741948, "std": 6.320587922886033e-05, "repeat": 10, "number": 7}]}, "tracking.SingleAxis.time_singleaxis": {"result": [0.006549375713802874], "stats": [{"ci_99": [0.006309890421107411, 0.006971546448767185], "q_25": 0.006386338849551976, "q_75": 0.006719428754877299, "min": 0.006309890421107411, "max": 0.006971546448767185, "mean": 0.006570448586717248, "std": 0.0002074796700004066, "repeat": 10, "number": 2}]}, "tracking.SingleAxis.time_tracker_singleaxis": {"result": [0.0064851047936826944], "stats": [{"ci_99": [0.006241560447961092, 0.00677224132232368], "q_25": 0.00638037541648373, "q_75": 0.006602122797630727, "min": 0.006241560447961092, "max": 0.00677224132232368, "mean": 0.006488259229809046, "std": 0.00015520771373734904, "repeat": 10, "number": 2}]}}, "params": {"arch": "x86_64", "cpu": "Intel Xeon Processor (Skylake, IBRS)",