{"results": {"irradiance.Irradiance.time_aoi": {"result": [0.0021999930962920185], "stats": [{"ci_99": [0.0021617155522108077, 0.0022305624559521677], "q_25": 0.0021923001622781157, "q_75": 0.0022146507631987332, "min": 0.0021617155522108077, "max": 0.0022305624559521677, "mean": 0.002199545064941049, "std": 2.1202164964719173e-05, "repeat": 10, "number": 5}]}, "irradiance.Irradiance.time_aoi_projection": {"result": [0.002179871685802937], "stats": [{"ci_99": [0.002152436040341854, 0.002220714371651411], "q_25": 0.0021609386429190637, "q_75": 0.002197488606907427, "min": 0.002152436040341854, "max": 0.002220714371651411, "mean": 0.0021816602163016795, "std": 2.351085049672073e-05, "repeat": 10, "number": 5}]}, "irradiance.Irradiance.time_dirindex": {"result": [0.14455341594293714], "stats": [{"ci_99": [0.14287590328603983, 0.14737009024247527], "q_25": 0.14355106372386217, "q_75": 0.14514738973230124, "min": 0.14287590328603983, "max": 0.14737009024247527, "mean": 0.14462456703186036, "std": 0.0013111234872864093, "repeat": 10, "number": 1}]}, "irradiance.Irradiance.time_dirint": {"result": [0.0725287098903209], "stats": [{"ci_99": [0.06996412761509418, 0.07373609999194741], "q_25": 0.07116711547132581, "q_75": 0.0731347770197317, "min": 0.06996412761509418, "max": 0.07373609999194741, "mean": 0.07210431899875402, "std": 0.001300835458154754, "repeat": 10, "number": 1}]}, "irradiance.Irradiance.time_disc": {"result": [0.018368908436968923], "stats": [{"ci_99": [0.017613284289836884, 0.01992155099287629], "q_25": 0.01775049907155335, "q_75": 0.019315403886139393, "min": 0.017613284289836884, "max": 0.01992155099287629, "mean": 0.018553012469783425, "std": 0.0008184420698613583, "repeat": 10, "number": 1}]}, "irradiance.Irradiance.time_erbs": {"result": [0.01260336209088564], "stats": [{"ci_99": [0.011735334992408752, 0.013082324992865324], "q_25": 0.01226031908299774, "q_75": 0.012915721046738327, "min": 0.011735334992408752, "max": 0.013082324992865324, "mean": 0.012529680551961065, "std": 0.00045004183861771844, "repeat": 10, "number": 1}]}, "irradiance.Irradiance.time_get_extra_radiation": null, "irradiance.Irradiance.time_get_ground_diffuse": null, "irradiance.Irradiance.time_get_total_irradiance": null, "location.Location.time_location_get_airmass": {"result": [0.005379553767852485], "stats": [{"ci_99": [0.00533625902608037, 0.005432066973298788], "q_25": 0.005368703161366284, "q_75": 0.005390562349930406, "min": 0.00533625902608037, "max": 0.005432066973298788, "mean": 0.005379764712415636, "std": 2.385257527773851e-05, "repeat": 10, "number": 2}]}, "location.Location.time_location_get_clearsky": {"result": [0.4505101414397359], "stats": [{"ci_99": [0.4458055249415338, 0.4654401750303805], "q_25": 0.44946546701248735, "q_75": 0.46333000459708273, "min": 0.4458055249415338, "max": 0.4654401750303805, "mean": 0.45501215951517227, "std": 0.007395855506958528, "repeat": 10, "number": 1}]}, "location.Location.time_location_get_solarposition": {"result": [0.0179772162809968], "stats": [{"ci_99": [0.017836949788033962, 0.018387631978839636], "q_25": 0.0179421043721959, "q_75": 0.018105721450410783, "min": 0.017836949788033962, "max": 0.018387631978839636, "mean": 0.018033795664086937, "std": 0.00015234871064677842, "repeat": 10, "number": 1}]}, "location.Location_0_6_1.time_location_get_sun_rise_set_transit_pyephem": NaN, "location.Location_0_6_1.time_location_get_sun_rise_set_transit_spa": NaN, "solarposition.SolarPosition.time_ephemeris": {"result": [0.024889749940484762], "stats": [{"ci_99": [0.023646583780646324, 0.025397404097020626], "q_25": 0.02422208129428327, "q_75": 0.025156122050248086, "min": 0.023646583780646324, "max": 0.025397404097020626, "mean": 0.024703227914869785, "std": 0.0006154877812531335, "repeat": 10, "number": 1}]}, "solarposition.SolarPosition.time_ephemeris_localized": {"result": [0.24119608523324132], "stats": [{"ci_99": [0.23591541405767202, 0.2472807909362018], "q_25": 0.23671943263616413, "q_75": 0.2459543632576242, "min": 0.23591541405767202, "max": 0.2472807909362018, "mean": 0.24141066605225206, "std": 0.004915805563808014, "repeat": 10, "number": 1}]}, "solarposition.SolarPosition.time_nrel_earthsun_distance": {"result": [0.023096140008419752], "stats": [{"ci_99": [0.022968676406890154, 0.02316330373287201], "q_25": 0.023036522907204926, "q_75": 0.02313264785334468, "min": 0.022968676406890154, "max": 0.02316330373287201, "mean": 0.023086367966607214, "std": 6.0897344361755206e-05, "repeat": 10, "number": 1}]}, "solarposition.SolarPosition.time_spa_python": {"result": [0.028776529943570495], "stats": [{"ci_99": [0.02820909209549427, 0.03186289733275771], "q_25": 0.028415512875653803, "q_75": 0.03160455136094242, "min": 0.02820909209549427, "max": 0.03186289733275771, "mean": 0.02977251298725605, "std": 0.0015728268373629037, "repeat": 10, "number": 1}]}, "solarposition.SolarPosition.time_sun_rise_set_transit_spa": {"result": [0.050495882984250784], "stats": [{"ci_99": [0.05001856992021203, 0.05139122623950243], "q_25": 0.050157091463916004, "q_75": 0.05089234444312751, "min": 0.05001856992021203, "max": 0.05139122623950243, "mean": 0.05055326391011476, "std": 0.00044384601199626327, "repeat": 10, "number": 1}]}, "temperature.Fuentes.time_fuentes": NaN, "tracking.SingleAxis.time_singleaxis": {"result": [0.04472599201835692], "stats": [{"ci_99": [0.04284720728173852, 0.04811596916988492], "q_25": 0.044136728858575225, "q_75": 0.045376231195405126, "min": 0.04284720728173852, "max": 0.04811596916988492, "mean": 0.0449377017095685, "std": 0.0013483419030363567, "repeat": 10, "number": 1}]}, "tracking.SingleAxis.time_tracker_singleaxis": {"result": [0.04452568641863763], "stats": [{"ci_99": [0.04327153926715255, 0.04672994092106819], "q_25": 0.04382914619054645, "q_75": 0.0448402080219239, "min": 0.04327153926715255, "max": 0.04672994092106819, "mean": 0.04453175663948059, "std": 0.0009155349789058105, "repeat": 10, "number": 1}]}, "temperature.SAPM.time_sapm_cell": {"result": [0.0022528900764882563], "stats": [{"ci_99": [0.0022266214713454247, 0.0023137044161558153], "q_25": 0.0022409352008253332, "q_75": 0.0022599036572501065, "min": 0.0022266214713454247, "max": 0.0023137044161558153, "mean": 0.0022543605230748655, "std": 2.2825732725547323e-05, "repeat": 10, "number": 5}]}}, "params": {"arch": "x86_64", "cpu": "Intel Xeon Processor (Skylake, IBRS)", "machine": "pvlib-asv.forecasting.energy.arizona.edu", "num_cpu": "4", "os": "Linux 5.7.8-200.fc32.x86_64", "ram": "8145244", "python": "3.7", "ephem": "3.7.6.0", "numpy": "1.18.5", "pandas": "1.1.0", "pytables": "3.6.1", "scipy": "1.2.0"}, "requirements": {"ephem": "3.7.6.0", "numpy": "1.18.5", "pandas": "1.1.0", "pytables": "3.6.1", "scipy": "1.2.0"}, "commit_hash": "b41972054f5124e6f969549c711b97e3c64037b1", "date": 1518462065000, "env_name": "conda-py3.7-ephem3.7.6.0-numpy1.18.5-pandas1.1.0-pytables3.6.1-scipy1.2.0", "python": "3.7", "profiles": {}, "started_at": {"irradiance.Irradiance.time_aoi": 1599429427671, "irradiance.Irradiance.time_aoi_projection": 1599429432381, "irradiance.Irradiance.time_dirindex": 1599429437091, "irradiance.Irradiance.time_dirint": 1599429442501, "irradiance.Irradiance.time_disc": 1599429447511, "irradiance.Irradiance.time_erbs": 1599429452270, "irradiance.Irradiance.time_get_extra_radiation": 1599429416064, "irradiance.Irradiance.time_get_ground_diffuse": 1599429416917, "irradiance.Irradiance.time_get_total_irradiance": 1599429417771, "location.Location.time_location_get_airmass": 1599429456980, "location.Location.time_location_get_clearsky": 1599429457283, "location.Location.time_location_get_solarposition": 1599429460240, "location.Location_0_6_1.time_location_get_sun_rise_set_transit_pyephem": 1599429460593, "location.Location_0_6_1.time_location_get_sun_rise_set_transit_spa": 1599429460646, "solarposition.SolarPosition.time_ephemeris": 1599429460698, "solarposition.SolarPosition.time_ephemeris_localized": 1599429461001,