{"results": {"irradiance.Irradiance.time_aoi": {"result": [0.0023274161852896214], "stats": [{"ci_99": [0.0022785337641835213, 0.00247046435251832], "q_25": 0.0022987975273281334, "q_75": 0.002370666735805571, "min": 0.0022785337641835213, "max": 0.00247046435251832, "mean": 0.002344005182385445, "std": 5.9253827269765986e-05, "repeat": 10, "number": 5}]}, "irradiance.Irradiance.time_aoi_projection": {"result": [0.002004057557011644], "stats": [{"ci_99": [0.001943241183956464, 0.0020811647021522126], "q_25": 0.001960250820654134, "q_75": 0.00204869348090142, "min": 0.001943241183956464, "max": 0.0020811647021522126, "mean": 0.0020067054545506837, "std": 4.861025423733555e-05, "repeat": 10, "number": 6}]}, "irradiance.Irradiance.time_dirindex": {"result": [0.14023739122785628], "stats": [{"ci_99": [0.13806593511253595, 0.14500161400064826], "q_25": 0.13888741203118116, "q_75": 0.14240546175278723, "min": 0.13806593511253595, "max": 0.14500161400064826, "mean": 0.1408131575677544, "std": 0.0023267472087863377, "repeat": 10, "number": 1}]}, "irradiance.Irradiance.time_dirint": {"result": [0.07016639620997012], "stats": [{"ci_99": [0.06899817567318678, 0.07355765998363495], "q_25": 0.06946802465245128, "q_75": 0.07185647601727396, "min": 0.06899817567318678, "max": 0.07355765998363495, "mean": 0.07066179150715471, "std": 0.001475629568207393, "repeat": 10, "number": 1}]}, "irradiance.Irradiance.time_disc": {"result": [0.019738272298127413], "stats": [{"ci_99": [0.01846401486545801, 0.020632342901080847], "q_25": 0.018876049551181495, "q_75": 0.020030538202263415, "min": 0.01846401486545801, "max": 0.020632342901080847, "mean": 0.019551516324281693, "std": 0.0007156069856315439, "repeat": 10, "number": 1}]}, "irradiance.Irradiance.time_erbs": {"result": [0.012876975582912564], "stats": [{"ci_99": [0.012503908015787601, 0.01358191017061472], "q_25": 0.012797048082575202, "q_75": 0.01319993066135794, "min": 0.012503908015787601, "max": 0.01358191017061472, "mean": 0.012976476922631264, "std": 0.0003010449820804768, "repeat": 10, "number": 1}]}, "irradiance.Irradiance.time_get_extra_radiation": {"result": [0.002669189649168402], "stats": [{"ci_99": [0.0025915654841810465, 0.002753912005573511], "q_25": 0.0026557791570667177, "q_75": 0.0026842662191484123, "min": 0.0025915654841810465, "max": 0.002753912005573511, "mean": 0.002673375932499766, "std": 4.7350105611627454e-05, "repeat": 10, "number": 4}]}, "irradiance.Irradiance.time_get_ground_diffuse": {"result": [0.0005882513942196965], "stats": [{"ci_99": [0.0005124109564349055, 0.0006079156883060932], "q_25": 0.0005398790293838829, "q_75": 0.0005914355569984764, "min": 0.0005124109564349055, "max": 0.0006079156883060932, "mean": 0.0005693229287862778, "std": 3.418737072041616e-05, "repeat": 10, "number": 20}]}, "irradiance.Irradiance.time_get_total_irradiance": {"result": [0.0054123280569911], "stats": [{"ci_99": [0.0052345748990774155, 0.005596986971795559], "q_25": 0.005343538126908243, "q_75": 0.005505961598828435, "min": 0.0052345748990774155, "max": 0.005596986971795559, "mean": 0.005419347574934364, "std": 0.00011895380298761469, "repeat": 10, "number": 2}]}, "location.Location.time_location_get_airmass": {"result": [0.0014239972806535661], "stats": [{"ci_99": [0.0013088262639939785, 0.001531908754259348], "q_25": 0.0014138424739940092, "q_75": 0.0014399222854990512, "min": 0.0013088262639939785, "max": 0.001531908754259348, "mean": 0.0014301268733106554, "std": 5.51631003166647e-05, "repeat": 10, "number": 8}]}, "location.Location.time_location_get_clearsky": {"result": [0.012863794574514031], "stats": [{"ci_99": [0.012189291883260012, 0.012999727856367826], "q_25": 0.012819390860386193, "q_75": 0.012962443055585027, "min": 0.012189291883260012, "max": 0.012999727856367826, "mean": 0.012824955908581615, "std": 0.0002249539071088375, "repeat": 10, "number": 1}]}, "location.Location.time_location_get_solarposition": {"result": [0.017898660385981202], "stats": [{"ci_99": [0.017749425023794174, 0.01830281876027584], "q_25": 0.017823302652686834, "q_75": 0.017993554705753922, "min": 0.017749425023794174, "max": 0.01830281876027584, "mean": 0.017932714568451046, "std": 0.0001527459003166287, "repeat": 10, "number": 1}]}, "location.Location_0_6_1.time_location_get_sun_rise_set_transit_pyephem": {"result": [0.19557247473858297], "stats": [{"ci_99": [0.17883170722052455, 0.19671213394030929], "q_25": 0.19522931438405067, "q_75": 0.19628183834720403, "min": 0.17883170722052455, "max": 0.19671213394030929, "mean": 0.19410967091098427, "std": 0.005128992149917885, "repeat": 10, "number": 1}]}, "location.Location_0_6_1.time_location_get_sun_rise_set_transit_spa": {"result": [0.043374666944146156], "stats": [{"ci_99": [0.04296218417584896, 0.043936364352703094], "q_25": 0.04313400213140994, "q_75": 0.04343791794963181, "min": 0.04296218417584896, "max": 0.043936364352703094, "mean": 0.043348426930606365, "std": 0.0002650003923649218, "repeat": 10, "number": 1}]}, "solarposition.SolarPosition.time_ephemeris": {"result": [0.024575427174568176], "stats": [{"ci_99": [0.02341698994860053, 0.02636653697118163], "q_25": 0.024307665531523526, "q_75": 0.024780724197626114, "min": 0.02341698994860053, "max": 0.02636653697118163, "mean": 0.024603970907628538, "std": 0.000736346488894011, "repeat": 10, "number": 1}]}, "solarposition.SolarPosition.time_ephemeris_localized": {"result": [0.02388991368934512], "stats": [{"ci_99": [0.023422691971063614, 0.024385384749621153], "q_25": 0.023571936995722353, "q_75": 0.02398813865147531, "min": 0.023422691971063614, "max": 0.024385384749621153, "mean": 0.0238459634128958, "std": 0.0002939537376529947, "repeat": 10, "number": 1}]}, "solarposition.SolarPosition.time_nrel_earthsun_distance": {"result": [0.024000822799280286], "stats": [{"ci_99": [0.02395962504670024, 0.024132346268743277], "q_25": 0.023975216201506555, "q_75": 0.024025857797823846, "min": 0.02395962504670024, "max": 0.024132346268743277, "mean": 0.024011108465492724, "std": 4.853618541482069e-05, "repeat": 10, "number": 1}]}, "solarposition.SolarPosition.time_spa_python": {"result": [0.028705692617222667], "stats": [{"ci_99": [0.028470732737332582, 0.02907136408612132], "q_25": 0.02852216362953186, "q_75": 0.028891102876514196, "min": 0.028470732737332582, "max": 0.02907136408612132, "mean": 0.0287252985406667, "std": 0.00020808034119616588, "repeat": 10, "number": 1}]}, "solarposition.SolarPosition.time_sun_rise_set_transit_spa": {"result": [0.049797978485003114], "stats": [{"ci_99": [0.04931097384542227, 0.05032677762210369], "q_25": 0.04962315096054226, "q_75": 0.04990507452748716, "min": 0.04931097384542227, "max": 0.05032677762210369, "mean": 0.04977622018195689, "std": 0.0002735645257482093, "repeat": 10, "number": 1}]}, "temperature.Fuentes.time_fuentes": NaN, "temperature.SAPM.time_sapm_cell": {"result": [0.0021460573188960552], "stats": [{"ci_99": [0.0020710413809865713, 0.0022527451316515603], "q_25": 0.002092723191405336, "q_75": 0.00222163109962518, "min": 0.0020710413809865713, "max": 0.0022527451316515603, "mean": 0.002155465198059877, "std": 6.697056093597222e-05, "repeat": 10, "number": 6}]}, "tracking.SingleAxis.time_singleaxis": {"result": [0.006548277568072081], "stats": [{"ci_99": [0.006273380946367979, 0.0068975770846009254], "q_25": 0.006361577368807048, "q_75": 0.006814833031967282, "min": 0.006273380946367979, "max": 0.0068975770846009254, "mean": 0.006574330828152597, "std": 0.0002378848782591862, "repeat": 10, "number": 2}]}, "tracking.SingleAxis.time_tracker_singleaxis": {"result": [0.006469580694101751], "stats": [{"ci_99": [0.0061324164271354675, 0.006867011543363333], "q_25": 0.006364295142702758, "q_75": 0.006575236970093101, "min": 0.0061324164271354675, "max": 0.006867011543363333, "mean": 0.006471061054617167, "std": 0.00021266984864892259, "repeat": 10, "number": 2}]}}, "params": {"arch": "x86_64", "cpu": "Intel Xeon Processor (Skylake, IBRS)",