{"results": {"irradiance.Irradiance.time_aoi": {"result": [0.002396938158199191], "stats": [{"ci_99": [0.0023290935903787615, 0.002439818624407053], "q_25": 0.0023863745853304865, "q_75": 0.0024119482142850755, "min": 0.0023290935903787615, "max": 0.002439818624407053, "mean": 0.00239414980635047, "std": 2.96252478520155e-05, "repeat": 10, "number": 5}]}, "irradiance.Irradiance.time_aoi_projection": {"result": [0.0021554008591920136], "stats": [{"ci_99": [0.0021239656023681166, 0.002263056766241789], "q_25": 0.0021506492281332616, "q_75": 0.002177771343849599, "min": 0.0021239656023681166, "max": 0.002263056766241789, "mean": 0.002168312463909388, "std": 3.9187652381853945e-05, "repeat": 10, "number": 5}]}, "irradiance.Irradiance.time_dirindex": {"result": [0.06743159610778093], "stats": [{"ci_99": [0.06530001387000084, 0.07126468885689974], "q_25": 0.06667447031941265, "q_75": 0.06784151552710682, "min": 0.06530001387000084, "max": 0.07126468885689974, "mean": 0.06756641212850809, "std": 0.0015202610742124918, "repeat": 10, "number": 1}]}, "irradiance.Irradiance.time_dirint": {"result": [0.03292010282166302], "stats": [{"ci_99": [0.03253716975450516, 0.03347749635577202], "q_25": 0.032834844081662595, "q_75": 0.033122698427177966, "min": 0.03253716975450516, "max": 0.03347749635577202, "mean": 0.0329832658637315, "std": 0.0002931442434504566, "repeat": 10, "number": 1}]}, "irradiance.Irradiance.time_disc": {"result": [0.012620741268619895], "stats": [{"ci_99": [0.012337543070316315, 0.012974997982382774], "q_25": 0.012390178628265858, "q_75": 0.01280823047272861, "min": 0.012337543070316315, "max": 0.012974997982382774, "mean": 0.012618787260726095, "std": 0.00022691715013493732, "repeat": 10, "number": 1}]}, "irradiance.Irradiance.time_erbs": {"result": [0.0074278454994782805], "stats": [{"ci_99": [0.007277874043211341, 0.007900600787252188], "q_25": 0.007382443523965776, "q_75": 0.00745837448630482, "min": 0.007277874043211341, "max": 0.007900600787252188, "mean": 0.007484678085893393, "std": 0.000184436733395233, "repeat": 10, "number": 2}]}, "irradiance.Irradiance.time_get_extra_radiation": {"result": [0.0005363375181332231], "stats": [{"ci_99": [0.0005290013505145907, 0.0005421066889539361], "q_25": 0.0005351603322196752, "q_75": 0.0005378875706810505, "min": 0.0005290013505145907, "max": 0.0005421066889539361, "mean": 0.000536095870193094, "std": 3.379683123760839e-06, "repeat": 10, "number": 20}]}, "irradiance.Irradiance.time_get_ground_diffuse": {"result": [0.00036733898694717116], "stats": [{"ci_99": [0.00032814736327817364, 0.00043923445346374663], "q_25": 0.00034856369283290637, "q_75": 0.0004060560191470769, "min": 0.00032814736327817364, "max": 0.00043923445346374663, "mean": 0.00037424623996259706, "std": 3.646125778150599e-05, "repeat": 10, "number": 31}]}, "irradiance.Irradiance.time_get_total_irradiance": {"result": [0.004657151798407236], "stats": [{"ci_99": [0.004602554254233837, 0.004739987353483836], "q_25": 0.004647338918099801, "q_75": 0.004678804039334257, "min": 0.004602554254233837, "max": 0.004739987353483836, "mean": 0.004665205658723911, "std": 3.611124609817214e-05, "repeat": 10, "number": 3}]}, "location.Location.time_location_get_airmass": {"result": [0.0013676269445568323], "stats": [{"ci_99": [0.0013614578638225794, 0.0013801605091430247], "q_25": 0.0013634617207571864, "q_75": 0.001371434293105267, "min": 0.0013614578638225794, "max": 0.0013801605091430247, "mean": 0.0013683500466868282, "std": 5.544095324193005e-06, "repeat": 10, "number": 8}]}, "location.Location.time_location_get_clearsky": {"result": [0.009370499989017844], "stats": [{"ci_99": [0.009047630010172725, 0.009435154031962156], "q_25": 0.009120666712988168, "q_75": 0.009391410974785686, "min": 0.009047630010172725, "max": 0.009435154031962156, "mean": 0.00927599910646677, "std": 0.00014960609000497297, "repeat": 10, "number": 2}]}, "location.Location.time_location_get_solarposition": {"result": [0.014855245128273964], "stats": [{"ci_99": [0.014568504877388477, 0.014955342281609774], "q_25": 0.014815825852565467, "q_75": 0.014879199909046292, "min": 0.014568504877388477, "max": 0.014955342281609774, "mean": 0.014820049703121185, "std": 0.00011357500060766508, "repeat": 10, "number": 1}]}, "location.Location_0_6_1.time_location_get_sun_rise_set_transit_pyephem": {"result": [0.17912282864563167], "stats": [{"ci_99": [0.1783250248990953, 0.1795193417929113], "q_25": 0.1789213443407789, "q_75": 0.17926065146457404, "min": 0.1783250248990953, "max": 0.1795193417929113, "mean": 0.17906782450154424, "std": 0.00031343015300751504, "repeat": 10, "number": 1}]}, "location.Location_0_6_1.time_location_get_sun_rise_set_transit_spa": {"result": [0.0322137544862926], "stats": [{"ci_99": [0.03202410414814949, 0.032368412241339684], "q_25": 0.03210401476826519, "q_75": 0.03227689547929913, "min": 0.03202410414814949, "max": 0.032368412241339684, "mean": 0.03219506838358939, "std": 0.00010624331018738432, "repeat": 10, "number": 1}]}, "solarposition.SolarPosition.time_ephemeris": {"result": [0.01837146980687976], "stats": [{"ci_99": [0.01821248698979616, 0.01883972669020295], "q_25": 0.018250906839966774, "q_75": 0.01851498323958367, "min": 0.01821248698979616, "max": 0.01883972669020295, "mean": 0.018410344747826456, "std": 0.00019059032711347948, "repeat": 10, "number": 1}]}, "solarposition.SolarPosition.time_ephemeris_localized": {"result": [0.018462033942341805], "stats": [{"ci_99": [0.01817901525646448, 0.018609053920954466], "q_25": 0.01832110423129052, "q_75": 0.018565693637356162, "min": 0.01817901525646448, "max": 0.018609053920954466, "mean": 0.018433767976239322, "std": 0.00014171732698835713, "repeat": 10, "number": 1}]}, "solarposition.SolarPosition.time_nrel_earthsun_distance": {"result": [0.022611831547692418], "stats": [{"ci_99": [0.022501109167933464, 0.022726671770215034], "q_25": 0.02256902342196554, "q_75": 0.02266056928783655, "min": 0.022501109167933464, "max": 0.022726671770215034, "mean": 0.022615124564617874, "std": 7.157395835091744e-05, "repeat": 10, "number": 1}]}, "solarposition.SolarPosition.time_spa_python": {"result": [0.025478613562881947], "stats": [{"ci_99": [0.025430659763514996, 0.025580582208931446], "q_25": 0.025472348905168474, "q_75": 0.02550320909358561, "min": 0.025430659763514996, "max": 0.025580582208931446, "mean": 0.025494262808933854, "std": 4.392140292817835e-05, "repeat": 10, "number": 1}]}, "solarposition.SolarPosition.time_sun_rise_set_transit_spa": {"result": [0.037278165807947516], "stats": [{"ci_99": [0.037172478158026934, 0.03802560409530997], "q_25": 0.037236340111121535, "q_75": 0.03737091727089137, "min": 0.037172478158026934, "max": 0.03802560409530997, "mean": 0.037391104642301796, "std": 0.000267889594754748, "repeat": 10, "number": 1}]}, "temperature.Fuentes.time_fuentes": NaN, "temperature.SAPM.time_sapm_cell": {"result": [0.001013989687304605], "stats": [{"ci_99": [0.0009677652692930265, 0.0010617731816389344], "q_25": 0.0010034603871066463, "q_75": 0.0010337429544465108, "min": 0.0009677652692930265, "max": 0.0010617731816389344, "mean": 0.0010167509105733848, "std": 2.4635674973267132e-05, "repeat": 10, "number": 11}]}, "tracking.SingleAxis.time_singleaxis": {"result": [0.01883470150642097], "stats": [{"ci_99": [0.016846294049173594, 0.021434049122035503], "q_25": 0.018399317748844624, "q_75": 0.01983176078647375, "min": 0.016846294049173594, "max": 0.021434049122035503, "mean": 0.018993911286816, "std": 0.0013405000641571606, "repeat": 10, "number": 1}]}, "tracking.SingleAxis.time_tracker_singleaxis": {"result": [0.021324825938791037], "stats": [{"ci_99": [0.017882426269352436, 0.023007455747574568], "q_25": 0.01999904145486653, "q_75": 0.022858613869175315, "min": 0.017882426269352436, "max": 0.023007455747574568, "mean": 0.021143308049067853, "std": 0.0017688103739407878, "repeat": 10, "number": 1}]}}, "params": {"arch": "x86_64", "cpu": "Intel Xeon Processor (Skylake, IBRS)",