{"results": {"irradiance.Irradiance.time_aoi": {"result": [0.0024274502880871295], "stats": [{"ci_99": [0.002348477579653263, 0.0024802397936582567], "q_25": 0.002386281848885119, "q_75": 0.0024633281631395217, "min": 0.002348477579653263, "max": 0.0024802397936582567, "mean": 0.0024238741304725402, "std": 4.548156260010134e-05, "repeat": 10, "number": 5}]}, "irradiance.Irradiance.time_aoi_projection": {"result": [0.0020531771006062627], "stats": [{"ci_99": [0.00197184132412076, 0.0021968126917878785], "q_25": 0.002017467108089477, "q_75": 0.0020692925124118724, "min": 0.00197184132412076, "max": 0.0021968126917878785, "mean": 0.0020510223461315037, "std": 5.939674777099547e-05, "repeat": 10, "number": 6}]}, "irradiance.Irradiance.time_dirindex": {"result": [0.14059831551276147], "stats": [{"ci_99": [0.13752490375190973, 0.1475796620361507], "q_25": 0.13992897584103048, "q_75": 0.14250546507537365, "min": 0.13752490375190973, "max": 0.1475796620361507, "mean": 0.14137763483449817, "std": 0.0028265086503317066, "repeat": 10, "number": 1}]}, "irradiance.Irradiance.time_dirint": {"result": [0.06944837491028011], "stats": [{"ci_99": [0.06868960009887815, 0.07037292933091521], "q_25": 0.06902668869588524, "q_75": 0.07001320249401033, "min": 0.06868960009887815, "max": 0.07037292933091521, "mean": 0.06950358524918557, "std": 0.0005582910909694102, "repeat": 10, "number": 1}]}, "irradiance.Irradiance.time_disc": {"result": [0.019676200579851866], "stats": [{"ci_99": [0.01874396624043584, 0.02043540310114622], "q_25": 0.01951349328737706, "q_75": 0.02009886654559523, "min": 0.01874396624043584, "max": 0.02043540310114622, "mean": 0.01969781219959259, "std": 0.0004895405971805952, "repeat": 10, "number": 1}]}, "irradiance.Irradiance.time_erbs": {"result": [0.013329226290807128], "stats": [{"ci_99": [0.01245481800287962, 0.01410629227757454], "q_25": 0.012838377966545522, "q_75": 0.01388536929152906, "min": 0.01245481800287962, "max": 0.01410629227757454, "mean": 0.013312682183459401, "std": 0.000575680001960602, "repeat": 10, "number": 1}]}, "irradiance.Irradiance.time_get_extra_radiation": {"result": [0.0026436911430209875], "stats": [{"ci_99": [0.002593527315184474, 0.0026725102216005325], "q_25": 0.0026327115192543715, "q_75": 0.0026571766065899283, "min": 0.002593527315184474, "max": 0.0026725102216005325, "mean": 0.0026400861563161014, "std": 2.373478421465771e-05, "repeat": 10, "number": 4}]}, "irradiance.Irradiance.time_get_ground_diffuse": {"result": [0.0005290215026195112], "stats": [{"ci_99": [0.0005101356900444156, 0.0005986544205562064], "q_25": 0.0005227394806417195, "q_75": 0.0005709063874459581, "min": 0.0005101356900444156, "max": 0.0005986544205562064, "mean": 0.0005435344223913394, "std": 3.154099972748882e-05, "repeat": 10, "number": 19}]}, "irradiance.Irradiance.time_get_total_irradiance": {"result": [0.00542617856990546], "stats": [{"ci_99": [0.0053839145693928, 0.005984280025586486], "q_25": 0.0054027124424465, "q_75": 0.005501107370946556, "min": 0.0053839145693928, "max": 0.005984280025586486, "mean": 0.005492450599558651, "std": 0.00017103613235758426, "repeat": 10, "number": 2}]}, "location.Location.time_location_get_airmass": {"result": [0.0014133515651337802], "stats": [{"ci_99": [0.0013087638653814793, 0.001450409647077322], "q_25": 0.0014087438175920397, "q_75": 0.0014249846572056413, "min": 0.0013087638653814793, "max": 0.001450409647077322, "mean": 0.0013992744963616133, "std": 4.5410067573689944e-05, "repeat": 10, "number": 8}]}, "location.Location.time_location_get_clearsky": {"result": [0.012776920339092612], "stats": [{"ci_99": [0.01211898634210229, 0.013111922889947891], "q_25": 0.012556310510262847, "q_75": 0.012827981496229768, "min": 0.01211898634210229, "max": 0.013111922889947891, "mean": 0.012691811798140407, "std": 0.0002655205578487772, "repeat": 10, "number": 1}]}, "location.Location.time_location_get_solarposition": {"result": [0.017698819050565362], "stats": [{"ci_99": [0.01750698871910572, 0.01806860975921154], "q_25": 0.017560567473992705, "q_75": 0.017794082639738917, "min": 0.01750698871910572, "max": 0.01806860975921154, "mean": 0.017724468419328333, "std": 0.00018932245561689912, "repeat": 10, "number": 1}]}, "location.Location_0_6_1.time_location_get_sun_rise_set_transit_pyephem": {"result": [0.19530213112011552], "stats": [{"ci_99": [0.19446391379460692, 0.19578304514288902], "q_25": 0.19529792107641697, "q_75": 0.19541033648420125, "min": 0.19446391379460692, "max": 0.19578304514288902, "mean": 0.19529883824288846, "std": 0.00031524199098486064, "repeat": 10, "number": 1}]}, "location.Location_0_6_1.time_location_get_sun_rise_set_transit_spa": {"result": [0.042782112723216414], "stats": [{"ci_99": [0.04244240699335933, 0.04391124192625284], "q_25": 0.04264458850957453, "q_75": 0.04296144063118845, "min": 0.04244240699335933, "max": 0.04391124192625284, "mean": 0.04290921376086772, "std": 0.00043285497698386744, "repeat": 10, "number": 1}]}, "solarposition.SolarPosition.time_ephemeris": {"result": [0.024739890825003386], "stats": [{"ci_99": [0.023539936169981956, 0.025676091201603413], "q_25": 0.023824960342608392, "q_75": 0.025262758368626237, "min": 0.023539936169981956, "max": 0.025676091201603413, "mean": 0.024586370261386038, "std": 0.0007472124696083264, "repeat": 10, "number": 1}]}, "solarposition.SolarPosition.time_ephemeris_localized": {"result": [0.02487062942236662], "stats": [{"ci_99": [0.02400229126214981, 0.025276104919612408], "q_25": 0.02476631326135248, "q_75": 0.024993416969664395, "min": 0.02400229126214981, "max": 0.025276104919612408, "mean": 0.02483229860663414, "std": 0.00032489618417763617, "repeat": 10, "number": 1}]}, "solarposition.SolarPosition.time_nrel_earthsun_distance": {"result": [0.024016599636524916], "stats": [{"ci_99": [0.02396537084132433, 0.02423791727051139], "q_25": 0.023978488869033754, "q_75": 0.02407458471134305, "min": 0.02396537084132433, "max": 0.02423791727051139, "mean": 0.02404572078958154, "std": 8.687372146393419e-05, "repeat": 10, "number": 1}]}, "solarposition.SolarPosition.time_spa_python": {"result": [0.028602284844964743], "stats": [{"ci_99": [0.02836622716858983, 0.029270013328641653], "q_25": 0.02838583500124514, "q_75": 0.02902992838062346, "min": 0.02836622716858983, "max": 0.029270013328641653, "mean": 0.02870262539945543, "std": 0.0003292192919318943, "repeat": 10, "number": 1}]}, "solarposition.SolarPosition.time_sun_rise_set_transit_spa": {"result": [0.049090261571109295], "stats": [{"ci_99": [0.04891493497416377, 0.04980864096432924], "q_25": 0.04898887674789876, "q_75": 0.049333552247844636, "min": 0.04891493497416377, "max": 0.04980864096432924, "mean": 0.049216375406831506, "std": 0.0003009932787523581, "repeat": 10, "number": 1}]}, "temperature.Fuentes.time_fuentes": NaN, "temperature.SAPM.time_sapm_cell": {"result": [0.001602508859442813], "stats": [{"ci_99": [0.00156735788498606, 0.0016252947305994375], "q_25": 0.0015971018001437187, "q_75": 0.001612447002636535, "min": 0.00156735788498606, "max": 0.0016252947305994375, "mean": 0.0016019209221537628, "std": 1.696815104908782e-05, "repeat": 10, "number": 7}]}, "tracking.SingleAxis.time_singleaxis": {"result": [0.006586414761841297], "stats": [{"ci_99": [0.006388489389792085, 0.007169372634962201], "q_25": 0.006474363093730062, "q_75": 0.006727112457156181, "min": 0.006388489389792085, "max": 0.007169372634962201, "mean": 0.0066653992747887966, "std": 0.0002711794835873175, "repeat": 10, "number": 2}]}, "tracking.SingleAxis.time_tracker_singleaxis": {"result": [0.006460893549956381], "stats": [{"ci_99": [0.006189684150740504, 0.006707871565595269], "q_25": 0.006411781418137252, "q_75": 0.006526963145006448, "min": 0.006189684150740504, "max": 0.006707871565595269, "mean": 0.00647455349098891, "std": 0.00013824910985411965, "repeat": 10, "number": 2}]}}, "params": {"arch": "x86_64", "cpu": "Intel Xeon Processor (Skylake, IBRS)", "machine": "pvlib-asv.forecasting.energy.arizona.edu",