{"results": {"irradiance.Irradiance.time_aoi": {"result": [0.00220263977535069], "stats": [{"ci_99": [0.0021655683405697344, 0.0024506300687789917], "q_25": 0.00217296676710248, "q_75": 0.00224780838470906, "min": 0.0021655683405697344, "max": 0.0024506300687789917, "mean": 0.0022284551803022625, "std": 8.109241515718737e-05, "repeat": 10, "number": 5}]}, "irradiance.Irradiance.time_aoi_projection": {"result": [0.002206452609971166], "stats": [{"ci_99": [0.0021698867902159693, 0.002347803581506014], "q_25": 0.002195184421725571, "q_75": 0.0022443090332672, "min": 0.0021698867902159693, "max": 0.002347803581506014, "mean": 0.0022242787107825276, "std": 5.0421053851953045e-05, "repeat": 10, "number": 5}]}, "irradiance.Irradiance.time_dirindex": {"result": [0.15004140231758356], "stats": [{"ci_99": [0.1436832551844418, 0.15353171806782484], "q_25": 0.14748333545867354, "q_75": 0.15150929510127753, "min": 0.1436832551844418, "max": 0.15353171806782484, "mean": 0.14932260462082922, "std": 0.0029931016375682, "repeat": 10, "number": 1}]}, "irradiance.Irradiance.time_dirint": {"result": [0.07131608994677663], "stats": [{"ci_99": [0.07092374982312322, 0.07355078589171171], "q_25": 0.07102317805401981, "q_75": 0.07282068592030555, "min": 0.07092374982312322, "max": 0.07355078589171171, "mean": 0.07185840792953968, "std": 0.0010117229496923723, "repeat": 10, "number": 1}]}, "irradiance.Irradiance.time_disc": {"result": [0.019072225084528327], "stats": [{"ci_99": [0.017929341178387403, 0.020091206766664982], "q_25": 0.018180636106990278, "q_75": 0.019895764882676303, "min": 0.017929341178387403, "max": 0.020091206766664982, "mean": 0.019056881917640565, "std": 0.0009011005773768115, "repeat": 10, "number": 1}]}, "irradiance.Irradiance.time_erbs": {"result": [0.013523850357159972], "stats": [{"ci_99": [0.012351817917078733, 0.013844808097928762], "q_25": 0.012842903146520257, "q_75": 0.013600176433101296, "min": 0.012351817917078733, "max": 0.013844808097928762, "mean": 0.013265394419431687, "std": 0.0004978058194887067, "repeat": 10, "number": 1}]}, "irradiance.Irradiance.time_get_extra_radiation": {"result": [0.002645742380991578], "stats": [{"ci_99": [0.002620850456878543, 0.002882784465327859], "q_25": 0.0026275351992808282, "q_75": 0.0026541266997810453, "min": 0.002620850456878543, "max": 0.002882784465327859, "mean": 0.002684913307894021, "std": 9.566800309329359e-05, "repeat": 10, "number": 4}]}, "irradiance.Irradiance.time_get_ground_diffuse": {"result": [0.0005211608214794021], "stats": [{"ci_99": [0.0005073780929179568, 0.0005635366726078485], "q_25": 0.0005121449082109489, "q_75": 0.000534708666811256, "min": 0.0005073780929179568, "max": 0.0005635366726078485, "mean": 0.0005275155000976827, "std": 1.8957105310901846e-05, "repeat": 10, "number": 19}]}, "irradiance.Irradiance.time_get_total_irradiance": {"result": [0.005257662502117455], "stats": [{"ci_99": [0.0050964695401489735, 0.005469925003126264], "q_25": 0.005165084206964821, "q_75": 0.005357536545488983, "min": 0.0050964695401489735, "max": 0.005469925003126264, "mean": 0.005268261954188347, "std": 0.00012152085531967303, "repeat": 10, "number": 2}]}, "location.Location.time_location_get_airmass": {"result": [0.001484150333063943], "stats": [{"ci_99": [0.0014775402710906097, 0.0014964535699359008], "q_25": 0.0014817745956991401, "q_75": 0.0014882561351571763, "min": 0.0014775402710906097, "max": 0.0014964535699359008, "mean": 0.0014851552899926902, "std": 5.342045794697425e-06, "repeat": 10, "number": 7}]}, "location.Location.time_location_get_clearsky": {"result": [0.013036277843639255], "stats": [{"ci_99": [0.012037748005241156, 0.014186407905071974], "q_25": 0.012966189649887383, "q_75": 0.01358149282168597, "min": 0.012037748005241156, "max": 0.014186407905071974, "mean": 0.013195536378771067, "std": 0.0005499843452974363, "repeat": 10, "number": 1}]}, "location.Location.time_location_get_solarposition": {"result": [0.017671107314527035], "stats": [{"ci_99": [0.01751880068331957, 0.018206996843218803], "q_25": 0.017650552559643984, "q_75": 0.01777198037598282, "min": 0.01751880068331957, "max": 0.018206996843218803, "mean": 0.0177380274515599, "std": 0.00019435636487866425, "repeat": 10, "number": 1}]}, "location.Location_0_6_1.time_location_get_sun_rise_set_transit_pyephem": {"result": [0.19588465616106987], "stats": [{"ci_99": [0.17885711695998907, 0.19640011806041002], "q_25": 0.19578681199345738, "q_75": 0.1960010826587677, "min": 0.17885711695998907, "max": 0.19640011806041002, "mean": 0.19418100700713695, "std": 0.005120271494224341, "repeat": 10, "number": 1}]}, "location.Location_0_6_1.time_location_get_sun_rise_set_transit_spa": {"result": [0.04211203730665147], "stats": [{"ci_99": [0.04188916692510247, 0.042525784112513065], "q_25": 0.042043551336973906, "q_75": 0.04224808549042791, "min": 0.04188916692510247, "max": 0.042525784112513065, "mean": 0.04214427582919598, "std": 0.0001864026526082743, "repeat": 10, "number": 1}]}, "solarposition.SolarPosition.time_ephemeris": {"result": [0.024123796029016376], "stats": [{"ci_99": [0.023572923615574837, 0.02502893703058362], "q_25": 0.023711221758276224, "q_75": 0.024821361526846886, "min": 0.023572923615574837, "max": 0.02502893703058362, "mean": 0.024224655935540795, "std": 0.0005694027692481035, "repeat": 10, "number": 1}]}, "solarposition.SolarPosition.time_ephemeris_localized": {"result": [0.025383913423866034], "stats": [{"ci_99": [0.02364475606009364, 0.025720584206283092], "q_25": 0.02417638571932912, "q_75": 0.025529086124151945, "min": 0.02364475606009364, "max": 0.025720584206283092, "mean": 0.024942806642502546, "std": 0.0008137308957233753, "repeat": 10, "number": 1}]}, "solarposition.SolarPosition.time_nrel_earthsun_distance": {"result": [0.024391198996454477], "stats": [{"ci_99": [0.024327257182449102, 0.024447094183415174], "q_25": 0.02436877484433353, "q_75": 0.02442442683968693, "min": 0.024327257182449102, "max": 0.024447094183415174, "mean": 0.024394383607432246, "std": 3.779312900985077e-05, "repeat": 10, "number": 1}]}, "solarposition.SolarPosition.time_spa_python": {"result": [0.028239483945071697], "stats": [{"ci_99": [0.028098688926547766, 0.028447390999644995], "q_25": 0.02818484336603433, "q_75": 0.02833427384030074, "min": 0.028098688926547766, "max": 0.028447390999644995, "mean": 0.028263048268854618, "std": 0.00011209131243278974, "repeat": 10, "number": 1}]}, "solarposition.SolarPosition.time_sun_rise_set_transit_spa": {"result": [0.04932073736563325], "stats": [{"ci_99": [0.049054075963795185, 0.0495439819060266], "q_25": 0.04919415549375117, "q_75": 0.04938820726238191, "min": 0.049054075963795185, "max": 0.0495439819060266, "mean": 0.0492960624396801, "std": 0.00015265745795902316, "repeat": 10, "number": 1}]}, "temperature.Fuentes.time_fuentes": {"result": null, "params": [["'a'", "'b'", "'deltaT'"]]}, "temperature.SAPM.time_sapm_cell": {"result": null, "params": [["'a'", "'b'", "'deltaT'"]]}, "tracking.SingleAxis.time_singleaxis": {"result": [0.006487854174338281], "stats": [{"ci_99": [0.006226298864930868, 0.006632204866036773], "q_25": 0.006355468183755875, "q_75": 0.006562951719388366, "min": 0.006226298864930868, "max": 0.006632204866036773, "mean": 0.006456111581064761, "std": 0.0001394755955785936, "repeat": 10, "number": 2}]}, "tracking.SingleAxis.time_tracker_singleaxis": {"result": [0.00650615431368351], "stats": [{"ci_99": [0.00622518896125257, 0.006778175011277199], "q_25": 0.0063491458422504365, "q_75": 0.006669261900242418, "min": 0.00622518896125257, "max": 0.006778175011277199, "mean": 0.0065015771891921755, "std": 0.00018282020449496994, "repeat": 10, "number": 2}]}}, "params": {"arch": "x86_64", "cpu": "Intel Xeon Processor (Skylake, IBRS)", "machine": "pvlib-asv.forecasting.energy.arizona.edu", "num_cpu": "4", "os": "Linux 5.7.8-200.fc32.x86_64", "ram": "8145244", "python": "3.7", "ephem": "3.7.6.0", "numpy": "1.18.5", "pandas": "1.1.0", "pytables": "3.6.1", "scipy": "1.2.0"},