{"results": {"irradiance.Irradiance.time_aoi": {"result": [0.0023456976749002935], "stats": [{"ci_99": [0.0022911014035344123, 0.002551505994051695], "q_25": 0.0023067318135872486, "q_75": 0.002370705339126289, "min": 0.0022911014035344123, "max": 0.002551505994051695, "mean": 0.0023592317663133143, "std": 7.404873733870949e-05, "repeat": 10, "number": 5}]}, "irradiance.Irradiance.time_aoi_projection": {"result": [0.00196919129230082], "stats": [{"ci_99": [0.0019111683592200278, 0.0020460518077015876], "q_25": 0.0019246971933171153, "q_75": 0.002028492605313659, "min": 0.0019111683592200278, "max": 0.0020460518077015876, "mean": 0.001974465260282159, "std": 5.344760715279681e-05, "repeat": 10, "number": 5}]}, "irradiance.Irradiance.time_dirindex": {"result": [0.1397569510154426], "stats": [{"ci_99": [0.13842105399817228, 0.14379986329004169], "q_25": 0.13909497996792197, "q_75": 0.14149575249757618, "min": 0.13842105399817228, "max": 0.14379986329004169, "mean": 0.1404339146334678, "std": 0.0017116680052952952, "repeat": 10, "number": 1}]}, "irradiance.Irradiance.time_dirint": {"result": [0.07003080332651734], "stats": [{"ci_99": [0.0689156400039792, 0.07183347875252366], "q_25": 0.06955733348149806, "q_75": 0.07048083376139402, "min": 0.0689156400039792, "max": 0.07183347875252366, "mean": 0.07011227416805924, "std": 0.0007780937617471374, "repeat": 10, "number": 1}]}, "irradiance.Irradiance.time_disc": {"result": [0.01890979497693479], "stats": [{"ci_99": [0.018590359948575497, 0.02016462618485093], "q_25": 0.0186670949915424, "q_75": 0.01993253198452294, "min": 0.018590359948575497, "max": 0.02016462618485093, "mean": 0.01924316780641675, "std": 0.0006496597783349782, "repeat": 10, "number": 1}]}, "irradiance.Irradiance.time_erbs": {"result": [0.013215074082836509], "stats": [{"ci_99": [0.012704691849648952, 0.013935994822531939], "q_25": 0.012867872952483594, "q_75": 0.013441851013340056, "min": 0.012704691849648952, "max": 0.013935994822531939, "mean": 0.013215233385562897, "std": 0.0003742378751301286, "repeat": 10, "number": 1}]}, "irradiance.Irradiance.time_get_extra_radiation": {"result": [0.00265637538395822], "stats": [{"ci_99": [0.0025997795164585114, 0.0026747539639472963], "q_25": 0.0026383452583104375, "q_75": 0.002665652148425579, "min": 0.0025997795164585114, "max": 0.0026747539639472963, "mean": 0.0026472079101949927, "std": 2.6161793579251025e-05, "repeat": 10, "number": 5}]}, "irradiance.Irradiance.time_get_ground_diffuse": {"result": [0.0005566469277255237], "stats": [{"ci_99": [0.000510673550888896, 0.0005882808472961187], "q_25": 0.000537484308006242, "q_75": 0.0005726295232307165, "min": 0.000510673550888896, "max": 0.0005882808472961187, "mean": 0.0005544425593689083, "std": 2.53533568381948e-05, "repeat": 10, "number": 20}]}, "irradiance.Irradiance.time_get_total_irradiance": {"result": [0.005382389295846224], "stats": [{"ci_99": [0.005254914052784443, 0.005478081991896033], "q_25": 0.005360656010452658, "q_75": 0.005432755104266107, "min": 0.005254914052784443, "max": 0.005478081991896033, "mean": 0.005379140190780163, "std": 6.906900345397648e-05, "repeat": 10, "number": 2}]}, "location.Location.time_location_get_airmass": {"result": [0.001398650201736018], "stats": [{"ci_99": [0.0013095514732412994, 0.0014236733550205827], "q_25": 0.0013919419434387237, "q_75": 0.0014053317718207836, "min": 0.0013095514732412994, "max": 0.0014236733550205827, "mean": 0.0013932476402260363, "std": 2.9732020238091313e-05, "repeat": 10, "number": 8}]}, "location.Location.time_location_get_clearsky": {"result": [0.012589873047545552], "stats": [{"ci_99": [0.012087647803127766, 0.012942510191351175], "q_25": 0.012147076544351876, "q_75": 0.01279843773227185, "min": 0.012087647803127766, "max": 0.012942510191351175, "mean": 0.012505938671529293, "std": 0.00033848210893104873, "repeat": 10, "number": 1}]}, "location.Location.time_location_get_solarposition": {"result": [0.017791917081922293], "stats": [{"ci_99": [0.01752789318561554, 0.017895773984491825], "q_25": 0.017703897203318775, "q_75": 0.017806243267841637, "min": 0.01752789318561554, "max": 0.017895773984491825, "mean": 0.017753443354740737, "std": 0.00011246634906213956, "repeat": 10, "number": 1}]}, "location.Location_0_6_1.time_location_get_sun_rise_set_transit_pyephem": {"result": [0.19460576586425304], "stats": [{"ci_99": [0.177862542681396, 0.1956311482936144], "q_25": 0.19438757200259715, "q_75": 0.19520153454504907, "min": 0.177862542681396, "max": 0.1956311482936144, "mean": 0.19314007265493274, "std": 0.005110950144866481, "repeat": 10, "number": 1}]}, "location.Location_0_6_1.time_location_get_sun_rise_set_transit_spa": {"result": [0.042083056177943945], "stats": [{"ci_99": [0.04174893395975232, 0.04240307305008173], "q_25": 0.042038153507746756, "q_75": 0.042153491638600826, "min": 0.04174893395975232, "max": 0.04240307305008173, "mean": 0.0420842663384974, "std": 0.00015617788088164732, "repeat": 10, "number": 1}]}, "solarposition.SolarPosition.time_ephemeris": {"result": [0.024770868243649602], "stats": [{"ci_99": [0.02446371503174305, 0.02490566810593009], "q_25": 0.02460762148257345, "q_75": 0.02480889856815338, "min": 0.02446371503174305, "max": 0.02490566810593009, "mean": 0.024718219181522727, "std": 0.00013139499706780596, "repeat": 10, "number": 1}]}, "solarposition.SolarPosition.time_ephemeris_localized": {"result": [0.025753199821338058], "stats": [{"ci_99": [0.02483817795291543, 0.027455639094114304], "q_25": 0.02503290050663054, "q_75": 0.026616986957378685, "min": 0.02483817795291543, "max": 0.027455639094114304, "mean": 0.025909582898020745, "std": 0.0009264826028341609, "repeat": 10, "number": 1}]}, "solarposition.SolarPosition.time_nrel_earthsun_distance": {"result": [0.02345053246244788], "stats": [{"ci_99": [0.023078690748661757, 0.0238131582736969], "q_25": 0.023353113094344735, "q_75": 0.02356784522999078, "min": 0.023078690748661757, "max": 0.0238131582736969, "mean": 0.023477831901982427, "std": 0.0002094831705156282, "repeat": 10, "number": 1}]}, "solarposition.SolarPosition.time_spa_python": {"result": [0.028337455354630947], "stats": [{"ci_99": [0.028030921705067158, 0.028488215059041977], "q_25": 0.028267858549952507, "q_75": 0.028412859537638724, "min": 0.028030921705067158, "max": 0.028488215059041977, "mean": 0.028322862414643168, "std": 0.00012232163650771678, "repeat": 10, "number": 1}]}, "solarposition.SolarPosition.time_sun_rise_set_transit_spa": {"result": [0.04894507257267833], "stats": [{"ci_99": [0.04838501429185271, 0.04956068703904748], "q_25": 0.04860155493952334, "q_75": 0.04906468954868615, "min": 0.04838501429185271, "max": 0.04956068703904748, "mean": 0.048917996464297175, "std": 0.0003554715366717487, "repeat": 10, "number": 1}]}, "temperature.Fuentes.time_fuentes": NaN, "temperature.SAPM.time_sapm_cell": {"result": [0.0018828681204468012], "stats": [{"ci_99": [0.0016570651371564185, 0.0018873025796243123], "q_25": 0.0018631045573524066, "q_75": 0.0018859122148049729, "min": 0.0016570651371564185, "max": 0.0018873025796243123, "mean": 0.0018402420183909792, "std": 8.249079292215014e-05, "repeat": 10, "number": 7}]}, "tracking.SingleAxis.time_singleaxis": {"result": [0.0062280099373310804], "stats": [{"ci_99": [0.006083384621888399, 0.00662366533651948], "q_25": 0.006120492646005005, "q_75": 0.006392968411091715, "min": 0.006083384621888399, "max": 0.00662366533651948, "mean": 0.006268717744387686, "std": 0.00017325540461782707, "repeat": 10, "number": 2}]}, "tracking.SingleAxis.time_tracker_singleaxis": {"result": [0.006264899275265634], "stats": [{"ci_99": [0.0061084129847586155, 0.006663776468485594], "q_25": 0.006181192584335804, "q_75": 0.006465431360993534, "min": 0.0061084129847586155, "max": 0.006663776468485594, "mean": 0.006317655486054718, "std": 0.0001771290180470855, "repeat": 10, "number": 2}]}}, "params": {"arch": "x86_64", "cpu": "Intel Xeon Processor (Skylake, IBRS)",