{"results": {"irradiance.Irradiance.time_aoi": {"result": [0.002352538565173745], "stats": [{"ci_99": [0.002316592261195183, 0.002394599560648203], "q_25": 0.002339022443629801, "q_75": 0.002367011201567948, "min": 0.002316592261195183, "max": 0.002394599560648203, "mean": 0.002352680517360568, "std": 2.1943187341785294e-05, "repeat": 10, "number": 5}]}, "irradiance.Irradiance.time_aoi_projection": {"result": [0.002129595773294568], "stats": [{"ci_99": [0.002099009416997433, 0.0021512829698622227], "q_25": 0.002115444024093449, "q_75": 0.0021457517985254524, "min": 0.002099009416997433, "max": 0.0021512829698622227, "mean": 0.0021288118045777083, "std": 1.7394200373876274e-05, "repeat": 10, "number": 5}]}, "irradiance.Irradiance.time_dirindex": {"result": [0.06489865086041391], "stats": [{"ci_99": [0.064549770206213, 0.06802137708291411], "q_25": 0.06481257709674537, "q_75": 0.06515677436254919, "min": 0.064549770206213, "max": 0.06802137708291411, "mean": 0.06524262889288365, "std": 0.0009611871899584543, "repeat": 10, "number": 1}]}, "irradiance.Irradiance.time_dirint": {"result": [0.03210343001410365], "stats": [{"ci_99": [0.0315466639585793, 0.03330553416162729], "q_25": 0.03171999566257, "q_75": 0.03236176969949156, "min": 0.0315466639585793, "max": 0.03330553416162729, "mean": 0.03216341864317655, "std": 0.000523763322754217, "repeat": 10, "number": 1}]}, "irradiance.Irradiance.time_disc": {"result": [0.01247427985072136], "stats": [{"ci_99": [0.01209243293851614, 0.012758917175233364], "q_25": 0.012202037964016199, "q_75": 0.012703355052508414, "min": 0.01209243293851614, "max": 0.012758917175233364, "mean": 0.012449610652402044, "std": 0.00025537351712027237, "repeat": 10, "number": 1}]}, "irradiance.Irradiance.time_erbs": {"result": [0.006722325808368623], "stats": [{"ci_99": [0.006618227111175656, 0.00690227746963501], "q_25": 0.006649851624388248, "q_75": 0.006798416492529213, "min": 0.006618227111175656, "max": 0.00690227746963501, "mean": 0.006729422393254936, "std": 9.0670994949171e-05, "repeat": 10, "number": 2}]}, "irradiance.Irradiance.time_get_extra_radiation": {"result": [0.0005330510670319199], "stats": [{"ci_99": [0.0005244757514446974, 0.0005403493065387011], "q_25": 0.0005317667499184609, "q_75": 0.0005378557601943613, "min": 0.0005244757514446974, "max": 0.0005403493065387011, "mean": 0.0005337754101492465, "std": 4.740437529331106e-06, "repeat": 10, "number": 20}]}, "irradiance.Irradiance.time_get_ground_diffuse": {"result": [0.0003543758704777687], "stats": [{"ci_99": [0.0003298904236045576, 0.00039557783654139885], "q_25": 0.00033445121164643956, "q_75": 0.00035988913488484197, "min": 0.0003298904236045576, "max": 0.00039557783654139885, "mean": 0.00035183753728145557, "std": 1.9207412960526087e-05, "repeat": 10, "number": 31}]}, "irradiance.Irradiance.time_get_total_irradiance": {"result": [0.004516620344171922], "stats": [{"ci_99": [0.004415770682195823, 0.004614438395947218], "q_25": 0.004460698924958706, "q_75": 0.004547188601767023, "min": 0.004415770682195823, "max": 0.004614438395947218, "mean": 0.004508900394042333, "std": 6.04549489948725e-05, "repeat": 10, "number": 3}]}, "location.Location.time_location_get_airmass": {"result": [0.0013734549575019628], "stats": [{"ci_99": [0.0013635572395287454, 0.0014423747197724879], "q_25": 0.001370775789837353, "q_75": 0.0013897325115976855, "min": 0.0013635572395287454, "max": 0.0014423747197724879, "mean": 0.0013835089979693294, "std": 2.24700141882211e-05, "repeat": 10, "number": 8}]}, "location.Location.time_location_get_clearsky": {"result": [0.009422611445188522], "stats": [{"ci_99": [0.009095408488065004, 0.010118969017639756], "q_25": 0.00931255501927808, "q_75": 0.009488350537139922, "min": 0.009095408488065004, "max": 0.010118969017639756, "mean": 0.009456874919123948, "std": 0.00028544994212720504, "repeat": 10, "number": 2}]}, "location.Location.time_location_get_solarposition": {"result": [0.015081902500241995], "stats": [{"ci_99": [0.015032604336738586, 0.015490374993532896], "q_25": 0.015062006306834519, "q_75": 0.01519665913656354, "min": 0.015032604336738586, "max": 0.015490374993532896, "mean": 0.015143163735046983, "std": 0.00013214437543939908, "repeat": 10, "number": 1}]}, "location.Location_0_6_1.time_location_get_sun_rise_set_transit_pyephem": NaN, "location.Location_0_6_1.time_location_get_sun_rise_set_transit_spa": NaN, "solarposition.SolarPosition.time_ephemeris": {"result": [0.018432779470458627], "stats": [{"ci_99": [0.018222847022116184, 0.01886017434298992], "q_25": 0.018358695087954402, "q_75": 0.018556971801444888, "min": 0.018222847022116184, "max": 0.01886017434298992, "mean": 0.018474434362724425, "std": 0.0001749238490732102, "repeat": 10, "number": 1}]}, "solarposition.SolarPosition.time_ephemeris_localized": {"result": [0.01847496791742742], "stats": [{"ci_99": [0.018076573964208364, 0.018599038012325764], "q_25": 0.018163383472710848, "q_75": 0.018551780725829303, "min": 0.018076573964208364, "max": 0.018599038012325764, "mean": 0.018387574655935168, "std": 0.0002080366272186784, "repeat": 10, "number": 1}]}, "solarposition.SolarPosition.time_nrel_earthsun_distance": {"result": [0.022934550186619163], "stats": [{"ci_99": [0.022770635783672333, 0.023220194969326258], "q_25": 0.022891487809829414, "q_75": 0.02295969019178301, "min": 0.022770635783672333, "max": 0.023220194969326258, "mean": 0.02294789059087634, "std": 0.0001103765872237539, "repeat": 10, "number": 1}]}, "solarposition.SolarPosition.time_spa_python": {"result": [0.02590457396581769], "stats": [{"ci_99": [0.025724490638822317, 0.02606805134564638], "q_25": 0.0258544486714527, "q_75": 0.02594258659519255, "min": 0.025724490638822317, "max": 0.02606805134564638, "mean": 0.025893738865852355, "std": 9.977513766191676e-05, "repeat": 10, "number": 1}]}, "solarposition.SolarPosition.time_sun_rise_set_transit_spa": {"result": [0.037906767800450325], "stats": [{"ci_99": [0.03765479801222682, 0.03809001576155424], "q_25": 0.0377784714801237, "q_75": 0.03797587112057954, "min": 0.03765479801222682, "max": 0.03809001576155424, "mean": 0.03788077756762505, "std": 0.0001336005335821927, "repeat": 10, "number": 1}]}, "temperature.Fuentes.time_fuentes": NaN, "temperature.SAPM.time_sapm_cell": {"result": [0.0016705206196222988], "stats": [{"ci_99": [0.0016255598249179976, 0.0017285507305392198], "q_25": 0.0016318082177479354, "q_75": 0.0017132449429482222, "min": 0.0016255598249179976, "max": 0.0017285507305392198, "mean": 0.0016734203656337092, "std": 4.22276702511084e-05, "repeat": 10, "number": 7}]}, "tracking.SingleAxis.time_singleaxis": {"result": [0.01863657752983272], "stats": [{"ci_99": [0.017169946804642677, 0.02066289959475398], "q_25": 0.017510329373180866, "q_75": 0.019905813736841083, "min": 0.017169946804642677, "max": 0.02066289959475398, "mean": 0.018734123185276987, "std": 0.0012852371057177523, "repeat": 10, "number": 1}]}, "tracking.SingleAxis.time_tracker_singleaxis": {"result": [0.01889338786713779], "stats": [{"ci_99": [0.016483433078974485, 0.0199049087241292], "q_25": 0.01854916987940669, "q_75": 0.019385177176445723, "min": 0.016483433078974485, "max": 0.0199049087241292, "mean": 0.01871169894002378, "std": 0.000977887871991096, "repeat": 10, "number": 1}]}}, "params": {"arch": "x86_64", "cpu": "Intel Xeon Processor (Skylake, IBRS)", "machine": "pvlib-asv.forecasting.energy.arizona.edu", "num_cpu": "4", "os": "Linux 5.7.8-200.fc32.x86_64", "ram": "8145244", "python": "3.6", "numpy": "1.12.0", "pandas": "0.22.0", "scipy": "1.2.0", "pytables": "3.6.1", "ephem": "3.7.6.0"}, "requirements": {"numpy": "1.12.0", "pandas": "0.22.0", "scipy": "1.2.0", "pytables": "3.6.1", "ephem": "3.7.6.0"}, "commit_hash": "bc80cbf1c134127ae94623b0f1cc9c3a942fdd84", "date": 1538518162000, "env_name": "conda-py3.6-ephem3.7.6.0-numpy1.12.0-pandas0.22.0-pytables3.6.1-scipy1.2.0", "python": "3.6", "profiles": {}, "started_at": {"irradiance.Irradiance.time_aoi": 1599807024284,