{"results": {"irradiance.Irradiance.time_aoi": {"result": [0.0023358127567917105], "stats": [{"ci_99": [0.0023033712059259415, 0.0024405374191701413], "q_25": 0.002317765401676297, "q_75": 0.0023620920488610863, "min": 0.0023033712059259415, "max": 0.0024405374191701413, "mean": 0.0023455595038831233, "std": 3.858014370656435e-05, "repeat": 10, "number": 5}]}, "irradiance.Irradiance.time_aoi_projection": {"result": [0.0021555589977651835], "stats": [{"ci_99": [0.0020795979537069796, 0.002197215240448713], "q_25": 0.002131966524757445, "q_75": 0.002158112684264779, "min": 0.0020795979537069796, "max": 0.002197215240448713, "mean": 0.0021431709825992583, "std": 3.423914610214798e-05, "repeat": 10, "number": 5}]}, "irradiance.Irradiance.time_dirindex": {"result": [0.06488884356804192], "stats": [{"ci_99": [0.06314879423007369, 0.07128056837245822], "q_25": 0.06348958879243582, "q_75": 0.06676014512777328, "min": 0.06314879423007369, "max": 0.07128056837245822, "mean": 0.06549898702651262, "std": 0.0024348407055612047, "repeat": 10, "number": 1}]}, "irradiance.Irradiance.time_dirint": {"result": [0.032160521717742085], "stats": [{"ci_99": [0.03205172996968031, 0.03970958385616541], "q_25": 0.03213191055692732, "q_75": 0.0335588090820238, "min": 0.03205172996968031, "max": 0.03970958385616541, "mean": 0.03381068338640034, "std": 0.0029337838946518835, "repeat": 10, "number": 1}]}, "irradiance.Irradiance.time_disc": {"result": [0.012501939432695508], "stats": [{"ci_99": [0.011998108122497797, 0.012798059731721878], "q_25": 0.012130699469707906, "q_75": 0.012708456488326192, "min": 0.011998108122497797, "max": 0.012798059731721878, "mean": 0.01243294458836317, "std": 0.00029590699288678486, "repeat": 10, "number": 1}]}, "irradiance.Irradiance.time_erbs": {"result": [0.006698345532640815], "stats": [{"ci_99": [0.00659230537712574, 0.006818271474912763], "q_25": 0.0066413485910743475, "q_75": 0.006797133071813732, "min": 0.00659230537712574, "max": 0.006818271474912763, "mean": 0.006710259034298361, "std": 8.279232736698652e-05, "repeat": 10, "number": 2}]}, "irradiance.Irradiance.time_get_extra_radiation": {"result": [0.0005286757717840374], "stats": [{"ci_99": [0.000523148849606514, 0.0005354031454771757], "q_25": 0.0005276560608763249, "q_75": 0.0005301868310198187, "min": 0.000523148849606514, "max": 0.0005354031454771757, "mean": 0.0005289491056464612, "std": 3.73229725537308e-06, "repeat": 10, "number": 20}]}, "irradiance.Irradiance.time_get_ground_diffuse": {"result": [0.0003632952840152112], "stats": [{"ci_99": [0.00033076951336680037, 0.00038351176419492924], "q_25": 0.0003566536699619257, "q_75": 0.0003664533847547841, "min": 0.00033076951336680037, "max": 0.00038351176419492924, "mean": 0.0003611675929278136, "std": 1.270653071501968e-05, "repeat": 10, "number": 33}]}, "irradiance.Irradiance.time_get_total_irradiance": {"result": [0.004601928871124983], "stats": [{"ci_99": [0.004511989653110504, 0.004630255668113629], "q_25": 0.004591157077811658, "q_75": 0.00461041876891007, "min": 0.004511989653110504, "max": 0.004630255668113629, "mean": 0.004590474752088388, "std": 3.524272277499301e-05, "repeat": 10, "number": 3}]}, "location.Location.time_location_get_airmass": {"result": [0.0013805899361614138], "stats": [{"ci_99": [0.001359321759082377, 0.0014688711380586028], "q_25": 0.0013672752247657627, "q_75": 0.0013920702476752922, "min": 0.001359321759082377, "max": 0.0014688711380586028, "mean": 0.0013884869520552456, "std": 3.1210108432705795e-05, "repeat": 10, "number": 8}]}, "location.Location.time_location_get_clearsky": {"result": [0.009131262893788517], "stats": [{"ci_99": [0.008923469576984644, 0.00937376101501286], "q_25": 0.009019128803629428, "q_75": 0.009296887903474271, "min": 0.008923469576984644, "max": 0.00937376101501286, "mean": 0.009148372733034194, "std": 0.00015410077447437705, "repeat": 10, "number": 2}]}, "location.Location.time_location_get_solarposition": {"result": [0.01508163451217115], "stats": [{"ci_99": [0.015017590019851923, 0.0176726751960814], "q_25": 0.015066183521412313, "q_75": 0.015190595528110862, "min": 0.015017590019851923, "max": 0.0176726751960814, "mean": 0.015370078664273024, "std": 0.000772807508112647, "repeat": 10, "number": 1}]}, "location.Location_0_6_1.time_location_get_sun_rise_set_transit_pyephem": NaN, "location.Location_0_6_1.time_location_get_sun_rise_set_transit_spa": NaN, "solarposition.SolarPosition.time_ephemeris": {"result": [0.018214667681604624], "stats": [{"ci_99": [0.018151670694351196, 0.01870586397126317], "q_25": 0.018176796846091747, "q_75": 0.018381996196694672, "min": 0.018151670694351196, "max": 0.01870586397126317, "mean": 0.018295071087777615, "std": 0.00016787655577191004, "repeat": 10, "number": 1}]}, "solarposition.SolarPosition.time_ephemeris_localized": {"result": [0.018155067460611463], "stats": [{"ci_99": [0.017948586959391832, 0.01830672239884734], "q_25": 0.018047162564471364, "q_75": 0.018220595316961408, "min": 0.017948586959391832, "max": 0.01830672239884734, "mean": 0.018137867236509918, "std": 0.00011880532918525681, "repeat": 10, "number": 1}]}, "solarposition.SolarPosition.time_nrel_earthsun_distance": {"result": [0.022623525699600577], "stats": [{"ci_99": [0.022394480649381876, 0.022956898901611567], "q_25": 0.022443979745730758, "q_75": 0.022790583549067378, "min": 0.022394480649381876, "max": 0.022956898901611567, "mean": 0.02263380982913077, "std": 0.00020419707010378672, "repeat": 10, "number": 1}]}, "solarposition.SolarPosition.time_spa_python": {"result": [0.025568930432200432], "stats": [{"ci_99": [0.025208766106516123, 0.026142778806388378], "q_25": 0.025249756989069283, "q_75": 0.025846089469268918, "min": 0.025208766106516123, "max": 0.026142778806388378, "mean": 0.02558624856173992, "std": 0.00034384565271575315, "repeat": 10, "number": 1}]}, "solarposition.SolarPosition.time_sun_rise_set_transit_spa": {"result": [0.03783696237951517], "stats": [{"ci_99": [0.03758065076544881, 0.04075742606073618], "q_25": 0.037659771158359945, "q_75": 0.0379595635458827, "min": 0.03758065076544881, "max": 0.04075742606073618, "mean": 0.03817087602801621, "std": 0.0009271895376592845, "repeat": 10, "number": 1}]}, "temperature.Fuentes.time_fuentes": NaN, "temperature.SAPM.time_sapm_cell": {"result": [0.001653389639354178], "stats": [{"ci_99": [0.0016163670058761323, 0.0017094464440430915], "q_25": 0.001633261180748897, "q_75": 0.0016875330225697587, "min": 0.0016163670058761323, "max": 0.0017094464440430915, "mean": 0.001658657898328134, "std": 3.133725813998505e-05, "repeat": 10, "number": 7}]}, "tracking.SingleAxis.time_singleaxis": {"result": [0.017753201071172953], "stats": [{"ci_99": [0.015560171101242304, 0.01924747508019209], "q_25": 0.01684648636728525, "q_75": 0.01852451777085662, "min": 0.015560171101242304, "max": 0.01924747508019209, "mean": 0.01766657051630318, "std": 0.0011243360638452688, "repeat": 10, "number": 1}]}, "tracking.SingleAxis.time_tracker_singleaxis": {"result": [0.017400894546881318], "stats": [{"ci_99": [0.014505617320537567, 0.02117671212181449], "q_25": 0.0160566046833992, "q_75": 0.018323778291232884, "min": 0.014505617320537567, "max": 0.02117671212181449, "mean": 0.017456738278269768, "std": 0.0019227382247389148, "repeat": 10, "number": 1}]}}, "params": {"arch": "x86_64", "cpu": "Intel Xeon Processor (Skylake, IBRS)", "machine": "pvlib-asv.forecasting.energy.arizona.edu", "num_cpu": "4", "os": "Linux 5.7.8-200.fc32.x86_64", "ram": "8145244", "python": "3.6", "numpy": "1.12.0", "pandas": "0.22.0", "scipy": "1.2.0", "pytables": "3.6.1", "ephem": "3.7.6.0"}, "requirements": {"numpy": "1.12.0", "pandas": "0.22.0", "scipy": "1.2.0", "pytables": "3.6.1", "ephem": "3.7.6.0"}, "commit_hash": "c165e9416d565785a785b1dd4f4e8c11af3d059c", "date": 1540843140000, "env_name": "conda-py3.6-ephem3.7.6.0-numpy1.12.0-pandas0.22.0-pytables3.6.1-scipy1.2.0", "python": "3.6", "profiles": {},