{"results": {"irradiance.Irradiance.time_aoi": {"result": [0.0023418106604367493], "stats": [{"ci_99": [0.002266082353889942, 0.0024111711420118807], "q_25": 0.0023243636591359974, "q_75": 0.002357245143502951, "min": 0.002266082353889942, "max": 0.0024111711420118807, "mean": 0.002342025134712458, "std": 4.351962673259842e-05, "repeat": 10, "number": 5}]}, "irradiance.Irradiance.time_aoi_projection": {"result": [0.0019604517146945], "stats": [{"ci_99": [0.0019110878153393667, 0.0021068721543997526], "q_25": 0.0019344210935135682, "q_75": 0.002001179944879065, "min": 0.0019110878153393667, "max": 0.0021068721543997526, "mean": 0.001976418394284944, "std": 5.7510194761602716e-05, "repeat": 10, "number": 6}]}, "irradiance.Irradiance.time_dirindex": {"result": [0.13791812560521066], "stats": [{"ci_99": [0.13654534937813878, 0.1398222423158586], "q_25": 0.1370374837424606, "q_75": 0.13820620579645038, "min": 0.13654534937813878, "max": 0.1398222423158586, "mean": 0.13792706802487373, "std": 0.001057752393528746, "repeat": 10, "number": 1}]}, "irradiance.Irradiance.time_dirint": {"result": [0.07070808997377753], "stats": [{"ci_99": [0.0679559400305152, 0.07184924324974418], "q_25": 0.0692457837285474, "q_75": 0.07105784607119858, "min": 0.0679559400305152, "max": 0.07184924324974418, "mean": 0.0701644799206406, "std": 0.0012414121450004766, "repeat": 10, "number": 1}]}, "irradiance.Irradiance.time_disc": {"result": [0.018985716393217444], "stats": [{"ci_99": [0.018278361298143864, 0.02017580857500434], "q_25": 0.018485074630007148, "q_75": 0.019393076887354255, "min": 0.018278361298143864, "max": 0.02017580857500434, "mean": 0.018999175122007727, "std": 0.0005897294795198659, "repeat": 10, "number": 1}]}, "irradiance.Irradiance.time_erbs": {"result": [0.013314679497852921], "stats": [{"ci_99": [0.012670064345002174, 0.014102667104452848], "q_25": 0.01279257598798722, "q_75": 0.013824764639139175, "min": 0.012670064345002174, "max": 0.014102667104452848, "mean": 0.013320868322625756, "std": 0.0005363442079851631, "repeat": 10, "number": 1}]}, "irradiance.Irradiance.time_get_extra_radiation": {"result": [0.002634042000863701], "stats": [{"ci_99": [0.0025711453054100275, 0.002698439755477011], "q_25": 0.0026140387053601444, "q_75": 0.002660982368979603, "min": 0.0025711453054100275, "max": 0.002698439755477011, "mean": 0.0026336482842452824, "std": 4.0602387449954365e-05, "repeat": 10, "number": 4}]}, "irradiance.Irradiance.time_get_ground_diffuse": {"result": [0.0005199837032705545], "stats": [{"ci_99": [0.0005075039109215141, 0.0005368326557800174], "q_25": 0.0005148791300598532, "q_75": 0.0005335304711479693, "min": 0.0005075039109215141, "max": 0.0005368326557800174, "mean": 0.0005226282379589975, "std": 1.0925501852654193e-05, "repeat": 10, "number": 20}]}, "irradiance.Irradiance.time_get_total_irradiance": {"result": [0.005356380948796868], "stats": [{"ci_99": [0.0051535204984247684, 0.0055005960166454315], "q_25": 0.005334663845133036, "q_75": 0.005390622070990503, "min": 0.0051535204984247684, "max": 0.0055005960166454315, "mean": 0.005344472848810256, "std": 0.0001024725968157364, "repeat": 10, "number": 2}]}, "location.Location.time_location_get_airmass": {"result": [0.0014257541915867478], "stats": [{"ci_99": [0.0014102941495366395, 0.001480795384850353], "q_25": 0.0014162271545501426, "q_75": 0.0014386299735633656, "min": 0.0014102941495366395, "max": 0.001480795384850353, "mean": 0.0014323336712550373, "std": 2.149522316227948e-05, "repeat": 10, "number": 8}]}, "location.Location.time_location_get_clearsky": {"result": [0.012666455702856183], "stats": [{"ci_99": [0.012611343059688807, 0.012960102409124374], "q_25": 0.012649313430301845, "q_75": 0.012722325045615435, "min": 0.012611343059688807, "max": 0.012960102409124374, "mean": 0.012700460013002157, "std": 9.582792016274213e-05, "repeat": 10, "number": 1}]}, "location.Location.time_location_get_solarposition": {"result": [0.018883569166064262], "stats": [{"ci_99": [0.01879918295890093, 0.019195089116692543], "q_25": 0.01887360226828605, "q_75": 0.01900495309382677, "min": 0.01879918295890093, "max": 0.019195089116692543, "mean": 0.018934465665370225, "std": 0.0001198187116967238, "repeat": 10, "number": 1}]}, "location.Location_0_6_1.time_location_get_sun_rise_set_transit_pyephem": {"result": [0.1955038718879223], "stats": [{"ci_99": [0.1934941322542727, 0.19618406891822815], "q_25": 0.19465472642332315, "q_75": 0.19585155218373984, "min": 0.1934941322542727, "max": 0.19618406891822815, "mean": 0.19523817263543605, "std": 0.000807494561047524, "repeat": 10, "number": 1}]}, "location.Location_0_6_1.time_location_get_sun_rise_set_transit_spa": {"result": [0.04440467292442918], "stats": [{"ci_99": [0.04419191740453243, 0.0446914411149919], "q_25": 0.044271638384088874, "q_75": 0.044571595499292016, "min": 0.04419191740453243, "max": 0.0446914411149919, "mean": 0.044423725875094536, "std": 0.00017302397655299134, "repeat": 10, "number": 1}]}, "solarposition.SolarPosition.time_ephemeris": {"result": [0.0246625910513103], "stats": [{"ci_99": [0.024458681233227253, 0.024906719103455544], "q_25": 0.024600191158242524, "q_75": 0.02473882003687322, "min": 0.024458681233227253, "max": 0.024906719103455544, "mean": 0.0246708198916167, "std": 0.0001246754226047622, "repeat": 10, "number": 1}]}, "solarposition.SolarPosition.time_ephemeris_localized": {"result": [0.024710400262847543], "stats": [{"ci_99": [0.02458217926323414, 0.025145293213427067], "q_25": 0.02460130793042481, "q_75": 0.02493129693903029, "min": 0.02458217926323414, "max": 0.025145293213427067, "mean": 0.024774677632376552, "std": 0.00019035130528145643, "repeat": 10, "number": 1}]}, "solarposition.SolarPosition.time_nrel_earthsun_distance": {"result": [0.024073954904451966], "stats": [{"ci_99": [0.02401155373081565, 0.024151551071554422], "q_25": 0.024037456489168108, "q_75": 0.02409463212825358, "min": 0.02401155373081565, "max": 0.024151551071554422, "mean": 0.024071710417047143, "std": 4.027864608589174e-05, "repeat": 10, "number": 1}]}, "solarposition.SolarPosition.time_spa_python": {"result": [0.030739704612642527], "stats": [{"ci_99": [0.030527354683727026, 0.03752573626115918], "q_25": 0.030680541996844113, "q_75": 0.03449728945270181, "min": 0.030527354683727026, "max": 0.03752573626115918, "mean": 0.03255361788906157, "std": 0.002870071439418438, "repeat": 10, "number": 1}]}, "solarposition.SolarPosition.time_sun_rise_set_transit_spa": {"result": [0.05150506249628961], "stats": [{"ci_99": [0.05112299416214228, 0.05198543984442949], "q_25": 0.05132508487440646, "q_75": 0.05172757827676833, "min": 0.05112299416214228, "max": 0.05198543984442949, "mean": 0.05152711858972907, "std": 0.00026048906109622495, "repeat": 10, "number": 1}]}, "temperature.Fuentes.time_fuentes": NaN, "temperature.SAPM.time_sapm_cell": {"result": [0.001623898611537048], "stats": [{"ci_99": [0.0015917256075356687, 0.00168181091014828], "q_25": 0.0016080805965300118, "q_75": 0.001642133907548019, "min": 0.0015917256075356687, "max": 0.00168181091014828, "mean": 0.0016295352152415684, "std": 2.868091153926078e-05, "repeat": 10, "number": 7}]}, "tracking.SingleAxis.time_singleaxis": {"result": [0.006492253509350121], "stats": [{"ci_99": [0.006282126531004906, 0.007330124033614993], "q_25": 0.0064422087743878365, "q_75": 0.006882990535814315, "min": 0.006282126531004906, "max": 0.007330124033614993, "mean": 0.0066439522895962, "std": 0.0003250947678491496, "repeat": 10, "number": 2}]}, "tracking.SingleAxis.time_tracker_singleaxis": {"result": [0.006228888989426196], "stats": [{"ci_99": [0.005925381556153297, 0.0068198395892977715], "q_25": 0.006070374918635935, "q_75": 0.006272760161664337, "min": 0.005925381556153297, "max": 0.0068198395892977715, "mean": 0.006243540393188596, "std": 0.0002460010716396815, "repeat": 10, "number": 2}]}}, "params": {"arch": "x86_64", "cpu": "Intel Xeon Processor (Skylake, IBRS)",