{"results": {"irradiance.Irradiance.time_aoi": {"result": [0.002339046960696578], "stats": [{"ci_99": [0.0022700319997966288, 0.0024392254650592803], "q_25": 0.002292116731405258, "q_75": 0.0024094037478789685, "min": 0.0022700319997966288, "max": 0.0024392254650592803, "mean": 0.0023496626503765584, "std": 6.146182789621382e-05, "repeat": 10, "number": 5}]}, "irradiance.Irradiance.time_aoi_projection": {"result": [0.002033629501238465], "stats": [{"ci_99": [0.001937311328947544, 0.0020788636058568953], "q_25": 0.002011858765035868, "q_75": 0.0020393039565533397, "min": 0.001937311328947544, "max": 0.0020788636058568953, "mean": 0.00201958505436778, "std": 4.5069988770609855e-05, "repeat": 10, "number": 5}]}, "irradiance.Irradiance.time_dirindex": {"result": [0.1414583616424352], "stats": [{"ci_99": [0.13835319876670837, 0.14570781076326966], "q_25": 0.1398368093650788, "q_75": 0.14243224391248077, "min": 0.13835319876670837, "max": 0.14570781076326966, "mean": 0.14131960952654482, "std": 0.002146417791542574, "repeat": 10, "number": 1}]}, "irradiance.Irradiance.time_dirint": {"result": [0.06897242716513574], "stats": [{"ci_99": [0.06854610284790397, 0.07225788896903396], "q_25": 0.06872869934886694, "q_75": 0.06954639940522611, "min": 0.06854610284790397, "max": 0.07225788896903396, "mean": 0.06940496861934661, "std": 0.0010855649116664721, "repeat": 10, "number": 1}]}, "irradiance.Irradiance.time_disc": {"result": [0.01898178504779935], "stats": [{"ci_99": [0.01830159081146121, 0.019968867767602205], "q_25": 0.018766751512885094, "q_75": 0.019216159475035965, "min": 0.01830159081146121, "max": 0.019968867767602205, "mean": 0.019021063530817627, "std": 0.0004216684508077556, "repeat": 10, "number": 1}]}, "irradiance.Irradiance.time_erbs": {"result": [0.01300822850316763], "stats": [{"ci_99": [0.012537351809442043, 0.013822720851749182], "q_25": 0.012896986561827362, "q_75": 0.01325332943815738, "min": 0.012537351809442043, "max": 0.013822720851749182, "mean": 0.013082046527415514, "std": 0.0003521396337278269, "repeat": 10, "number": 1}]}, "irradiance.Irradiance.time_get_extra_radiation": {"result": [0.0026533164200372994], "stats": [{"ci_99": [0.002589731477200985, 0.0026678870199248195], "q_25": 0.002639279788127169, "q_75": 0.002663412655238062, "min": 0.002589731477200985, "max": 0.0026678870199248195, "mean": 0.002643532259389758, "std": 2.5856040851120515e-05, "repeat": 10, "number": 4}]}, "irradiance.Irradiance.time_get_ground_diffuse": {"result": [0.000583854607409901], "stats": [{"ci_99": [0.0005130325185341968, 0.000600718789630466], "q_25": 0.0005496791628603307, "q_75": 0.0005893021395119528, "min": 0.0005130325185341968, "max": 0.000600718789630466, "mean": 0.0005696982429880235, "std": 2.9976863907894277e-05, "repeat": 10, "number": 18}]}, "irradiance.Irradiance.time_get_total_irradiance": {"result": [0.005418395972810686], "stats": [{"ci_99": [0.005176088074222207, 0.005755441961809993], "q_25": 0.005275463045109063, "q_75": 0.005502546322531998, "min": 0.005176088074222207, "max": 0.005755441961809993, "mean": 0.00540815347339958, "std": 0.00016377505561943607, "repeat": 10, "number": 2}]}, "location.Location.time_location_get_airmass": {"result": [0.0014186525950208306], "stats": [{"ci_99": [0.0013148016296327114, 0.0014344769879244268], "q_25": 0.0014102173008723184, "q_75": 0.0014279499591793865, "min": 0.0013148016296327114, "max": 0.0014344769879244268, "mean": 0.00141021350864321, "std": 3.304958053071578e-05, "repeat": 10, "number": 8}]}, "location.Location.time_location_get_clearsky": {"result": [0.012822245014831424], "stats": [{"ci_99": [0.012149493210017681, 0.012959865853190422], "q_25": 0.012677890714257956, "q_75": 0.012914500082843006, "min": 0.012149493210017681, "max": 0.012959865853190422, "mean": 0.01271760519593954, "std": 0.0002712991667580182, "repeat": 10, "number": 1}]}, "location.Location.time_location_get_solarposition": {"result": [0.017824396025389433], "stats": [{"ci_99": [0.017578500788658857, 0.018857737071812153], "q_25": 0.01774997403845191, "q_75": 0.01791579637210816, "min": 0.017578500788658857, "max": 0.018857737071812153, "mean": 0.017908809753134847, "std": 0.0003345736666979391, "repeat": 10, "number": 1}]}, "location.Location_0_6_1.time_location_get_sun_rise_set_transit_pyephem": {"result": [0.19580498547293246], "stats": [{"ci_99": [0.179041120223701, 0.2109015816822648], "q_25": 0.1948202367639169, "q_75": 0.2001906553050503, "min": 0.179041120223701, "max": 0.2109015816822648, "mean": 0.19723480148240924, "std": 0.008024739476621745, "repeat": 10, "number": 1}]}, "location.Location_0_6_1.time_location_get_sun_rise_set_transit_spa": {"result": [0.04378702794201672], "stats": [{"ci_99": [0.04356583720073104, 0.04401745507493615], "q_25": 0.04364925785921514, "q_75": 0.04389136587269604, "min": 0.04356583720073104, "max": 0.04401745507493615, "mean": 0.04377299197949469, "std": 0.0001490069028979528, "repeat": 10, "number": 1}]}, "solarposition.SolarPosition.time_ephemeris": {"result": [0.024398514069616795], "stats": [{"ci_99": [0.023669761139899492, 0.02520307805389166], "q_25": 0.023942241561599076, "q_75": 0.024503272026777267, "min": 0.023669761139899492, "max": 0.02520307805389166, "mean": 0.02435060660354793, "std": 0.0004706867300517447, "repeat": 10, "number": 1}]}, "solarposition.SolarPosition.time_ephemeris_localized": {"result": [0.023850860772654414], "stats": [{"ci_99": [0.023436000104993582, 0.025104433298110962], "q_25": 0.023608251474797726, "q_75": 0.024551322916522622, "min": 0.023436000104993582, "max": 0.025104433298110962, "mean": 0.024077041493728756, "std": 0.0005726421619421379, "repeat": 10, "number": 1}]}, "solarposition.SolarPosition.time_nrel_earthsun_distance": {"result": [0.02408258244395256], "stats": [{"ci_99": [0.023965299129486084, 0.025046207010746002], "q_25": 0.024022102705202997, "q_75": 0.024411815218627453, "min": 0.023965299129486084, "max": 0.025046207010746002, "mean": 0.02429174454882741, "std": 0.0003968136835340903, "repeat": 10, "number": 1}]}, "solarposition.SolarPosition.time_spa_python": {"result": [0.028543376363813877], "stats": [{"ci_99": [0.02827897807583213, 0.02926822518929839], "q_25": 0.02848736976739019, "q_75": 0.02867306850384921, "min": 0.02827897807583213, "max": 0.02926822518929839, "mean": 0.028642317047342658, "std": 0.0002728993189630267, "repeat": 10, "number": 1}]}, "solarposition.SolarPosition.time_sun_rise_set_transit_spa": {"result": [0.049557614140212536], "stats": [{"ci_99": [0.049280622974038124, 0.05119347805157304], "q_25": 0.04937924293335527, "q_75": 0.04986505431588739, "min": 0.049280622974038124, "max": 0.05119347805157304, "mean": 0.049732938129454854, "std": 0.0005342799843458366, "repeat": 10, "number": 1}]}, "temperature.Fuentes.time_fuentes": NaN, "temperature.SAPM.time_sapm_cell": {"result": [0.0014992629876360297], "stats": [{"ci_99": [0.0014300189213827252, 0.0016129922587424517], "q_25": 0.0014391683653229848, "q_75": 0.001568232211866416, "min": 0.0014300189213827252, "max": 0.0016129922587424517, "mean": 0.0015078420459758491, "std": 6.768026107613844e-05, "repeat": 10, "number": 8}]}, "tracking.SingleAxis.time_singleaxis": {"result": [0.006427476066164672], "stats": [{"ci_99": [0.006231955485418439, 0.006886602146551013], "q_25": 0.006324575282633305, "q_75": 0.006514282722491771, "min": 0.006231955485418439, "max": 0.006886602146551013, "mean": 0.006446487456560135, "std": 0.00018273530877563592, "repeat": 10, "number": 2}]}, "tracking.SingleAxis.time_tracker_singleaxis": {"result": [0.006387584027834237], "stats": [{"ci_99": [0.00608936557546258, 0.006596502615138888], "q_25": 0.006269253557547927, "q_75": 0.006417265627533197, "min": 0.00608936557546258, "max": 0.006596502615138888, "mean": 0.006353417108766734, "std": 0.00013297061269756808, "repeat": 10, "number": 2}]}}, "params": {"arch": "x86_64", "cpu": "Intel Xeon Processor (Skylake, IBRS)",