{"results": {"irradiance.Irradiance.time_aoi": {"result": [0.0023762451019138098], "stats": [{"ci_99": [0.0023078031837940214, 0.0025551280006766318], "q_25": 0.002342618303373456, "q_75": 0.002402174891903997, "min": 0.0023078031837940214, "max": 0.0025551280006766318, "mean": 0.0023854587599635127, "std": 6.781070798015687e-05, "repeat": 10, "number": 5}]}, "irradiance.Irradiance.time_aoi_projection": {"result": [0.002016019308939576], "stats": [{"ci_99": [0.0019401675090193748, 0.0021311426535248756], "q_25": 0.0019959130828889706, "q_75": 0.002038855862338096, "min": 0.0019401675090193748, "max": 0.0021311426535248756, "mean": 0.0020228011067956685, "std": 4.825069675653137e-05, "repeat": 10, "number": 6}]}, "irradiance.Irradiance.time_dirindex": {"result": [0.14201667555607855], "stats": [{"ci_99": [0.13940779864788055, 0.14674200909212232], "q_25": 0.1407002235064283, "q_75": 0.14239945553708822, "min": 0.13940779864788055, "max": 0.14674200909212232, "mean": 0.14189509050920607, "std": 0.0019757617748025424, "repeat": 10, "number": 1}]}, "irradiance.Irradiance.time_dirint": {"result": [0.07141939806751907], "stats": [{"ci_99": [0.06918574310839176, 0.07794750621542335], "q_25": 0.07116388471331447, "q_75": 0.07230928109493107, "min": 0.06918574310839176, "max": 0.07794750621542335, "mean": 0.0720600260887295, "std": 0.0022565682498121636, "repeat": 10, "number": 1}]}, "irradiance.Irradiance.time_disc": {"result": [0.019383554346859455], "stats": [{"ci_99": [0.018440221901983023, 0.020069537218660116], "q_25": 0.018954693456180394, "q_75": 0.019800738198682666, "min": 0.018440221901983023, "max": 0.020069537218660116, "mean": 0.019336726097390056, "std": 0.0005270214477284135, "repeat": 10, "number": 1}]}, "irradiance.Irradiance.time_erbs": {"result": [0.01371410652063787], "stats": [{"ci_99": [0.013477110769599676, 0.013926520012319088], "q_25": 0.013646405772306025, "q_75": 0.013839119928888977, "min": 0.013477110769599676, "max": 0.013926520012319088, "mean": 0.013727730372920632, "std": 0.00012888947365574226, "repeat": 10, "number": 1}]}, "irradiance.Irradiance.time_get_extra_radiation": {"result": [0.0026495062047615647], "stats": [{"ci_99": [0.0025839320151135325, 0.0027002894785255194], "q_25": 0.0026260631857439876, "q_75": 0.002661027363501489, "min": 0.0025839320151135325, "max": 0.0027002894785255194, "mean": 0.0026442260714247823, "std": 3.1626725299398224e-05, "repeat": 10, "number": 4}]}, "irradiance.Irradiance.time_get_ground_diffuse": {"result": [0.000588556126642384], "stats": [{"ci_99": [0.0005393314273341706, 0.0006145083737608633], "q_25": 0.0005678495049084488, "q_75": 0.000595442448301535, "min": 0.0005393314273341706, "max": 0.0006145083737608633, "mean": 0.0005806602047462213, "std": 2.426871965753551e-05, "repeat": 10, "number": 19}]}, "irradiance.Irradiance.time_get_total_irradiance": {"result": [0.005338674527592957], "stats": [{"ci_99": [0.0052040209993720055, 0.006170934997498989], "q_25": 0.005270538269542158, "q_75": 0.005372223909944296, "min": 0.0052040209993720055, "max": 0.006170934997498989, "mean": 0.005403301725164056, "std": 0.0002662925529278149, "repeat": 10, "number": 2}]}, "location.Location.time_location_get_airmass": {"result": [0.0014195445401128381], "stats": [{"ci_99": [0.0014042099937796593, 0.0014283625059761107], "q_25": 0.0014136085956124589, "q_75": 0.001421635752194561, "min": 0.0014042099937796593, "max": 0.0014283625059761107, "mean": 0.001417757518356666, "std": 6.471923116935742e-06, "repeat": 10, "number": 8}]}, "location.Location.time_location_get_clearsky": {"result": [0.012804473051801324], "stats": [{"ci_99": [0.012677662074565887, 0.013474907260388136], "q_25": 0.012691617361269891, "q_75": 0.012892122846096754, "min": 0.012677662074565887, "max": 0.013474907260388136, "mean": 0.012856777431443334, "std": 0.00022733590338094127, "repeat": 10, "number": 1}]}, "location.Location.time_location_get_solarposition": {"result": [0.01893886155448854], "stats": [{"ci_99": [0.01887196209281683, 0.019098902586847544], "q_25": 0.018895086483098567, "q_75": 0.018967705313116312, "min": 0.01887196209281683, "max": 0.019098902586847544, "mean": 0.018943635188043116, "std": 6.224475227752503e-05, "repeat": 10, "number": 1}]}, "location.Location_0_6_1.time_location_get_sun_rise_set_transit_pyephem": {"result": [0.19430800178088248], "stats": [{"ci_99": [0.17767296405509114, 0.1954268249683082], "q_25": 0.19412767654284835, "q_75": 0.19442290998995304, "min": 0.17767296405509114, "max": 0.1954268249683082, "mean": 0.19276877199299633, "std": 0.005048966544625223, "repeat": 10, "number": 1}]}, "location.Location_0_6_1.time_location_get_sun_rise_set_transit_spa": {"result": [0.047417921014130116], "stats": [{"ci_99": [0.04443478910252452, 0.052823370322585106], "q_25": 0.04506167082581669, "q_75": 0.04868630273267627, "min": 0.04443478910252452, "max": 0.052823370322585106, "mean": 0.04763191342353821, "std": 0.0027884908787772105, "repeat": 10, "number": 1}]}, "solarposition.SolarPosition.time_ephemeris": {"result": [0.026091093895956874], "stats": [{"ci_99": [0.025009883102029562, 0.027054011821746826], "q_25": 0.02512923686299473, "q_75": 0.026729036937467754, "min": 0.025009883102029562, "max": 0.027054011821746826, "mean": 0.025988059118390083, "std": 0.0008033328400840905, "repeat": 10, "number": 1}]}, "solarposition.SolarPosition.time_ephemeris_localized": {"result": [0.024818685138598084], "stats": [{"ci_99": [0.02399870613589883, 0.025539448019117117], "q_25": 0.02466334286145866, "q_75": 0.025065810070373118, "min": 0.02399870613589883, "max": 0.025539448019117117, "mean": 0.02481725220568478, "std": 0.00040728138039941255, "repeat": 10, "number": 1}]}, "solarposition.SolarPosition.time_nrel_earthsun_distance": {"result": [0.024005454499274492], "stats": [{"ci_99": [0.02369309915229678, 0.0243100980296731], "q_25": 0.023801640956662595, "q_75": 0.02406942972447723, "min": 0.02369309915229678, "max": 0.0243100980296731, "mean": 0.023975933156907558, "std": 0.0001934413578076041, "repeat": 10, "number": 1}]}, "solarposition.SolarPosition.time_spa_python": {"result": [0.03059377893805504], "stats": [{"ci_99": [0.029987108893692493, 0.031164262909442186], "q_25": 0.030439653084613383, "q_75": 0.030799983884207904, "min": 0.029987108893692493, "max": 0.031164262909442186, "mean": 0.03058949247933924, "std": 0.0003332346546966773, "repeat": 10, "number": 1}]}, "solarposition.SolarPosition.time_sun_rise_set_transit_spa": {"result": [0.05214005778543651], "stats": [{"ci_99": [0.05165669322013855, 0.05294212093576789], "q_25": 0.0518066551303491, "q_75": 0.05254930560477078, "min": 0.05165669322013855, "max": 0.05294212093576789, "mean": 0.05221089296974242, "std": 0.00044682174485986364, "repeat": 10, "number": 1}]}, "temperature.Fuentes.time_fuentes": NaN, "temperature.SAPM.time_sapm_cell": {"result": [0.0016218313415135655], "stats": [{"ci_99": [0.0016064285300672054, 0.0016512466993715083], "q_25": 0.0016140875606132407, "q_75": 0.0016334143167893802, "min": 0.0016064285300672054, "max": 0.0016512466993715083, "mean": 0.0016255548689514399, "std": 1.547274101589763e-05, "repeat": 10, "number": 7}]}, "tracking.SingleAxis.time_singleaxis": {"result": [0.006491241743788123], "stats": [{"ci_99": [0.006301805144175887, 0.006819803500548005], "q_25": 0.006385493616107851, "q_75": 0.006675446697045118, "min": 0.006301805144175887, "max": 0.006819803500548005, "mean": 0.0065280870534479615, "std": 0.0001759532474918048, "repeat": 10, "number": 2}]}, "tracking.SingleAxis.time_tracker_singleaxis": {"result": [0.006467824685387313], "stats": [{"ci_99": [0.0062202224507927895, 0.006755445618182421], "q_25": 0.0063533507054671645, "q_75": 0.006565304065588862, "min": 0.0062202224507927895, "max": 0.006755445618182421, "mean": 0.006470935675315559, "std": 0.00017895780397881374, "repeat": 10, "number": 2}]}}, "params": {"arch": "x86_64", "cpu": "Intel Xeon Processor (Skylake, IBRS)",