{"results": {"irradiance.Irradiance.time_aoi": {"result": [0.002247874811291695], "stats": [{"ci_99": [0.002209797780960798, 0.002284315228462219], "q_25": 0.002239660220220685, "q_75": 0.002250631945207715, "min": 0.002209797780960798, "max": 0.002284315228462219, "mean": 0.002245461530983448, "std": 1.8834278811063205e-05, "repeat": 10, "number": 5}]}, "irradiance.Irradiance.time_aoi_projection": {"result": [0.0022495306096971036], "stats": [{"ci_99": [0.002204080019146204, 0.002274355199187994], "q_25": 0.0022311560111120342, "q_75": 0.0022519342601299286, "min": 0.002204080019146204, "max": 0.002274355199187994, "mean": 0.0022414631489664316, "std": 2.0882846482630837e-05, "repeat": 10, "number": 5}]}, "irradiance.Irradiance.time_dirindex": {"result": [0.14525416702963412], "stats": [{"ci_99": [0.14192426716908813, 0.14880387159064412], "q_25": 0.14433872955851257, "q_75": 0.1459346617339179, "min": 0.14192426716908813, "max": 0.14880387159064412, "mean": 0.14544193143956363, "std": 0.0019399739316497578, "repeat": 10, "number": 1}]}, "irradiance.Irradiance.time_dirint": {"result": [0.07159919058904052], "stats": [{"ci_99": [0.07051278371363878, 0.07529827672988176], "q_25": 0.07085826061666012, "q_75": 0.07315001473762095, "min": 0.07051278371363878, "max": 0.07529827672988176, "mean": 0.07207743260078132, "std": 0.0014881191836068927, "repeat": 10, "number": 1}]}, "irradiance.Irradiance.time_disc": {"result": [0.01944662118330598], "stats": [{"ci_99": [0.01771228900179267, 0.020223893225193024], "q_25": 0.018685763934627175, "q_75": 0.019749980070628226, "min": 0.01771228900179267, "max": 0.020223893225193024, "mean": 0.01921740286052227, "std": 0.0007549757201815847, "repeat": 10, "number": 1}]}, "irradiance.Irradiance.time_erbs": {"result": [0.012803493067622185], "stats": [{"ci_99": [0.011628550942987204, 0.013122905045747757], "q_25": 0.012666103197261691, "q_75": 0.012974914629012346, "min": 0.011628550942987204, "max": 0.013122905045747757, "mean": 0.012649332638829947, "std": 0.0004888905347217892, "repeat": 10, "number": 1}]}, "irradiance.Irradiance.time_get_extra_radiation": null, "irradiance.Irradiance.time_get_ground_diffuse": null, "irradiance.Irradiance.time_get_total_irradiance": null, "location.Location.time_location_get_airmass": {"result": [0.005342993652448058], "stats": [{"ci_99": [0.005302236415445805, 0.005433813901618123], "q_25": 0.005332790140528232, "q_75": 0.005389826954342425, "min": 0.005302236415445805, "max": 0.005433813901618123, "mean": 0.005355786345899105, "std": 4.039833071672109e-05, "repeat": 10, "number": 2}]}, "location.Location.time_location_get_clearsky": {"result": [0.4470956379082054], "stats": [{"ci_99": [0.4413192020729184, 0.450227327644825], "q_25": 0.44364651781506836, "q_75": 0.4476164117222652, "min": 0.4413192020729184, "max": 0.450227327644825, "mean": 0.44597388063557447, "std": 0.002889043920222778, "repeat": 10, "number": 1}]}, "location.Location.time_location_get_solarposition": {"result": [0.01778437290340662], "stats": [{"ci_99": [0.017704545985907316, 0.01799066411331296], "q_25": 0.01773426355794072, "q_75": 0.017908914829604328, "min": 0.017704545985907316, "max": 0.01799066411331296, "mean": 0.01782344556413591, "std": 0.0001035657377017004, "repeat": 10, "number": 1}]}, "location.Location_0_6_1.time_location_get_sun_rise_set_transit_pyephem": NaN, "location.Location_0_6_1.time_location_get_sun_rise_set_transit_spa": NaN, "solarposition.SolarPosition.time_ephemeris": null, "solarposition.SolarPosition.time_ephemeris_localized": null, "solarposition.SolarPosition.time_nrel_earthsun_distance": {"result": [0.023048273753374815], "stats": [{"ci_99": [0.022968605160713196, 0.023549202363938093], "q_25": 0.023024259484373033, "q_75": 0.023177959606982768, "min": 0.022968605160713196, "max": 0.023549202363938093, "mean": 0.023122200323268772, "std": 0.0001653605377424923, "repeat": 10, "number": 1}]}, "solarposition.SolarPosition.time_spa_python": {"result": [0.028469121549278498], "stats": [{"ci_99": [0.028061428107321262, 0.028725245036184788], "q_25": 0.02831014944240451, "q_75": 0.028611271525733173, "min": 0.028061428107321262, "max": 0.028725245036184788, "mean": 0.02843594765290618, "std": 0.00022008619542684857, "repeat": 10, "number": 1}]}, "solarposition.SolarPosition.time_sun_rise_set_transit_spa": {"result": [0.0493397219106555], "stats": [{"ci_99": [0.04906126391142607, 0.05003388086333871], "q_25": 0.0492315300507471, "q_75": 0.0494640686083585, "min": 0.04906126391142607, "max": 0.05003388086333871, "mean": 0.04939517164602876, "std": 0.0002683781076917107, "repeat": 10, "number": 1}]}, "temperature.Fuentes.time_fuentes": NaN, "tracking.SingleAxis.time_singleaxis": {"result": [0.046187791507691145], "stats": [{"ci_99": [0.04464104399085045, 0.047058960888534784], "q_25": 0.0453734677284956, "q_75": 0.046567286597564816, "min": 0.04464104399085045, "max": 0.047058960888534784, "mean": 0.04593650628812611, "std": 0.0007950190277928627, "repeat": 10, "number": 1}]}, "tracking.SingleAxis.time_tracker_singleaxis": {"result": [0.04574328800663352], "stats": [{"ci_99": [0.04411829123273492, 0.04757475294172764], "q_25": 0.04542392841540277, "q_75": 0.045842933701351285, "min": 0.04411829123273492, "max": 0.04757475294172764, "mean": 0.045688090147450566, "std": 0.0008076059545528069, "repeat": 10, "number": 1}]}}, "params": {"arch": "x86_64", "cpu": "Intel Xeon Processor (Skylake, IBRS)", "machine": "pvlib-asv.forecasting.energy.arizona.edu", "num_cpu": "4", "os": "Linux 5.7.8-200.fc32.x86_64", "ram": "8145244", "python": "3.7", "ephem": "3.7.6.0", "numpy": "1.18.5", "pandas": "1.1.0", "pytables": "3.6.1", "scipy": "1.2.0"}, "requirements": {"ephem": "3.7.6.0", "numpy": "1.18.5", "pandas": "1.1.0", "pytables": "3.6.1", "scipy": "1.2.0"}, "commit_hash": "c6e870c2a7dce8888a7cb2692a0b34ca397d7358", "date": 1487089409000, "env_name": "conda-py3.7-ephem3.7.6.0-numpy1.18.5-pandas1.1.0-pytables3.6.1-scipy1.2.0", "python": "3.7", "profiles": {}, "started_at": {"irradiance.Irradiance.time_aoi": 1599433255244, "irradiance.Irradiance.time_aoi_projection": 1599433260004, "irradiance.Irradiance.time_dirindex": 1599433264763, "irradiance.Irradiance.time_dirint": 1599433270274, "irradiance.Irradiance.time_disc": 1599433275435, "irradiance.Irradiance.time_erbs": 1599433280295, "irradiance.Irradiance.time_get_extra_radiation": 1599433245287, "irradiance.Irradiance.time_get_ground_diffuse": 1599433246141, "irradiance.Irradiance.time_get_total_irradiance": 1599433246995, "location.Location.time_location_get_airmass": 1599433285105, "location.Location.time_location_get_clearsky": 1599433285408, "location.Location.time_location_get_solarposition": 1599433288315, "location.Location_0_6_1.time_location_get_sun_rise_set_transit_pyephem": 1599433288668, "location.Location_0_6_1.time_location_get_sun_rise_set_transit_spa": 1599433288721, "solarposition.SolarPosition.time_ephemeris": 1599433251566, "solarposition.SolarPosition.time_ephemeris_localized": 1599433251668, "solarposition.SolarPosition.time_nrel_earthsun_distance": 1599433288773, "solarposition.SolarPosition.time_spa_python": 1599433289076, "solarposition.SolarPosition.time_sun_rise_set_transit_spa": 1599433289380, "temperature.Fuentes.time_fuentes": 1599433289783, "tracking.SingleAxis.time_singleaxis": 1599433290039, "tracking.SingleAxis.time_tracker_singleaxis": 1599433291144}, "ended_at": {"irradiance.Irradiance.time_aoi": 1599433260003, "irradiance.Irradiance.time_aoi_projection": 1599433264763, "irradiance.Irradiance.time_dirindex": 1599433270274, "irradiance.Irradiance.time_dirint": 1599433275434, "irradiance.Irradiance.time_disc": 1599433280294, "irradiance.Irradiance.time_erbs": 1599433285104, "irradiance.Irradiance.time_get_extra_radiation": 1599433246141, "irradiance.Irradiance.time_get_ground_diffuse": 1599433246994, "irradiance.Irradiance.time_get_total_irradiance": 1599433247848,