{"results": {"irradiance.Irradiance.time_aoi": {"result": [0.002370115509256721], "stats": [{"ci_99": [0.0023440630175173283, 0.00326469698920846], "q_25": 0.0023634866112843154, "q_75": 0.00239655589684844, "min": 0.0023440630175173283, "max": 0.00326469698920846, "mean": 0.0024667122215032583, "std": 0.00026741982830408897, "repeat": 10, "number": 5}]}, "irradiance.Irradiance.time_aoi_projection": {"result": [0.0021100668236613274], "stats": [{"ci_99": [0.002078569680452347, 0.0021750944666564464], "q_25": 0.002093782019801438, "q_75": 0.0021354181226342916, "min": 0.002078569680452347, "max": 0.0021750944666564464, "mean": 0.002116684364154935, "std": 2.8599670012231824e-05, "repeat": 10, "number": 5}]}, "irradiance.Irradiance.time_dirindex": {"result": [0.06548459199257195], "stats": [{"ci_99": [0.06459802435711026, 0.0669941226951778], "q_25": 0.06502806628122926, "q_75": 0.06607954832725227, "min": 0.06459802435711026, "max": 0.0669941226951778, "mean": 0.06555626783519983, "std": 0.0007109158444612382, "repeat": 10, "number": 1}]}, "irradiance.Irradiance.time_dirint": {"result": [0.03255226160399616], "stats": [{"ci_99": [0.031876533292233944, 0.0328871188685298], "q_25": 0.032201258232817054, "q_75": 0.0327060156268999, "min": 0.031876533292233944, "max": 0.0328871188685298, "mean": 0.032447005389258265, "std": 0.0003335677055557222, "repeat": 10, "number": 1}]}, "irradiance.Irradiance.time_disc": {"result": [0.012549514882266521], "stats": [{"ci_99": [0.012247493956238031, 0.013125285971909761], "q_25": 0.012342918780632317, "q_75": 0.012769255903549492, "min": 0.012247493956238031, "max": 0.013125285971909761, "mean": 0.012585942260921001, "std": 0.000287271677195919, "repeat": 10, "number": 1}]}, "irradiance.Irradiance.time_erbs": {"result": [0.0067793147172778845], "stats": [{"ci_99": [0.0066285585053265095, 0.0070168194361031055], "q_25": 0.00669172580819577, "q_75": 0.006990043155383319, "min": 0.0066285585053265095, "max": 0.0070168194361031055, "mean": 0.006819575629197061, "std": 0.00015409051596456896, "repeat": 10, "number": 2}]}, "irradiance.Irradiance.time_get_extra_radiation": null, "irradiance.Irradiance.time_get_ground_diffuse": null, "irradiance.Irradiance.time_get_total_irradiance": null, "location.Location.time_location_get_airmass": {"result": [0.003931061985592048], "stats": [{"ci_99": [0.0038669450829426446, 0.00412824098020792], "q_25": 0.0038997559652974205, "q_75": 0.0039957402817284065, "min": 0.0038669450829426446, "max": 0.00412824098020792, "mean": 0.003963010789205632, "std": 8.80136111217081e-05, "repeat": 10, "number": 3}]}, "location.Location.time_location_get_clearsky": {"result": [0.460905495332554], "stats": [{"ci_99": [0.44863455602899194, 0.46346471179276705], "q_25": 0.45265235053375363, "q_75": 0.46169493545312434, "min": 0.44863455602899194, "max": 0.46346471179276705, "mean": 0.4578594158869237, "std": 0.005738156991948963, "repeat": 10, "number": 1}]}, "location.Location.time_location_get_solarposition": {"result": [0.015365347033366561], "stats": [{"ci_99": [0.015256557613611221, 0.015585468616336584], "q_25": 0.015295028686523438, "q_75": 0.015464405878446996, "min": 0.015256557613611221, "max": 0.015585468616336584, "mean": 0.015383021254092456, "std": 0.0001067343952641908, "repeat": 10, "number": 1}]}, "location.Location_0_6_1.time_location_get_sun_rise_set_transit_pyephem": NaN, "location.Location_0_6_1.time_location_get_sun_rise_set_transit_spa": NaN, "solarposition.SolarPosition.time_ephemeris": {"result": [0.01852713432163], "stats": [{"ci_99": [0.018269123043864965, 0.018964527174830437], "q_25": 0.018482947605662048, "q_75": 0.01864583301357925, "min": 0.018269123043864965, "max": 0.018964527174830437, "mean": 0.018575814738869666, "std": 0.00019799768604519303, "repeat": 10, "number": 1}]}, "solarposition.SolarPosition.time_ephemeris_localized": {"result": [0.21380537003278732], "stats": [{"ci_99": [0.21290296176448464, 0.21615854185074568], "q_25": 0.21323313878383487, "q_75": 0.21477088809479028, "min": 0.21290296176448464, "max": 0.21615854185074568, "mean": 0.21413868735544384, "std": 0.00110354822626315, "repeat": 10, "number": 1}]}, "solarposition.SolarPosition.time_nrel_earthsun_distance": {"result": [0.02274153707548976], "stats": [{"ci_99": [0.022692386992275715, 0.022972908802330494], "q_25": 0.022732403012923896, "q_75": 0.0227655996568501, "min": 0.022692386992275715, "max": 0.022972908802330494, "mean": 0.02276478805579245, "std": 7.328339017956658e-05, "repeat": 10, "number": 1}]}, "solarposition.SolarPosition.time_spa_python": {"result": [0.02601305255666375], "stats": [{"ci_99": [0.025789329782128334, 0.02668098174035549], "q_25": 0.025967489345930517, "q_75": 0.026142283924855292, "min": 0.025789329782128334, "max": 0.02668098174035549, "mean": 0.026090928399935365, "std": 0.0002298936758557194, "repeat": 10, "number": 1}]}, "solarposition.SolarPosition.time_sun_rise_set_transit_spa": {"result": [0.03929195902310312], "stats": [{"ci_99": [0.03904754901304841, 0.04288951586931944], "q_25": 0.03917578770779073, "q_75": 0.04001781647093594, "min": 0.03904754901304841, "max": 0.04288951586931944, "mean": 0.03988537522964179, "std": 0.001191462857800761, "repeat": 10, "number": 1}]}, "temperature.Fuentes.time_fuentes": NaN, "temperature.SAPM.time_sapm_cell": {"result": [0.0016415868885815144], "stats": [{"ci_99": [0.0016109554230102471, 0.0016902525510106767], "q_25": 0.0016163948623995697, "q_75": 0.0016698672136824047, "min": 0.0016109554230102471, "max": 0.0016902525510106767, "mean": 0.0016447840857186486, "std": 2.830227065677902e-05, "repeat": 10, "number": 7}]}, "tracking.SingleAxis.time_singleaxis": {"result": [0.02569125290028751], "stats": [{"ci_99": [0.025400140788406134, 0.02674804488196969], "q_25": 0.025554711581207812, "q_75": 0.026025977917015553, "min": 0.025400140788406134, "max": 0.02674804488196969, "mean": 0.025827340548858047, "std": 0.0003785532622844313, "repeat": 10, "number": 1}]}, "tracking.SingleAxis.time_tracker_singleaxis": {"result": [0.025786500656977296], "stats": [{"ci_99": [0.024476999416947365, 0.02675842260941863], "q_25": 0.025196418282575905, "q_75": 0.026509859482757747, "min": 0.024476999416947365, "max": 0.02675842260941863, "mean": 0.02575631206855178, "std": 0.0007851372691655633, "repeat": 10, "number": 1}]}}, "params": {"arch": "x86_64", "cpu": "Intel Xeon Processor (Skylake, IBRS)", "machine": "pvlib-asv.forecasting.energy.arizona.edu", "num_cpu": "4", "os": "Linux 5.7.8-200.fc32.x86_64", "ram": "8145244", "python": "3.6", "numpy": "1.12.0", "pandas": "0.22.0", "scipy": "1.2.0", "pytables": "3.6.1", "ephem": "3.7.6.0"}, "requirements": {"numpy": "1.12.0", "pandas": "0.22.0", "scipy": "1.2.0", "pytables": "3.6.1", "ephem": "3.7.6.0"}, "commit_hash": "c8b8086078f0680fd8d1530eb9b0e2c910a75469", "date": 1504884909000, "env_name": "conda-py3.6-ephem3.7.6.0-numpy1.12.0-pandas0.22.0-pytables3.6.1-scipy1.2.0", "python": "3.6", "profiles": {}, "started_at": {"irradiance.Irradiance.time_aoi": 1599840338668, "irradiance.Irradiance.time_aoi_projection": 1599840343378, "irradiance.Irradiance.time_dirindex": 1599840348088, "irradiance.Irradiance.time_dirint": 1599840353099, "irradiance.Irradiance.time_disc": 1599840357959, "irradiance.Irradiance.time_erbs": 1599840362669, "irradiance.Irradiance.time_get_extra_radiation": 1599840327558, "irradiance.Irradiance.time_get_ground_diffuse": 1599840328411, "irradiance.Irradiance.time_get_total_irradiance": 1599840329265, "location.Location.time_location_get_airmass": 1599840367380, "location.Location.time_location_get_clearsky": 1599840367683, "location.Location.time_location_get_solarposition": 1599840370640, "location.Location_0_6_1.time_location_get_sun_rise_set_transit_pyephem": 1599840370993, "location.Location_0_6_1.time_location_get_sun_rise_set_transit_spa": 1599840371046, "solarposition.SolarPosition.time_ephemeris": 1599840371098,