{"results": {"irradiance.Irradiance.time_aoi": {"result": [0.0023866498842835425], "stats": [{"ci_99": [0.002361002191901207, 0.00239193020388484], "q_25": 0.0023683158913627264, "q_75": 0.002389571978710592, "min": 0.002361002191901207, "max": 0.00239193020388484, "mean": 0.0023800555802881715, "std": 1.146940545493476e-05, "repeat": 10, "number": 5}]}, "irradiance.Irradiance.time_aoi_projection": {"result": [0.002143323328346014], "stats": [{"ci_99": [0.0021275607869029045, 0.0021906519308686257], "q_25": 0.002139344811439514, "q_75": 0.002153303078375757, "min": 0.0021275607869029045, "max": 0.0021906519308686257, "mean": 0.00215010792016983, "std": 1.7864560005236397e-05, "repeat": 10, "number": 5}]}, "irradiance.Irradiance.time_dirindex": {"result": [0.06614240957424045], "stats": [{"ci_99": [0.06500195991247892, 0.06795519404113293], "q_25": 0.06568185519427061, "q_75": 0.06687707698438317, "min": 0.06500195991247892, "max": 0.06795519404113293, "mean": 0.06633033906109631, "std": 0.0009191734720801391, "repeat": 10, "number": 1}]}, "irradiance.Irradiance.time_dirint": {"result": [0.032542319502681494], "stats": [{"ci_99": [0.032354176975786686, 0.03394250012934208], "q_25": 0.032478946493938565, "q_75": 0.03312292485497892, "min": 0.032354176975786686, "max": 0.03394250012934208, "mean": 0.03283069026656449, "std": 0.000512433344927369, "repeat": 10, "number": 1}]}, "irradiance.Irradiance.time_disc": {"result": [0.012726461049169302], "stats": [{"ci_99": [0.012257808819413185, 0.013108727056533098], "q_25": 0.012541696429252625, "q_75": 0.012858056230470538, "min": 0.012257808819413185, "max": 0.013108727056533098, "mean": 0.012680511083453893, "std": 0.0002595822574527614, "repeat": 10, "number": 1}]}, "irradiance.Irradiance.time_erbs": {"result": [0.007378590293228626], "stats": [{"ci_99": [0.007346675498411059, 0.007510224590077996], "q_25": 0.007356634363532066, "q_75": 0.007422453141771257, "min": 0.007346675498411059, "max": 0.007510224590077996, "mean": 0.007401193794794381, "std": 5.7475217287053037e-05, "repeat": 10, "number": 2}]}, "irradiance.Irradiance.time_get_extra_radiation": {"result": [0.0005376282846555115], "stats": [{"ci_99": [0.0005316930124536157, 0.000544134248048067], "q_25": 0.0005357290268875659, "q_75": 0.0005401163129135967, "min": 0.0005316930124536157, "max": 0.000544134248048067, "mean": 0.0005377556523308159, "std": 3.56197938488955e-06, "repeat": 10, "number": 20}]}, "irradiance.Irradiance.time_get_ground_diffuse": {"result": [0.0003363982128399995], "stats": [{"ci_99": [0.00032674980860564017, 0.00036393583662086917], "q_25": 0.0003317342620463141, "q_75": 0.000355413202346573, "min": 0.00032674980860564017, "max": 0.00036393583662086917, "mean": 0.0003427601043855952, "std": 1.3470427290669843e-05, "repeat": 10, "number": 31}]}, "irradiance.Irradiance.time_get_total_irradiance": {"result": [0.004633644440521797], "stats": [{"ci_99": [0.0045467329521973925, 0.005468243267387152], "q_25": 0.00456556227679054, "q_75": 0.00465084290287147, "min": 0.0045467329521973925, "max": 0.005468243267387152, "mean": 0.0046945360489189635, "std": 0.000261331648825367, "repeat": 10, "number": 3}]}, "location.Location.time_location_get_airmass": {"result": [0.0013710309867747128], "stats": [{"ci_99": [0.0013685976737178862, 0.00141167885158211], "q_25": 0.0013700435811188072, "q_75": 0.001378029613988474, "min": 0.0013685976737178862, "max": 0.00141167885158211, "mean": 0.00137673479039222, "std": 1.2334389244845785e-05, "repeat": 10, "number": 8}]}, "location.Location.time_location_get_clearsky": {"result": [0.009424799820408225], "stats": [{"ci_99": [0.009069459978491068, 0.009479009080678225], "q_25": 0.009208291827235371, "q_75": 0.009447987657040358, "min": 0.009069459978491068, "max": 0.009479009080678225, "mean": 0.00932943329680711, "std": 0.00015719840778408275, "repeat": 10, "number": 2}]}, "location.Location.time_location_get_solarposition": {"result": [0.015572384931147099], "stats": [{"ci_99": [0.015510361175984144, 0.015741724986582994], "q_25": 0.01555919658858329, "q_75": 0.01565345551352948, "min": 0.015510361175984144, "max": 0.015741724986582994, "mean": 0.015599708911031485, "std": 7.005773286197432e-05, "repeat": 10, "number": 1}]}, "location.Location_0_6_1.time_location_get_sun_rise_set_transit_pyephem": {"result": [0.18124420894309878], "stats": [{"ci_99": [0.17872895672917366, 0.18293066322803497], "q_25": 0.1810409544268623, "q_75": 0.18184921552892774, "min": 0.17872895672917366, "max": 0.18293066322803497, "mean": 0.18132064961828293, "std": 0.001134956726395178, "repeat": 10, "number": 1}]}, "location.Location_0_6_1.time_location_get_sun_rise_set_transit_spa": {"result": [0.034915385069325566], "stats": [{"ci_99": [0.034600206185132265, 0.03564219968393445], "q_25": 0.034879539045505226, "q_75": 0.03495954116806388, "min": 0.034600206185132265, "max": 0.03564219968393445, "mean": 0.0349629552103579, "std": 0.00024936035609643246, "repeat": 10, "number": 1}]}, "solarposition.SolarPosition.time_ephemeris": {"result": [0.01836822461336851], "stats": [{"ci_99": [0.018026641104370356, 0.01869401289150119], "q_25": 0.018258467316627502, "q_75": 0.018461225787177682, "min": 0.018026641104370356, "max": 0.01869401289150119, "mean": 0.018365947250276803, "std": 0.0001762370249400502, "repeat": 10, "number": 1}]}, "solarposition.SolarPosition.time_ephemeris_localized": {"result": [0.018212506780400872], "stats": [{"ci_99": [0.01797445211559534, 0.018419046886265278], "q_25": 0.018133696634322405, "q_75": 0.018273979891091585, "min": 0.01797445211559534, "max": 0.018419046886265278, "mean": 0.01819974910467863, "std": 0.00012431424011458963, "repeat": 10, "number": 1}]}, "solarposition.SolarPosition.time_nrel_earthsun_distance": {"result": [0.02280271681956947], "stats": [{"ci_99": [0.022724249865859747, 0.02288191206753254], "q_25": 0.022758503328077495, "q_75": 0.02283004147466272, "min": 0.022724249865859747, "max": 0.02288191206753254, "mean": 0.02279572216793895, "std": 4.8022461025187775e-05, "repeat": 10, "number": 1}]}, "solarposition.SolarPosition.time_spa_python": {"result": [0.02633149642497301], "stats": [{"ci_99": [0.026146521791815758, 0.026716148015111685], "q_25": 0.026291935588233173, "q_75": 0.026552728144451976, "min": 0.026146521791815758, "max": 0.026716148015111685, "mean": 0.026405937597155572, "std": 0.000169335489114869, "repeat": 10, "number": 1}]}, "solarposition.SolarPosition.time_sun_rise_set_transit_spa": {"result": [0.039796442026272416], "stats": [{"ci_99": [0.03922666795551777, 0.040541850961744785], "q_25": 0.039507250185124576, "q_75": 0.04025713820010424, "min": 0.03922666795551777, "max": 0.040541850961744785, "mean": 0.03985424363054335, "std": 0.0004305652667412256, "repeat": 10, "number": 1}]}, "temperature.Fuentes.time_fuentes": NaN, "temperature.SAPM.time_sapm_cell": {"result": [0.001005437527783215], "stats": [{"ci_99": [0.0009512442164123058, 0.0010277811903506517], "q_25": 0.001000351901166141, "q_75": 0.0010246421908959747, "min": 0.0009512442164123058, "max": 0.0010277811903506517, "mean": 0.0010063870623707775, "std": 2.163275992115896e-05, "repeat": 10, "number": 10}]}, "tracking.SingleAxis.time_singleaxis": {"result": [0.020526828011497855], "stats": [{"ci_99": [0.017715370748192072, 0.023059437051415443], "q_25": 0.018766680965200067, "q_75": 0.021433752845041454, "min": 0.017715370748192072, "max": 0.023059437051415443, "mean": 0.020327562279999257, "std": 0.0016878319884829917, "repeat": 10, "number": 1}]}, "tracking.SingleAxis.time_tracker_singleaxis": {"result": [0.020615325076505542], "stats": [{"ci_99": [0.017868777737021446, 0.022829636000096798], "q_25": 0.019357148092240095, "q_75": 0.021997102652676404, "min": 0.017868777737021446, "max": 0.022829636000096798, "mean": 0.020640810299664736, "std": 0.0015651529189492054, "repeat": 10, "number": 1}]}}, "params": {"arch": "x86_64", "cpu": "Intel Xeon Processor (Skylake, IBRS)",