{"results": {"irradiance.Irradiance.time_aoi": {"result": [0.0022781668696552513], "stats": [{"ci_99": [0.0021556331776082516, 0.0023700772784650327], "q_25": 0.002193177281878889, "q_75": 0.002353179105557501, "min": 0.0021556331776082516, "max": 0.0023700772784650327, "mean": 0.002272607544437051, "std": 8.107896066066828e-05, "repeat": 10, "number": 5}]}, "irradiance.Irradiance.time_aoi_projection": {"result": [0.00219344119541347], "stats": [{"ci_99": [0.002159516979008913, 0.002337834145873785], "q_25": 0.0021741565084084868, "q_75": 0.002305153920315206, "min": 0.002159516979008913, "max": 0.002337834145873785, "mean": 0.0022296022530645136, "std": 7.087425136070441e-05, "repeat": 10, "number": 5}]}, "irradiance.Irradiance.time_dirindex": {"result": [0.14438518253155053], "stats": [{"ci_99": [0.14274530205875635, 0.14819319173693657], "q_25": 0.14391616615466774, "q_75": 0.14564557606354356, "min": 0.14274530205875635, "max": 0.14819319173693657, "mean": 0.14491071640513836, "std": 0.0016400919137235497, "repeat": 10, "number": 1}]}, "irradiance.Irradiance.time_dirint": {"result": [0.07202406856231391], "stats": [{"ci_99": [0.07054013526067138, 0.074726402759552], "q_25": 0.07103471178561449, "q_75": 0.07344491442199796, "min": 0.07054013526067138, "max": 0.074726402759552, "mean": 0.07228790926747024, "std": 0.0013613262046441275, "repeat": 10, "number": 1}]}, "irradiance.Irradiance.time_disc": {"result": [0.01980593241751194], "stats": [{"ci_99": [0.01826009713113308, 0.021025019697844982], "q_25": 0.019735772511921823, "q_75": 0.020299210562370718, "min": 0.01826009713113308, "max": 0.021025019697844982, "mean": 0.01991086099296808, "std": 0.0007512413356202785, "repeat": 10, "number": 1}]}, "irradiance.Irradiance.time_erbs": {"result": [0.013367804232984781], "stats": [{"ci_99": [0.012534106150269508, 0.013506758026778698], "q_25": 0.012707396177574992, "q_75": 0.01349289738573134, "min": 0.012534106150269508, "max": 0.013506758026778698, "mean": 0.01312712412327528, "std": 0.0004090384669647479, "repeat": 10, "number": 1}]}, "irradiance.Irradiance.time_get_extra_radiation": {"result": [0.002636470482684672], "stats": [{"ci_99": [0.0026205952744930983, 0.00265193241648376], "q_25": 0.0026303708145860583, "q_75": 0.0026473072939552367, "min": 0.0026205952744930983, "max": 0.00265193241648376, "mean": 0.002637293201405555, "std": 1.0351771929860319e-05, "repeat": 10, "number": 4}]}, "irradiance.Irradiance.time_get_ground_diffuse": {"result": [0.0005213072639890015], "stats": [{"ci_99": [0.0005020941607654095, 0.000556674413383007], "q_25": 0.0005052528751548379, "q_75": 0.0005436132487375289, "min": 0.0005020941607654095, "max": 0.000556674413383007, "mean": 0.0005256491736508905, "std": 2.1358159069769575e-05, "repeat": 10, "number": 20}]}, "irradiance.Irradiance.time_get_total_irradiance": {"result": [0.005221466184593737], "stats": [{"ci_99": [0.004981395089998841, 0.005778087070211768], "q_25": 0.005105620308313519, "q_75": 0.0053648860193789005, "min": 0.004981395089998841, "max": 0.005778087070211768, "mean": 0.0052547061815857886, "std": 0.00021947784170303882, "repeat": 10, "number": 2}]}, "location.Location.time_location_get_airmass": {"result": [0.0014839942034866127], "stats": [{"ci_99": [0.0014772280119359493, 0.0014904485350208624], "q_25": 0.0014812175816457185, "q_75": 0.001487220753915608, "min": 0.0014772280119359493, "max": 0.0014904485350208624, "mean": 0.0014838397303330048, "std": 4.13252643022324e-06, "repeat": 10, "number": 7}]}, "location.Location.time_location_get_clearsky": {"result": [0.013195912819355726], "stats": [{"ci_99": [0.013082628138363361, 0.013338794931769371], "q_25": 0.013140182592906058, "q_75": 0.013270697323605418, "min": 0.013082628138363361, "max": 0.013338794931769371, "mean": 0.013200791645795107, "std": 8.599124145996264e-05, "repeat": 10, "number": 1}]}, "location.Location.time_location_get_solarposition": {"result": [0.017856137827038765], "stats": [{"ci_99": [0.017702169250696898, 0.018074356019496918], "q_25": 0.017805463634431362, "q_75": 0.017890815623104572, "min": 0.017702169250696898, "max": 0.018074356019496918, "mean": 0.017850524559617043, "std": 0.0001018411799656068, "repeat": 10, "number": 1}]}, "location.Location_0_6_1.time_location_get_sun_rise_set_transit_pyephem": {"result": [0.19538624375127256], "stats": [{"ci_99": [0.1940890601836145, 0.19636646378785372], "q_25": 0.19512456061784178, "q_75": 0.1957450972404331, "min": 0.1940890601836145, "max": 0.19636646378785372, "mean": 0.1954041060525924, "std": 0.0006003959071838456, "repeat": 10, "number": 1}]}, "location.Location_0_6_1.time_location_get_sun_rise_set_transit_spa": {"result": [0.04324246244505048], "stats": [{"ci_99": [0.04296530596911907, 0.04347689123824239], "q_25": 0.04309758881572634, "q_75": 0.043331604334525764, "min": 0.04296530596911907, "max": 0.04347689123824239, "mean": 0.04321351861581206, "std": 0.00016140143447495036, "repeat": 10, "number": 1}]}, "solarposition.SolarPosition.time_ephemeris": {"result": [0.02407193835824728], "stats": [{"ci_99": [0.023668942973017693, 0.0254283812828362], "q_25": 0.02378656796645373, "q_75": 0.02484381024260074, "min": 0.023668942973017693, "max": 0.0254283812828362, "mean": 0.024331781966611742, "std": 0.0006145838319901967, "repeat": 10, "number": 1}]}, "solarposition.SolarPosition.time_ephemeris_localized": {"result": [0.024450972443446517], "stats": [{"ci_99": [0.023728867061436176, 0.025166579987853765], "q_25": 0.023805726086720824, "q_75": 0.025073865661397576, "min": 0.023728867061436176, "max": 0.025166579987853765, "mean": 0.024450031062588095, "std": 0.0006068602432234456, "repeat": 10, "number": 1}]}, "solarposition.SolarPosition.time_nrel_earthsun_distance": {"result": [0.023134963121265173], "stats": [{"ci_99": [0.022967197000980377, 0.023459410294890404], "q_25": 0.023092299699783325, "q_75": 0.02321156649850309, "min": 0.022967197000980377, "max": 0.023459410294890404, "mean": 0.0231623912230134, "std": 0.00013248925374471357, "repeat": 10, "number": 1}]}, "solarposition.SolarPosition.time_spa_python": {"result": [0.02838635304942727], "stats": [{"ci_99": [0.028240634128451347, 0.028708057012408972], "q_25": 0.028248345013707876, "q_75": 0.028459276887588203, "min": 0.028240634128451347, "max": 0.028708057012408972, "mean": 0.02840031236410141, "std": 0.00015947908211692925, "repeat": 10, "number": 1}]}, "solarposition.SolarPosition.time_sun_rise_set_transit_spa": {"result": [0.04988922947086394], "stats": [{"ci_99": [0.04923731228336692, 0.05087990313768387], "q_25": 0.04959431162569672, "q_75": 0.050120704574510455, "min": 0.04923731228336692, "max": 0.05087990313768387, "mean": 0.049900232208892704, "std": 0.0004415290723187977, "repeat": 10, "number": 1}]}, "temperature.Fuentes.time_fuentes": {"result": [null], "params": [["'a'", "'b'", "'deltaT'"]]}, "tracking.SingleAxis.time_singleaxis": {"result": [0.006633306038565934], "stats": [{"ci_99": [0.006253013387322426, 0.006767133018001914], "q_25": 0.006548915058374405, "q_75": 0.006706047861371189, "min": 0.006253013387322426, "max": 0.006767133018001914, "mean": 0.006592880468815565, "std": 0.0001533408135025565, "repeat": 10, "number": 2}]}, "tracking.SingleAxis.time_tracker_singleaxis": {"result": [0.006450539454817772], "stats": [{"ci_99": [0.0063221335876733065, 0.006649639690294862], "q_25": 0.006386657129041851, "q_75": 0.006561353686265647, "min": 0.0063221335876733065, "max": 0.006649639690294862, "mean": 0.006476059299893677, "std": 0.0001127599995254914, "repeat": 10, "number": 2}]}, "temperature.SAPM.time_sapm_cell": {"result": [0.001432612887583673], "stats": [{"ci_99": [0.0013796990970149636, 0.0015985099598765373], "q_25": 0.0014033621409907937, "q_75": 0.0015762270195409656, "min": 0.0013796990970149636, "max": 0.0015985099598765373, "mean": 0.0014771907648537309, "std": 8.683529541394764e-05, "repeat": 10, "number": 8}]}}, "params": {"arch": "x86_64",