{"results": {"irradiance.Irradiance.time_aoi": {"result": [0.0023434252943843603], "stats": [{"ci_99": [0.002272398862987757, 0.00243444899097085], "q_25": 0.0022843197686597703, "q_75": 0.002362133399583399, "min": 0.002272398862987757, "max": 0.00243444899097085, "mean": 0.002337418450042605, "std": 5.3185080386539405e-05, "repeat": 10, "number": 5}]}, "irradiance.Irradiance.time_aoi_projection": {"result": [0.0019387323409318924], "stats": [{"ci_99": [0.001922994541625182, 0.0019882331447054944], "q_25": 0.0019333247910253704, "q_75": 0.0019729799047733345, "min": 0.001922994541625182, "max": 0.0019882331447054944, "mean": 0.001950733580936988, "std": 2.256465032997629e-05, "repeat": 10, "number": 6}]}, "irradiance.Irradiance.time_dirindex": {"result": [0.14136489387601614], "stats": [{"ci_99": [0.13748196698725224, 0.14436658890917897], "q_25": 0.14006241306196898, "q_75": 0.14244935021270066, "min": 0.13748196698725224, "max": 0.14436658890917897, "mean": 0.14123944267630578, "std": 0.002153264680572105, "repeat": 10, "number": 1}]}, "irradiance.Irradiance.time_dirint": {"result": [0.06988542317412794], "stats": [{"ci_99": [0.06866229604929686, 0.07231628522276878], "q_25": 0.06943491566926241, "q_75": 0.07072015781886876, "min": 0.06866229604929686, "max": 0.07231628522276878, "mean": 0.07018599845468998, "std": 0.0011302622583607164, "repeat": 10, "number": 1}]}, "irradiance.Irradiance.time_disc": {"result": [0.019048578338697553], "stats": [{"ci_99": [0.018146938178688288, 0.020298582036048174], "q_25": 0.01832074869889766, "q_75": 0.01966847968287766, "min": 0.018146938178688288, "max": 0.020298582036048174, "mean": 0.019051432516425847, "std": 0.000748905690903966, "repeat": 10, "number": 1}]}, "irradiance.Irradiance.time_erbs": {"result": [0.013655610382556915], "stats": [{"ci_99": [0.013098289258778095, 0.0141057213768363], "q_25": 0.013293773867189884, "q_75": 0.013840353465639055, "min": 0.013098289258778095, "max": 0.0141057213768363, "mean": 0.013595582824200392, "std": 0.0003260816287907342, "repeat": 10, "number": 1}]}, "irradiance.Irradiance.time_get_extra_radiation": {"result": [0.002680158824659884], "stats": [{"ci_99": [0.002603390486910939, 0.0027325854171067476], "q_25": 0.002663426916114986, "q_75": 0.00271207993500866, "min": 0.002603390486910939, "max": 0.0027325854171067476, "mean": 0.0026787610724568365, "std": 3.9193329355968756e-05, "repeat": 10, "number": 4}]}, "irradiance.Irradiance.time_get_ground_diffuse": {"result": [0.0005741437382407878], "stats": [{"ci_99": [0.0005135027152535162, 0.0006054189840429707], "q_25": 0.0005354262263465085, "q_75": 0.0005997253496101813, "min": 0.0005135027152535162, "max": 0.0006054189840429707, "mean": 0.0005661511867258109, "std": 3.4707797732430885e-05, "repeat": 10, "number": 19}]}, "irradiance.Irradiance.time_get_total_irradiance": {"result": [0.005363576696254313], "stats": [{"ci_99": [0.005218829493969679, 0.005443838192149997], "q_25": 0.005315348331350833, "q_75": 0.005411732010543346, "min": 0.005218829493969679, "max": 0.005443838192149997, "mean": 0.005355765507556498, "std": 6.794175715036871e-05, "repeat": 10, "number": 2}]}, "location.Location.time_location_get_airmass": {"result": [0.0014163589803501964], "stats": [{"ci_99": [0.0013167389552108943, 0.0014971813652664423], "q_25": 0.0014150860952213407, "q_75": 0.0014236166316550225, "min": 0.0013167389552108943, "max": 0.0014971813652664423, "mean": 0.0014164026419166476, "std": 4.1009040059034994e-05, "repeat": 10, "number": 8}]}, "location.Location.time_location_get_clearsky": {"result": [0.012893528444692492], "stats": [{"ci_99": [0.012208744883537292, 0.013229509815573692], "q_25": 0.012453133706003428, "q_75": 0.013087021186947823, "min": 0.012208744883537292, "max": 0.013229509815573692, "mean": 0.012795495428144931, "std": 0.00037806860112437116, "repeat": 10, "number": 1}]}, "location.Location.time_location_get_solarposition": {"result": [0.017768360674381256], "stats": [{"ci_99": [0.017527597025036812, 0.01847752695903182], "q_25": 0.017733603599481285, "q_75": 0.01799379917792976, "min": 0.017527597025036812, "max": 0.01847752695903182, "mean": 0.017882325733080507, "std": 0.0002586841506129693, "repeat": 10, "number": 1}]}, "location.Location_0_6_1.time_location_get_sun_rise_set_transit_pyephem": {"result": [0.19202314713038504], "stats": [{"ci_99": [0.178231589961797, 0.196445404086262], "q_25": 0.17859543638769537, "q_75": 0.1950622785370797, "min": 0.178231589961797, "max": 0.196445404086262, "mean": 0.18797846050001682, "std": 0.007920238489296584, "repeat": 10, "number": 1}]}, "location.Location_0_6_1.time_location_get_sun_rise_set_transit_spa": {"result": [0.04262538603506982], "stats": [{"ci_99": [0.04241562727838755, 0.04320910107344389], "q_25": 0.04247846850194037, "q_75": 0.042724204366095364, "min": 0.04241562727838755, "max": 0.04320910107344389, "mean": 0.042681433260440826, "std": 0.0002593413573620505, "repeat": 10, "number": 1}]}, "solarposition.SolarPosition.time_ephemeris": {"result": [0.02460367209278047], "stats": [{"ci_99": [0.023497283924371004, 0.025062845088541508], "q_25": 0.02423454902600497, "q_75": 0.02482741477433592, "min": 0.023497283924371004, "max": 0.025062845088541508, "mean": 0.024448722926899792, "std": 0.0005098524936787452, "repeat": 10, "number": 1}]}, "solarposition.SolarPosition.time_ephemeris_localized": {"result": [0.024977511260658503], "stats": [{"ci_99": [0.023729383014142513, 0.025367343798279762], "q_25": 0.02377428486943245, "q_75": 0.02510065073147416, "min": 0.023729383014142513, "max": 0.025367343798279762, "mean": 0.02457094779238105, "std": 0.0006670817929874285, "repeat": 10, "number": 1}]}, "solarposition.SolarPosition.time_nrel_earthsun_distance": {"result": [0.023644694359973073], "stats": [{"ci_99": [0.023453686852008104, 0.023937681689858437], "q_25": 0.023618971463292837, "q_75": 0.023796756519004703, "min": 0.023453686852008104, "max": 0.023937681689858437, "mean": 0.023685563076287507, "std": 0.00015249099203527356, "repeat": 10, "number": 1}]}, "solarposition.SolarPosition.time_spa_python": {"result": [0.02838749415241182], "stats": [{"ci_99": [0.028255207929760218, 0.028826977126300335], "q_25": 0.028376982896588743, "q_75": 0.02850386966019869, "min": 0.028255207929760218, "max": 0.028826977126300335, "mean": 0.028452703123912217, "std": 0.00016120686662892523, "repeat": 10, "number": 1}]}, "solarposition.SolarPosition.time_sun_rise_set_transit_spa": {"result": [0.049455282278358936], "stats": [{"ci_99": [0.04918984416872263, 0.04990617232397199], "q_25": 0.0493281043600291, "q_75": 0.04964747233316302, "min": 0.04918984416872263, "max": 0.04990617232397199, "mean": 0.04949532616883516, "std": 0.00021895030984719882, "repeat": 10, "number": 1}]}, "temperature.Fuentes.time_fuentes": NaN, "temperature.SAPM.time_sapm_cell": {"result": [0.0016003104392439127], "stats": [{"ci_99": [0.0015873971528240613, 0.0016322674096695014], "q_25": 0.0015949489648586937, "q_75": 0.0016089414046811207, "min": 0.0015873971528240613, "max": 0.0016322674096695014, "mean": 0.0016043253176446473, "std": 1.4971676495550878e-05, "repeat": 10, "number": 7}]}, "tracking.SingleAxis.time_singleaxis": {"result": [0.006374775781296194], "stats": [{"ci_99": [0.0063089970499277115, 0.006947041489183903], "q_25": 0.006357115868013352, "q_75": 0.006524098105728626, "min": 0.0063089970499277115, "max": 0.006947041489183903, "mean": 0.006487354473210871, "std": 0.00020790478732907178, "repeat": 10, "number": 2}]}, "tracking.SingleAxis.time_tracker_singleaxis": {"result": [0.006523011950775981], "stats": [{"ci_99": [0.006328206043690443, 0.00684596155770123], "q_25": 0.00648375746095553, "q_75": 0.0065912529826164246, "min": 0.006328206043690443, "max": 0.00684596155770123, "mean": 0.006533829309046268, "std": 0.00013980883904127098, "repeat": 10, "number": 2}]}}, "params": {"arch": "x86_64", "cpu": "Intel Xeon Processor (Skylake, IBRS)",