{"results": {"irradiance.Irradiance.time_aoi": {"result": [0.002273611491546035], "stats": [{"ci_99": [0.0022643872536718844, 0.0023475705645978453], "q_25": 0.0022693946259096263, "q_75": 0.0023120163939893247, "min": 0.0022643872536718844, "max": 0.0023475705645978453, "mean": 0.0022913686838001014, "std": 2.9387005821026476e-05, "repeat": 10, "number": 5}]}, "irradiance.Irradiance.time_aoi_projection": {"result": [0.0019543359987437723], "stats": [{"ci_99": [0.0019193599931895734, 0.0020439238287508488], "q_25": 0.001944002555683255, "q_75": 0.001995948911644518, "min": 0.0019193599931895734, "max": 0.0020439238287508488, "mean": 0.0019699528999626635, "std": 3.669254975912255e-05, "repeat": 10, "number": 5}]}, "irradiance.Irradiance.time_dirindex": {"result": [0.1412018893752247], "stats": [{"ci_99": [0.13822397775948048, 0.14627897599712014], "q_25": 0.13905578653793782, "q_75": 0.14324290747754276, "min": 0.13822397775948048, "max": 0.14627897599712014, "mean": 0.1414166945964098, "std": 0.002621570307931717, "repeat": 10, "number": 1}]}, "irradiance.Irradiance.time_dirint": {"result": [0.07020883285440505], "stats": [{"ci_99": [0.0686759939417243, 0.07280409196391702], "q_25": 0.06941553845535964, "q_75": 0.0713910753838718, "min": 0.0686759939417243, "max": 0.07280409196391702, "mean": 0.07039581532590092, "std": 0.0012761694912812168, "repeat": 10, "number": 1}]}, "irradiance.Irradiance.time_disc": {"result": [0.018605666467919946], "stats": [{"ci_99": [0.01826588110998273, 0.01994251413270831], "q_25": 0.01846421218942851, "q_75": 0.01884547737427056, "min": 0.01826588110998273, "max": 0.01994251413270831, "mean": 0.018792440183460712, "std": 0.0005008650006148158, "repeat": 10, "number": 1}]}, "irradiance.Irradiance.time_erbs": {"result": [0.013258244143798947], "stats": [{"ci_99": [0.012553371023386717, 0.013844789937138557], "q_25": 0.013125336146913469, "q_75": 0.013696178910322487, "min": 0.012553371023386717, "max": 0.013844789937138557, "mean": 0.013303611427545547, "std": 0.00043927719229660086, "repeat": 10, "number": 1}]}, "irradiance.Irradiance.time_get_extra_radiation": {"result": [0.002663899154867977], "stats": [{"ci_99": [0.0026178337866440415, 0.00273209426086396], "q_25": 0.002648721158038825, "q_75": 0.002688087144633755, "min": 0.0026178337866440415, "max": 0.00273209426086396, "mean": 0.0026697826804593207, "std": 3.665352517851286e-05, "repeat": 10, "number": 4}]}, "irradiance.Irradiance.time_get_ground_diffuse": {"result": [0.0005619217990897596], "stats": [{"ci_99": [0.0005241604987531901, 0.000595554243773222], "q_25": 0.0005376534420065581, "q_75": 0.0005864619568455964, "min": 0.0005241604987531901, "max": 0.000595554243773222, "mean": 0.000562403379008174, "std": 2.554176063486488e-05, "repeat": 10, "number": 20}]}, "irradiance.Irradiance.time_get_total_irradiance": {"result": [0.00545820826664567], "stats": [{"ci_99": [0.005352468462660909, 0.005538803990930319], "q_25": 0.005400814989116043, "q_75": 0.00547560048289597, "min": 0.005352468462660909, "max": 0.005538803990930319, "mean": 0.005445393198169768, "std": 5.364305958262616e-05, "repeat": 10, "number": 2}]}, "location.Location.time_location_get_airmass": {"result": [0.0014239618030842394], "stats": [{"ci_99": [0.001411853008903563, 0.001451944699510932], "q_25": 0.001418640895280987, "q_75": 0.0014336667372845113, "min": 0.001411853008903563, "max": 0.001451944699510932, "mean": 0.0014280424104072154, "std": 1.3449360394540279e-05, "repeat": 10, "number": 8}]}, "location.Location.time_location_get_clearsky": {"result": [0.012830534018576145], "stats": [{"ci_99": [0.012675148900598288, 0.012979939114302397], "q_25": 0.012766549829393625, "q_75": 0.012919000699184835, "min": 0.012675148900598288, "max": 0.012979939114302397, "mean": 0.01283801170065999, "std": 9.465947759080263e-05, "repeat": 10, "number": 1}]}, "location.Location.time_location_get_solarposition": {"result": [0.01865319744683802], "stats": [{"ci_99": [0.01785849593579769, 0.019205454271286726], "q_25": 0.01842727861367166, "q_75": 0.019038410624489188, "min": 0.01785849593579769, "max": 0.019205454271286726, "mean": 0.018670611968263983, "std": 0.0004106745333889008, "repeat": 10, "number": 1}]}, "location.Location_0_6_1.time_location_get_sun_rise_set_transit_pyephem": {"result": [0.1946994282770902], "stats": [{"ci_99": [0.19428884284570813, 0.19579684734344482], "q_25": 0.19448227272368968, "q_75": 0.1950155320810154, "min": 0.19428884284570813, "max": 0.19579684734344482, "mean": 0.19479559999890625, "std": 0.0004261280662075457, "repeat": 10, "number": 1}]}, "location.Location_0_6_1.time_location_get_sun_rise_set_transit_spa": {"result": [0.04459736798889935], "stats": [{"ci_99": [0.04393592104315758, 0.04561778763309121], "q_25": 0.044115310767665505, "q_75": 0.04525340674445033, "min": 0.04393592104315758, "max": 0.04561778763309121, "mean": 0.04470041859894991, "std": 0.0006218489099662656, "repeat": 10, "number": 1}]}, "solarposition.SolarPosition.time_ephemeris": {"result": [0.02466873941011727], "stats": [{"ci_99": [0.024458409752696753, 0.025533607229590416], "q_25": 0.024506412562914193, "q_75": 0.025146565749309957, "min": 0.024458409752696753, "max": 0.025533607229590416, "mean": 0.024856134597212077, "std": 0.00039419025336252843, "repeat": 10, "number": 1}]}, "solarposition.SolarPosition.time_ephemeris_localized": {"result": [0.024787818547338247], "stats": [{"ci_99": [0.02457439387217164, 0.025266733951866627], "q_25": 0.024718816624954343, "q_75": 0.02503920125309378, "min": 0.02457439387217164, "max": 0.025266733951866627, "mean": 0.024872736912220715, "std": 0.00021331530313581484, "repeat": 10, "number": 1}]}, "solarposition.SolarPosition.time_nrel_earthsun_distance": {"result": [0.023994019953534007], "stats": [{"ci_99": [0.023945781867951155, 0.02418672200292349], "q_25": 0.02397809620015323, "q_75": 0.024071102146990597, "min": 0.023945781867951155, "max": 0.02418672200292349, "mean": 0.02402548990212381, "std": 7.16418861285315e-05, "repeat": 10, "number": 1}]}, "solarposition.SolarPosition.time_spa_python": {"result": [0.02994822943583131], "stats": [{"ci_99": [0.02865522587671876, 0.03066914901137352], "q_25": 0.02906856976915151, "q_75": 0.030642316909506917, "min": 0.02865522587671876, "max": 0.03066914901137352, "mean": 0.02982792556285858, "std": 0.0008247255834592775, "repeat": 10, "number": 1}]}, "solarposition.SolarPosition.time_sun_rise_set_transit_spa": {"result": [0.05090947565622628], "stats": [{"ci_99": [0.050096938386559486, 0.05226066010072827], "q_25": 0.05039394390769303, "q_75": 0.051596086588688195, "min": 0.050096938386559486, "max": 0.05226066010072827, "mean": 0.050995978992432356, "std": 0.0007208951663710331, "repeat": 10, "number": 1}]}, "temperature.Fuentes.time_fuentes": NaN, "temperature.SAPM.time_sapm_cell": {"result": [0.002171036438085139], "stats": [{"ci_99": [0.002076525862018267, 0.0021921234826246896], "q_25": 0.0021630700794048607, "q_75": 0.0021767146342123547, "min": 0.002076525862018267, "max": 0.0021921234826246896, "mean": 0.0021579070016741753, "std": 3.399175179863268e-05, "repeat": 10, "number": 6}]}, "tracking.SingleAxis.time_singleaxis": {"result": [0.006461998447775841], "stats": [{"ci_99": [0.006186041980981827, 0.006795468041673303], "q_25": 0.006253843428567052, "q_75": 0.00659282022388652, "min": 0.006186041980981827, "max": 0.006795468041673303, "mean": 0.006459572701714933, "std": 0.00021705018370641422, "repeat": 10, "number": 2}]}, "tracking.SingleAxis.time_tracker_singleaxis": {"result": [0.006406883243471384], "stats": [{"ci_99": [0.0061672700103372335, 0.00681677833199501], "q_25": 0.006272457248996943, "q_75": 0.006561782734934241, "min": 0.0061672700103372335, "max": 0.00681677833199501, "mean": 0.0064292484894394875, "std": 0.00020108085800934952, "repeat": 10, "number": 2}]}}, "params": {"arch": "x86_64", "cpu": "Intel Xeon Processor (Skylake, IBRS)",