{"results": {"irradiance.Irradiance.time_aoi": {"result": [0.002228245558217168], "stats": [{"ci_99": [0.002157181780785322, 0.002333909459412098], "q_25": 0.0021641319384798404, "q_75": 0.002234872989356518, "min": 0.002157181780785322, "max": 0.002333909459412098, "mean": 0.0022207931801676746, "std": 5.778418281276776e-05, "repeat": 10, "number": 5}]}, "irradiance.Irradiance.time_aoi_projection": {"result": [0.0021646746899932623], "stats": [{"ci_99": [0.0021405648440122604, 0.0022136128507554533], "q_25": 0.002150260051712394, "q_75": 0.0021918641170486806, "min": 0.0021405648440122604, "max": 0.0022136128507554533, "mean": 0.002171313902363181, "std": 2.4623276843777894e-05, "repeat": 10, "number": 5}]}, "irradiance.Irradiance.time_dirindex": {"result": [0.14580622501671314], "stats": [{"ci_99": [0.1419107737019658, 0.14764471584931016], "q_25": 0.14380134886596352, "q_75": 0.14694724138826132, "min": 0.1419107737019658, "max": 0.14764471584931016, "mean": 0.14527602000162004, "std": 0.002009690042607069, "repeat": 10, "number": 1}]}, "irradiance.Irradiance.time_dirint": {"result": [0.07282249489799142], "stats": [{"ci_99": [0.07068287767469883, 0.07366541074588895], "q_25": 0.07252612395677716, "q_75": 0.07308842940256, "min": 0.07068287767469883, "max": 0.07366541074588895, "mean": 0.07258514040149748, "std": 0.0009417475626488839, "repeat": 10, "number": 1}]}, "irradiance.Irradiance.time_disc": {"result": [0.019133754540234804], "stats": [{"ci_99": [0.018063003197312355, 0.020296313799917698], "q_25": 0.018464728840626776, "q_75": 0.019950700574554503, "min": 0.018063003197312355, "max": 0.020296313799917698, "mean": 0.01918296832591295, "std": 0.00084086860549879, "repeat": 10, "number": 1}]}, "irradiance.Irradiance.time_erbs": {"result": [0.012815184658393264], "stats": [{"ci_99": [0.012645311187952757, 0.013260747771710157], "q_25": 0.012739971629343927, "q_75": 0.012897380045615137, "min": 0.012645311187952757, "max": 0.013260747771710157, "mean": 0.012868793029338122, "std": 0.00019507391251274178, "repeat": 10, "number": 1}]}, "irradiance.Irradiance.time_get_extra_radiation": {"result": [0.0026458551292307675], "stats": [{"ci_99": [0.002624592510983348, 0.0029346413211897016], "q_25": 0.0026386126410216093, "q_75": 0.0026518571830820292, "min": 0.002624592510983348, "max": 0.0029346413211897016, "mean": 0.0026720691355876626, "std": 8.790224780738896e-05, "repeat": 10, "number": 4}]}, "irradiance.Irradiance.time_get_ground_diffuse": {"result": [0.0005654746691059124], "stats": [{"ci_99": [0.0005424564802332929, 0.0005799012601767716], "q_25": 0.0005583790878422166, "q_75": 0.0005671995152768336, "min": 0.0005424564802332929, "max": 0.0005799012601767716, "mean": 0.000563315591333728, "std": 9.365401987627573e-06, "repeat": 10, "number": 19}]}, "irradiance.Irradiance.time_get_total_irradiance": {"result": [0.005109738791361451], "stats": [{"ci_99": [0.00494715307528774, 0.005294155639906724], "q_25": 0.004956043674610555, "q_75": 0.005138607695698738, "min": 0.00494715307528774, "max": 0.005294155639906724, "mean": 0.005083115554104249, "std": 0.00011827100228981399, "repeat": 10, "number": 3}]}, "location.Location.time_location_get_airmass": {"result": [0.0014883367278214013], "stats": [{"ci_99": [0.0013727417348751, 0.0014993950192417418], "q_25": 0.001479685406333634, "q_75": 0.0014904307899996638, "min": 0.0013727417348751, "max": 0.0014993950192417418, "mean": 0.001475973440600293, "std": 3.500995531840677e-05, "repeat": 10, "number": 7}]}, "location.Location.time_location_get_clearsky": {"result": [0.013046978507190943], "stats": [{"ci_99": [0.012088511139154434, 0.013312823604792356], "q_25": 0.012329303310252726, "q_75": 0.013116535730659962, "min": 0.012088511139154434, "max": 0.013312823604792356, "mean": 0.012809057720005512, "std": 0.00047415073314283085, "repeat": 10, "number": 1}]}, "location.Location.time_location_get_solarposition": {"result": [0.017958648735657334], "stats": [{"ci_99": [0.017753314692527056, 0.01830544788390398], "q_25": 0.017854997771792114, "q_75": 0.018103431444615126, "min": 0.017753314692527056, "max": 0.01830544788390398, "mean": 0.017979462770745157, "std": 0.00016428343896926237, "repeat": 10, "number": 1}]}, "location.Location_0_6_1.time_location_get_sun_rise_set_transit_pyephem": {"result": [0.1956698524300009], "stats": [{"ci_99": [0.17830722779035568, 0.19653263222426176], "q_25": 0.1798880723072216, "q_75": 0.1962592980125919, "min": 0.17830722779035568, "max": 0.19653263222426176, "mean": 0.18943955413997174, "std": 0.008191962161669054, "repeat": 10, "number": 1}]}, "location.Location_0_6_1.time_location_get_sun_rise_set_transit_spa": {"result": [0.04467789060436189], "stats": [{"ci_99": [0.04391688480973244, 0.0613691583275795], "q_25": 0.04427590954583138, "q_75": 0.04510039556771517, "min": 0.04391688480973244, "max": 0.0613691583275795, "mean": 0.04627788728103042, "std": 0.005046673837517167, "repeat": 10, "number": 1}]}, "solarposition.SolarPosition.time_ephemeris": {"result": [0.024791130796074867], "stats": [{"ci_99": [0.023480887059122324, 0.02506778109818697], "q_25": 0.023752702865749598, "q_75": 0.024971443694084883, "min": 0.023480887059122324, "max": 0.02506778109818697, "mean": 0.024420778453350066, "std": 0.0006351701194006188, "repeat": 10, "number": 1}]}, "solarposition.SolarPosition.time_ephemeris_localized": {"result": [0.025165032828226686], "stats": [{"ci_99": [0.024886853992938995, 0.026657050009816885], "q_25": 0.024930835817940533, "q_75": 0.025356827187351882, "min": 0.024886853992938995, "max": 0.026657050009816885, "mean": 0.025303222145885228, "std": 0.0005173688449956607, "repeat": 10, "number": 1}]}, "solarposition.SolarPosition.time_nrel_earthsun_distance": {"result": [0.023106170119717717], "stats": [{"ci_99": [0.02261427603662014, 0.023396878968924284], "q_25": 0.023052013479173183, "q_75": 0.02323171345051378, "min": 0.02261427603662014, "max": 0.023396878968924284, "mean": 0.02306829085573554, "std": 0.0002375215934485191, "repeat": 10, "number": 1}]}, "solarposition.SolarPosition.time_spa_python": {"result": [0.02841515513136983], "stats": [{"ci_99": [0.028278648853302002, 0.0286333910189569], "q_25": 0.028334619477391243, "q_75": 0.028470409917645156, "min": 0.028278648853302002, "max": 0.0286333910189569, "mean": 0.028410293720662595, "std": 0.00010272321251428868, "repeat": 10, "number": 1}]}, "solarposition.SolarPosition.time_sun_rise_set_transit_spa": {"result": [0.05004129512235522], "stats": [{"ci_99": [0.049752455204725266, 0.05042882822453976], "q_25": 0.04996996349655092, "q_75": 0.05028659023810178, "min": 0.049752455204725266, "max": 0.05042882822453976, "mean": 0.05010091657750308, "std": 0.00022067695679030348, "repeat": 10, "number": 1}]}, "temperature.Fuentes.time_fuentes": {"result": [NaN, null, null], "params": [["'a'", "'b'", "'deltaT'"]]}, "tracking.SingleAxis.time_singleaxis": {"result": [0.00640147621743381], "stats": [{"ci_99": [0.006157599156722426, 0.006631988566368818], "q_25": 0.006287138152401894, "q_75": 0.006554852821864188, "min": 0.006157599156722426, "max": 0.006631988566368818, "mean": 0.006405920651741326, "std": 0.0001566782274408087, "repeat": 10, "number": 2}]}, "tracking.SingleAxis.time_tracker_singleaxis": {"result": [0.006457680254243314], "stats": [{"ci_99": [0.006114083342254162, 0.006726518971845508], "q_25": 0.006278621847741306, "q_75": 0.006601429951842874, "min": 0.006114083342254162, "max": 0.006726518971845508, "mean": 0.0064445852767676115, "std": 0.00018910775652828342, "repeat": 10, "number": 2}]}, "temperature.SAPM.time_sapm_cell": {"result": [0.0022442126646637917], "stats": [{"ci_99": [0.0022206656634807588, 0.0022863865830004214], "q_25": 0.0022417596541345116, "q_75": 0.002246527560055256, "min": 0.0022206656634807588, "max": 0.0022863865830004214, "mean": 0.002246593637391925, "std": 1.5541685826375734e-05, "repeat": 10, "number": 5}]}}, "params": {"arch": "x86_64",