{"results": {"irradiance.Irradiance.time_aoi": {"result": [0.002387032378464937], "stats": [{"ci_99": [0.0023446064442396164, 0.002440901007503271], "q_25": 0.002359598316252232, "q_75": 0.002392463875003159, "min": 0.0023446064442396164, "max": 0.002440901007503271, "mean": 0.0023812728840857745, "std": 2.6857417991394146e-05, "repeat": 10, "number": 5}]}, "irradiance.Irradiance.time_aoi_projection": {"result": [0.002137793181464076], "stats": [{"ci_99": [0.0020855922251939774, 0.0021838857792317867], "q_25": 0.002089918591082096, "q_75": 0.002150326804257929, "min": 0.0020855922251939774, "max": 0.0021838857792317867, "mean": 0.0021287643816322085, "std": 3.617999639531318e-05, "repeat": 10, "number": 5}]}, "irradiance.Irradiance.time_dirindex": {"result": [0.06552808661945164], "stats": [{"ci_99": [0.06452155811712146, 0.06758143892511725], "q_25": 0.06513627478852868, "q_75": 0.06594135309569538, "min": 0.06452155811712146, "max": 0.06758143892511725, "mean": 0.06567816180177033, "std": 0.000820600198102022, "repeat": 10, "number": 1}]}, "irradiance.Irradiance.time_dirint": {"result": [0.03263920312747359], "stats": [{"ci_99": [0.03224576311185956, 0.03732961183413863], "q_25": 0.03257463639602065, "q_75": 0.03304960043169558, "min": 0.03224576311185956, "max": 0.03732961183413863, "mean": 0.033515717927366497, "std": 0.0018251085358060256, "repeat": 10, "number": 1}]}, "irradiance.Irradiance.time_disc": {"result": [0.012770740315318108], "stats": [{"ci_99": [0.012071231845766306, 0.01391223818063736], "q_25": 0.012656990555115044, "q_75": 0.01283201645128429, "min": 0.012071231845766306, "max": 0.01391223818063736, "mean": 0.012767880177125334, "std": 0.0004766735653366281, "repeat": 10, "number": 1}]}, "irradiance.Irradiance.time_erbs": {"result": [0.007362746982835233], "stats": [{"ci_99": [0.007265368010848761, 0.00788880093023181], "q_25": 0.0073294241447001696, "q_75": 0.007411397353280336, "min": 0.007265368010848761, "max": 0.00788880093023181, "mean": 0.007409152039326727, "std": 0.00016820267681196948, "repeat": 10, "number": 2}]}, "irradiance.Irradiance.time_get_extra_radiation": {"result": [0.0005361413815990091], "stats": [{"ci_99": [0.0005303986836224794, 0.0005811792565509677], "q_25": 0.0005326072161551565, "q_75": 0.0005434029619209469, "min": 0.0005303986836224794, "max": 0.0005811792565509677, "mean": 0.0005411988263949751, "std": 1.4352057825716352e-05, "repeat": 10, "number": 20}]}, "irradiance.Irradiance.time_get_ground_diffuse": {"result": [0.00036718031584188855], "stats": [{"ci_99": [0.0003560027268169255, 0.00037814813248556237], "q_25": 0.0003587971040015591, "q_75": 0.0003682304462739106, "min": 0.0003560027268169255, "max": 0.00037814813248556237, "mean": 0.0003652825245055659, "std": 6.652316342197726e-06, "repeat": 10, "number": 29}]}, "irradiance.Irradiance.time_get_total_irradiance": {"result": [0.00455412765343984], "stats": [{"ci_99": [0.004442295680443446, 0.004682805699606736], "q_25": 0.004474485875107348, "q_75": 0.0046336404435957474, "min": 0.004442295680443446, "max": 0.004682805699606736, "mean": 0.004555798430616657, "std": 8.704218582053557e-05, "repeat": 10, "number": 3}]}, "location.Location.time_location_get_airmass": {"result": [0.0013726860051974654], "stats": [{"ci_99": [0.0013607676373794675, 0.001391919853631407], "q_25": 0.001365678064757958, "q_75": 0.001385729992762208, "min": 0.0013607676373794675, "max": 0.001391919853631407, "mean": 0.0013753726670984179, "std": 1.152757217626179e-05, "repeat": 10, "number": 8}]}, "location.Location.time_location_get_clearsky": {"result": [0.009402247960679233], "stats": [{"ci_99": [0.009296620963141322, 0.01004912843927741], "q_25": 0.009360403928440064, "q_75": 0.009440767928026617, "min": 0.009296620963141322, "max": 0.01004912843927741, "mean": 0.009460218530148268, "std": 0.0002040935829348596, "repeat": 10, "number": 2}]}, "location.Location.time_location_get_solarposition": {"result": [0.015045250300318003], "stats": [{"ci_99": [0.014753481838852167, 0.015184521209448576], "q_25": 0.0149902825942263, "q_75": 0.015050430200062692, "min": 0.014753481838852167, "max": 0.015184521209448576, "mean": 0.015007940819486976, "std": 0.0001317900968914569, "repeat": 10, "number": 1}]}, "location.Location_0_6_1.time_location_get_sun_rise_set_transit_pyephem": {"result": [0.1794840705115348], "stats": [{"ci_99": [0.17915162211284041, 0.1805369881913066], "q_25": 0.1793357168789953, "q_75": 0.17992746795061976, "min": 0.17915162211284041, "max": 0.1805369881913066, "mean": 0.17965787956491114, "std": 0.00042901649657944857, "repeat": 10, "number": 1}]}, "location.Location_0_6_1.time_location_get_sun_rise_set_transit_spa": {"result": [0.03311209753155708], "stats": [{"ci_99": [0.03295267466455698, 0.03368355380371213], "q_25": 0.033014326356351376, "q_75": 0.03328822064213455, "min": 0.03295267466455698, "max": 0.03368355380371213, "mean": 0.03319425703957677, "std": 0.00023672939640370639, "repeat": 10, "number": 1}]}, "solarposition.SolarPosition.time_ephemeris": {"result": [0.018329934449866414], "stats": [{"ci_99": [0.01795846177265048, 0.018861214630305767], "q_25": 0.018132244236767292, "q_75": 0.018474089680239558, "min": 0.01795846177265048, "max": 0.018861214630305767, "mean": 0.018348063668236138, "std": 0.000261498143653051, "repeat": 10, "number": 1}]}, "solarposition.SolarPosition.time_ephemeris_localized": {"result": [0.01819931366480887], "stats": [{"ci_99": [0.017948129680007696, 0.018786198925226927], "q_25": 0.018134312937036157, "q_75": 0.018327123252674937, "min": 0.017948129680007696, "max": 0.018786198925226927, "mean": 0.0182415253482759, "std": 0.00021931960507670588, "repeat": 10, "number": 1}]}, "solarposition.SolarPosition.time_nrel_earthsun_distance": {"result": [0.02272005844861269], "stats": [{"ci_99": [0.022665265016257763, 0.023030363954603672], "q_25": 0.02270049974322319, "q_75": 0.02280444814823568, "min": 0.022665265016257763, "max": 0.023030363954603672, "mean": 0.022769567603245378, "std": 0.00010680920995827077, "repeat": 10, "number": 1}]}, "solarposition.SolarPosition.time_spa_python": {"result": [0.025779121555387974], "stats": [{"ci_99": [0.025657702703028917, 0.026302966754883528], "q_25": 0.02570572996046394, "q_75": 0.025825878139585257, "min": 0.025657702703028917, "max": 0.026302966754883528, "mean": 0.025811379076913, "std": 0.00017489501146872554, "repeat": 10, "number": 1}]}, "solarposition.SolarPosition.time_sun_rise_set_transit_spa": {"result": [0.03781852498650551], "stats": [{"ci_99": [0.03749761311337352, 0.04280666494742036], "q_25": 0.03767403424717486, "q_75": 0.03810758772306144, "min": 0.03749761311337352, "max": 0.04280666494742036, "mean": 0.038323041843250395, "std": 0.0015125373616285383, "repeat": 10, "number": 1}]}, "temperature.Fuentes.time_fuentes": NaN, "temperature.SAPM.time_sapm_cell": {"result": [0.0010135761377486315], "stats": [{"ci_99": [0.000939055642282421, 0.001022703479975462], "q_25": 0.0009988558542152698, "q_75": 0.0010194949149577455, "min": 0.000939055642282421, "max": 0.001022703479975462, "mean": 0.001004186865280975, "std": 2.389490584453816e-05, "repeat": 10, "number": 11}]}, "tracking.SingleAxis.time_singleaxis": {"result": [0.019141861470416188], "stats": [{"ci_99": [0.016846626065671444, 0.021854046266525984], "q_25": 0.017864672234281898, "q_75": 0.020900454954244196, "min": 0.016846626065671444, "max": 0.021854046266525984, "mean": 0.01931827198714018, "std": 0.0017918542570684532, "repeat": 10, "number": 1}]}, "tracking.SingleAxis.time_tracker_singleaxis": {"result": [0.019923161948099732], "stats": [{"ci_99": [0.017232895828783512, 0.021897695027291775], "q_25": 0.019027194124646485, "q_75": 0.020610072882845998, "min": 0.017232895828783512, "max": 0.021897695027291775, "mean": 0.019800573727115987, "std": 0.001434742238074982, "repeat": 10, "number": 1}]}}, "params": {"arch": "x86_64", "cpu": "Intel Xeon Processor (Skylake, IBRS)",