{"results": {"irradiance.Irradiance.time_aoi": {"result": [0.002368338266387582], "stats": [{"ci_99": [0.0023155678063631058, 0.0025571172125637533], "q_25": 0.0023173495195806027, "q_75": 0.002489974070340395, "min": 0.0023155678063631058, "max": 0.0025571172125637533, "mean": 0.0024037643894553188, "std": 8.932544587601352e-05, "repeat": 10, "number": 5}]}, "irradiance.Irradiance.time_aoi_projection": {"result": [0.0020802222192287446], "stats": [{"ci_99": [0.0020688838325440885, 0.0021026055328547955], "q_25": 0.0020770531613379718, "q_75": 0.0020868786145001646, "min": 0.0020688838325440885, "max": 0.0021026055328547955, "mean": 0.0020819872058928015, "std": 1.004732589420184e-05, "repeat": 10, "number": 5}]}, "irradiance.Irradiance.time_dirindex": {"result": [0.064832883188501], "stats": [{"ci_99": [0.06412839284166694, 0.06602849392220378], "q_25": 0.06421304261311889, "q_75": 0.06563884112983942, "min": 0.06412839284166694, "max": 0.06602849392220378, "mean": 0.06495372578501701, "std": 0.0007497871455589069, "repeat": 10, "number": 1}]}, "irradiance.Irradiance.time_dirint": {"result": [0.03242812864482403], "stats": [{"ci_99": [0.03180063096806407, 0.03426751308143139], "q_25": 0.031959930318407714, "q_75": 0.03283740789629519, "min": 0.03180063096806407, "max": 0.03426751308143139, "mean": 0.03252243208698928, "std": 0.0006995305335851001, "repeat": 10, "number": 1}]}, "irradiance.Irradiance.time_disc": {"result": [0.012316131498664618], "stats": [{"ci_99": [0.012165333144366741, 0.012576962821185589], "q_25": 0.012229863088577986, "q_75": 0.0123817038256675, "min": 0.012165333144366741, "max": 0.012576962821185589, "mean": 0.012319880025461315, "std": 0.00011688235017191941, "repeat": 10, "number": 1}]}, "irradiance.Irradiance.time_erbs": {"result": [0.006794152548536658], "stats": [{"ci_99": [0.006707153050228953, 0.007247541565448046], "q_25": 0.006749802560079843, "q_75": 0.006858147389721125, "min": 0.006707153050228953, "max": 0.007247541565448046, "mean": 0.006837008893489838, "std": 0.00014991684357165943, "repeat": 10, "number": 2}]}, "irradiance.Irradiance.time_get_extra_radiation": {"result": [0.0005427021288165921], "stats": [{"ci_99": [0.0005331985211293949, 0.0005834513147802729], "q_25": 0.0005373860476538539, "q_75": 0.0005717504352919365, "min": 0.0005331985211293949, "max": 0.0005834513147802729, "mean": 0.0005521831053652262, "std": 1.9811575942839946e-05, "repeat": 10, "number": 19}]}, "irradiance.Irradiance.time_get_ground_diffuse": {"result": [0.0003525405190885067], "stats": [{"ci_99": [0.0003297817046669397, 0.00035703511005549717], "q_25": 0.00033311660853073454, "q_75": 0.0003548813807411176, "min": 0.0003297817046669397, "max": 0.00035703511005549717, "mean": 0.0003455996823807558, "std": 1.1099185496891734e-05, "repeat": 10, "number": 33}]}, "irradiance.Irradiance.time_get_total_irradiance": {"result": [0.004536327285071215], "stats": [{"ci_99": [0.004507939796894789, 0.004566064880539973], "q_25": 0.004525326735650499, "q_75": 0.004554205302459498, "min": 0.004507939796894789, "max": 0.004566064880539973, "mean": 0.00453903201657037, "std": 1.806484362123761e-05, "repeat": 10, "number": 3}]}, "location.Location.time_location_get_airmass": {"result": [0.0013681424607057124], "stats": [{"ci_99": [0.0013600141392089427, 0.0013911091373302042], "q_25": 0.0013627399021061137, "q_75": 0.0013754844258073717, "min": 0.0013600141392089427, "max": 0.0013911091373302042, "mean": 0.0013703826523851603, "std": 9.400029282128906e-06, "repeat": 10, "number": 8}]}, "location.Location.time_location_get_clearsky": {"result": [0.009628075757063925], "stats": [{"ci_99": [0.009383718483150005, 0.010744080180302262], "q_25": 0.009437435131985694, "q_75": 0.009821178391575813, "min": 0.009383718483150005, "max": 0.010744080180302262, "mean": 0.009736605687066913, "std": 0.00039838776371254323, "repeat": 10, "number": 2}]}, "location.Location.time_location_get_solarposition": {"result": [0.01513498998247087], "stats": [{"ci_99": [0.015060539823025465, 0.015347942244261503], "q_25": 0.015098549658432603, "q_75": 0.015223067253828049, "min": 0.015060539823025465, "max": 0.015347942244261503, "mean": 0.015176135208457708, "std": 9.966590899302019e-05, "repeat": 10, "number": 1}]}, "location.Location_0_6_1.time_location_get_sun_rise_set_transit_pyephem": NaN, "location.Location_0_6_1.time_location_get_sun_rise_set_transit_spa": NaN, "solarposition.SolarPosition.time_ephemeris": {"result": [0.01832937798462808], "stats": [{"ci_99": [0.018122858833521605, 0.018743931781500578], "q_25": 0.01824077416677028, "q_75": 0.018596825771965086, "min": 0.018122858833521605, "max": 0.018743931781500578, "mean": 0.018399228202179076, "std": 0.0002114131799795067, "repeat": 10, "number": 1}]}, "solarposition.SolarPosition.time_ephemeris_localized": {"result": [0.018524837912991643], "stats": [{"ci_99": [0.018147652968764305, 0.018978775944560766], "q_25": 0.018216365133412182, "q_75": 0.018766712746582925, "min": 0.018147652968764305, "max": 0.018978775944560766, "mean": 0.018518182262778283, "std": 0.00029715562677276575, "repeat": 10, "number": 1}]}, "solarposition.SolarPosition.time_nrel_earthsun_distance": {"result": [0.025262496899813414], "stats": [{"ci_99": [0.025184758938848972, 0.025730631314218044], "q_25": 0.025206653750501573, "q_75": 0.025452911853790283, "min": 0.025184758938848972, "max": 0.025730631314218044, "mean": 0.025343440985307098, "std": 0.00016843060160329562, "repeat": 10, "number": 1}]}, "solarposition.SolarPosition.time_spa_python": {"result": [0.025806599762290716], "stats": [{"ci_99": [0.02570465626195073, 0.026173976715654135], "q_25": 0.02574662142433226, "q_75": 0.025882494053803384, "min": 0.02570465626195073, "max": 0.026173976715654135, "mean": 0.025850711995735763, "std": 0.0001410512236331663, "repeat": 10, "number": 1}]}, "solarposition.SolarPosition.time_sun_rise_set_transit_spa": {"result": [0.03768857452087104], "stats": [{"ci_99": [0.03737421799451113, 0.03811468183994293], "q_25": 0.03761891811154783, "q_75": 0.038011081982403994, "min": 0.03737421799451113, "max": 0.03811468183994293, "mean": 0.03776961890980601, "std": 0.00024752548854175074, "repeat": 10, "number": 1}]}, "temperature.Fuentes.time_fuentes": NaN, "temperature.SAPM.time_sapm_cell": {"result": [0.0016554271070552723], "stats": [{"ci_99": [0.0016200518501656397, 0.001672562544367143], "q_25": 0.0016389879664140087, "q_75": 0.0016597551293671131, "min": 0.0016200518501656397, "max": 0.001672562544367143, "mean": 0.0016505829524248838, "std": 1.688708790468163e-05, "repeat": 10, "number": 7}]}, "tracking.SingleAxis.time_singleaxis": {"result": [0.018951065372675657], "stats": [{"ci_99": [0.01820241892710328, 0.02119514811784029], "q_25": 0.018732287106104195, "q_75": 0.019827036187052727, "min": 0.01820241892710328, "max": 0.02119514811784029, "mean": 0.019374802149832247, "std": 0.0009957895972343182, "repeat": 10, "number": 1}]}, "tracking.SingleAxis.time_tracker_singleaxis": {"result": [0.019482195610180497], "stats": [{"ci_99": [0.017391386907547712, 0.02209080709144473], "q_25": 0.01843946019653231, "q_75": 0.019976469804532826, "min": 0.017391386907547712, "max": 0.02209080709144473, "mean": 0.0193117531016469, "std": 0.0012928580253562907, "repeat": 10, "number": 1}]}}, "params": {"arch": "x86_64", "cpu": "Intel Xeon Processor (Skylake, IBRS)", "machine": "pvlib-asv.forecasting.energy.arizona.edu", "num_cpu": "4", "os": "Linux 5.7.8-200.fc32.x86_64", "ram": "8145244", "python": "3.6", "numpy": "1.12.0", "pandas": "0.22.0", "scipy": "1.2.0", "pytables": "3.6.1", "ephem": "3.7.6.0"}, "requirements": {"numpy": "1.12.0", "pandas": "0.22.0", "scipy": "1.2.0", "pytables": "3.6.1", "ephem": "3.7.6.0"}, "commit_hash": "cc51ea3a61880184da1b5c9891799773c7f820d4", "date": 1548549073000, "env_name": "conda-py3.6-ephem3.7.6.0-numpy1.12.0-pandas0.22.0-pytables3.6.1-scipy1.2.0", "python": "3.6", "profiles": {},