{"results": {"irradiance.Irradiance.time_aoi": {"result": [0.002237048884853721], "stats": [{"ci_99": [0.0021773017942905426, 0.0023013811558485033], "q_25": 0.0022206882713362575, "q_75": 0.002246432821266353, "min": 0.0021773017942905426, "max": 0.0023013811558485033, "mean": 0.002232267176732421, "std": 3.379988655568252e-05, "repeat": 10, "number": 5}]}, "irradiance.Irradiance.time_aoi_projection": {"result": [0.002223481796681881], "stats": [{"ci_99": [0.0021786738187074663, 0.002284542750567198], "q_25": 0.002213126560673118, "q_75": 0.002236618101596832, "min": 0.0021786738187074663, "max": 0.002284542750567198, "mean": 0.0022247886564582585, "std": 2.7976844952277618e-05, "repeat": 10, "number": 5}]}, "irradiance.Irradiance.time_dirindex": {"result": [0.1476618740707636], "stats": [{"ci_99": [0.14634204655885696, 0.14853982906788588], "q_25": 0.14663993881549686, "q_75": 0.14812588377390057, "min": 0.14634204655885696, "max": 0.14853982906788588, "mean": 0.1474638886284083, "std": 0.0008034164999114619, "repeat": 10, "number": 1}]}, "irradiance.Irradiance.time_dirint": {"result": [0.07171513861976564], "stats": [{"ci_99": [0.06997374212369323, 0.07283694623038173], "q_25": 0.07094628794584423, "q_75": 0.0724122126121074, "min": 0.06997374212369323, "max": 0.07283694623038173, "mean": 0.07164210746996105, "std": 0.0008955750832114044, "repeat": 10, "number": 1}]}, "irradiance.Irradiance.time_disc": {"result": [0.019315945450216532], "stats": [{"ci_99": [0.018041700590401888, 0.01966629084199667], "q_25": 0.018432614277116954, "q_75": 0.01937276148237288, "min": 0.018041700590401888, "max": 0.01966629084199667, "mean": 0.01901466678828001, "std": 0.0006022952371095096, "repeat": 10, "number": 1}]}, "irradiance.Irradiance.time_erbs": {"result": [0.012716842349618673], "stats": [{"ci_99": [0.011771437246352434, 0.012947842013090849], "q_25": 0.012690225034020841, "q_75": 0.012840354815125465, "min": 0.011771437246352434, "max": 0.012947842013090849, "mean": 0.012595503451302647, "std": 0.00039605264369873687, "repeat": 10, "number": 1}]}, "irradiance.Irradiance.time_get_extra_radiation": null, "irradiance.Irradiance.time_get_ground_diffuse": null, "irradiance.Irradiance.time_get_total_irradiance": null, "location.Location.time_location_get_airmass": {"result": [0.005297776311635971], "stats": [{"ci_99": [0.005267279455438256, 0.0054205229971557856], "q_25": 0.0052737375954166055, "q_75": 0.0053266145987436175, "min": 0.005267279455438256, "max": 0.0054205229971557856, "mean": 0.005310949799604714, "std": 4.5301686118637144e-05, "repeat": 10, "number": 2}]}, "location.Location.time_location_get_clearsky": {"result": [0.44842465640977025], "stats": [{"ci_99": [0.441595786716789, 0.4633033312857151], "q_25": 0.4467080517206341, "q_75": 0.450373808038421, "min": 0.441595786716789, "max": 0.4633033312857151, "mean": 0.45014982935972514, "std": 0.007110140545434262, "repeat": 10, "number": 1}]}, "location.Location.time_location_get_solarposition": {"result": [0.017950969049707055], "stats": [{"ci_99": [0.017653897870332003, 0.0181733057834208], "q_25": 0.017828918644227087, "q_75": 0.01803680369630456, "min": 0.017653897870332003, "max": 0.0181733057834208, "mean": 0.017942199064418674, "std": 0.00015748028258692035, "repeat": 10, "number": 1}]}, "location.Location_0_6_1.time_location_get_sun_rise_set_transit_pyephem": NaN, "location.Location_0_6_1.time_location_get_sun_rise_set_transit_spa": NaN, "solarposition.SolarPosition.time_ephemeris": null, "solarposition.SolarPosition.time_ephemeris_localized": null, "solarposition.SolarPosition.time_nrel_earthsun_distance": {"result": [0.023113727569580078], "stats": [{"ci_99": [0.023014124017208815, 0.023228402715176344], "q_25": 0.023058581980876625, "q_75": 0.023190641775727272, "min": 0.023014124017208815, "max": 0.023228402715176344, "mean": 0.02312173107638955, "std": 7.232777082516071e-05, "repeat": 10, "number": 1}]}, "solarposition.SolarPosition.time_spa_python": {"result": [0.02848157286643982], "stats": [{"ci_99": [0.028337197843939066, 0.028791336342692375], "q_25": 0.028431395650841296, "q_75": 0.028564661042764783, "min": 0.028337197843939066, "max": 0.028791336342692375, "mean": 0.02850626460276544, "std": 0.00012568029482881317, "repeat": 10, "number": 1}]}, "solarposition.SolarPosition.time_sun_rise_set_transit_spa": {"result": [0.05034617194905877], "stats": [{"ci_99": [0.05003845086321235, 0.052874532993882895], "q_25": 0.05016823229379952, "q_75": 0.050525950035080314, "min": 0.05003845086321235, "max": 0.052874532993882895, "mean": 0.05066564907319844, "std": 0.0008594845864234415, "repeat": 10, "number": 1}]}, "temperature.Fuentes.time_fuentes": NaN, "tracking.SingleAxis.time_singleaxis": {"result": [0.046067784540355206], "stats": [{"ci_99": [0.044829397927969694, 0.050055551808327436], "q_25": 0.04559882450848818, "q_75": 0.047108935308642685, "min": 0.044829397927969694, "max": 0.050055551808327436, "mean": 0.04649708420038223, "std": 0.0014293165729769217, "repeat": 10, "number": 1}]}, "tracking.SingleAxis.time_tracker_singleaxis": {"result": [0.04599318699911237], "stats": [{"ci_99": [0.044017561711370945, 0.048534298315644264], "q_25": 0.0451981108635664, "q_75": 0.04725822410546243, "min": 0.044017561711370945, "max": 0.048534298315644264, "mean": 0.04619402997195721, "std": 0.0013786016446278968, "repeat": 10, "number": 1}]}}, "params": {"arch": "x86_64", "cpu": "Intel Xeon Processor (Skylake, IBRS)", "machine": "pvlib-asv.forecasting.energy.arizona.edu", "num_cpu": "4", "os": "Linux 5.7.8-200.fc32.x86_64", "ram": "8145244", "python": "3.7", "ephem": "3.7.6.0", "numpy": "1.18.5", "pandas": "1.1.0", "pytables": "3.6.1", "scipy": "1.2.0"}, "requirements": {"ephem": "3.7.6.0", "numpy": "1.18.5", "pandas": "1.1.0", "pytables": "3.6.1", "scipy": "1.2.0"}, "commit_hash": "ce06552a41bf5a0b1dac9bea8a324f05bc599468", "date": 1482940765000, "env_name": "conda-py3.7-ephem3.7.6.0-numpy1.18.5-pandas1.1.0-pytables3.6.1-scipy1.2.0", "python": "3.7", "profiles": {}, "started_at": {"irradiance.Irradiance.time_aoi": 1599433818818, "irradiance.Irradiance.time_aoi_projection": 1599433823577, "irradiance.Irradiance.time_dirindex": 1599433828388, "irradiance.Irradiance.time_dirint": 1599433833904, "irradiance.Irradiance.time_disc": 1599433839065, "irradiance.Irradiance.time_erbs": 1599433843925, "irradiance.Irradiance.time_get_extra_radiation": 1599433808712, "irradiance.Irradiance.time_get_ground_diffuse": 1599433809616, "irradiance.Irradiance.time_get_total_irradiance": 1599433810520, "location.Location.time_location_get_airmass": 1599433848735, "location.Location.time_location_get_clearsky": 1599433849039, "location.Location.time_location_get_solarposition": 1599433851996, "location.Location_0_6_1.time_location_get_sun_rise_set_transit_pyephem": 1599433852350, "location.Location_0_6_1.time_location_get_sun_rise_set_transit_spa": 1599433852402, "solarposition.SolarPosition.time_ephemeris": 1599433815141, "solarposition.SolarPosition.time_ephemeris_localized": 1599433815243, "solarposition.SolarPosition.time_nrel_earthsun_distance": 1599433852455, "solarposition.SolarPosition.time_spa_python": 1599433852758, "solarposition.SolarPosition.time_sun_rise_set_transit_spa": 1599433853062, "temperature.Fuentes.time_fuentes": 1599433853465, "tracking.SingleAxis.time_singleaxis": 1599433853720, "tracking.SingleAxis.time_tracker_singleaxis": 1599433854825}, "ended_at": {"irradiance.Irradiance.time_aoi": 1599433823577, "irradiance.Irradiance.time_aoi_projection": 1599433828387, "irradiance.Irradiance.time_dirindex": 1599433833904, "irradiance.Irradiance.time_dirint": 1599433839064, "irradiance.Irradiance.time_disc": 1599433843925, "irradiance.Irradiance.time_erbs": 1599433848735, "irradiance.Irradiance.time_get_extra_radiation": 1599433809616, "irradiance.Irradiance.time_get_ground_diffuse": 1599433810520, "irradiance.Irradiance.time_get_total_irradiance": 1599433811374,