{"results": {"irradiance.Irradiance.time_aoi": {"result": [0.0022991316858679057], "stats": [{"ci_99": [0.002276439405977726, 0.002339398954063654], "q_25": 0.0022895078174769877, "q_75": 0.0023295352235436443, "min": 0.002276439405977726, "max": 0.002339398954063654, "mean": 0.0023069450072944163, "std": 2.159402639454481e-05, "repeat": 10, "number": 5}]}, "irradiance.Irradiance.time_aoi_projection": {"result": [0.0020058119747166834], "stats": [{"ci_99": [0.001929434637228648, 0.0020613019975523152], "q_25": 0.0020015418607120714, "q_75": 0.002041753711334119, "min": 0.001929434637228648, "max": 0.0020613019975523152, "mean": 0.0020094313891604538, "std": 3.807906414843571e-05, "repeat": 10, "number": 6}]}, "irradiance.Irradiance.time_dirindex": {"result": [0.1398510690778494], "stats": [{"ci_99": [0.1371755301952362, 0.14463624358177185], "q_25": 0.13876062806230038, "q_75": 0.1408802760997787, "min": 0.1371755301952362, "max": 0.14463624358177185, "mean": 0.140126838022843, "std": 0.0020562526737605315, "repeat": 10, "number": 1}]}, "irradiance.Irradiance.time_dirint": {"result": [0.06984126474708319], "stats": [{"ci_99": [0.0679944739677012, 0.07178519992157817], "q_25": 0.06878448044881225, "q_75": 0.07076966215390712, "min": 0.0679944739677012, "max": 0.07178519992157817, "mean": 0.06988568361848593, "std": 0.001229317296840995, "repeat": 10, "number": 1}]}, "irradiance.Irradiance.time_disc": {"result": [0.01941117108799517], "stats": [{"ci_99": [0.018466467037796974, 0.01979802828282118], "q_25": 0.01879979856312275, "q_75": 0.019681395613588393, "min": 0.018466467037796974, "max": 0.01979802828282118, "mean": 0.0192280241753906, "std": 0.0004960086562120145, "repeat": 10, "number": 1}]}, "irradiance.Irradiance.time_erbs": {"result": [0.011826110305264592], "stats": [{"ci_99": [0.011544492095708847, 0.013212871737778187], "q_25": 0.011634332360699773, "q_75": 0.012708635767921805, "min": 0.011544492095708847, "max": 0.013212871737778187, "mean": 0.012159076845273375, "std": 0.0006261141651130645, "repeat": 10, "number": 1}]}, "irradiance.Irradiance.time_get_extra_radiation": null, "irradiance.Irradiance.time_get_ground_diffuse": null, "irradiance.Irradiance.time_get_total_irradiance": null, "location.Location.time_location_get_airmass": {"result": [0.005285149672999978], "stats": [{"ci_99": [0.0051867105066776276, 0.005359581438824534], "q_25": 0.005216986057348549, "q_75": 0.0053307248163037, "min": 0.0051867105066776276, "max": 0.005359581438824534, "mean": 0.005277227982878685, "std": 6.0152882389759916e-05, "repeat": 10, "number": 2}]}, "location.Location.time_location_get_clearsky": {"result": [0.01702412497252226], "stats": [{"ci_99": [0.016014054883271456, 0.01724042324349284], "q_25": 0.016974140191450715, "q_75": 0.017150889500044286, "min": 0.016014054883271456, "max": 0.01724042324349284, "mean": 0.016964215552434325, "std": 0.0003344287755229419, "repeat": 10, "number": 1}]}, "location.Location.time_location_get_solarposition": {"result": [0.017807601485401392], "stats": [{"ci_99": [0.01770840911194682, 0.018448449205607176], "q_25": 0.017727626021951437, "q_75": 0.017909269081428647, "min": 0.01770840911194682, "max": 0.018448449205607176, "mean": 0.017871753359213472, "std": 0.00021007577146958878, "repeat": 10, "number": 1}]}, "location.Location_0_6_1.time_location_get_sun_rise_set_transit_pyephem": NaN, "location.Location_0_6_1.time_location_get_sun_rise_set_transit_spa": NaN, "solarposition.SolarPosition.time_ephemeris": {"result": [0.02459364361129701], "stats": [{"ci_99": [0.02399398200213909, 0.025325282011181116], "q_25": 0.024305251543410122, "q_75": 0.02489090501330793, "min": 0.02399398200213909, "max": 0.025325282011181116, "mean": 0.024596445495262742, "std": 0.00041598525773625693, "repeat": 10, "number": 1}]}, "solarposition.SolarPosition.time_ephemeris_localized": {"result": [0.24686212884262204], "stats": [{"ci_99": [0.24337364826351404, 0.2617133902385831], "q_25": 0.2457476082490757, "q_75": 0.25578832463361323, "min": 0.24337364826351404, "max": 0.2617133902385831, "mean": 0.2503051480744034, "std": 0.006045392299013768, "repeat": 10, "number": 1}]}, "solarposition.SolarPosition.time_nrel_earthsun_distance": {"result": [0.024021071149036288], "stats": [{"ci_99": [0.023685610853135586, 0.024260203819721937], "q_25": 0.023973786155693233, "q_75": 0.024093407322652638, "min": 0.023685610853135586, "max": 0.024260203819721937, "mean": 0.024012432992458345, "std": 0.00014308126647487215, "repeat": 10, "number": 1}]}, "solarposition.SolarPosition.time_spa_python": {"result": [0.02884003915823996], "stats": [{"ci_99": [0.02847995888441801, 0.029287525918334723], "q_25": 0.028635288239456713, "q_75": 0.0291309462627396, "min": 0.02847995888441801, "max": 0.029287525918334723, "mean": 0.028866207506507636, "std": 0.0002942650447078968, "repeat": 10, "number": 1}]}, "solarposition.SolarPosition.time_sun_rise_set_transit_spa": {"result": [0.05033809505403042], "stats": [{"ci_99": [0.04903652798384428, 0.05139529099687934], "q_25": 0.04958519048523158, "q_75": 0.05077479546889663, "min": 0.04903652798384428, "max": 0.05139529099687934, "mean": 0.050235217157751325, "std": 0.000748634957004266, "repeat": 10, "number": 1}]}, "temperature.Fuentes.time_fuentes": NaN, "temperature.SAPM.time_sapm_cell": {"result": [0.0022646252065896986], "stats": [{"ci_99": [0.0022015552036464213, 0.0025430713780224324], "q_25": 0.0022187996422871944, "q_75": 0.0024248355068266394, "min": 0.0022015552036464213, "max": 0.0025430713780224324, "mean": 0.002319724913686514, "std": 0.0001277220869783597, "repeat": 10, "number": 5}]}, "tracking.SingleAxis.time_singleaxis": {"result": [0.03126994636841118], "stats": [{"ci_99": [0.0296824281103909, 0.03287221398204565], "q_25": 0.030715023982338607, "q_75": 0.031680052052251995, "min": 0.0296824281103909, "max": 0.03287221398204565, "mean": 0.031249614711850882, "std": 0.0008999745096936869, "repeat": 10, "number": 1}]}, "tracking.SingleAxis.time_tracker_singleaxis": {"result": [0.031760576413944364], "stats": [{"ci_99": [0.030315257143229246, 0.0328336670063436], "q_25": 0.03126700303982943, "q_75": 0.03209532133769244, "min": 0.030315257143229246, "max": 0.0328336670063436, "mean": 0.03169131889007985, "std": 0.0006926291762648775, "repeat": 10, "number": 1}]}}, "params": {"arch": "x86_64", "cpu": "Intel Xeon Processor (Skylake, IBRS)", "machine": "pvlib-asv.forecasting.energy.arizona.edu", "num_cpu": "4", "os": "Linux 5.7.8-200.fc32.x86_64", "ram": "8145244", "python": "3.8", "numpy": "", "pandas": "", "scipy": "", "pytables": "", "ephem": ""}, "requirements": {"numpy": "", "pandas": "", "scipy": "", "pytables": "", "ephem": ""}, "commit_hash": "d2c9bcd62d5622b74fd85966065647f70b18ea8c", "date": 1527271647000, "env_name": "conda-py3.8-ephem-numpy-pandas-pytables-scipy", "python": "3.8", "profiles": {}, "started_at": {"irradiance.Irradiance.time_aoi": 1599836385993, "irradiance.Irradiance.time_aoi_projection": 1599836388049, "irradiance.Irradiance.time_dirindex": 1599836390154, "irradiance.Irradiance.time_dirint": 1599836392911, "irradiance.Irradiance.time_disc": 1599836395318, "irradiance.Irradiance.time_erbs": 1599836397424, "irradiance.Irradiance.time_get_extra_radiation": 1599836378389, "irradiance.Irradiance.time_get_ground_diffuse": 1599836378792, "irradiance.Irradiance.time_get_total_irradiance": 1599836379245, "location.Location.time_location_get_airmass": 1599836399480, "location.Location.time_location_get_clearsky": 1599836399834, "location.Location.time_location_get_solarposition": 1599836400187, "location.Location_0_6_1.time_location_get_sun_rise_set_transit_pyephem": 1599836400540, "location.Location_0_6_1.time_location_get_sun_rise_set_transit_spa": 1599836400593, "solarposition.SolarPosition.time_ephemeris": 1599836400645, "solarposition.SolarPosition.time_ephemeris_localized": 1599836400948, "solarposition.SolarPosition.time_nrel_earthsun_distance": 1599836402553,