{"results": {"irradiance.TimeSuite.time_aoi": {"result": [0.002193408459424973], "stats": [{"ci_99": [0.002135971561074257, 0.002328754775226116], "q_25": 0.002151007647626102, "q_75": 0.0022523648804053664, "min": 0.002135971561074257, "max": 0.002328754775226116, "mean": 0.002209792202338576, "std": 6.618929475059623e-05, "repeat": 10, "number": 5}]}, "irradiance.TimeSuite.time_aoi_projection": {"result": [0.0022689402103424072], "stats": [{"ci_99": [0.0021598963998258115, 0.0027765847742557527], "q_25": 0.0022064695367589593, "q_75": 0.0023438444593921305, "min": 0.0021598963998258115, "max": 0.0027765847742557527, "mean": 0.002314253095537424, "std": 0.00017022632441517058, "repeat": 10, "number": 5}]}, "irradiance.TimeSuite.time_dirindex": {"result": [0.14598416932858527], "stats": [{"ci_99": [0.14323351671919227, 0.14856061665341258], "q_25": 0.14522761816624552, "q_75": 0.1470557461725548, "min": 0.14323351671919227, "max": 0.14856061665341258, "mean": 0.14604357862845063, "std": 0.001429098856406366, "repeat": 10, "number": 1}]}, "irradiance.TimeSuite.time_dirint": {"result": [0.07337195705622435], "stats": [{"ci_99": [0.0714967823587358, 0.07408600021153688], "q_25": 0.07328705943655223, "q_75": 0.07368986564688385, "min": 0.0714967823587358, "max": 0.07408600021153688, "mean": 0.07331953062675893, "std": 0.0006885619428102557, "repeat": 10, "number": 1}]}, "irradiance.TimeSuite.time_disc": {"result": [0.019663928542286158], "stats": [{"ci_99": [0.01853710226714611, 0.02066181506961584], "q_25": 0.01943907397799194, "q_75": 0.019789322395808995, "min": 0.01853710226714611, "max": 0.02066181506961584, "mean": 0.019621882820501924, "std": 0.0005065968189754708, "repeat": 10, "number": 1}]}, "irradiance.TimeSuite.time_erbs": {"result": [0.013184729497879744], "stats": [{"ci_99": [0.012415589299052954, 0.013417921960353851], "q_25": 0.012695735320448875, "q_75": 0.013255871483124793, "min": 0.012415589299052954, "max": 0.013417921960353851, "mean": 0.013023007707670332, "std": 0.0003532215430200998, "repeat": 10, "number": 1}]}, "irradiance.TimeSuite.time_get_extra_radiation": {"result": [0.0027065203757956624], "stats": [{"ci_99": [0.0026555765653029084, 0.0029323804192245007], "q_25": 0.002661782200448215, "q_75": 0.0028907806263305247, "min": 0.0026555765653029084, "max": 0.0029323804192245007, "mean": 0.002765158761758357, "std": 0.0001133867937699374, "repeat": 10, "number": 4}]}, "irradiance.TimeSuite.time_get_ground_diffuse": {"result": [0.0005474206293001771], "stats": [{"ci_99": [0.0005383386509492993, 0.000564111047424376], "q_25": 0.0005447087401989847, "q_75": 0.000551324215484783, "min": 0.0005383386509492993, "max": 0.000564111047424376, "mean": 0.0005485867918469012, "std": 6.90038305432388e-06, "repeat": 10, "number": 20}]}, "irradiance.TimeSuite.time_get_total_irradiance": {"result": [0.0050825182503710185], "stats": [{"ci_99": [0.004923581300924222, 0.005118724890053272], "q_25": 0.005066059801417093, "q_75": 0.005092354646573464, "min": 0.004923581300924222, "max": 0.005118724890053272, "mean": 0.005056648965304097, "std": 6.359367571427128e-05, "repeat": 10, "number": 3}]}, "location.TimeSuite.time_location_get_airmass": {"result": [0.001493010370592986], "stats": [{"ci_99": [0.0014760377151625498, 0.0018130058555730752], "q_25": 0.0014779561897739768, "q_75": 0.0015184209582262804, "min": 0.0014760377151625498, "max": 0.0018130058555730752, "mean": 0.001526760609288301, "std": 9.732069671832886e-05, "repeat": 10, "number": 7}]}, "location.TimeSuite.time_location_get_clearsky": {"result": [0.013142036506906152], "stats": [{"ci_99": [0.012140706647187471, 0.013540229760110378], "q_25": 0.013102313037961721, "q_75": 0.013328680070117116, "min": 0.012140706647187471, "max": 0.013540229760110378, "mean": 0.013126311590895057, "std": 0.00035656801001332554, "repeat": 10, "number": 1}]}, "location.TimeSuite.time_location_get_solarposition": {"result": [0.018658271059393883], "stats": [{"ci_99": [0.01782713131979108, 0.019693313166499138], "q_25": 0.018090655794367194, "q_75": 0.019270689808763564, "min": 0.01782713131979108, "max": 0.019693313166499138, "mean": 0.018694876320660116, "std": 0.0006875326318916539, "repeat": 10, "number": 1}]}, "location.TimeSuite.time_location_get_sun_rise_set_transit_pyephem": {"result": [0.19825322460383177], "stats": [{"ci_99": [0.1804067837074399, 0.20100520504638553], "q_25": 0.19706457119900733, "q_75": 0.19992186967283487, "min": 0.1804067837074399, "max": 0.20100520504638553, "mean": 0.19684153324924408, "std": 0.005679656956165845, "repeat": 10, "number": 1}]}, "location.TimeSuite.time_location_get_sun_rise_set_transit_spa": {"result": [0.04499353957362473], "stats": [{"ci_99": [0.043855306692421436, 0.04646111000329256], "q_25": 0.04395271698012948, "q_75": 0.046116737416014075, "min": 0.043855306692421436, "max": 0.04646111000329256, "mean": 0.04505608361214399, "std": 0.0010803087923016254, "repeat": 10, "number": 1}]}, "solarposition.TimeSuite.time_ephemeris": {"result": [0.025225227000191808], "stats": [{"ci_99": [0.024956336244940758, 0.025702145881950855], "q_25": 0.025114065501838923, "q_75": 0.025379476486705244, "min": 0.024956336244940758, "max": 0.025702145881950855, "mean": 0.025248169945552946, "std": 0.00021064967425130513, "repeat": 10, "number": 1}]}, "solarposition.TimeSuite.time_ephemeris_localized": {"result": [0.024525908986106515], "stats": [{"ci_99": [0.0237811547704041, 0.025912648998200893], "q_25": 0.02398339263163507, "q_75": 0.02550914546009153, "min": 0.0237811547704041, "max": 0.025912648998200893, "mean": 0.024724776111543178, "std": 0.0008153673715984093, "repeat": 10, "number": 1}]}, "solarposition.TimeSuite.time_nrel_earthsun_distance": {"result": [0.023106610402464867], "stats": [{"ci_99": [0.022658450063318014, 0.02339331991970539], "q_25": 0.023064131964929402, "q_75": 0.023129743989557028, "min": 0.022658450063318014, "max": 0.02339331991970539, "mean": 0.023089206125587226, "std": 0.00017597850269769445, "repeat": 10, "number": 1}]}, "solarposition.TimeSuite.time_spa_python": {"result": [0.029452074086293578], "stats": [{"ci_99": [0.028322437312453985, 0.030713820829987526], "q_25": 0.028718674555420876, "q_75": 0.03058170818258077, "min": 0.028322437312453985, "max": 0.030713820829987526, "mean": 0.02956849690526724, "std": 0.0009533999192486903, "repeat": 10, "number": 1}]}, "solarposition.TimeSuite.time_sun_rise_set_transit_spa": {"result": [0.051289211958646774], "stats": [{"ci_99": [0.05014519114047289, 0.05289117619395256], "q_25": 0.05058004125021398, "q_75": 0.05256512947380543, "min": 0.05014519114047289, "max": 0.05289117619395256, "mean": 0.05147766247391701, "std": 0.0010181070231602366, "repeat": 10, "number": 1}]}, "tracking.TimeSuite.time_singleaxis": {"result": [0.006571404752321541], "stats": [{"ci_99": [0.006248271558433771, 0.006923533510416746], "q_25": 0.006486131460405886, "q_75": 0.006666743429377675, "min": 0.006248271558433771, "max": 0.006923533510416746, "mean": 0.006590824108570814, "std": 0.00019694338942669186, "repeat": 10, "number": 2}]}, "tracking.TimeSuite.time_tracker_singleaxis": {"result": [0.006493965745903552], "stats": [{"ci_99": [0.006219171918928623, 0.007082175929099321], "q_25": 0.006440600962378085, "q_75": 0.006722869526129216, "min": 0.006219171918928623, "max": 0.007082175929099321, "mean": 0.006578353326767683, "std": 0.0002498527726057602, "repeat": 10, "number": 2}]}}, "params": {"arch": "x86_64", "cpu": "Intel Xeon Processor (Skylake, IBRS)", "machine": "pvlib-asv.forecasting.energy.arizona.edu", "num_cpu": "4", "os": "Linux 5.7.8-200.fc32.x86_64", "ram": "8145244", "python": "3.7", "ephem": "3.7.6.0", "numpy": "1.18.5", "pandas": "1.1.0", "pytables": "3.6.1", "scipy": "1.2.0"}, "requirements": {"ephem": "3.7.6.0", "numpy": "1.18.5", "pandas": "1.1.0", "pytables": "3.6.1", "scipy": "1.2.0"}, "commit_hash": "d2f15e326377b992302ac914eb65680cd0fbb95a", "date": 1593364712000,