{"results": {"irradiance.TimeSuite.time_aoi": {"result": [0.0022097964771091937], "stats": [{"ci_99": [0.0021953536197543144, 0.0022321206517517565], "q_25": 0.0022023137193173167, "q_75": 0.002220228430815041, "min": 0.0021953536197543144, "max": 0.0022321206517517565, "mean": 0.0022114238049834966, "std": 1.1004803301963912e-05, "repeat": 10, "number": 5}]}, "irradiance.TimeSuite.time_aoi_projection": {"result": [0.0022455617319792507], "stats": [{"ci_99": [0.0022012654691934584, 0.0023704846389591694], "q_25": 0.0022281648591160772, "q_75": 0.002258844720199704, "min": 0.0022012654691934584, "max": 0.0023704846389591694, "mean": 0.0022554012667387723, "std": 4.596897741692418e-05, "repeat": 10, "number": 5}]}, "irradiance.TimeSuite.time_dirindex": {"result": [0.14656724617816508], "stats": [{"ci_99": [0.143252348061651, 0.15040456596761942], "q_25": 0.14613926853053272, "q_75": 0.1471305296290666, "min": 0.143252348061651, "max": 0.15040456596761942, "mean": 0.1467393534258008, "std": 0.0018832551148101446, "repeat": 10, "number": 1}]}, "irradiance.TimeSuite.time_dirint": {"result": [0.07145734806545079], "stats": [{"ci_99": [0.07041606027632952, 0.07309979619458318], "q_25": 0.07102921535260975, "q_75": 0.07176445913501084, "min": 0.07041606027632952, "max": 0.07309979619458318, "mean": 0.07155079622752965, "std": 0.0008017691824472439, "repeat": 10, "number": 1}]}, "irradiance.TimeSuite.time_disc": {"result": [0.018897249829024076], "stats": [{"ci_99": [0.018016367685049772, 0.02021603798493743], "q_25": 0.01816750119905919, "q_75": 0.019662950420752168, "min": 0.018016367685049772, "max": 0.02021603798493743, "mean": 0.0189737836830318, "std": 0.0008322285173098902, "repeat": 10, "number": 1}]}, "irradiance.TimeSuite.time_erbs": {"result": [0.01232694461941719], "stats": [{"ci_99": [0.011606201063841581, 0.012977438047528267], "q_25": 0.011738953064195812, "q_75": 0.012700557010248303, "min": 0.011606201063841581, "max": 0.012977438047528267, "mean": 0.012250280659645795, "std": 0.0005172028791214088, "repeat": 10, "number": 1}]}, "irradiance.TimeSuite.time_get_extra_radiation": {"result": [0.0026497747749090195], "stats": [{"ci_99": [0.0026285435305908322, 0.0029037577332928777], "q_25": 0.002643502375576645, "q_75": 0.0026782623608596623, "min": 0.0026285435305908322, "max": 0.0029037577332928777, "mean": 0.002697742113377899, "std": 9.868704350018147e-05, "repeat": 10, "number": 4}]}, "irradiance.TimeSuite.time_get_ground_diffuse": {"result": [0.000568252776495435], "stats": [{"ci_99": [0.0005138537380844355, 0.0005796429997479373], "q_25": 0.0005570864886976779, "q_75": 0.0005735000648366456, "min": 0.0005138537380844355, "max": 0.0005796429997479373, "mean": 0.0005619223229587078, "std": 1.792891519674211e-05, "repeat": 10, "number": 22}]}, "irradiance.TimeSuite.time_get_total_irradiance": {"result": [0.005151951452717185], "stats": [{"ci_99": [0.005043255165219307, 0.0055428489577025175], "q_25": 0.005094462889246643, "q_75": 0.005195016390644014, "min": 0.005043255165219307, "max": 0.0055428489577025175, "mean": 0.005175807699561119, "std": 0.0001349739016253695, "repeat": 10, "number": 2}]}, "location.TimeSuite.time_location_get_airmass": {"result": [0.0014880227390676737], "stats": [{"ci_99": [0.0013671664388052055, 0.001526354013809136], "q_25": 0.001388625125400722, "q_75": 0.001501297561584839, "min": 0.0013671664388052055, "max": 0.001526354013809136, "mean": 0.0014532111452094146, "std": 6.01096350090715e-05, "repeat": 10, "number": 7}]}, "location.TimeSuite.time_location_get_clearsky": {"result": [0.01318335859104991], "stats": [{"ci_99": [0.013084155041724443, 0.01378822373226285], "q_25": 0.013119188253767788, "q_75": 0.013470681966282427, "min": 0.013084155041724443, "max": 0.01378822373226285, "mean": 0.01330187157727778, "std": 0.00022605603410441713, "repeat": 10, "number": 1}]}, "location.TimeSuite.time_location_get_solarposition": {"result": [0.01784346252679825], "stats": [{"ci_99": [0.017659025732427835, 0.018042449839413166], "q_25": 0.01780645828694105, "q_75": 0.017952296882867813, "min": 0.017659025732427835, "max": 0.018042449839413166, "mean": 0.017868133494630456, "std": 0.0001093302000683302, "repeat": 10, "number": 1}]}, "location.TimeSuite.time_location_get_sun_rise_set_transit_pyephem": null, "location.TimeSuite.time_location_get_sun_rise_set_transit_spa": null, "solarposition.TimeSuite.time_ephemeris": {"result": [0.025361199397593737], "stats": [{"ci_99": [0.024917337112128735, 0.025702798273414373], "q_25": 0.0252216785447672, "q_75": 0.02555392705835402, "min": 0.024917337112128735, "max": 0.025702798273414373, "mean": 0.02534440839663148, "std": 0.0002481066828047173, "repeat": 10, "number": 1}]}, "solarposition.TimeSuite.time_ephemeris_localized": {"result": [0.024803842650726438], "stats": [{"ci_99": [0.02372083719819784, 0.02530103037133813], "q_25": 0.024370355997234583, "q_75": 0.02494535583537072, "min": 0.02372083719819784, "max": 0.02530103037133813, "mean": 0.024676279071718453, "std": 0.0004536909777559331, "repeat": 10, "number": 1}]}, "solarposition.TimeSuite.time_nrel_earthsun_distance": {"result": [0.023059327621012926], "stats": [{"ci_99": [0.022844973020255566, 0.023640175815671682], "q_25": 0.022998723667114973, "q_75": 0.023280336754396558, "min": 0.022844973020255566, "max": 0.023640175815671682, "mean": 0.023165799817070364, "std": 0.0002652698009242699, "repeat": 10, "number": 1}]}, "solarposition.TimeSuite.time_spa_python": {"result": [0.028449488105252385], "stats": [{"ci_99": [0.02818680601194501, 0.029663972090929747], "q_25": 0.028296847129240632, "q_75": 0.02900517510715872, "min": 0.02818680601194501, "max": 0.029663972090929747, "mean": 0.028669034875929356, "std": 0.0004932980177606119, "repeat": 10, "number": 1}]}, "solarposition.TimeSuite.time_sun_rise_set_transit_spa": {"result": [0.05000872700475156], "stats": [{"ci_99": [0.049674103036522865, 0.050376392900943756], "q_25": 0.04987838969100267, "q_75": 0.05019397218711674, "min": 0.049674103036522865, "max": 0.050376392900943756, "mean": 0.050014846166595815, "std": 0.00021988875943807366, "repeat": 10, "number": 1}]}, "tracking.TimeSuite.time_singleaxis": {"result": [0.006399201578460634], "stats": [{"ci_99": [0.006110803922638297, 0.006854532985016704], "q_25": 0.006308495590928942, "q_75": 0.006614492274820805, "min": 0.006110803922638297, "max": 0.006854532985016704, "mean": 0.006454458762891591, "std": 0.00024615480288745975, "repeat": 10, "number": 2}]}, "tracking.TimeSuite.time_tracker_singleaxis": {"result": [0.006403834209777415], "stats": [{"ci_99": [0.006067706970497966, 0.006769005907699466], "q_25": 0.006267491495236754, "q_75": 0.006517231115140021, "min": 0.006067706970497966, "max": 0.006769005907699466, "mean": 0.006402146117761731, "std": 0.00020161992885131267, "repeat": 10, "number": 2}]}}, "params": {"arch": "x86_64", "cpu": "Intel Xeon Processor (Skylake, IBRS)", "machine": "pvlib-asv.forecasting.energy.arizona.edu", "num_cpu": "4", "os": "Linux 5.7.8-200.fc32.x86_64", "ram": "8145244", "python": "3.7", "ephem": "3.7.6.0", "numpy": "1.18.5", "pandas": "1.1.0", "pytables": "3.6.1", "scipy": "1.2.0"}, "requirements": {"ephem": "3.7.6.0", "numpy": "1.18.5", "pandas": "1.1.0", "pytables": "3.6.1", "scipy": "1.2.0"}, "commit_hash": "d61ca1df2d4f867dcf65498db394a0a71acb42ed", "date": 1544749014000, "env_name": "conda-py3.7-ephem3.7.6.0-numpy1.18.5-pandas1.1.0-pytables3.6.1-scipy1.2.0", "python": "3.7", "profiles": {}, "started_at": {"irradiance.TimeSuite.time_aoi": 1599347240409, "irradiance.TimeSuite.time_aoi_projection": 1599347242265, "irradiance.TimeSuite.time_dirindex": 1599347244121, "irradiance.TimeSuite.time_dirint": 1599347246678, "irradiance.TimeSuite.time_disc": 1599347248884, "irradiance.TimeSuite.time_erbs": 1599347250790, "irradiance.TimeSuite.time_get_extra_radiation": 1599347252645, "irradiance.TimeSuite.time_get_ground_diffuse": 1599347254501,