{"results": {"irradiance.Irradiance.time_aoi": {"result": [0.0023430305998772384], "stats": [{"ci_99": [0.002275930158793926, 0.002426101826131344], "q_25": 0.002323081437498331, "q_75": 0.0023662549909204246, "min": 0.002275930158793926, "max": 0.002426101826131344, "mean": 0.002347398633137345, "std": 4.4486161383576615e-05, "repeat": 10, "number": 5}]}, "irradiance.Irradiance.time_aoi_projection": {"result": [0.002007245784625411], "stats": [{"ci_99": [0.001958551164716482, 0.00209084702655673], "q_25": 0.0019915358396247027, "q_75": 0.0020411416655406354, "min": 0.001958551164716482, "max": 0.00209084702655673, "mean": 0.0020165368542075157, "std": 4.286591796589505e-05, "repeat": 10, "number": 5}]}, "irradiance.Irradiance.time_dirindex": {"result": [0.14110643044114113], "stats": [{"ci_99": [0.13738194294273853, 0.14552023587748408], "q_25": 0.13832978846039623, "q_75": 0.14370837120804936, "min": 0.13738194294273853, "max": 0.14552023587748408, "mean": 0.14121135487221181, "std": 0.002971853058529599, "repeat": 10, "number": 1}]}, "irradiance.Irradiance.time_dirint": {"result": [0.0685222155880183], "stats": [{"ci_99": [0.06736700423061848, 0.07184005063027143], "q_25": 0.06777401478029788, "q_75": 0.06981989066116512, "min": 0.06736700423061848, "max": 0.07184005063027143, "mean": 0.06888635526411235, "std": 0.0013560646902634201, "repeat": 10, "number": 1}]}, "irradiance.Irradiance.time_disc": {"result": [0.018642235547304153], "stats": [{"ci_99": [0.018129476346075535, 0.020254946313798428], "q_25": 0.018409038078971207, "q_75": 0.019284175359643996, "min": 0.018129476346075535, "max": 0.020254946313798428, "mean": 0.018896344769746064, "std": 0.0006370420718029229, "repeat": 10, "number": 1}]}, "irradiance.Irradiance.time_erbs": {"result": [0.012520211981609464], "stats": [{"ci_99": [0.011670141015201807, 0.0133365448564291], "q_25": 0.012225959915667772, "q_75": 0.012887998833321035, "min": 0.011670141015201807, "max": 0.0133365448564291, "mean": 0.012532843835651874, "std": 0.0005199386508026434, "repeat": 10, "number": 1}]}, "irradiance.Irradiance.time_get_extra_radiation": {"result": [0.0026497659855522215], "stats": [{"ci_99": [0.0026019237702712417, 0.002692003734409809], "q_25": 0.002642020263010636, "q_75": 0.0026597444666549563, "min": 0.0026019237702712417, "max": 0.002692003734409809, "mean": 0.0026498916908167303, "std": 2.249944941273683e-05, "repeat": 10, "number": 4}]}, "irradiance.Irradiance.time_get_ground_diffuse": {"result": [0.0005258971243165434], "stats": [{"ci_99": [0.000504414108581841, 0.0005951275816187263], "q_25": 0.0005160076718311757, "q_75": 0.000573484494816512, "min": 0.000504414108581841, "max": 0.0005951275816187263, "mean": 0.0005410039867274464, "std": 3.3208386676399075e-05, "repeat": 10, "number": 20}]}, "irradiance.Irradiance.time_get_total_irradiance": {"result": [0.005370402242988348], "stats": [{"ci_99": [0.005214727018028498, 0.005950698629021645], "q_25": 0.005295692826621234, "q_75": 0.005407492571976036, "min": 0.005214727018028498, "max": 0.005950698629021645, "mean": 0.005412361747585237, "std": 0.00019772299126145413, "repeat": 10, "number": 2}]}, "location.Location.time_location_get_airmass": {"result": [0.0014141950523480773], "stats": [{"ci_99": [0.001405734452418983, 0.001424558344297111], "q_25": 0.0014078248059377074, "q_75": 0.001416403247276321, "min": 0.001405734452418983, "max": 0.001424558344297111, "mean": 0.00141318344976753, "std": 5.603843403492838e-06, "repeat": 10, "number": 8}]}, "location.Location.time_location_get_clearsky": {"result": [0.012715308461338282], "stats": [{"ci_99": [0.011998321861028671, 0.01294800266623497], "q_25": 0.01262963272165507, "q_75": 0.01276265038177371, "min": 0.011998321861028671, "max": 0.01294800266623497, "mean": 0.012611055001616477, "std": 0.0002908822081552013, "repeat": 10, "number": 1}]}, "location.Location.time_location_get_solarposition": {"result": [0.017843814566731453], "stats": [{"ci_99": [0.017770346719771624, 0.018148071132600307], "q_25": 0.017816142411902547, "q_75": 0.017890210496261716, "min": 0.017770346719771624, "max": 0.018148071132600307, "mean": 0.017873660009354354, "std": 0.00010256936018523099, "repeat": 10, "number": 1}]}, "location.Location_0_6_1.time_location_get_sun_rise_set_transit_pyephem": NaN, "location.Location_0_6_1.time_location_get_sun_rise_set_transit_spa": NaN, "solarposition.SolarPosition.time_ephemeris": {"result": [0.02525354945100844], "stats": [{"ci_99": [0.023456716910004616, 0.026842887979000807], "q_25": 0.02376007824204862, "q_75": 0.026281097438186407, "min": 0.023456716910004616, "max": 0.026842887979000807, "mean": 0.025105620827525855, "std": 0.0012970048701162582, "repeat": 10, "number": 1}]}, "solarposition.SolarPosition.time_ephemeris_localized": {"result": [0.02542063593864441], "stats": [{"ci_99": [0.024618938099592924, 0.026946375146508217], "q_25": 0.025088603142648935, "q_75": 0.02644035662524402, "min": 0.024618938099592924, "max": 0.026946375146508217, "mean": 0.025692256446927787, "std": 0.0008026452624013253, "repeat": 10, "number": 1}]}, "solarposition.SolarPosition.time_nrel_earthsun_distance": {"result": [0.024027497973293066], "stats": [{"ci_99": [0.023917625658214092, 0.02415544493123889], "q_25": 0.024003472179174423, "q_75": 0.024089618702419102, "min": 0.023917625658214092, "max": 0.02415544493123889, "mean": 0.024038793845102192, "std": 6.519423387944528e-05, "repeat": 10, "number": 1}]}, "solarposition.SolarPosition.time_spa_python": {"result": [0.028815866447985172], "stats": [{"ci_99": [0.028469556011259556, 0.029423179104924202], "q_25": 0.028627322637476027, "q_75": 0.028857356286607683, "min": 0.028469556011259556, "max": 0.029423179104924202, "mean": 0.028803067235276102, "std": 0.0002671254741988218, "repeat": 10, "number": 1}]}, "solarposition.SolarPosition.time_sun_rise_set_transit_spa": {"result": [0.04985242965631187], "stats": [{"ci_99": [0.04902488412335515, 0.050986146088689566], "q_25": 0.04956691211555153, "q_75": 0.050413397955708206, "min": 0.04902488412335515, "max": 0.050986146088689566, "mean": 0.049949323292821646, "std": 0.0005879518700270725, "repeat": 10, "number": 1}]}, "temperature.Fuentes.time_fuentes": NaN, "temperature.SAPM.time_sapm_cell": {"result": [0.002204107493162155], "stats": [{"ci_99": [0.002177463751286268, 0.0022522670216858385], "q_25": 0.002186880214139819, "q_75": 0.002213935321196914, "min": 0.002177463751286268, "max": 0.0022522670216858385, "mean": 0.0022054575383663177, "std": 2.31481724844567e-05, "repeat": 10, "number": 5}]}, "tracking.SingleAxis.time_singleaxis": {"result": [0.006485872785560787], "stats": [{"ci_99": [0.006146252620965242, 0.006757571594789624], "q_25": 0.006255562824662775, "q_75": 0.006655332923401147, "min": 0.006146252620965242, "max": 0.006757571594789624, "mean": 0.006459908210672438, "std": 0.00021374837896910313, "repeat": 10, "number": 2}]}, "tracking.SingleAxis.time_tracker_singleaxis": {"result": [0.006372995092533529], "stats": [{"ci_99": [0.00616656057536602, 0.006815258413553238], "q_25": 0.0063063137349672616, "q_75": 0.006502295611426234, "min": 0.00616656057536602, "max": 0.006815258413553238, "mean": 0.006415067845955491, "std": 0.00017544093692718865, "repeat": 10, "number": 2}]}}, "params": {"arch": "x86_64", "cpu": "Intel Xeon Processor (Skylake, IBRS)", "machine": "pvlib-asv.forecasting.energy.arizona.edu", "num_cpu": "4", "os": "Linux 5.7.8-200.fc32.x86_64", "ram": "8145244", "python": "3.8", "numpy": "", "pandas": "", "scipy": "", "pytables": "", "ephem": ""}, "requirements": {"numpy": "", "pandas": "", "scipy": "", "pytables": "", "ephem": ""}, "commit_hash": "d61ca1df2d4f867dcf65498db394a0a71acb42ed", "date": 1544749014000, "env_name": "conda-py3.8-ephem-numpy-pandas-pytables-scipy", "python": "3.8", "profiles": {}, "started_at": {"irradiance.Irradiance.time_aoi": 1599805063551, "irradiance.Irradiance.time_aoi_projection": 1599805065407,