{"results": {"irradiance.Irradiance.time_aoi": {"result": [0.0022004390135407447], "stats": [{"ci_99": [0.0021510716527700425, 0.002315355371683836], "q_25": 0.002179801696911454, "q_75": 0.0022262104786932467, "min": 0.0021510716527700425, "max": 0.002315355371683836, "mean": 0.00220693651586771, "std": 4.452149546235894e-05, "repeat": 10, "number": 5}]}, "irradiance.Irradiance.time_aoi_projection": {"result": [0.0022191552910953757], "stats": [{"ci_99": [0.0021434535272419454, 0.0023370143957436086], "q_25": 0.0021793692372739314, "q_75": 0.0022538000950589774, "min": 0.0021434535272419454, "max": 0.0023370143957436086, "mean": 0.0022264000680297614, "std": 6.264502903050529e-05, "repeat": 10, "number": 5}]}, "irradiance.Irradiance.time_dirindex": {"result": [0.14508732059039176], "stats": [{"ci_99": [0.14138804515823722, 0.14812907204031944], "q_25": 0.14294072182383388, "q_75": 0.14556926698423922, "min": 0.14138804515823722, "max": 0.14812907204031944, "mean": 0.14448617324233054, "std": 0.0020729875358282608, "repeat": 10, "number": 1}]}, "irradiance.Irradiance.time_dirint": {"result": [0.07100040162913501], "stats": [{"ci_99": [0.06985765602439642, 0.07316913595423102], "q_25": 0.07044023636262864, "q_75": 0.07172582810744643, "min": 0.06985765602439642, "max": 0.07316913595423102, "mean": 0.07122547226026654, "std": 0.0010666146728650495, "repeat": 10, "number": 1}]}, "irradiance.Irradiance.time_disc": {"result": [0.01948227360844612], "stats": [{"ci_99": [0.01798749202862382, 0.01968445908278227], "q_25": 0.018878218135796487, "q_75": 0.019546758732758462, "min": 0.01798749202862382, "max": 0.01968445908278227, "mean": 0.01915008258074522, "std": 0.0006220931678519051, "repeat": 10, "number": 1}]}, "irradiance.Irradiance.time_erbs": {"result": [0.01284577907063067], "stats": [{"ci_99": [0.012315968051552773, 0.01349220471456647], "q_25": 0.01248211576603353, "q_75": 0.013443264411762357, "min": 0.012315968051552773, "max": 0.01349220471456647, "mean": 0.012916852300986648, "std": 0.0004962325519832598, "repeat": 10, "number": 1}]}, "irradiance.Irradiance.time_get_extra_radiation": {"result": [0.0026177525287494063], "stats": [{"ci_99": [0.0025935634039342403, 0.002863967092707753], "q_25": 0.002606084308354184, "q_75": 0.002636988472659141, "min": 0.0025935634039342403, "max": 0.002863967092707753, "mean": 0.0026627839892171324, "std": 9.897918861023065e-05, "repeat": 10, "number": 4}]}, "irradiance.Irradiance.time_get_ground_diffuse": {"result": [0.0005507532776774545], "stats": [{"ci_99": [0.0005388824808362283, 0.0005633048958292133], "q_25": 0.0005428918490284367, "q_75": 0.0005587631726245347, "min": 0.0005388824808362283, "max": 0.0005633048958292133, "mean": 0.0005508151812184797, "std": 8.679748454552447e-06, "repeat": 10, "number": 19}]}, "irradiance.Irradiance.time_get_total_irradiance": {"result": [0.005116888709987204], "stats": [{"ci_99": [0.0049449000507593155, 0.005302442703396082], "q_25": 0.004995122668333352, "q_75": 0.005163662523652117, "min": 0.0049449000507593155, "max": 0.005302442703396082, "mean": 0.005103114309410253, "std": 0.00011497506848979285, "repeat": 10, "number": 3}]}, "location.Location.time_location_get_airmass": {"result": [0.0014787154671336924], "stats": [{"ci_99": [0.0013647171269570077, 0.0014914129860699177], "q_25": 0.0014754524787089654, "q_75": 0.0014824193702744587, "min": 0.0013647171269570077, "max": 0.0014914129860699177, "mean": 0.00145865841768682, "std": 4.5708680994154625e-05, "repeat": 10, "number": 7}]}, "location.Location.time_location_get_clearsky": {"result": [0.013067618943750858], "stats": [{"ci_99": [0.012067736126482487, 0.013180150650441647], "q_25": 0.012379552004858851, "q_75": 0.01314911397639662, "min": 0.012067736126482487, "max": 0.013180150650441647, "mean": 0.012815300095826387, "std": 0.00045907458031293184, "repeat": 10, "number": 1}]}, "location.Location.time_location_get_solarposition": {"result": [0.01810770109295845], "stats": [{"ci_99": [0.017907170113176107, 0.018232593778520823], "q_25": 0.018002502853050828, "q_75": 0.01812952884938568, "min": 0.017907170113176107, "max": 0.018232593778520823, "mean": 0.018078694073483347, "std": 9.425288497908676e-05, "repeat": 10, "number": 1}]}, "location.Location_0_6_1.time_location_get_sun_rise_set_transit_pyephem": {"result": [0.19699315656907856], "stats": [{"ci_99": [0.18014848697930574, 0.19811993977054954], "q_25": 0.19539431238081306, "q_75": 0.197248475975357, "min": 0.18014848697930574, "max": 0.19811993977054954, "mean": 0.19366080616600811, "std": 0.006702834716227869, "repeat": 10, "number": 1}]}, "location.Location_0_6_1.time_location_get_sun_rise_set_transit_spa": {"result": [0.04389804694801569], "stats": [{"ci_99": [0.043655583169311285, 0.044252997264266014], "q_25": 0.04377468372695148, "q_75": 0.044100809609517455, "min": 0.043655583169311285, "max": 0.044252997264266014, "mean": 0.04393855747766793, "std": 0.00019981805391480403, "repeat": 10, "number": 1}]}, "solarposition.SolarPosition.time_ephemeris": {"result": [0.0246727813500911], "stats": [{"ci_99": [0.0240530869923532, 0.02510353224352002], "q_25": 0.02432922855950892, "q_75": 0.024726217263378203, "min": 0.0240530869923532, "max": 0.02510353224352002, "mean": 0.024591785669326783, "std": 0.0003375712853188313, "repeat": 10, "number": 1}]}, "solarposition.SolarPosition.time_ephemeris_localized": {"result": [0.02402761997655034], "stats": [{"ci_99": [0.023562677204608917, 0.024915471207350492], "q_25": 0.023733342299237847, "q_75": 0.024508516071364284, "min": 0.023562677204608917, "max": 0.024915471207350492, "mean": 0.024121093563735485, "std": 0.00045243914200679853, "repeat": 10, "number": 1}]}, "solarposition.SolarPosition.time_nrel_earthsun_distance": {"result": [0.023093016585335135], "stats": [{"ci_99": [0.023051931988447905, 0.02317915903404355], "q_25": 0.023059226805344224, "q_75": 0.023120161960832775, "min": 0.023051931988447905, "max": 0.02317915903404355, "mean": 0.0230965631082654, "std": 4.0304944955188085e-05, "repeat": 10, "number": 1}]}, "solarposition.SolarPosition.time_spa_python": {"result": [0.028609677450731397], "stats": [{"ci_99": [0.028198162093758583, 0.029046394862234592], "q_25": 0.028581791324540973, "q_75": 0.028671932290308177, "min": 0.028198162093758583, "max": 0.029046394862234592, "mean": 0.028633119910955428, "std": 0.00020508513496227064, "repeat": 10, "number": 1}]}, "solarposition.SolarPosition.time_sun_rise_set_transit_spa": {"result": [0.050626874435693026], "stats": [{"ci_99": [0.050319365691393614, 0.05098081612959504], "q_25": 0.05052611418068409, "q_75": 0.05077388964127749, "min": 0.050319365691393614, "max": 0.05098081612959504, "mean": 0.0506396746262908, "std": 0.00019365606309026015, "repeat": 10, "number": 1}]}, "temperature.Fuentes.time_fuentes": {"result": [null], "params": [["'a'", "'b'", "'deltaT'"]]}, "tracking.SingleAxis.time_singleaxis": {"result": [0.006507626036182046], "stats": [{"ci_99": [0.006144710583612323, 0.006989058572798967], "q_25": 0.006274570128880441, "q_75": 0.006569374934770167, "min": 0.006144710583612323, "max": 0.006989058572798967, "mean": 0.006490580085664987, "std": 0.0002545564433902106, "repeat": 10, "number": 2}]}, "tracking.SingleAxis.time_tracker_singleaxis": {"result": [0.00655376841314137], "stats": [{"ci_99": [0.0063011255115270615, 0.00680011510848999], "q_25": 0.006461773707997054, "q_75": 0.00659276160877198, "min": 0.0063011255115270615, "max": 0.00680011510848999, "mean": 0.006539688422344625, "std": 0.0001313354065281218, "repeat": 10, "number": 2}]}, "temperature.SAPM.time_sapm_cell": {"result": [0.0015787689148315362], "stats": [{"ci_99": [0.0015575331635773182, 0.0015938738361001015], "q_25": 0.001572900717811925, "q_75": 0.0015923276077955961, "min": 0.0015575331635773182, "max": 0.0015938738361001015, "mean": 0.0015797957578407868, "std": 1.2043953249077351e-05, "repeat": 10, "number": 7}]}}, "params": {"arch": "x86_64",