{"results": {"irradiance.TimeSuite.time_aoi": {"result": [0.002191011793911457], "stats": [{"ci_99": [0.002165042515844107, 0.0024027297273278236], "q_25": 0.0021706918021664025, "q_75": 0.002315128990449011, "min": 0.002165042515844107, "max": 0.0024027297273278236, "mean": 0.0022445911820977928, "std": 8.768454946315111e-05, "repeat": 10, "number": 5}]}, "irradiance.TimeSuite.time_aoi_projection": {"result": [0.0022273230832070114], "stats": [{"ci_99": [0.0021647144109010696, 0.002370471227914095], "q_25": 0.00218660980463028, "q_75": 0.002302619395777583, "min": 0.0021647144109010696, "max": 0.002370471227914095, "mean": 0.0022460143640637394, "std": 6.856201472636494e-05, "repeat": 10, "number": 5}]}, "irradiance.TimeSuite.time_dirindex": {"result": [0.14598091808147728], "stats": [{"ci_99": [0.14374936278909445, 0.14891504729166627], "q_25": 0.1450263534206897, "q_75": 0.14684438577387482, "min": 0.14374936278909445, "max": 0.14891504729166627, "mean": 0.14599467660300433, "std": 0.001479757011545788, "repeat": 10, "number": 1}]}, "irradiance.TimeSuite.time_dirint": {"result": [0.07198578887619078], "stats": [{"ci_99": [0.07097103400155902, 0.0743333869613707], "q_25": 0.07127606880385429, "q_75": 0.07294801739044487, "min": 0.07097103400155902, "max": 0.0743333869613707, "mean": 0.0722686214838177, "std": 0.0011260278598378879, "repeat": 10, "number": 1}]}, "irradiance.TimeSuite.time_disc": {"result": [0.01967421150766313], "stats": [{"ci_99": [0.019336423836648464, 0.020748093258589506], "q_25": 0.01952253864146769, "q_75": 0.02020056580659002, "min": 0.019336423836648464, "max": 0.020748093258589506, "mean": 0.019867200404405594, "std": 0.0004808110126117434, "repeat": 10, "number": 1}]}, "irradiance.TimeSuite.time_erbs": {"result": [0.012674541445448995], "stats": [{"ci_99": [0.012355315033346415, 0.0134849832393229], "q_25": 0.012508591520600021, "q_75": 0.012850278988480568, "min": 0.012355315033346415, "max": 0.0134849832393229, "mean": 0.012738521536812186, "std": 0.0003151635780375579, "repeat": 10, "number": 1}]}, "irradiance.TimeSuite.time_get_extra_radiation": {"result": [0.0026668361970223486], "stats": [{"ci_99": [0.002651465474627912, 0.002888384507969022], "q_25": 0.002656272175954655, "q_75": 0.0026717431319411844, "min": 0.002651465474627912, "max": 0.002888384507969022, "mean": 0.0026875895215198397, "std": 6.780315518913631e-05, "repeat": 10, "number": 4}]}, "irradiance.TimeSuite.time_get_ground_diffuse": {"result": [0.0005171205033548177], "stats": [{"ci_99": [0.0005023033125326037, 0.000558901997283101], "q_25": 0.0005083870491944253, "q_75": 0.0005458283703774214, "min": 0.0005023033125326037, "max": 0.000558901997283101, "mean": 0.0005253273900598287, "std": 2.04556164800354e-05, "repeat": 10, "number": 20}]}, "irradiance.TimeSuite.time_get_total_irradiance": {"result": [0.005122903812055787], "stats": [{"ci_99": [0.004961846861988306, 0.005413292907178402], "q_25": 0.0050789409239465995, "q_75": 0.0052000195331250625, "min": 0.004961846861988306, "max": 0.005413292907178402, "mean": 0.005154157880072792, "std": 0.00013170281498421898, "repeat": 10, "number": 3}]}, "location.TimeSuite.time_location_get_airmass": {"result": [0.0014868556255740778], "stats": [{"ci_99": [0.0014760271379990236, 0.001506413266594921], "q_25": 0.0014823255561558265, "q_75": 0.0014918543664472444, "min": 0.0014760271379990236, "max": 0.001506413266594921, "mean": 0.001488693357844438, "std": 8.773862123436233e-06, "repeat": 10, "number": 7}]}, "location.TimeSuite.time_location_get_clearsky": {"result": [0.013783743139356375], "stats": [{"ci_99": [0.01347625209018588, 0.014403906650841236], "q_25": 0.013634648406878114, "q_75": 0.014005437027662992, "min": 0.01347625209018588, "max": 0.014403906650841236, "mean": 0.013836660049855709, "std": 0.0002675887398210647, "repeat": 10, "number": 1}]}, "location.TimeSuite.time_location_get_solarposition": {"result": [0.018028179416432977], "stats": [{"ci_99": [0.017710863146930933, 0.018328721169382334], "q_25": 0.017875574645586312, "q_75": 0.018075831001624465, "min": 0.017710863146930933, "max": 0.018328721169382334, "mean": 0.0179890729021281, "std": 0.00017017943575993322, "repeat": 10, "number": 1}]}, "location.TimeSuite.time_location_get_sun_rise_set_transit_pyephem": {"result": [0.1965569828171283], "stats": [{"ci_99": [0.19493967713788152, 0.1982712517492473], "q_25": 0.196390095166862, "q_75": 0.19672170921694487, "min": 0.19493967713788152, "max": 0.1982712517492473, "mean": 0.19656078359112145, "std": 0.0007650393917436109, "repeat": 10, "number": 1}]}, "location.TimeSuite.time_location_get_sun_rise_set_transit_spa": {"result": [0.04386746697127819], "stats": [{"ci_99": [0.042772434651851654, 0.04448348004370928], "q_25": 0.04313306650146842, "q_75": 0.04429735627491027, "min": 0.042772434651851654, "max": 0.04448348004370928, "mean": 0.043709842721000314, "std": 0.000611671889117694, "repeat": 10, "number": 1}]}, "solarposition.TimeSuite.time_ephemeris": {"result": [0.025497447000816464], "stats": [{"ci_99": [0.024820873979479074, 0.02574992598965764], "q_25": 0.02535149408504367, "q_75": 0.025647865957580507, "min": 0.024820873979479074, "max": 0.02574992598965764, "mean": 0.02543734684586525, "std": 0.0002727325965164782, "repeat": 10, "number": 1}]}, "solarposition.TimeSuite.time_ephemeris_localized": {"result": [0.024523567175492644], "stats": [{"ci_99": [0.023691682144999504, 0.02589934691786766], "q_25": 0.023767003323882818, "q_75": 0.025625841110013425, "min": 0.023691682144999504, "max": 0.02589934691786766, "mean": 0.024682585289701818, "std": 0.00093759781899006, "repeat": 10, "number": 1}]}, "solarposition.TimeSuite.time_nrel_earthsun_distance": {"result": [0.024363699601963162], "stats": [{"ci_99": [0.024236406199634075, 0.02466282295063138], "q_25": 0.02429734414909035, "q_75": 0.024442060035653412, "min": 0.024236406199634075, "max": 0.02466282295063138, "mean": 0.024383298819884658, "std": 0.00011742956133823728, "repeat": 10, "number": 1}]}, "solarposition.TimeSuite.time_spa_python": {"result": [0.02878687041811645], "stats": [{"ci_99": [0.02812134800478816, 0.02984366798773408], "q_25": 0.028663435485213995, "q_75": 0.02900439826771617, "min": 0.02812134800478816, "max": 0.02984366798773408, "mean": 0.028854840574786066, "std": 0.00042226437656269985, "repeat": 10, "number": 1}]}, "solarposition.TimeSuite.time_sun_rise_set_transit_spa": {"result": [0.051739338552579284], "stats": [{"ci_99": [0.050400793086737394, 0.05262596299871802], "q_25": 0.05064653162844479, "q_75": 0.052473991992883384, "min": 0.050400793086737394, "max": 0.05262596299871802, "mean": 0.051595274126157165, "std": 0.0009150258327023099, "repeat": 10, "number": 1}]}, "tracking.TimeSuite.time_singleaxis": {"result": [0.006596503546461463], "stats": [{"ci_99": [0.0064150248654186726, 0.0068917181342840195], "q_25": 0.006526956567540765, "q_75": 0.006685720814857632, "min": 0.0064150248654186726, "max": 0.0068917181342840195, "mean": 0.006617345963604748, "std": 0.0001314561526107469, "repeat": 10, "number": 2}]}, "tracking.TimeSuite.time_tracker_singleaxis": {"result": [0.0065644357819110155], "stats": [{"ci_99": [0.0063650484662503, 0.006851814687252045], "q_25": 0.006493630411569029, "q_75": 0.0066994213266298175, "min": 0.0063650484662503, "max": 0.006851814687252045, "mean": 0.006586545938625931, "std": 0.00015030370304339974, "repeat": 10, "number": 2}]}}, "params": {"arch": "x86_64", "cpu": "Intel Xeon Processor (Skylake, IBRS)", "machine": "pvlib-asv.forecasting.energy.arizona.edu", "num_cpu": "4", "os": "Linux 5.7.8-200.fc32.x86_64", "ram": "8145244", "python": "3.7", "ephem": "3.7.6.0", "numpy": "1.18.5", "pandas": "1.1.0", "pytables": "3.6.1", "scipy": "1.2.0"}, "requirements": {"ephem": "3.7.6.0", "numpy": "1.18.5", "pandas": "1.1.0", "pytables": "3.6.1", "scipy": "1.2.0"}, "commit_hash": "d635c09123319c68182898001712377089199744", "date": 1578677136000,