{"results": {"irradiance.Irradiance.time_aoi": {"result": [0.0024083002004772424], "stats": [{"ci_99": [0.002317912224680185, 0.0024629374034702777], "q_25": 0.0023641512962058187, "q_75": 0.002424464398063719, "min": 0.002317912224680185, "max": 0.0024629374034702777, "mean": 0.002400622526183724, "std": 4.584598483001812e-05, "repeat": 10, "number": 5}]}, "irradiance.Irradiance.time_aoi_projection": {"result": [0.002018247381784022], "stats": [{"ci_99": [0.0019286232224355142, 0.0020885452007253966], "q_25": 0.001994010837127765, "q_75": 0.0020416753056148687, "min": 0.0019286232224355142, "max": 0.0020885452007253966, "mean": 0.0020158288069069387, "std": 4.2374116465750975e-05, "repeat": 10, "number": 6}]}, "irradiance.Irradiance.time_dirindex": {"result": [0.1401202380657196], "stats": [{"ci_99": [0.1374697657302022, 0.14529724372550845], "q_25": 0.13951000606175512, "q_75": 0.14106659905519336, "min": 0.1374697657302022, "max": 0.14529724372550845, "mean": 0.14048085296526552, "std": 0.0019947405539394378, "repeat": 10, "number": 1}]}, "irradiance.Irradiance.time_dirint": {"result": [0.0703341644257307], "stats": [{"ci_99": [0.06868059327825904, 0.07248743809759617], "q_25": 0.06936189136467874, "q_75": 0.0713560419389978, "min": 0.06868059327825904, "max": 0.07248743809759617, "mean": 0.07042450420558452, "std": 0.0012361850044445121, "repeat": 10, "number": 1}]}, "irradiance.Irradiance.time_disc": {"result": [0.01972112897783518], "stats": [{"ci_99": [0.017995622009038925, 0.020459560677409172], "q_25": 0.019204732729122043, "q_75": 0.020011550979688764, "min": 0.017995622009038925, "max": 0.020459560677409172, "mean": 0.019562460295856, "std": 0.0006769045388520571, "repeat": 10, "number": 1}]}, "irradiance.Irradiance.time_erbs": {"result": [0.013130918610841036], "stats": [{"ci_99": [0.012380120810121298, 0.013777481857687235], "q_25": 0.012654828606173396, "q_75": 0.01350786432158202, "min": 0.012380120810121298, "max": 0.013777481857687235, "mean": 0.013076393911615015, "std": 0.0004786856125666051, "repeat": 10, "number": 1}]}, "irradiance.Irradiance.time_get_extra_radiation": {"result": [0.0026317586889490485], "stats": [{"ci_99": [0.002561331959441304, 0.002670607645995915], "q_25": 0.0026141842536162585, "q_75": 0.0026505133719183505, "min": 0.002561331959441304, "max": 0.002670607645995915, "mean": 0.0026248817332088946, "std": 3.455628317970017e-05, "repeat": 10, "number": 4}]}, "irradiance.Irradiance.time_get_ground_diffuse": {"result": [0.0005887862613522693], "stats": [{"ci_99": [0.0005754449551827029, 0.0006038817871165903], "q_25": 0.0005824314369084803, "q_75": 0.0005992445053140584, "min": 0.0005754449551827029, "max": 0.0006038817871165903, "mean": 0.0005901185673122345, "std": 9.304984835742694e-06, "repeat": 10, "number": 19}]}, "irradiance.Irradiance.time_get_total_irradiance": {"result": [0.00546551716979593], "stats": [{"ci_99": [0.0053458381444215775, 0.00564290932379663], "q_25": 0.005409790086559951, "q_75": 0.005501573963556439, "min": 0.0053458381444215775, "max": 0.00564290932379663, "mean": 0.0054695549421012405, "std": 8.743481877649043e-05, "repeat": 10, "number": 2}]}, "location.Location.time_location_get_airmass": {"result": [0.0014415030891541392], "stats": [{"ci_99": [0.0013287154724821448, 0.0015407438622787595], "q_25": 0.0014182442973833531, "q_75": 0.001492583251092583, "min": 0.0013287154724821448, "max": 0.0015407438622787595, "mean": 0.0014487276435829698, "std": 5.729769161933594e-05, "repeat": 10, "number": 8}]}, "location.Location.time_location_get_clearsky": {"result": [0.012724272441118956], "stats": [{"ci_99": [0.012086282949894667, 0.01290607824921608], "q_25": 0.012655564467422664, "q_75": 0.012852928484790027, "min": 0.012086282949894667, "max": 0.01290607824921608, "mean": 0.012695134850218892, "std": 0.00022371765640593144, "repeat": 10, "number": 1}]}, "location.Location.time_location_get_solarposition": {"result": [0.017814848804846406], "stats": [{"ci_99": [0.01761026307940483, 0.019160029012709856], "q_25": 0.017774041509255767, "q_75": 0.017948023974895477, "min": 0.01761026307940483, "max": 0.019160029012709856, "mean": 0.01798219596967101, "std": 0.00044286346748131466, "repeat": 10, "number": 1}]}, "location.Location_0_6_1.time_location_get_sun_rise_set_transit_pyephem": {"result": [0.1982451630756259], "stats": [{"ci_99": [0.19149028416723013, 0.20848021283745766], "q_25": 0.19747083133552223, "q_75": 0.2074049599468708, "min": 0.19149028416723013, "max": 0.20848021283745766, "mean": 0.20100886612199248, "std": 0.005708394408706094, "repeat": 10, "number": 1}]}, "location.Location_0_6_1.time_location_get_sun_rise_set_transit_spa": {"result": [0.04289510799571872], "stats": [{"ci_99": [0.04267834918573499, 0.043188951909542084], "q_25": 0.04275012470316142, "q_75": 0.042958124075084925, "min": 0.04267834918573499, "max": 0.043188951909542084, "mean": 0.042878011148422955, "std": 0.000147671667856807, "repeat": 10, "number": 1}]}, "solarposition.SolarPosition.time_ephemeris": {"result": [0.025047187227755785], "stats": [{"ci_99": [0.02450380800291896, 0.025619065389037132], "q_25": 0.024800836923532188, "q_75": 0.02507631212938577, "min": 0.02450380800291896, "max": 0.025619065389037132, "mean": 0.02499581458978355, "std": 0.0002983100171508535, "repeat": 10, "number": 1}]}, "solarposition.SolarPosition.time_ephemeris_localized": {"result": [0.0250331936404109], "stats": [{"ci_99": [0.023228531703352928, 0.02598624210804701], "q_25": 0.024744715658016503, "q_75": 0.025679185520857573, "min": 0.023228531703352928, "max": 0.02598624210804701, "mean": 0.025062725786119698, "std": 0.0007775800458952098, "repeat": 10, "number": 1}]}, "solarposition.SolarPosition.time_nrel_earthsun_distance": {"result": [0.023933538934215903], "stats": [{"ci_99": [0.02339333202689886, 0.024054475594311953], "q_25": 0.023912948206998408, "q_75": 0.024027058971114457, "min": 0.02339333202689886, "max": 0.024054475594311953, "mean": 0.02391469688154757, "std": 0.00018326545341724082, "repeat": 10, "number": 1}]}, "solarposition.SolarPosition.time_spa_python": {"result": [0.028417107416316867], "stats": [{"ci_99": [0.02833426697179675, 0.02874835394322872], "q_25": 0.028367607039399445, "q_75": 0.0286846742965281, "min": 0.02833426697179675, "max": 0.02874835394322872, "mean": 0.028508295025676488, "std": 0.00016218224546503206, "repeat": 10, "number": 1}]}, "solarposition.SolarPosition.time_sun_rise_set_transit_spa": {"result": [0.04985455051064491], "stats": [{"ci_99": [0.049279246013611555, 0.050542510114610195], "q_25": 0.04942331335041672, "q_75": 0.0500782827148214, "min": 0.049279246013611555, "max": 0.050542510114610195, "mean": 0.049824233725667, "std": 0.00043001501430957464, "repeat": 10, "number": 1}]}, "temperature.Fuentes.time_fuentes": NaN, "temperature.SAPM.time_sapm_cell": {"result": [0.002219396410509944], "stats": [{"ci_99": [0.002179535198956728, 0.002260931022465229], "q_25": 0.0022021770710125566, "q_75": 0.00224026485811919, "min": 0.002179535198956728, "max": 0.002260931022465229, "mean": 0.002220830926671624, "std": 2.6126972832492945e-05, "repeat": 10, "number": 5}]}, "tracking.SingleAxis.time_singleaxis": {"result": [0.006704594008624554], "stats": [{"ci_99": [0.006290518445894122, 0.006967584602534771], "q_25": 0.006459303083829582, "q_75": 0.006805459212046117, "min": 0.006290518445894122, "max": 0.006967584602534771, "mean": 0.0066575787961483, "std": 0.00022132127621996288, "repeat": 10, "number": 2}]}, "tracking.SingleAxis.time_tracker_singleaxis": {"result": [0.0065510227577760816], "stats": [{"ci_99": [0.006150675471872091, 0.006930719595402479], "q_25": 0.006313014717306942, "q_75": 0.00672271364601329, "min": 0.006150675471872091, "max": 0.006930719595402479, "mean": 0.006529413745738566, "std": 0.0002476608110120374, "repeat": 10, "number": 2}]}}, "params": {"arch": "x86_64", "cpu": "Intel Xeon Processor (Skylake, IBRS)",