{"results": {"irradiance.TimeSuite.time_aoi": {"result": [0.0023232437670230865], "stats": [{"ci_99": [0.002243585977703333, 0.0023780262097716333], "q_25": 0.0022718160413205623, "q_75": 0.002331332350149751, "min": 0.002243585977703333, "max": 0.0023780262097716333, "mean": 0.002305682012811303, "std": 4.213824341585205e-05, "repeat": 10, "number": 5}]}, "irradiance.TimeSuite.time_aoi_projection": {"result": [0.002223130874335766], "stats": [{"ci_99": [0.002201113011687994, 0.0023431983776390553], "q_25": 0.0022113384213298557, "q_75": 0.0022329677361994983, "min": 0.002201113011687994, "max": 0.0023431983776390553, "mean": 0.0022339734341949224, "std": 3.98179115873301e-05, "repeat": 10, "number": 5}]}, "irradiance.TimeSuite.time_dirindex": {"result": [0.14997859648428857], "stats": [{"ci_99": [0.14718171581625938, 0.15498554799705744], "q_25": 0.1484418991021812, "q_75": 0.15149340115021914, "min": 0.14718171581625938, "max": 0.15498554799705744, "mean": 0.15021863928996027, "std": 0.002372981268365987, "repeat": 10, "number": 1}]}, "irradiance.TimeSuite.time_dirint": {"result": [0.0730643488932401], "stats": [{"ci_99": [0.07058324385434389, 0.07560544600710273], "q_25": 0.07271912915166467, "q_75": 0.07321596064139158, "min": 0.07058324385434389, "max": 0.07560544600710273, "mean": 0.07318107206374407, "std": 0.0014115259236423536, "repeat": 10, "number": 1}]}, "irradiance.TimeSuite.time_disc": {"result": [0.019756313879042864], "stats": [{"ci_99": [0.019307136069983244, 0.02022016979753971], "q_25": 0.019629680668003857, "q_75": 0.01982429646886885, "min": 0.019307136069983244, "max": 0.02022016979753971, "mean": 0.01971517177298665, "std": 0.0002533099667680539, "repeat": 10, "number": 1}]}, "irradiance.TimeSuite.time_erbs": {"result": [0.013625497231259942], "stats": [{"ci_99": [0.013455837033689022, 0.014455768745392561], "q_25": 0.013498097308911383, "q_75": 0.013718614471144974, "min": 0.013455837033689022, "max": 0.014455768745392561, "mean": 0.013684742897748948, "std": 0.00027777273702784785, "repeat": 10, "number": 1}]}, "irradiance.TimeSuite.time_get_extra_radiation": {"result": [0.002906565787270665], "stats": [{"ci_99": [0.002638502512127161, 0.0030099157011136413], "q_25": 0.002889966475777328, "q_75": 0.002950068737845868, "min": 0.002638502512127161, "max": 0.0030099157011136413, "mean": 0.002899242064449936, "std": 9.700517140294347e-05, "repeat": 10, "number": 4}]}, "irradiance.TimeSuite.time_get_ground_diffuse": {"result": [0.0005599463137945062], "stats": [{"ci_99": [0.0005522971531670345, 0.0006254532766577444], "q_25": 0.0005537314144404311, "q_75": 0.0005644555632515173, "min": 0.0005522971531670345, "max": 0.0006254532766577444, "mean": 0.000565686162659212, "std": 2.0717323808508576e-05, "repeat": 10, "number": 19}]}, "irradiance.TimeSuite.time_get_total_irradiance": {"result": [0.005388559424318373], "stats": [{"ci_99": [0.005072025582194328, 0.005614151479676366], "q_25": 0.0053732883534394205, "q_75": 0.005406202224548906, "min": 0.005072025582194328, "max": 0.005614151479676366, "mean": 0.005382596584968269, "std": 0.0001244122080837433, "repeat": 10, "number": 2}]}, "location.TimeSuite.time_location_get_airmass": {"result": [0.0015063009091785978], "stats": [{"ci_99": [0.0015027493770633424, 0.001534313429147005], "q_25": 0.0015040481562859248, "q_75": 0.001512389929432954, "min": 0.0015027493770633424, "max": 0.001534313429147005, "mean": 0.0015100964943745307, "std": 9.209736334089992e-06, "repeat": 10, "number": 7}]}, "location.TimeSuite.time_location_get_clearsky": {"result": [0.013343208935111761], "stats": [{"ci_99": [0.013282245956361294, 0.013624162878841162], "q_25": 0.01331203558947891, "q_75": 0.013367858249694109, "min": 0.013282245956361294, "max": 0.013624162878841162, "mean": 0.013369398005306721, "std": 9.413179280161542e-05, "repeat": 10, "number": 1}]}, "location.TimeSuite.time_location_get_solarposition": {"result": [0.019028801238164306], "stats": [{"ci_99": [0.018776508048176765, 0.01921394793316722], "q_25": 0.018924935022369027, "q_75": 0.01907483721151948, "min": 0.018776508048176765, "max": 0.01921394793316722, "mean": 0.019005090370774268, "std": 0.00012624575816767026, "repeat": 10, "number": 1}]}, "location.TimeSuite.time_location_get_sun_rise_set_transit_pyephem": {"result": [0.2035993835888803], "stats": [{"ci_99": [0.1969946320168674, 0.20590481301769614], "q_25": 0.20298312441445887, "q_75": 0.20420097757596523, "min": 0.1969946320168674, "max": 0.20590481301769614, "mean": 0.20262802639044822, "std": 0.002874995183931523, "repeat": 10, "number": 1}]}, "location.TimeSuite.time_location_get_sun_rise_set_transit_spa": {"result": [0.04512827727012336], "stats": [{"ci_99": [0.044960813131183386, 0.04541865224018693], "q_25": 0.04504178010392934, "q_75": 0.045192772638984025, "min": 0.044960813131183386, "max": 0.04541865224018693, "mean": 0.045152662741020325, "std": 0.00014980966239107598, "repeat": 10, "number": 1}]}, "solarposition.TimeSuite.time_ephemeris": {"result": [0.025706123327836394], "stats": [{"ci_99": [0.025352654047310352, 0.026474355719983578], "q_25": 0.025448530330322683, "q_75": 0.026123685645870864, "min": 0.025352654047310352, "max": 0.026474355719983578, "mean": 0.025792166590690613, "std": 0.0003758126307590135, "repeat": 10, "number": 1}]}, "solarposition.TimeSuite.time_ephemeris_localized": {"result": [0.02564399503171444], "stats": [{"ci_99": [0.024905685801059008, 0.02578236209228635], "q_25": 0.024984904332086444, "q_75": 0.02569540764670819, "min": 0.024905685801059008, "max": 0.02578236209228635, "mean": 0.025409423746168613, "std": 0.00036495751578451667, "repeat": 10, "number": 1}]}, "solarposition.TimeSuite.time_nrel_earthsun_distance": {"result": [0.02308342093601823], "stats": [{"ci_99": [0.022997142281383276, 0.023178620263934135], "q_25": 0.023029025527648628, "q_75": 0.02312054007779807, "min": 0.022997142281383276, "max": 0.023178620263934135, "mean": 0.023080064728856087, "std": 5.5675683503702e-05, "repeat": 10, "number": 1}]}, "solarposition.TimeSuite.time_spa_python": {"result": [0.030570574570447206], "stats": [{"ci_99": [0.03003775794059038, 0.030892817303538322], "q_25": 0.03047821670770645, "q_75": 0.03071519429795444, "min": 0.03003775794059038, "max": 0.030892817303538322, "mean": 0.030553370295092464, "std": 0.0002522120421542663, "repeat": 10, "number": 1}]}, "solarposition.TimeSuite.time_sun_rise_set_transit_spa": {"result": [0.051760822301730514], "stats": [{"ci_99": [0.05143650993704796, 0.052225877065211535], "q_25": 0.051529602613300085, "q_75": 0.05190993950236589, "min": 0.05143650993704796, "max": 0.052225877065211535, "mean": 0.05175996730104089, "std": 0.00025145698303131786, "repeat": 10, "number": 1}]}, "tracking.TimeSuite.time_singleaxis": {"result": [0.006556874956004322], "stats": [{"ci_99": [0.00634831702336669, 0.006995681440457702], "q_25": 0.00651641859440133, "q_75": 0.006704670377075672, "min": 0.00634831702336669, "max": 0.006995681440457702, "mean": 0.006627772841602564, "std": 0.00018853383831568104, "repeat": 10, "number": 2}]}, "tracking.TimeSuite.time_tracker_singleaxis": {"result": [0.0065688410541042686], "stats": [{"ci_99": [0.006329988595098257, 0.007050512358546257], "q_25": 0.0064718262874521315, "q_75": 0.006800483155529946, "min": 0.006329988595098257, "max": 0.007050512358546257, "mean": 0.006638891389593482, "std": 0.00022327179008596858, "repeat": 10, "number": 2}]}}, "params": {"arch": "x86_64", "cpu": "Intel Xeon Processor (Skylake, IBRS)", "machine": "pvlib-asv.forecasting.energy.arizona.edu", "num_cpu": "4", "os": "Linux 5.7.8-200.fc32.x86_64", "ram": "8145244", "python": "3.7", "ephem": "3.7.6.0", "numpy": "1.18.5", "pandas": "1.1.0", "pytables": "3.6.1", "scipy": "1.2.0"}, "requirements": {"ephem": "3.7.6.0", "numpy": "1.18.5", "pandas": "1.1.0", "pytables": "3.6.1", "scipy": "1.2.0"}, "commit_hash": "d6536c9563ee2a93259985056d34ab904e637ad5", "date": 1564167238000,