{"results": {"irradiance.Irradiance.time_aoi": {"result": [0.0023787620477378367], "stats": [{"ci_99": [0.0023537789471447467, 0.0024195781908929346], "q_25": 0.0023699011420831085, "q_75": 0.002388242352753878, "min": 0.0023537789471447467, "max": 0.0024195781908929346, "mean": 0.0023805150855332616, "std": 1.7155470239500216e-05, "repeat": 10, "number": 5}]}, "irradiance.Irradiance.time_aoi_projection": {"result": [0.0021459718700498343], "stats": [{"ci_99": [0.002085211779922247, 0.002301566954702139], "q_25": 0.0021310514071956276, "q_75": 0.0021530715748667717, "min": 0.002085211779922247, "max": 0.002301566954702139, "mean": 0.002153348904103041, "std": 5.358399988827047e-05, "repeat": 10, "number": 5}]}, "irradiance.Irradiance.time_dirindex": {"result": [0.06534694763831794], "stats": [{"ci_99": [0.06437139166519046, 0.07055714633315802], "q_25": 0.0651369682746008, "q_75": 0.06573284673504531, "min": 0.06437139166519046, "max": 0.07055714633315802, "mean": 0.06578348902985454, "std": 0.0016647392271843438, "repeat": 10, "number": 1}]}, "irradiance.Irradiance.time_dirint": {"result": [0.032742781564593315], "stats": [{"ci_99": [0.032267517410218716, 0.03388325311243534], "q_25": 0.03239261987619102, "q_75": 0.033336131600663066, "min": 0.032267517410218716, "max": 0.03388325311243534, "mean": 0.032880112528800964, "std": 0.0005255561488484432, "repeat": 10, "number": 1}]}, "irradiance.Irradiance.time_disc": {"result": [0.012805334525182843], "stats": [{"ci_99": [0.012662412133067846, 0.013041609898209572], "q_25": 0.012685279943980277, "q_75": 0.012865223921835423, "min": 0.012662412133067846, "max": 0.013041609898209572, "mean": 0.012798537593334913, "std": 0.00011881165136385296, "repeat": 10, "number": 1}]}, "irradiance.Irradiance.time_erbs": {"result": [0.007288399967364967], "stats": [{"ci_99": [0.007168021518737078, 0.007455100538209081], "q_25": 0.007263717241585255, "q_75": 0.007320614182390273, "min": 0.007168021518737078, "max": 0.007455100538209081, "mean": 0.007293794001452625, "std": 7.50142912882822e-05, "repeat": 10, "number": 2}]}, "irradiance.Irradiance.time_get_extra_radiation": {"result": [0.0005377226509153843], "stats": [{"ci_99": [0.0005336830392479897, 0.0005465268855914474], "q_25": 0.0005357228510547429, "q_75": 0.0005404968396760523, "min": 0.0005336830392479897, "max": 0.0005465268855914474, "mean": 0.0005383208487182855, "std": 3.713089575405706e-06, "repeat": 10, "number": 20}]}, "irradiance.Irradiance.time_get_ground_diffuse": {"result": [0.0003571173236254723], "stats": [{"ci_99": [0.0003486689360391709, 0.00038628263639346245], "q_25": 0.000351726314082982, "q_75": 0.00036655597373723024, "min": 0.0003486689360391709, "max": 0.00038628263639346245, "mean": 0.00036066561606862854, "std": 1.1500095888793023e-05, "repeat": 10, "number": 31}]}, "irradiance.Irradiance.time_get_total_irradiance": {"result": [0.0045139006494234], "stats": [{"ci_99": [0.004437508682409923, 0.004605857965846856], "q_25": 0.004464239076090355, "q_75": 0.004577014634075264, "min": 0.004437508682409923, "max": 0.004605857965846856, "mean": 0.004521075558538238, "std": 6.239924431285056e-05, "repeat": 10, "number": 3}]}, "location.Location.time_location_get_airmass": {"result": [0.0013614208728540689], "stats": [{"ci_99": [0.0013491558493115008, 0.0013812024844810367], "q_25": 0.0013542084052460268, "q_75": 0.00136664962337818, "min": 0.0013491558493115008, "max": 0.0013812024844810367, "mean": 0.0013616249023471027, "std": 8.96321489741283e-06, "repeat": 10, "number": 8}]}, "location.Location.time_location_get_clearsky": {"result": [0.00928189989645034], "stats": [{"ci_99": [0.008976032491773367, 0.009377950569614768], "q_25": 0.009062142169568688, "q_75": 0.009355314658023417, "min": 0.008976032491773367, "max": 0.009377950569614768, "mean": 0.009219303983263672, "std": 0.00015370022707938855, "repeat": 10, "number": 2}]}, "location.Location.time_location_get_solarposition": {"result": [0.015066534746438265], "stats": [{"ci_99": [0.014974589925259352, 0.016424718778580427], "q_25": 0.015026826062239707, "q_75": 0.015214983955956995, "min": 0.014974589925259352, "max": 0.016424718778580427, "mean": 0.015230559604242444, "std": 0.0004107691646792176, "repeat": 10, "number": 1}]}, "location.Location_0_6_1.time_location_get_sun_rise_set_transit_pyephem": {"result": [0.18603185657411814], "stats": [{"ci_99": [0.18489841604605317, 0.18656352162361145], "q_25": 0.18551266961731017, "q_75": 0.18623666616622359, "min": 0.18489841604605317, "max": 0.18656352162361145, "mean": 0.18586884397082032, "std": 0.0004797961396880852, "repeat": 10, "number": 1}]}, "location.Location_0_6_1.time_location_get_sun_rise_set_transit_spa": {"result": [0.032696222653612494], "stats": [{"ci_99": [0.03244601981714368, 0.03561397921293974], "q_25": 0.03260077105369419, "q_75": 0.032753653125837445, "min": 0.03244601981714368, "max": 0.03561397921293974, "mean": 0.03295501605607569, "std": 0.0008959387270798803, "repeat": 10, "number": 1}]}, "solarposition.SolarPosition.time_ephemeris": {"result": [0.01827793102711439], "stats": [{"ci_99": [0.018061919137835503, 0.018435366917401552], "q_25": 0.018241080571897328, "q_75": 0.018310899497009814, "min": 0.018061919137835503, "max": 0.018435366917401552, "mean": 0.0182643607724458, "std": 9.851555646580044e-05, "repeat": 10, "number": 1}]}, "solarposition.SolarPosition.time_ephemeris_localized": {"result": [0.018337167566642165], "stats": [{"ci_99": [0.018025689758360386, 0.019146145787090063], "q_25": 0.018193203955888748, "q_75": 0.01868279662448913, "min": 0.018025689758360386, "max": 0.019146145787090063, "mean": 0.018443561065942048, "std": 0.0003450168297213764, "repeat": 10, "number": 1}]}, "solarposition.SolarPosition.time_nrel_earthsun_distance": {"result": [0.022615647176280618], "stats": [{"ci_99": [0.022121138870716095, 0.02270282804965973], "q_25": 0.022277365787886083, "q_75": 0.02266578422859311, "min": 0.022121138870716095, "max": 0.02270282804965973, "mean": 0.02248785076662898, "std": 0.00021427865864535655, "repeat": 10, "number": 1}]}, "solarposition.SolarPosition.time_spa_python": {"result": [0.0256975453812629], "stats": [{"ci_99": [0.02558928821235895, 0.026274052914232016], "q_25": 0.025657130987383425, "q_75": 0.025813192827627063, "min": 0.02558928821235895, "max": 0.026274052914232016, "mean": 0.02576988604851067, "std": 0.0001931266365241787, "repeat": 10, "number": 1}]}, "solarposition.SolarPosition.time_sun_rise_set_transit_spa": {"result": [0.03755773860029876], "stats": [{"ci_99": [0.03729113284498453, 0.03776473784819245], "q_25": 0.037394188111647964, "q_75": 0.03763021156191826, "min": 0.03729113284498453, "max": 0.03776473784819245, "mean": 0.037520709866657856, "std": 0.00015717619816322392, "repeat": 10, "number": 1}]}, "temperature.Fuentes.time_fuentes": NaN, "temperature.SAPM.time_sapm_cell": {"result": [0.001636396794180785], "stats": [{"ci_99": [0.0016121849018548215, 0.0016633479722908565], "q_25": 0.0016279012031321016, "q_75": 0.0016590708234746543, "min": 0.0016121849018548215, "max": 0.0016633479722908565, "mean": 0.001640219607257417, "std": 1.7882193243333976e-05, "repeat": 10, "number": 7}]}, "tracking.SingleAxis.time_singleaxis": {"result": [0.018377030501142144], "stats": [{"ci_99": [0.017244929913431406, 0.021534317173063755], "q_25": 0.017570011783391237, "q_75": 0.02005367213860154, "min": 0.017244929913431406, "max": 0.021534317173063755, "mean": 0.018959703762084244, "std": 0.0015596024171210853, "repeat": 10, "number": 1}]}, "tracking.SingleAxis.time_tracker_singleaxis": {"result": [0.01816913834773004], "stats": [{"ci_99": [0.016570984851568937, 0.019864828325808048], "q_25": 0.01721912168432027, "q_75": 0.018749778158962727, "min": 0.016570984851568937, "max": 0.019864828325808048, "mean": 0.018140448490157723, "std": 0.0010489049686713886, "repeat": 10, "number": 1}]}}, "params": {"arch": "x86_64", "cpu": "Intel Xeon Processor (Skylake, IBRS)",