{"results": {"irradiance.Irradiance.time_aoi": {"result": [0.0023246529046446083], "stats": [{"ci_99": [0.0021427100524306296, 0.0024315668269991875], "q_25": 0.0022488025948405265, "q_75": 0.0023422922240570188, "min": 0.0021427100524306296, "max": 0.0024315668269991875, "mean": 0.002298688106238842, "std": 8.588906910397954e-05, "repeat": 10, "number": 5}]}, "irradiance.Irradiance.time_aoi_projection": {"result": [0.0022873810026794675], "stats": [{"ci_99": [0.0022140770219266416, 0.0023376974277198315], "q_25": 0.002226307336241007, "q_75": 0.002329193265177309, "min": 0.0022140770219266416, "max": 0.0023376974277198315, "mean": 0.0022788641043007376, "std": 5.145857723098739e-05, "repeat": 10, "number": 5}]}, "irradiance.Irradiance.time_dirindex": {"result": [0.14754711301065981], "stats": [{"ci_99": [0.14537561126053333, 0.15105869015678763], "q_25": 0.14697709132451564, "q_75": 0.149026969098486, "min": 0.14537561126053333, "max": 0.15105869015678763, "mean": 0.1480361118912697, "std": 0.001610268940509917, "repeat": 10, "number": 1}]}, "irradiance.Irradiance.time_dirint": {"result": [0.07339380588382483], "stats": [{"ci_99": [0.07186202192679048, 0.07526608789339662], "q_25": 0.07247115590143949, "q_75": 0.07379145373124629, "min": 0.07186202192679048, "max": 0.07526608789339662, "mean": 0.0732594364322722, "std": 0.0009726948446673867, "repeat": 10, "number": 1}]}, "irradiance.Irradiance.time_disc": {"result": [0.019452570006251335], "stats": [{"ci_99": [0.018322117161005735, 0.02296815998852253], "q_25": 0.01933175208978355, "q_75": 0.01982167304959148, "min": 0.018322117161005735, "max": 0.02296815998852253, "mean": 0.019806705182418227, "std": 0.001166363184019504, "repeat": 10, "number": 1}]}, "irradiance.Irradiance.time_erbs": {"result": [0.012584259500727057], "stats": [{"ci_99": [0.01174590876325965, 0.01309058116748929], "q_25": 0.012484995764680207, "q_75": 0.01260776654817164, "min": 0.01174590876325965, "max": 0.01309058116748929, "mean": 0.01252698889002204, "std": 0.00031085277846400704, "repeat": 10, "number": 1}]}, "irradiance.Irradiance.time_get_extra_radiation": {"result": [0.0026266107452102005], "stats": [{"ci_99": [0.0026183200534433126, 0.00287820294033736], "q_25": 0.0026221340231131762, "q_75": 0.002637049648910761, "min": 0.0026183200534433126, "max": 0.00287820294033736, "mean": 0.002652749908156693, "std": 7.555139032486304e-05, "repeat": 10, "number": 4}]}, "irradiance.Irradiance.time_get_ground_diffuse": {"result": [0.0005438291026573431], "stats": [{"ci_99": [0.0005384983592911771, 0.0005647872672661355], "q_25": 0.0005399931687861681, "q_75": 0.0005572676094935128, "min": 0.0005384983592911771, "max": 0.0005647872672661355, "mean": 0.0005486079246590012, "std": 1.0064490646951857e-05, "repeat": 10, "number": 19}]}, "irradiance.Irradiance.time_get_total_irradiance": {"result": [0.005251327180303633], "stats": [{"ci_99": [0.005110767437145114, 0.005485986126586795], "q_25": 0.0051540922722779214, "q_75": 0.0053817148436792195, "min": 0.005110767437145114, "max": 0.005485986126586795, "mean": 0.005272255698218942, "std": 0.00013281276150474357, "repeat": 10, "number": 2}]}, "location.Location.time_location_get_airmass": {"result": [0.001492261786812118], "stats": [{"ci_99": [0.0013702382732714926, 0.0015003829529242857], "q_25": 0.001488388649054936, "q_75": 0.0014953899164018886, "min": 0.0013702382732714926, "max": 0.0015003829529242857, "mean": 0.0014800271684569971, "std": 3.701090434797135e-05, "repeat": 10, "number": 7}]}, "location.Location.time_location_get_clearsky": {"result": [0.013050456764176488], "stats": [{"ci_99": [0.012996557168662548, 0.013179338071495295], "q_25": 0.01301556546241045, "q_75": 0.01310887432191521, "min": 0.012996557168662548, "max": 0.013179338071495295, "mean": 0.013065967243164778, "std": 6.134222385786822e-05, "repeat": 10, "number": 1}]}, "location.Location.time_location_get_solarposition": {"result": [0.0189683698117733], "stats": [{"ci_99": [0.018791685346513987, 0.019107284024357796], "q_25": 0.018928958219476044, "q_75": 0.01898188074119389, "min": 0.018791685346513987, "max": 0.019107284024357796, "mean": 0.018966102274134755, "std": 8.346176956855192e-05, "repeat": 10, "number": 1}]}, "location.Location_0_6_1.time_location_get_sun_rise_set_transit_pyephem": NaN, "location.Location_0_6_1.time_location_get_sun_rise_set_transit_spa": NaN, "solarposition.SolarPosition.time_ephemeris": {"result": [0.02519517228938639], "stats": [{"ci_99": [0.024970022961497307, 0.02563092578202486], "q_25": 0.025117798475548625, "q_75": 0.02535855513997376, "min": 0.024970022961497307, "max": 0.02563092578202486, "mean": 0.025249296566471457, "std": 0.00019305144002407942, "repeat": 10, "number": 1}]}, "solarposition.SolarPosition.time_ephemeris_localized": {"result": [0.02511800779029727], "stats": [{"ci_99": [0.024403616786003113, 0.02593751484528184], "q_25": 0.024886653991416097, "q_75": 0.02524188975803554, "min": 0.024403616786003113, "max": 0.02593751484528184, "mean": 0.025099501106888057, "std": 0.00037342879416340727, "repeat": 10, "number": 1}]}, "solarposition.SolarPosition.time_nrel_earthsun_distance": {"result": [0.02308089705184102], "stats": [{"ci_99": [0.02256156923249364, 0.02519623376429081], "q_25": 0.023021506378427148, "q_75": 0.023117204545997083, "min": 0.02256156923249364, "max": 0.02519623376429081, "mean": 0.023413214134052396, "std": 0.0008403935138869753, "repeat": 10, "number": 1}]}, "solarposition.SolarPosition.time_spa_python": {"result": [0.03036685730330646], "stats": [{"ci_99": [0.030190580058842897, 0.030498080886900425], "q_25": 0.03031991294119507, "q_75": 0.030415621935389936, "min": 0.030190580058842897, "max": 0.030498080886900425, "mean": 0.030364369880408047, "std": 7.966252201674809e-05, "repeat": 10, "number": 1}]}, "solarposition.SolarPosition.time_sun_rise_set_transit_spa": {"result": [0.050963705871254206], "stats": [{"ci_99": [0.05002391617745161, 0.051358934957534075], "q_25": 0.05046087235677987, "q_75": 0.05103815835900605, "min": 0.05002391617745161, "max": 0.051358934957534075, "mean": 0.050798980379477145, "std": 0.0004011898511264164, "repeat": 10, "number": 1}]}, "temperature.Fuentes.time_fuentes": NaN, "temperature.SAPM.time_sapm_cell": {"result": [0.0022192255904277163], "stats": [{"ci_99": [0.0020286350045353174, 0.0022537571688493094], "q_25": 0.0020781314621369043, "q_75": 0.002233665009650091, "min": 0.0020286350045353174, "max": 0.0022537571688493094, "mean": 0.0021696449257433414, "std": 9.09527514765153e-05, "repeat": 10, "number": 6}]}, "tracking.SingleAxis.time_singleaxis": {"result": [0.006458541029132903], "stats": [{"ci_99": [0.006201076088473201, 0.006770083447918296], "q_25": 0.00633911247132346, "q_75": 0.006606623355764896, "min": 0.006201076088473201, "max": 0.006770083447918296, "mean": 0.006475800112821162, "std": 0.0001719584675171965, "repeat": 10, "number": 2}]}, "tracking.SingleAxis.time_tracker_singleaxis": {"result": [0.006552518345415592], "stats": [{"ci_99": [0.006277398904785514, 0.006884993053972721], "q_25": 0.0064503116882406175, "q_75": 0.006612515426240861, "min": 0.006277398904785514, "max": 0.006884993053972721, "mean": 0.0065467907814309, "std": 0.0001633058835288692, "repeat": 10, "number": 2}]}}, "params": {"arch": "x86_64", "cpu": "Intel Xeon Processor (Skylake, IBRS)", "machine": "pvlib-asv.forecasting.energy.arizona.edu", "num_cpu": "4", "os": "Linux 5.7.8-200.fc32.x86_64", "ram": "8145244", "python": "3.7", "ephem": "3.7.6.0", "numpy": "1.18.5", "pandas": "1.1.0", "pytables": "3.6.1", "scipy": "1.2.0"}, "requirements": {"ephem": "3.7.6.0", "numpy": "1.18.5", "pandas": "1.1.0", "pytables": "3.6.1", "scipy": "1.2.0"}, "commit_hash": "d68ee4cc87a0c0c99ebf458c6132a8144c6cc51f", "date": 1543164742000, "env_name": "conda-py3.7-ephem3.7.6.0-numpy1.18.5-pandas1.1.0-pytables3.6.1-scipy1.2.0", "python": "3.7", "profiles": {}, "started_at": {"irradiance.Irradiance.time_aoi": 1599424795151,