{"results": {"irradiance.Irradiance.time_aoi": {"result": [0.0023463931400328876], "stats": [{"ci_99": [0.0023321482352912427, 0.0023885509930551053], "q_25": 0.002339957491494715, "q_75": 0.002384698484092951, "min": 0.0023321482352912427, "max": 0.0023885509930551053, "mean": 0.0023588551953434944, "std": 2.23265108883997e-05, "repeat": 10, "number": 5}]}, "irradiance.Irradiance.time_aoi_projection": {"result": [0.0021125998813658954], "stats": [{"ci_99": [0.0020572601817548273, 0.0023297163657844066], "q_25": 0.0020763348555192353, "q_75": 0.002132563851773739, "min": 0.0020572601817548273, "max": 0.0023297163657844066, "mean": 0.0021242586337029933, "std": 7.492219917134334e-05, "repeat": 10, "number": 5}]}, "irradiance.Irradiance.time_dirindex": {"result": [0.06459459383040667], "stats": [{"ci_99": [0.06384083395823836, 0.06776999915018678], "q_25": 0.06443787238094956, "q_75": 0.06585362716577947, "min": 0.06384083395823836, "max": 0.06776999915018678, "mean": 0.06515744403004646, "std": 0.0011057967996456026, "repeat": 10, "number": 1}]}, "irradiance.Irradiance.time_dirint": {"result": [0.03198747360147536], "stats": [{"ci_99": [0.03149694809690118, 0.0365941459313035], "q_25": 0.03174054331611842, "q_75": 0.03233142592944205, "min": 0.03149694809690118, "max": 0.0365941459313035, "mean": 0.03283196990378201, "std": 0.0018730240695133157, "repeat": 10, "number": 1}]}, "irradiance.Irradiance.time_disc": {"result": [0.012342398054897785], "stats": [{"ci_99": [0.012229644693434238, 0.012871620245277882], "q_25": 0.012279913178645074, "q_75": 0.01251053938176483, "min": 0.012229644693434238, "max": 0.012871620245277882, "mean": 0.012440765742212534, "std": 0.00022304438744185728, "repeat": 10, "number": 1}]}, "irradiance.Irradiance.time_erbs": {"result": [0.00670870125759393], "stats": [{"ci_99": [0.006623249035328627, 0.006737638497725129], "q_25": 0.006672413961496204, "q_75": 0.0067234685411676764, "min": 0.006623249035328627, "max": 0.006737638497725129, "mean": 0.006696888571605086, "std": 3.400693921882188e-05, "repeat": 10, "number": 2}]}, "irradiance.Irradiance.time_get_extra_radiation": {"result": [0.0005336475442163646], "stats": [{"ci_99": [0.0005274710012599826, 0.0005401943111792207], "q_25": 0.0005316984024830163, "q_75": 0.0005354177439585329, "min": 0.0005274710012599826, "max": 0.0005401943111792207, "mean": 0.00053384343162179, "std": 3.8805582130033175e-06, "repeat": 10, "number": 20}]}, "irradiance.Irradiance.time_get_ground_diffuse": {"result": [0.00032708777650964987], "stats": [{"ci_99": [0.0003222877046827114, 0.00035100997510281474], "q_25": 0.00032584142701869666, "q_75": 0.00032818045424805445, "min": 0.0003222877046827114, "max": 0.00035100997510281474, "mean": 0.0003292473357622371, "std": 7.622402659644255e-06, "repeat": 10, "number": 33}]}, "irradiance.Irradiance.time_get_total_irradiance": {"result": [0.004554115468636155], "stats": [{"ci_99": [0.004421596260120471, 0.004569958429783583], "q_25": 0.004531108502609034, "q_75": 0.004563037461290757, "min": 0.004421596260120471, "max": 0.004569958429783583, "mean": 0.0045355521452923615, "std": 4.283804614736617e-05, "repeat": 10, "number": 3}]}, "location.Location.time_location_get_airmass": {"result": [0.0013534588797483593], "stats": [{"ci_99": [0.0013392388354986906, 0.001366729848086834], "q_25": 0.0013488888798747212, "q_75": 0.0013584238768089563, "min": 0.0013392388354986906, "max": 0.001366729848086834, "mean": 0.0013531833770684897, "std": 7.996079978986144e-06, "repeat": 10, "number": 8}]}, "location.Location.time_location_get_clearsky": {"result": [0.009361188393086195], "stats": [{"ci_99": [0.009100016439333558, 0.009499439503997564], "q_25": 0.009280091617256403, "q_75": 0.009395894361659884, "min": 0.009100016439333558, "max": 0.009499439503997564, "mean": 0.009322597412392497, "std": 0.00011875856108552059, "repeat": 10, "number": 2}]}, "location.Location.time_location_get_solarposition": {"result": [0.015992927830666304], "stats": [{"ci_99": [0.015892549883574247, 0.01610564813017845], "q_25": 0.01593500899616629, "q_75": 0.016038736677728593, "min": 0.015892549883574247, "max": 0.01610564813017845, "mean": 0.015992896538227795, "std": 7.14461719370437e-05, "repeat": 10, "number": 1}]}, "location.Location_0_6_1.time_location_get_sun_rise_set_transit_pyephem": NaN, "location.Location_0_6_1.time_location_get_sun_rise_set_transit_spa": NaN, "solarposition.SolarPosition.time_ephemeris": {"result": [0.018222410697489977], "stats": [{"ci_99": [0.018022396136075258, 0.018681746907532215], "q_25": 0.01811884599737823, "q_75": 0.018319303286261857, "min": 0.018022396136075258, "max": 0.018681746907532215, "mean": 0.018258063634857536, "std": 0.0001893894904499203, "repeat": 10, "number": 1}]}, "solarposition.SolarPosition.time_ephemeris_localized": {"result": [0.018168711569160223], "stats": [{"ci_99": [0.017970945220440626, 0.01874867593869567], "q_25": 0.018134999787434936, "q_75": 0.018216145574115217, "min": 0.017970945220440626, "max": 0.01874867593869567, "mean": 0.018235865142196418, "std": 0.00021251320461797797, "repeat": 10, "number": 1}]}, "solarposition.SolarPosition.time_nrel_earthsun_distance": {"result": [0.02288612606935203], "stats": [{"ci_99": [0.022706700954586267, 0.023053718730807304], "q_25": 0.02279731910675764, "q_75": 0.022907053353264928, "min": 0.022706700954586267, "max": 0.023053718730807304, "mean": 0.022870828630402684, "std": 0.00010560710891009078, "repeat": 10, "number": 1}]}, "solarposition.SolarPosition.time_spa_python": {"result": [0.027347236638888717], "stats": [{"ci_99": [0.025596952065825462, 0.028264569118618965], "q_25": 0.02575789636466652, "q_75": 0.028075450798496604, "min": 0.025596952065825462, "max": 0.028264569118618965, "mean": 0.027014980698004364, "std": 0.0011333120479134853, "repeat": 10, "number": 1}]}, "solarposition.SolarPosition.time_sun_rise_set_transit_spa": {"result": [0.0374385011382401], "stats": [{"ci_99": [0.037023480981588364, 0.038499049842357635], "q_25": 0.03711911360733211, "q_75": 0.03786297107581049, "min": 0.037023480981588364, "max": 0.038499049842357635, "mean": 0.03753857389092445, "std": 0.0004799539840601617, "repeat": 10, "number": 1}]}, "temperature.Fuentes.time_fuentes": NaN, "temperature.SAPM.time_sapm_cell": {"result": [0.0015996828276131836], "stats": [{"ci_99": [0.001583742443472147, 0.0016303862711148603], "q_25": 0.0015947705500626136, "q_75": 0.0016083305235952139, "min": 0.001583742443472147, "max": 0.0016303862711148603, "mean": 0.0016019187668072326, "std": 1.216037078465868e-05, "repeat": 10, "number": 7}]}, "tracking.SingleAxis.time_singleaxis": {"result": [0.016707222443073988], "stats": [{"ci_99": [0.015180259011685848, 0.01976657984778285], "q_25": 0.01580017665401101, "q_75": 0.017845190363004804, "min": 0.015180259011685848, "max": 0.01976657984778285, "mean": 0.016980358818545937, "std": 0.001401206406256928, "repeat": 10, "number": 1}]}, "tracking.SingleAxis.time_tracker_singleaxis": {"result": [0.016513716895133257], "stats": [{"ci_99": [0.015145177021622658, 0.019776225090026855], "q_25": 0.0162721024826169, "q_75": 0.019014492514543235, "min": 0.015145177021622658, "max": 0.019776225090026855, "mean": 0.01724354620091617, "std": 0.0016867540762377984, "repeat": 10, "number": 1}]}}, "params": {"arch": "x86_64", "cpu": "Intel Xeon Processor (Skylake, IBRS)", "machine": "pvlib-asv.forecasting.energy.arizona.edu", "num_cpu": "4", "os": "Linux 5.7.8-200.fc32.x86_64", "ram": "8145244", "python": "3.6", "numpy": "1.12.0", "pandas": "0.22.0", "scipy": "1.2.0", "pytables": "3.6.1", "ephem": "3.7.6.0"}, "requirements": {"numpy": "1.12.0", "pandas": "0.22.0", "scipy": "1.2.0", "pytables": "3.6.1", "ephem": "3.7.6.0"}, "commit_hash": "d6b22c37f697ab60bb569fc46288804a9d04f31e", "date": 1544546467000, "env_name": "conda-py3.6-ephem3.7.6.0-numpy1.12.0-pandas0.22.0-pytables3.6.1-scipy1.2.0", "python": "3.6", "profiles": {},