{"results": {"irradiance.Irradiance.time_aoi": {"result": [0.0022602817974984642], "stats": [{"ci_99": [0.002188394404947758, 0.0023536656051874163], "q_25": 0.00219561702106148, "q_75": 0.0022845107363536955, "min": 0.002188394404947758, "max": 0.0023536656051874163, "mean": 0.002251180782914162, "std": 5.284510988301632e-05, "repeat": 10, "number": 5}]}, "irradiance.Irradiance.time_aoi_projection": {"result": [0.002202448341995478], "stats": [{"ci_99": [0.0021486626006662845, 0.0027922102250158786], "q_25": 0.002154570375569165, "q_75": 0.0023061770480126143, "min": 0.0021486626006662845, "max": 0.0027922102250158786, "mean": 0.0022734298557043077, "std": 0.00018765628214917395, "repeat": 10, "number": 5}]}, "irradiance.Irradiance.time_dirindex": {"result": [0.14493022463284433], "stats": [{"ci_99": [0.142984869889915, 0.1461195577867329], "q_25": 0.1437485353089869, "q_75": 0.1452952881809324, "min": 0.142984869889915, "max": 0.1461195577867329, "mean": 0.14464541114866733, "std": 0.0010040861784268709, "repeat": 10, "number": 1}]}, "irradiance.Irradiance.time_dirint": {"result": [0.07104177819564939], "stats": [{"ci_99": [0.07045092200860381, 0.07224179385229945], "q_25": 0.0708642799872905, "q_75": 0.07142960478086025, "min": 0.07045092200860381, "max": 0.07224179385229945, "mean": 0.07118645198643207, "std": 0.0005076372302165363, "repeat": 10, "number": 1}]}, "irradiance.Irradiance.time_disc": {"result": [0.019130190135911107], "stats": [{"ci_99": [0.01803810242563486, 0.01991713000461459], "q_25": 0.018297528149560094, "q_75": 0.01974001619964838, "min": 0.01803810242563486, "max": 0.01991713000461459, "mean": 0.0190245661418885, "std": 0.0007601363585901786, "repeat": 10, "number": 1}]}, "irradiance.Irradiance.time_erbs": {"result": [0.012752754846587777], "stats": [{"ci_99": [0.011766479816287756, 0.01403987780213356], "q_25": 0.012628222815692425, "q_75": 0.012825549230910838, "min": 0.011766479816287756, "max": 0.01403987780213356, "mean": 0.012706766463816166, "std": 0.0005807671105292035, "repeat": 10, "number": 1}]}, "irradiance.Irradiance.time_get_extra_radiation": {"result": [0.0026840698556043208], "stats": [{"ci_99": [0.002652979805134237, 0.002899696002714336], "q_25": 0.0026670328225009143, "q_75": 0.0027035673847422004, "min": 0.002652979805134237, "max": 0.002899696002714336, "mean": 0.0027129996684379875, "std": 7.408555604797566e-05, "repeat": 10, "number": 4}]}, "irradiance.Irradiance.time_get_ground_diffuse": {"result": [0.0005353625961824467], "stats": [{"ci_99": [0.0004999940528681403, 0.0005719966843332115], "q_25": 0.000506856062106396, "q_75": 0.0005614681255170389, "min": 0.0004999940528681403, "max": 0.0005719966843332115, "mean": 0.0005353161280876712, "std": 2.8448751131928262e-05, "repeat": 10, "number": 19}]}, "irradiance.Irradiance.time_get_total_irradiance": {"result": [0.005112439161166549], "stats": [{"ci_99": [0.004989645288636287, 0.005347368928293387], "q_25": 0.005096978081079821, "q_75": 0.0051886424189433455, "min": 0.004989645288636287, "max": 0.005347368928293387, "mean": 0.005151636231069763, "std": 0.000106096548299311, "repeat": 10, "number": 3}]}, "location.Location.time_location_get_airmass": {"result": [0.0014921674904014382], "stats": [{"ci_99": [0.0013706665486097336, 0.001568023847149951], "q_25": 0.0014230357483029366, "q_75": 0.0015143151228715268, "min": 0.0013706665486097336, "max": 0.001568023847149951, "mean": 0.0014711484512580292, "std": 6.322939044159198e-05, "repeat": 10, "number": 7}]}, "location.Location.time_location_get_clearsky": {"result": [0.013402669923380017], "stats": [{"ci_99": [0.01296042324975133, 0.014070148114115], "q_25": 0.013264806242659688, "q_75": 0.013706763158552349, "min": 0.01296042324975133, "max": 0.014070148114115, "mean": 0.013480259850621224, "std": 0.00034567977663021104, "repeat": 10, "number": 1}]}, "location.Location.time_location_get_solarposition": {"result": [0.017957081086933613], "stats": [{"ci_99": [0.017626683227717876, 0.01920112920925021], "q_25": 0.01778895955067128, "q_75": 0.01818775583524257, "min": 0.017626683227717876, "max": 0.01920112920925021, "mean": 0.01810737089253962, "std": 0.00046079317296510175, "repeat": 10, "number": 1}]}, "location.Location_0_6_1.time_location_get_sun_rise_set_transit_pyephem": NaN, "location.Location_0_6_1.time_location_get_sun_rise_set_transit_spa": NaN, "solarposition.SolarPosition.time_ephemeris": {"result": [0.02449414087459445], "stats": [{"ci_99": [0.024050237145274878, 0.025401233229786158], "q_25": 0.024247402674518526, "q_75": 0.024682579096406698, "min": 0.024050237145274878, "max": 0.025401233229786158, "mean": 0.02455024472437799, "std": 0.00039559086850269676, "repeat": 10, "number": 1}]}, "solarposition.SolarPosition.time_ephemeris_localized": {"result": [0.024715381441637874], "stats": [{"ci_99": [0.023838641121983528, 0.02582930540665984], "q_25": 0.024159963824786246, "q_75": 0.02542349137365818, "min": 0.023838641121983528, "max": 0.02582930540665984, "mean": 0.024783247848972678, "std": 0.0006808172336389203, "repeat": 10, "number": 1}]}, "solarposition.SolarPosition.time_nrel_earthsun_distance": {"result": [0.02311380743049085], "stats": [{"ci_99": [0.023000576999038458, 0.023778859991580248], "q_25": 0.023064290173351765, "q_75": 0.02339671505615115, "min": 0.023000576999038458, "max": 0.023778859991580248, "mean": 0.023252141382545232, "std": 0.00027806976758426263, "repeat": 10, "number": 1}]}, "solarposition.SolarPosition.time_spa_python": {"result": [0.02834705193527043], "stats": [{"ci_99": [0.028224327135831118, 0.029779549222439528], "q_25": 0.028259120066650212, "q_75": 0.029033900005742908, "min": 0.028224327135831118, "max": 0.029779549222439528, "mean": 0.028681487217545508, "std": 0.0005623330162949935, "repeat": 10, "number": 1}]}, "solarposition.SolarPosition.time_sun_rise_set_transit_spa": {"result": [0.05031747207976878], "stats": [{"ci_99": [0.04919938091188669, 0.050773316994309425], "q_25": 0.0495187429478392, "q_75": 0.05051127332262695, "min": 0.04919938091188669, "max": 0.050773316994309425, "mean": 0.05007996996864676, "std": 0.0005555759131828055, "repeat": 10, "number": 1}]}, "temperature.Fuentes.time_fuentes": NaN, "tracking.SingleAxis.time_singleaxis": {"result": [0.006369360024109483], "stats": [{"ci_99": [0.005916141672059894, 0.006621247157454491], "q_25": 0.006274136598221958, "q_75": 0.006512540741823614, "min": 0.005916141672059894, "max": 0.006621247157454491, "mean": 0.006336797657422721, "std": 0.0002349895036440337, "repeat": 10, "number": 2}]}, "tracking.SingleAxis.time_tracker_singleaxis": {"result": [0.006476225447840989], "stats": [{"ci_99": [0.00566167663782835, 0.006750612519681454], "q_25": 0.006408696353901178, "q_75": 0.006668594432994723, "min": 0.00566167663782835, "max": 0.006750612519681454, "mean": 0.0064076378243044015, "std": 0.00034613424403529046, "repeat": 10, "number": 2}]}, "temperature.SAPM.time_sapm_cell": {"result": [0.002257657190784812], "stats": [{"ci_99": [0.002197382040321827, 0.002283018361777067], "q_25": 0.0022357366746291515, "q_75": 0.0022594716865569353, "min": 0.002197382040321827, "max": 0.002283018361777067, "mean": 0.002247992483898997, "std": 2.2414687485482133e-05, "repeat": 10, "number": 5}]}}, "params": {"arch": "x86_64", "cpu": "Intel Xeon Processor (Skylake, IBRS)", "machine": "pvlib-asv.forecasting.energy.arizona.edu", "num_cpu": "4", "os": "Linux 5.7.8-200.fc32.x86_64", "ram": "8145244", "python": "3.7", "ephem": "3.7.6.0", "numpy": "1.18.5", "pandas": "1.1.0", "pytables": "3.6.1", "scipy": "1.2.0"}, "requirements": {"ephem": "3.7.6.0", "numpy": "1.18.5", "pandas": "1.1.0", "pytables": "3.6.1", "scipy": "1.2.0"}, "commit_hash": "d6b22c37f697ab60bb569fc46288804a9d04f31e", "date": 1544546467000, "env_name": "conda-py3.7-ephem3.7.6.0-numpy1.18.5-pandas1.1.0-pytables3.6.1-scipy1.2.0", "python": "3.7", "profiles": {}, "started_at": {"irradiance.Irradiance.time_aoi": 1599424552244,