{"results": {"irradiance.Irradiance.time_aoi": {"result": [0.002377818012610078], "stats": [{"ci_99": [0.002332728635519743, 0.002415591012686491], "q_25": 0.0023595938924700025, "q_75": 0.0023957241093739865, "min": 0.002332728635519743, "max": 0.002415591012686491, "mean": 0.002374838879331947, "std": 2.625100998967581e-05, "repeat": 10, "number": 5}]}, "irradiance.Irradiance.time_aoi_projection": {"result": [0.002161189494654536], "stats": [{"ci_99": [0.0020901097916066645, 0.0021923623979091646], "q_25": 0.0021095959935337307, "q_75": 0.0021742869867011905, "min": 0.0020901097916066645, "max": 0.0021923623979091646, "mean": 0.002145893722772598, "std": 3.707914606707101e-05, "repeat": 10, "number": 5}]}, "irradiance.Irradiance.time_dirindex": {"result": [0.0665219605434686], "stats": [{"ci_99": [0.06498626200482249, 0.07617585500702262], "q_25": 0.06592697976157069, "q_75": 0.06734577903989702, "min": 0.06498626200482249, "max": 0.07617585500702262, "mean": 0.06747573055326939, "std": 0.00308882677092669, "repeat": 10, "number": 1}]}, "irradiance.Irradiance.time_dirint": {"result": [0.03251977195031941], "stats": [{"ci_99": [0.03193584689870477, 0.035581666976213455], "q_25": 0.032294936827383935, "q_75": 0.03283533570356667, "min": 0.03193584689870477, "max": 0.035581666976213455, "mean": 0.03289596983231604, "std": 0.0010809885801652203, "repeat": 10, "number": 1}]}, "irradiance.Irradiance.time_disc": {"result": [0.012675896054133773], "stats": [{"ci_99": [0.012541519943624735, 0.01302897883579135], "q_25": 0.012620948138646781, "q_75": 0.012704461812973022, "min": 0.012541519943624735, "max": 0.01302897883579135, "mean": 0.012715064734220505, "std": 0.00016382902013460088, "repeat": 10, "number": 1}]}, "irradiance.Irradiance.time_erbs": {"result": [0.007407853496260941], "stats": [{"ci_99": [0.007218342972919345, 0.007521170657128096], "q_25": 0.007318808289710432, "q_75": 0.007473022677004337, "min": 0.007218342972919345, "max": 0.007521170657128096, "mean": 0.007384682493284345, "std": 0.00010444206116416558, "repeat": 10, "number": 2}]}, "irradiance.Irradiance.time_get_extra_radiation": {"result": [0.0005367600708268583], "stats": [{"ci_99": [0.0005324921570718288, 0.0005408692406490446], "q_25": 0.0005350374616682529, "q_75": 0.0005381633527576923, "min": 0.0005324921570718288, "max": 0.0005408692406490446, "mean": 0.000536709614098072, "std": 2.347681571440591e-06, "repeat": 10, "number": 20}]}, "irradiance.Irradiance.time_get_ground_diffuse": {"result": [0.00035040754254066176], "stats": [{"ci_99": [0.00034456603950069794, 0.00036780219224672166], "q_25": 0.0003478082437669077, "q_75": 0.0003526514666455408, "min": 0.00034456603950069794, "max": 0.00036780219224672166, "mean": 0.0003514934496413315, "std": 6.219455161630732e-06, "repeat": 10, "number": 31}]}, "irradiance.Irradiance.time_get_total_irradiance": {"result": [0.004552530124783516], "stats": [{"ci_99": [0.004441847714285056, 0.004746072615186374], "q_25": 0.004483527465102573, "q_75": 0.004572784760966897, "min": 0.004441847714285056, "max": 0.004746072615186374, "mean": 0.004546881405015786, "std": 8.148476731767123e-05, "repeat": 10, "number": 3}]}, "location.Location.time_location_get_airmass": {"result": [0.0013788289797957987], "stats": [{"ci_99": [0.0013719815178774297, 0.0013875600998289883], "q_25": 0.001375411156914197, "q_75": 0.0013829230301780626, "min": 0.0013719815178774297, "max": 0.0013875600998289883, "mean": 0.001379436784191057, "std": 5.192468453292799e-06, "repeat": 10, "number": 8}]}, "location.Location.time_location_get_clearsky": {"result": [0.00944033998530358], "stats": [{"ci_99": [0.009344311663880944, 0.009519070386886597], "q_25": 0.009421561087947339, "q_75": 0.009494142956100404, "min": 0.009344311663880944, "max": 0.009519070386886597, "mean": 0.009446437214501202, "std": 5.296226292844112e-05, "repeat": 10, "number": 2}]}, "location.Location.time_location_get_solarposition": {"result": [0.015806223964318633], "stats": [{"ci_99": [0.015554094221442938, 0.015861316584050655], "q_25": 0.015738201909698546, "q_75": 0.015819579944945872, "min": 0.015554094221442938, "max": 0.015861316584050655, "mean": 0.01577043067663908, "std": 8.36861026891493e-05, "repeat": 10, "number": 1}]}, "location.Location_0_6_1.time_location_get_sun_rise_set_transit_pyephem": {"result": [0.18147944658994675], "stats": [{"ci_99": [0.18102736165747046, 0.18286119028925896], "q_25": 0.18140024924650788, "q_75": 0.18195602798368782, "min": 0.18102736165747046, "max": 0.18286119028925896, "mean": 0.1816792764235288, "std": 0.0005106376225823428, "repeat": 10, "number": 1}]}, "location.Location_0_6_1.time_location_get_sun_rise_set_transit_spa": {"result": [0.03333155042491853], "stats": [{"ci_99": [0.0329967369325459, 0.03347484301775694], "q_25": 0.03327608993276954, "q_75": 0.03344685351476073, "min": 0.0329967369325459, "max": 0.03347484301775694, "mean": 0.033317371550947425, "std": 0.00014669509281617837, "repeat": 10, "number": 1}]}, "solarposition.SolarPosition.time_ephemeris": {"result": [0.018318877555429935], "stats": [{"ci_99": [0.018028661143034697, 0.01873419201001525], "q_25": 0.018179267877712846, "q_75": 0.01839787105564028, "min": 0.018028661143034697, "max": 0.01873419201001525, "mean": 0.018320768745616077, "std": 0.00018992757501363702, "repeat": 10, "number": 1}]}, "solarposition.SolarPosition.time_ephemeris_localized": {"result": [0.01841309596784413], "stats": [{"ci_99": [0.018077671993523836, 0.01875621499493718], "q_25": 0.0183619741583243, "q_75": 0.018514075549319386, "min": 0.018077671993523836, "max": 0.01875621499493718, "mean": 0.018419620720669626, "std": 0.00017985553855113173, "repeat": 10, "number": 1}]}, "solarposition.SolarPosition.time_nrel_earthsun_distance": {"result": [0.02270632446743548], "stats": [{"ci_99": [0.022312127985060215, 0.023384648840874434], "q_25": 0.022650680970400572, "q_75": 0.022774916025809944, "min": 0.022312127985060215, "max": 0.023384648840874434, "mean": 0.02274567885324359, "std": 0.0002625671711692582, "repeat": 10, "number": 1}]}, "solarposition.SolarPosition.time_spa_python": {"result": [0.02589562628418207], "stats": [{"ci_99": [0.02569148875772953, 0.027846372220665216], "q_25": 0.02581244194880128, "q_75": 0.026539790560491383, "min": 0.02569148875772953, "max": 0.027846372220665216, "mean": 0.026336545031517743, "std": 0.0007744826619345633, "repeat": 10, "number": 1}]}, "solarposition.SolarPosition.time_sun_rise_set_transit_spa": {"result": [0.03811590396799147], "stats": [{"ci_99": [0.03794907405972481, 0.038978894241154194], "q_25": 0.037998669664375484, "q_75": 0.03877938038203865, "min": 0.03794907405972481, "max": 0.038978894241154194, "mean": 0.03836176274344325, "std": 0.0004169465230461517, "repeat": 10, "number": 1}]}, "temperature.Fuentes.time_fuentes": NaN, "temperature.SAPM.time_sapm_cell": {"result": [0.0010019003159620547], "stats": [{"ci_99": [0.0009774539873681285, 0.0011258936402472582], "q_25": 0.000988487757488408, "q_75": 0.0010199229000136256, "min": 0.0009774539873681285, "max": 0.0011258936402472582, "mean": 0.001012714969163591, "std": 4.0812580583101995e-05, "repeat": 10, "number": 11}]}, "tracking.SingleAxis.time_singleaxis": {"result": [0.02177332155406475], "stats": [{"ci_99": [0.019634492695331573, 0.023282166104763746], "q_25": 0.02101904875598848, "q_75": 0.021965204854495823, "min": 0.019634492695331573, "max": 0.023282166104763746, "mean": 0.02160719269886613, "std": 0.000999758180606086, "repeat": 10, "number": 1}]}, "tracking.SingleAxis.time_tracker_singleaxis": {"result": [0.02196884946897626], "stats": [{"ci_99": [0.018304737750440836, 0.024265287909656763], "q_25": 0.020360751077532768, "q_75": 0.02250478428322822, "min": 0.018304737750440836, "max": 0.024265287909656763, "mean": 0.021569513669237494, "std": 0.0016742891716464154, "repeat": 10, "number": 1}]}}, "params": {"arch": "x86_64", "cpu": "Intel Xeon Processor (Skylake, IBRS)",