{"results": {"irradiance.Irradiance.time_aoi": {"result": [0.0023909125942736865], "stats": [{"ci_99": [0.002356291189789772, 0.002538473065942526], "q_25": 0.002370929438620806, "q_75": 0.002417181618511677, "min": 0.002356291189789772, "max": 0.002538473065942526, "mean": 0.002413515485823155, "std": 6.230561857000068e-05, "repeat": 10, "number": 5}]}, "irradiance.Irradiance.time_aoi_projection": {"result": [0.0021376544144004585], "stats": [{"ci_99": [0.0021224526688456537, 0.002239145804196596], "q_25": 0.0021319086197763683, "q_75": 0.002140930644236505, "min": 0.0021224526688456537, "max": 0.002239145804196596, "mean": 0.00214560916647315, "std": 3.174158267274483e-05, "repeat": 10, "number": 5}]}, "irradiance.Irradiance.time_dirindex": {"result": [0.06518373568542302], "stats": [{"ci_99": [0.06441555498167872, 0.06598768988624215], "q_25": 0.06478689739014953, "q_75": 0.06558218062855303, "min": 0.06441555498167872, "max": 0.06598768988624215, "mean": 0.0651797775644809, "std": 0.00048355911994606246, "repeat": 10, "number": 1}]}, "irradiance.Irradiance.time_dirint": {"result": [0.032604703679680824], "stats": [{"ci_99": [0.032385050784796476, 0.032859751023352146], "q_25": 0.032509374897927046, "q_75": 0.032657284988090396, "min": 0.032385050784796476, "max": 0.032859751023352146, "mean": 0.03259528060443699, "std": 0.00013747990873205806, "repeat": 10, "number": 1}]}, "irradiance.Irradiance.time_disc": {"result": [0.012576898792758584], "stats": [{"ci_99": [0.012381323613226414, 0.013366030063480139], "q_25": 0.012544954428449273, "q_75": 0.012659792671911418, "min": 0.012381323613226414, "max": 0.013366030063480139, "mean": 0.012654128018766642, "std": 0.0002564092533625793, "repeat": 10, "number": 1}]}, "irradiance.Irradiance.time_erbs": {"result": [0.007538497215136886], "stats": [{"ci_99": [0.007294000359252095, 0.007738051936030388], "q_25": 0.0073464639717713, "q_75": 0.007687498757150024, "min": 0.007294000359252095, "max": 0.007738051936030388, "mean": 0.007525115134194493, "std": 0.00017645355148544772, "repeat": 10, "number": 2}]}, "irradiance.Irradiance.time_get_extra_radiation": {"result": [0.0005379799753427505], "stats": [{"ci_99": [0.0005342900985851884, 0.0005438759922981262], "q_25": 0.0005373660242184997, "q_75": 0.0005393113242462277, "min": 0.0005342900985851884, "max": 0.0005438759922981262, "mean": 0.0005383581458590926, "std": 2.3717119163842265e-06, "repeat": 10, "number": 20}]}, "irradiance.Irradiance.time_get_ground_diffuse": {"result": [0.0003543669901167353], "stats": [{"ci_99": [0.00035040955990552904, 0.0003674072213470936], "q_25": 0.00035255230808009703, "q_75": 0.0003570736463492115, "min": 0.00035040955990552904, "max": 0.0003674072213470936, "mean": 0.0003555447716886798, "std": 4.703281504201469e-06, "repeat": 10, "number": 30}]}, "irradiance.Irradiance.time_get_total_irradiance": {"result": [0.004511685964340964], "stats": [{"ci_99": [0.004461700251946847, 0.00463460727284352], "q_25": 0.004489384902020295, "q_75": 0.004535684362053871, "min": 0.004461700251946847, "max": 0.00463460727284352, "mean": 0.004520926562448343, "std": 4.713797941999849e-05, "repeat": 10, "number": 3}]}, "location.Location.time_location_get_airmass": {"result": [0.0013799746229778975], "stats": [{"ci_99": [0.00136540737003088, 0.0014023499679751694], "q_25": 0.0013719317357754335, "q_75": 0.001390108503983356, "min": 0.00136540737003088, "max": 0.0014023499679751694, "mean": 0.001381759811192751, "std": 1.188581305263282e-05, "repeat": 10, "number": 8}]}, "location.Location.time_location_get_clearsky": {"result": [0.009153036749921739], "stats": [{"ci_99": [0.009083792101591825, 0.009303373983129859], "q_25": 0.009133041836321354, "q_75": 0.009247440553735942, "min": 0.009083792101591825, "max": 0.009303373983129859, "mean": 0.009181951126083731, "std": 7.136936236356419e-05, "repeat": 10, "number": 2}]}, "location.Location.time_location_get_solarposition": {"result": [0.015241869492456317], "stats": [{"ci_99": [0.015164786018431187, 0.015394661109894514], "q_25": 0.015225769486278296, "q_75": 0.015288569265976548, "min": 0.015164786018431187, "max": 0.015394661109894514, "mean": 0.015261222142726183, "std": 6.984590135084725e-05, "repeat": 10, "number": 1}]}, "location.Location_0_6_1.time_location_get_sun_rise_set_transit_pyephem": {"result": [0.18364957137964666], "stats": [{"ci_99": [0.18335042335093021, 0.18439000472426414], "q_25": 0.1835138410096988, "q_75": 0.18383212899789214, "min": 0.18335042335093021, "max": 0.18439000472426414, "mean": 0.18370319604873658, "std": 0.00028572408409492997, "repeat": 10, "number": 1}]}, "location.Location_0_6_1.time_location_get_sun_rise_set_transit_spa": {"result": [0.034120530821383], "stats": [{"ci_99": [0.03392432723194361, 0.03460836783051491], "q_25": 0.03399948438163847, "q_75": 0.034270168747752905, "min": 0.03392432723194361, "max": 0.03460836783051491, "mean": 0.03415140137076378, "std": 0.00020267066374000828, "repeat": 10, "number": 1}]}, "solarposition.SolarPosition.time_ephemeris": {"result": [0.01819099858403206], "stats": [{"ci_99": [0.017936394084244967, 0.01836452167481184], "q_25": 0.01815535477362573, "q_75": 0.018290918902494013, "min": 0.017936394084244967, "max": 0.01836452167481184, "mean": 0.018189334496855735, "std": 0.00013458512662900318, "repeat": 10, "number": 1}]}, "solarposition.SolarPosition.time_ephemeris_localized": {"result": [0.018175985431298614], "stats": [{"ci_99": [0.017927272710949183, 0.018345593940466642], "q_25": 0.018061789101921022, "q_75": 0.01823877019342035, "min": 0.017927272710949183, "max": 0.018345593940466642, "mean": 0.018153669964522123, "std": 0.00012545741824819364, "repeat": 10, "number": 1}]}, "solarposition.SolarPosition.time_nrel_earthsun_distance": {"result": [0.022659562528133392], "stats": [{"ci_99": [0.022247673012316227, 0.023188495077192783], "q_25": 0.02254096046090126, "q_75": 0.022731511271558702, "min": 0.022247673012316227, "max": 0.023188495077192783, "mean": 0.022676615323871375, "std": 0.00023910055226633253, "repeat": 10, "number": 1}]}, "solarposition.SolarPosition.time_spa_python": {"result": [0.02590885409153998], "stats": [{"ci_99": [0.025784987024962902, 0.026094808243215084], "q_25": 0.025849926634691656, "q_75": 0.02601302368566394, "min": 0.025784987024962902, "max": 0.026094808243215084, "mean": 0.02592698037624359, "std": 9.7035849178908e-05, "repeat": 10, "number": 1}]}, "solarposition.SolarPosition.time_sun_rise_set_transit_spa": {"result": [0.03886164189316332], "stats": [{"ci_99": [0.03841831116005778, 0.03930885810405016], "q_25": 0.038686485146172345, "q_75": 0.039048458565957844, "min": 0.03841831116005778, "max": 0.03930885810405016, "mean": 0.03886799514293671, "std": 0.00027079928771171926, "repeat": 10, "number": 1}]}, "temperature.Fuentes.time_fuentes": NaN, "temperature.SAPM.time_sapm_cell": {"result": [0.001654749470097678], "stats": [{"ci_99": [0.0015894670172461442, 0.0017107351949172361], "q_25": 0.0016155861584203584, "q_75": 0.0016725457472992794, "min": 0.0015894670172461442, "max": 0.0017107351949172361, "mean": 0.0016482582515371697, "std": 3.8356945769475956e-05, "repeat": 10, "number": 7}]}, "tracking.SingleAxis.time_singleaxis": {"result": [0.021129655418917537], "stats": [{"ci_99": [0.018189885187894106, 0.02261684276163578], "q_25": 0.02018068393226713, "q_75": 0.02143025933764875, "min": 0.018189885187894106, "max": 0.02261684276163578, "mean": 0.020847358740866184, "std": 0.0012028018263204382, "repeat": 10, "number": 1}]}, "tracking.SingleAxis.time_tracker_singleaxis": {"result": [0.021060898201540112], "stats": [{"ci_99": [0.019675645977258682, 0.022922425996512175], "q_25": 0.020793070551007986, "q_75": 0.02161281439475715, "min": 0.019675645977258682, "max": 0.022922425996512175, "mean": 0.02118852441199124, "std": 0.0010056695883712595, "repeat": 10, "number": 1}]}}, "params": {"arch": "x86_64", "cpu": "Intel Xeon Processor (Skylake, IBRS)",