{"results": {"irradiance.Irradiance.time_aoi": {"result": [0.0022765931207686663], "stats": [{"ci_99": [0.002244692388921976, 0.0023162967525422575], "q_25": 0.0022524839732795954, "q_75": 0.002300743875093758, "min": 0.002244692388921976, "max": 0.0023162967525422575, "mean": 0.00227865313179791, "std": 2.7128566988422773e-05, "repeat": 10, "number": 5}]}, "irradiance.Irradiance.time_aoi_projection": {"result": [0.002005675070298215], "stats": [{"ci_99": [0.0019220422642926376, 0.0020737723292162022], "q_25": 0.0019569346526016793, "q_75": 0.002027610627313455, "min": 0.0019220422642926376, "max": 0.0020737723292162022, "mean": 0.0019977451845382653, "std": 5.0575713205227e-05, "repeat": 10, "number": 6}]}, "irradiance.Irradiance.time_dirindex": {"result": [0.14128071954473853], "stats": [{"ci_99": [0.13938753306865692, 0.14629662781953812], "q_25": 0.14002515689935535, "q_75": 0.14326736715156585, "min": 0.13938753306865692, "max": 0.14629662781953812, "mean": 0.14180349563248457, "std": 0.0021309075296989085, "repeat": 10, "number": 1}]}, "irradiance.Irradiance.time_dirint": {"result": [0.07036953116767108], "stats": [{"ci_99": [0.069197169970721, 0.07245452608913183], "q_25": 0.06979087379295379, "q_75": 0.07109038520138711, "min": 0.069197169970721, "max": 0.07245452608913183, "mean": 0.07048638965934514, "std": 0.0009291491958311066, "repeat": 10, "number": 1}]}, "irradiance.Irradiance.time_disc": {"result": [0.019304687390103936], "stats": [{"ci_99": [0.018705368973314762, 0.01969980075955391], "q_25": 0.018902385258115828, "q_75": 0.01954386953730136, "min": 0.018705368973314762, "max": 0.01969980075955391, "mean": 0.019217358576133846, "std": 0.00035803066842435077, "repeat": 10, "number": 1}]}, "irradiance.Irradiance.time_erbs": {"result": [0.012788840802386403], "stats": [{"ci_99": [0.012090461794286966, 0.013475238811224699], "q_25": 0.012680615182034671, "q_75": 0.012929055141285062, "min": 0.012090461794286966, "max": 0.013475238811224699, "mean": 0.012801433447748423, "std": 0.0003330687379263083, "repeat": 10, "number": 1}]}, "irradiance.Irradiance.time_get_extra_radiation": null, "irradiance.Irradiance.time_get_ground_diffuse": null, "irradiance.Irradiance.time_get_total_irradiance": null, "location.Location.time_location_get_airmass": {"result": [0.005276182200759649], "stats": [{"ci_99": [0.005249791080132127, 0.005312743131071329], "q_25": 0.005263625935185701, "q_75": 0.00528852513525635, "min": 0.005249791080132127, "max": 0.005312743131071329, "mean": 0.0052770769223570825, "std": 1.7383504787997215e-05, "repeat": 10, "number": 2}]}, "location.Location.time_location_get_clearsky": {"result": [0.4829094698652625], "stats": [{"ci_99": [0.47679685102775693, 0.5007554008625448], "q_25": 0.47793844051193446, "q_75": 0.4847713259514421, "min": 0.47679685102775693, "max": 0.5007554008625448, "mean": 0.4844095360022038, "std": 0.008009435060904575, "repeat": 10, "number": 1}]}, "location.Location.time_location_get_solarposition": {"result": [0.021247932454571128], "stats": [{"ci_99": [0.019060722086578608, 0.023675015661865473], "q_25": 0.019080908969044685, "q_75": 0.023477511946111917, "min": 0.019060722086578608, "max": 0.023675015661865473, "mean": 0.021291618095710875, "std": 0.002183246834925677, "repeat": 10, "number": 1}]}, "location.Location_0_6_1.time_location_get_sun_rise_set_transit_pyephem": NaN, "location.Location_0_6_1.time_location_get_sun_rise_set_transit_spa": NaN, "solarposition.SolarPosition.time_ephemeris": {"result": [0.024864090839400887], "stats": [{"ci_99": [0.024543406907469034, 0.025321248918771744], "q_25": 0.024740113876760006, "q_75": 0.02517641452141106, "min": 0.024543406907469034, "max": 0.025321248918771744, "mean": 0.024920541699975728, "std": 0.0002663499369755638, "repeat": 10, "number": 1}]}, "solarposition.SolarPosition.time_ephemeris_localized": {"result": [0.2662529884837568], "stats": [{"ci_99": [0.2650637240149081, 0.2690686183050275], "q_25": 0.2656888591591269, "q_75": 0.2672507568495348, "min": 0.2650637240149081, "max": 0.2690686183050275, "mean": 0.2665253646671772, "std": 0.001222465077472217, "repeat": 10, "number": 1}]}, "solarposition.SolarPosition.time_nrel_earthsun_distance": {"result": [0.02400693530216813], "stats": [{"ci_99": [0.02355948183685541, 0.024121897760778666], "q_25": 0.023966227541677654, "q_75": 0.024031835375353694, "min": 0.02355948183685541, "max": 0.024121897760778666, "mean": 0.023970405058935284, "std": 0.00014588811123268024, "repeat": 10, "number": 1}]}, "solarposition.SolarPosition.time_spa_python": {"result": [0.030705032870173454], "stats": [{"ci_99": [0.030025496147572994, 0.03078028978779912], "q_25": 0.03061332111246884, "q_75": 0.03076145309023559, "min": 0.030025496147572994, "max": 0.03078028978779912, "mean": 0.03058839784935117, "std": 0.0002669129407523405, "repeat": 10, "number": 1}]}, "solarposition.SolarPosition.time_sun_rise_set_transit_spa": {"result": [0.05188825307413936], "stats": [{"ci_99": [0.050960732623934746, 0.052159078884869814], "q_25": 0.05183612310793251, "q_75": 0.05198496929369867, "min": 0.050960732623934746, "max": 0.052159078884869814, "mean": 0.0518077558837831, "std": 0.0003256800704648401, "repeat": 10, "number": 1}]}, "temperature.Fuentes.time_fuentes": NaN, "temperature.SAPM.time_sapm_cell": {"result": [0.002210083743557334], "stats": [{"ci_99": [0.002179078198969364, 0.0022506264038383962], "q_25": 0.002199036697857082, "q_75": 0.002223527082242072, "min": 0.002179078198969364, "max": 0.0022506264038383962, "mean": 0.0022110468521714206, "std": 2.014149609324787e-05, "repeat": 10, "number": 5}]}, "tracking.SingleAxis.time_singleaxis": {"result": [0.030741478549316525], "stats": [{"ci_99": [0.02930921595543623, 0.03234951291233301], "q_25": 0.03021477034781128, "q_75": 0.031209876644425094, "min": 0.02930921595543623, "max": 0.03234951291233301, "mean": 0.03073237990029156, "std": 0.0008136766425400441, "repeat": 10, "number": 1}]}, "tracking.SingleAxis.time_tracker_singleaxis": {"result": [0.031041879672557116], "stats": [{"ci_99": [0.030073904898017645, 0.03755256300792098], "q_25": 0.030753917526453733, "q_75": 0.03194712183903903, "min": 0.030073904898017645, "max": 0.03755256300792098, "mean": 0.03181617548689246, "std": 0.0020324651646326268, "repeat": 10, "number": 1}]}}, "params": {"arch": "x86_64", "cpu": "Intel Xeon Processor (Skylake, IBRS)", "machine": "pvlib-asv.forecasting.energy.arizona.edu", "num_cpu": "4", "os": "Linux 5.7.8-200.fc32.x86_64", "ram": "8145244", "python": "3.8", "numpy": "", "pandas": "", "scipy": "", "pytables": "", "ephem": ""}, "requirements": {"numpy": "", "pandas": "", "scipy": "", "pytables": "", "ephem": ""}, "commit_hash": "d9244469175ed906a04257db50ccc5050fa1ea65", "date": 1506699583000, "env_name": "conda-py3.8-ephem-numpy-pandas-pytables-scipy", "python": "3.8", "profiles": {}, "started_at": {"irradiance.Irradiance.time_aoi": 1599839916531, "irradiance.Irradiance.time_aoi_projection": 1599839921591, "irradiance.Irradiance.time_dirindex": 1599839926651, "irradiance.Irradiance.time_dirint": 1599839932413, "irradiance.Irradiance.time_disc": 1599839937774, "irradiance.Irradiance.time_erbs": 1599839942884, "irradiance.Irradiance.time_get_extra_radiation": 1599839904518, "irradiance.Irradiance.time_get_ground_diffuse": 1599839905372, "irradiance.Irradiance.time_get_total_irradiance": 1599839906276, "location.Location.time_location_get_airmass": 1599839947895, "location.Location.time_location_get_clearsky": 1599839948248, "location.Location.time_location_get_solarposition": 1599839951406, "location.Location_0_6_1.time_location_get_sun_rise_set_transit_pyephem": 1599839951809, "location.Location_0_6_1.time_location_get_sun_rise_set_transit_spa": 1599839951862, "solarposition.SolarPosition.time_ephemeris": 1599839951914, "solarposition.SolarPosition.time_ephemeris_localized": 1599839952167, "solarposition.SolarPosition.time_nrel_earthsun_distance": 1599839953823,