{"results": {"irradiance.Irradiance.time_aoi": {"result": [0.0022198019083589315], "stats": [{"ci_99": [0.0021646007895469665, 0.0022634653374552726], "q_25": 0.002174363634549081, "q_75": 0.0022445335984230042, "min": 0.0021646007895469665, "max": 0.0022634653374552726, "mean": 0.0022128334548324347, "std": 3.661868073177069e-05, "repeat": 10, "number": 5}]}, "irradiance.Irradiance.time_aoi_projection": {"result": [0.0022586176171898844], "stats": [{"ci_99": [0.002184407971799374, 0.002307392377406359], "q_25": 0.0022102902876213193, "q_75": 0.0022808024659752846, "min": 0.002184407971799374, "max": 0.002307392377406359, "mean": 0.0022473342996090647, "std": 4.1020676137979844e-05, "repeat": 10, "number": 5}]}, "irradiance.Irradiance.time_dirindex": {"result": [0.14755703508853912], "stats": [{"ci_99": [0.14427461009472609, 0.14842864079400897], "q_25": 0.14624148525763303, "q_75": 0.1479162701871246, "min": 0.14427461009472609, "max": 0.14842864079400897, "mean": 0.14690989400260152, "std": 0.0013979321847075435, "repeat": 10, "number": 1}]}, "irradiance.Irradiance.time_dirint": {"result": [0.07255406770855188], "stats": [{"ci_99": [0.07063087308779359, 0.07485654996708035], "q_25": 0.07089040742721409, "q_75": 0.07388344430364668, "min": 0.07063087308779359, "max": 0.07485654996708035, "mean": 0.07256201263517141, "std": 0.0017095731501915708, "repeat": 10, "number": 1}]}, "irradiance.Irradiance.time_disc": {"result": [0.019467710284516215], "stats": [{"ci_99": [0.019172910135239363, 0.019818528089672327], "q_25": 0.019355532713234425, "q_75": 0.01959081378299743, "min": 0.019172910135239363, "max": 0.019818528089672327, "mean": 0.01946935071609914, "std": 0.00019941699026240132, "repeat": 10, "number": 1}]}, "irradiance.Irradiance.time_erbs": {"result": [0.012347082374617457], "stats": [{"ci_99": [0.011830977164208889, 0.012932316865772009], "q_25": 0.011912946356460452, "q_75": 0.01286747318226844, "min": 0.011830977164208889, "max": 0.012932316865772009, "mean": 0.012380996299907566, "std": 0.0004818561233850828, "repeat": 10, "number": 1}]}, "irradiance.Irradiance.time_get_extra_radiation": null, "irradiance.Irradiance.time_get_ground_diffuse": null, "irradiance.Irradiance.time_get_total_irradiance": null, "location.Location.time_location_get_airmass": {"result": [0.0052350107580423355], "stats": [{"ci_99": [0.004835675470530987, 0.00526154600083828], "q_25": 0.005218706210143864, "q_75": 0.0052535817376337945, "min": 0.004835675470530987, "max": 0.00526154600083828, "mean": 0.005163129768334329, "std": 0.00015728309184137812, "repeat": 10, "number": 2}]}, "location.Location.time_location_get_clearsky": {"result": [0.44726957892999053], "stats": [{"ci_99": [0.44422597996890545, 0.4559360151179135], "q_25": 0.4460064946906641, "q_75": 0.44757286610547453, "min": 0.44422597996890545, "max": 0.4559360151179135, "mean": 0.44810827751643956, "std": 0.0036154842038343977, "repeat": 10, "number": 1}]}, "location.Location.time_location_get_solarposition": {"result": [0.018291302025318146], "stats": [{"ci_99": [0.01821890566498041, 0.018581715878099203], "q_25": 0.018265878199599683, "q_75": 0.018331576022319496, "min": 0.01821890566498041, "max": 0.018581715878099203, "mean": 0.018319406453520058, "std": 9.737427448315156e-05, "repeat": 10, "number": 1}]}, "location.Location_0_6_1.time_location_get_sun_rise_set_transit_pyephem": NaN, "location.Location_0_6_1.time_location_get_sun_rise_set_transit_spa": NaN, "solarposition.SolarPosition.time_ephemeris": {"result": [0.024747819174081087], "stats": [{"ci_99": [0.023784897290170193, 0.025556667242199183], "q_25": 0.02425866376142949, "q_75": 0.025312357465736568, "min": 0.023784897290170193, "max": 0.025556667242199183, "mean": 0.024755401024594902, "std": 0.0005733762461572944, "repeat": 10, "number": 1}]}, "solarposition.SolarPosition.time_ephemeris_localized": {"result": [0.24941688869148493], "stats": [{"ci_99": [0.2425093944184482, 0.25225249119102955], "q_25": 0.24852156394626945, "q_75": 0.2509042216697708, "min": 0.2425093944184482, "max": 0.25225249119102955, "mean": 0.2491442000027746, "std": 0.0025572870223319155, "repeat": 10, "number": 1}]}, "solarposition.SolarPosition.time_nrel_earthsun_distance": {"result": [0.02479978813789785], "stats": [{"ci_99": [0.02475441014394164, 0.024930970277637243], "q_25": 0.024781341897323728, "q_75": 0.02485698217060417, "min": 0.02475441014394164, "max": 0.024930970277637243, "mean": 0.024819877929985523, "std": 5.2293654376461e-05, "repeat": 10, "number": 1}]}, "solarposition.SolarPosition.time_spa_python": {"result": [0.029134971788153052], "stats": [{"ci_99": [0.028989922255277634, 0.029416486155241728], "q_25": 0.029080509673804045, "q_75": 0.029204445309005678, "min": 0.028989922255277634, "max": 0.029416486155241728, "mean": 0.029152934392914175, "std": 0.0001172523625970597, "repeat": 10, "number": 1}]}, "solarposition.SolarPosition.time_sun_rise_set_transit_spa": {"result": [0.05327453440986574], "stats": [{"ci_99": [0.052360665053129196, 0.053861208725720644], "q_25": 0.05286270705983043, "q_75": 0.053353865747340024, "min": 0.052360665053129196, "max": 0.053861208725720644, "mean": 0.05318458266556263, "std": 0.0004485840899608644, "repeat": 10, "number": 1}]}, "temperature.Fuentes.time_fuentes": NaN, "temperature.SAPM.time_sapm_cell": {"result": [0.002285180613398552], "stats": [{"ci_99": [0.0022561476565897466, 0.0023357200436294077], "q_25": 0.002278294553980231, "q_75": 0.002300367457792163, "min": 0.0022561476565897466, "max": 0.0023357200436294077, "mean": 0.0022895049955695863, "std": 2.1792071867332375e-05, "repeat": 10, "number": 5}]}, "tracking.SingleAxis.time_singleaxis": {"result": [0.04632383235730231], "stats": [{"ci_99": [0.04519732017070055, 0.04806681675836444], "q_25": 0.04578376899007708, "q_75": 0.04732683545444161, "min": 0.04519732017070055, "max": 0.04806681675836444, "mean": 0.046575409220531584, "std": 0.0009808087645933657, "repeat": 10, "number": 1}]}, "tracking.SingleAxis.time_tracker_singleaxis": {"result": [0.04690258298069239], "stats": [{"ci_99": [0.04408253729343414, 0.04853009199723601], "q_25": 0.045529498951509595, "q_75": 0.04752483742777258, "min": 0.04408253729343414, "max": 0.04853009199723601, "mean": 0.04661113955080509, "std": 0.0013564538985767934, "repeat": 10, "number": 1}]}}, "params": {"arch": "x86_64", "cpu": "Intel Xeon Processor (Skylake, IBRS)", "machine": "pvlib-asv.forecasting.energy.arizona.edu", "num_cpu": "4", "os": "Linux 5.7.8-200.fc32.x86_64", "ram": "8145244", "python": "3.7", "ephem": "3.7.6.0", "numpy": "1.18.5", "pandas": "1.1.0", "pytables": "3.6.1", "scipy": "1.2.0"}, "requirements": {"ephem": "3.7.6.0", "numpy": "1.18.5", "pandas": "1.1.0", "pytables": "3.6.1", "scipy": "1.2.0"}, "commit_hash": "d9244469175ed906a04257db50ccc5050fa1ea65", "date": 1506699583000, "env_name": "conda-py3.7-ephem3.7.6.0-numpy1.18.5-pandas1.1.0-pytables3.6.1-scipy1.2.0", "python": "3.7", "profiles": {}, "started_at": {"irradiance.Irradiance.time_aoi": 1599430507595, "irradiance.Irradiance.time_aoi_projection": 1599430512355, "irradiance.Irradiance.time_dirindex": 1599430517165, "irradiance.Irradiance.time_dirint": 1599430522626, "irradiance.Irradiance.time_disc": 1599430527737, "irradiance.Irradiance.time_erbs": 1599430532597, "irradiance.Irradiance.time_get_extra_radiation": 1599430495934, "irradiance.Irradiance.time_get_ground_diffuse": 1599430496788, "irradiance.Irradiance.time_get_total_irradiance": 1599430497642, "location.Location.time_location_get_airmass": 1599430537358, "location.Location.time_location_get_clearsky": 1599430537711, "location.Location.time_location_get_solarposition": 1599430540668, "location.Location_0_6_1.time_location_get_sun_rise_set_transit_pyephem": 1599430541022, "location.Location_0_6_1.time_location_get_sun_rise_set_transit_spa": 1599430541074, "solarposition.SolarPosition.time_ephemeris": 1599430541127,