{"results": {"irradiance.TimeSuite.time_aoi": {"result": [0.0022021772805601355], "stats": [{"ci_99": [0.002163510397076607, 0.002345171198248863], "q_25": 0.0021790375700220465, "q_75": 0.0022539370926097035, "min": 0.002163510397076607, "max": 0.002345171198248863, "mean": 0.002221439704298973, "std": 5.497448758676856e-05, "repeat": 10, "number": 5}]}, "irradiance.TimeSuite.time_aoi_projection": {"result": [0.002197388280183077], "stats": [{"ci_99": [0.002152024395763874, 0.002246712800115347], "q_25": 0.0021697024581953887, "q_75": 0.0022038620663806796, "min": 0.002152024395763874, "max": 0.002246712800115347, "mean": 0.0021923287399113183, "std": 2.6216300404045895e-05, "repeat": 10, "number": 5}]}, "irradiance.TimeSuite.time_dirindex": {"result": [0.14734124252572656], "stats": [{"ci_99": [0.1448618359863758, 0.15120144793763757], "q_25": 0.14556544844526798, "q_75": 0.1495152913266793, "min": 0.1448618359863758, "max": 0.15120144793763757, "mean": 0.14768296303227543, "std": 0.0023359803655905466, "repeat": 10, "number": 1}]}, "irradiance.TimeSuite.time_dirint": {"result": [0.0738610620610416], "stats": [{"ci_99": [0.07195017486810684, 0.07646600715816021], "q_25": 0.0729330483591184, "q_75": 0.07450450386386365, "min": 0.07195017486810684, "max": 0.07646600715816021, "mean": 0.07388758361339569, "std": 0.0012731109524627914, "repeat": 10, "number": 1}]}, "irradiance.TimeSuite.time_disc": {"result": [0.019731297390535474], "stats": [{"ci_99": [0.01845337077975273, 0.020340729039162397], "q_25": 0.01953142648562789, "q_75": 0.019999880576506257, "min": 0.01845337077975273, "max": 0.020340729039162397, "mean": 0.019678215961903334, "std": 0.0004871819309962542, "repeat": 10, "number": 1}]}, "irradiance.TimeSuite.time_erbs": {"result": [0.012566465185955167], "stats": [{"ci_99": [0.011708767618983984, 0.013018763158470392], "q_25": 0.01206409849692136, "q_75": 0.012686526635661721, "min": 0.011708767618983984, "max": 0.013018763158470392, "mean": 0.012439276603981853, "std": 0.00043998932006096407, "repeat": 10, "number": 1}]}, "irradiance.TimeSuite.time_get_extra_radiation": {"result": [0.002686003514099866], "stats": [{"ci_99": [0.002656351774930954, 0.002696265815757215], "q_25": 0.0026718882145360112, "q_75": 0.0026902846584562212, "min": 0.002656351774930954, "max": 0.002696265815757215, "mean": 0.002681369916535914, "std": 1.227756599554464e-05, "repeat": 10, "number": 4}]}, "irradiance.TimeSuite.time_get_ground_diffuse": {"result": [0.0005249035005506716], "stats": [{"ci_99": [0.0005085408491523642, 0.0005307747296204692], "q_25": 0.0005184501642361283, "q_75": 0.0005273077159041636, "min": 0.0005085408491523642, "max": 0.0005307747296204692, "mean": 0.000522051031064046, "std": 7.371352718320145e-06, "repeat": 10, "number": 19}]}, "irradiance.TimeSuite.time_get_total_irradiance": {"result": [0.005000324104912579], "stats": [{"ci_99": [0.004956626798957586, 0.005465974099934101], "q_25": 0.004987932101357728, "q_75": 0.0050571123720146716, "min": 0.004956626798957586, "max": 0.005465974099934101, "mean": 0.00509032413829118, "std": 0.00018594335342576827, "repeat": 10, "number": 2}]}, "location.TimeSuite.time_location_get_airmass": {"result": [0.0014863598626106977], "stats": [{"ci_99": [0.001364859685833965, 0.0015070637288902486], "q_25": 0.0014823352019967778, "q_75": 0.001488973120493548, "min": 0.001364859685833965, "max": 0.0015070637288902486, "mean": 0.0014655758892851214, "std": 4.810627764505028e-05, "repeat": 10, "number": 7}]}, "location.TimeSuite.time_location_get_clearsky": {"result": [0.013118208851665258], "stats": [{"ci_99": [0.012127285823225975, 0.013224882073700428], "q_25": 0.012550165178254247, "q_75": 0.01316796091850847, "min": 0.012127285823225975, "max": 0.013224882073700428, "mean": 0.012883106712251902, "std": 0.00041305467498366927, "repeat": 10, "number": 1}]}, "location.TimeSuite.time_location_get_solarposition": {"result": [0.017764095216989517], "stats": [{"ci_99": [0.017603200860321522, 0.017858029808849096], "q_25": 0.017655701958574355, "q_75": 0.0178342032013461, "min": 0.017603200860321522, "max": 0.017858029808849096, "mean": 0.01774612022563815, "std": 9.240579498932001e-05, "repeat": 10, "number": 1}]}, "location.TimeSuite.time_location_get_sun_rise_set_transit_pyephem": null, "location.TimeSuite.time_location_get_sun_rise_set_transit_spa": null, "solarposition.TimeSuite.time_ephemeris": {"result": [0.024883666774258018], "stats": [{"ci_99": [0.024167247116565704, 0.03144483221694827], "q_25": 0.024737801868468523, "q_75": 0.025159102398902178, "min": 0.024167247116565704, "max": 0.03144483221694827, "mean": 0.025527081964537502, "std": 0.001997484849820806, "repeat": 10, "number": 1}]}, "solarposition.TimeSuite.time_ephemeris_localized": {"result": [0.025083006359636784], "stats": [{"ci_99": [0.02485809987410903, 0.02551479497924447], "q_25": 0.025028767995536327, "q_75": 0.025173802161589265, "min": 0.02485809987410903, "max": 0.02551479497924447, "mean": 0.02510954006575048, "std": 0.00017013672648363425, "repeat": 10, "number": 1}]}, "solarposition.TimeSuite.time_nrel_earthsun_distance": {"result": [0.022998661268502474], "stats": [{"ci_99": [0.022653955034911633, 0.023061147890985012], "q_25": 0.022970998426899314, "q_75": 0.023032194236293435, "min": 0.022653955034911633, "max": 0.023061147890985012, "mean": 0.022970803594216705, "std": 0.00011118420143488006, "repeat": 10, "number": 1}]}, "solarposition.TimeSuite.time_spa_python": {"result": [0.028357149101793766], "stats": [{"ci_99": [0.028219978790730238, 0.028830360155552626], "q_25": 0.028247874812223017, "q_75": 0.02848672855179757, "min": 0.028219978790730238, "max": 0.028830360155552626, "mean": 0.02840359169058502, "std": 0.00018192981032578957, "repeat": 10, "number": 1}]}, "solarposition.TimeSuite.time_sun_rise_set_transit_spa": {"result": [0.04968501697294414], "stats": [{"ci_99": [0.04918502131476998, 0.05016471305862069], "q_25": 0.049533469951711595, "q_75": 0.04982392524834722, "min": 0.04918502131476998, "max": 0.05016471305862069, "mean": 0.04968420695513487, "std": 0.0002815425188853783, "repeat": 10, "number": 1}]}, "tracking.TimeSuite.time_singleaxis": {"result": [0.006395786069333553], "stats": [{"ci_99": [0.006062384694814682, 0.006706200074404478], "q_25": 0.006168062274809927, "q_75": 0.00651509320596233, "min": 0.006062384694814682, "max": 0.006706200074404478, "mean": 0.006369058578275144, "std": 0.00021170668014002187, "repeat": 10, "number": 2}]}, "tracking.TimeSuite.time_tracker_singleaxis": {"result": [0.00645374518353492], "stats": [{"ci_99": [0.006171735934913158, 0.006957868812605739], "q_25": 0.006369517708662897, "q_75": 0.006625416805036366, "min": 0.006171735934913158, "max": 0.006957868812605739, "mean": 0.0065063208807259795, "std": 0.00022206986342825847, "repeat": 10, "number": 2}]}}, "params": {"arch": "x86_64", "cpu": "Intel Xeon Processor (Skylake, IBRS)", "machine": "pvlib-asv.forecasting.energy.arizona.edu", "num_cpu": "4", "os": "Linux 5.7.8-200.fc32.x86_64", "ram": "8145244", "python": "3.7", "ephem": "3.7.6.0", "numpy": "1.18.5", "pandas": "1.1.0", "pytables": "3.6.1", "scipy": "1.2.0"}, "requirements": {"ephem": "3.7.6.0", "numpy": "1.18.5", "pandas": "1.1.0", "pytables": "3.6.1", "scipy": "1.2.0"}, "commit_hash": "d979187d377a81ef3161f07965cede9a279a6ada", "date": 1544455331000, "env_name": "conda-py3.7-ephem3.7.6.0-numpy1.18.5-pandas1.1.0-pytables3.6.1-scipy1.2.0", "python": "3.7", "profiles": {}, "started_at": {"irradiance.TimeSuite.time_aoi": 1599347526194, "irradiance.TimeSuite.time_aoi_projection": 1599347528010, "irradiance.TimeSuite.time_dirindex": 1599347529815, "irradiance.TimeSuite.time_dirint": 1599347532372, "irradiance.TimeSuite.time_disc": 1599347534528, "irradiance.TimeSuite.time_erbs": 1599347536384, "irradiance.TimeSuite.time_get_extra_radiation": 1599347538240, "irradiance.TimeSuite.time_get_ground_diffuse": 1599347540045,