{"results": {"irradiance.Irradiance.time_aoi": {"result": [0.002275931416079402], "stats": [{"ci_99": [0.0021978395991027353, 0.0024049379862844944], "q_25": 0.002232957328669727, "q_75": 0.002315684570930898, "min": 0.0021978395991027353, "max": 0.0024049379862844944, "mean": 0.002285777349025011, "std": 6.920791408191249e-05, "repeat": 10, "number": 5}]}, "irradiance.Irradiance.time_aoi_projection": {"result": [0.0022469314746558664], "stats": [{"ci_99": [0.002181692328304052, 0.0025205940008163454], "q_25": 0.0022049683844670652, "q_75": 0.002273975452408195, "min": 0.002181692328304052, "max": 0.0025205940008163454, "mean": 0.002263326421380043, "std": 9.201188145973135e-05, "repeat": 10, "number": 5}]}, "irradiance.Irradiance.time_dirindex": {"result": [0.14863731036894023], "stats": [{"ci_99": [0.1459464030340314, 0.15324381599202752], "q_25": 0.14755515370052308, "q_75": 0.15017816715408117, "min": 0.1459464030340314, "max": 0.15324381599202752, "mean": 0.1490722977090627, "std": 0.002085786059786874, "repeat": 10, "number": 1}]}, "irradiance.Irradiance.time_dirint": {"result": [0.07357340352609754], "stats": [{"ci_99": [0.07067754492163658, 0.07503353478386998], "q_25": 0.07190742273814976, "q_75": 0.0743968307506293, "min": 0.07067754492163658, "max": 0.07503353478386998, "mean": 0.07313380786217749, "std": 0.0015226689636717637, "repeat": 10, "number": 1}]}, "irradiance.Irradiance.time_disc": {"result": [0.019713896326720715], "stats": [{"ci_99": [0.01813837978988886, 0.02061311760917306], "q_25": 0.018831586930900812, "q_75": 0.019862522021867335, "min": 0.01813837978988886, "max": 0.02061311760917306, "mean": 0.01943554342724383, "std": 0.0007929858915258005, "repeat": 10, "number": 1}]}, "irradiance.Irradiance.time_erbs": {"result": [0.012015936430543661], "stats": [{"ci_99": [0.011907152831554413, 0.013096823822706938], "q_25": 0.011972397100180387, "q_75": 0.012801992357708514, "min": 0.011907152831554413, "max": 0.013096823822706938, "mean": 0.012316126469522714, "std": 0.0004797194390915834, "repeat": 10, "number": 1}]}, "irradiance.Irradiance.time_get_extra_radiation": {"result": [0.002668046043254435], "stats": [{"ci_99": [0.0026556389639154077, 0.0034084583166986704], "q_25": 0.0026616142131388187, "q_75": 0.0026788527611643076, "min": 0.0026556389639154077, "max": 0.0034084583166986704, "mean": 0.0027642329223454, "std": 0.00022644715573698633, "repeat": 10, "number": 4}]}, "irradiance.Irradiance.time_get_ground_diffuse": {"result": [0.0005348282760347832], "stats": [{"ci_99": [0.000508287815715779, 0.0005668651905249466], "q_25": 0.0005118727673437785, "q_75": 0.0005545463751662861, "min": 0.000508287815715779, "max": 0.0005668651905249466, "mean": 0.0005349222316660665, "std": 2.1841635692142693e-05, "repeat": 10, "number": 22}]}, "irradiance.Irradiance.time_get_total_irradiance": {"result": [0.00517421099357307], "stats": [{"ci_99": [0.0051127111073583364, 0.005664375144988298], "q_25": 0.005166729155462235, "q_75": 0.005186316557228565, "min": 0.0051127111073583364, "max": 0.005664375144988298, "mean": 0.005216699745506048, "std": 0.00015089652373158696, "repeat": 10, "number": 2}]}, "location.Location.time_location_get_airmass": {"result": [0.0014936318912077695], "stats": [{"ci_99": [0.0014793304726481438, 0.0016258765244856477], "q_25": 0.0014822141092736274, "q_75": 0.0014989344781497493, "min": 0.0014793304726481438, "max": 0.0016258765244856477, "mean": 0.0015036203898489476, "std": 4.148225346176594e-05, "repeat": 10, "number": 8}]}, "location.Location.time_location_get_clearsky": {"result": [0.013084356440231204], "stats": [{"ci_99": [0.012145913671702147, 0.013833923730999231], "q_25": 0.01256365212611854, "q_75": 0.013215657323598862, "min": 0.012145913671702147, "max": 0.013833923730999231, "mean": 0.012987376190721989, "std": 0.0005004740635178412, "repeat": 10, "number": 1}]}, "location.Location.time_location_get_solarposition": {"result": [0.017741721589118242], "stats": [{"ci_99": [0.01761414296925068, 0.018116328865289688], "q_25": 0.01773040182888508, "q_75": 0.017778129782527685, "min": 0.01761414296925068, "max": 0.018116328865289688, "mean": 0.017776959296315908, "std": 0.00012539051907804958, "repeat": 10, "number": 1}]}, "location.Location_0_6_1.time_location_get_sun_rise_set_transit_pyephem": NaN, "location.Location_0_6_1.time_location_get_sun_rise_set_transit_spa": NaN, "solarposition.SolarPosition.time_ephemeris": {"result": [0.02579960459843278], "stats": [{"ci_99": [0.024270986672490835, 0.02749717002734542], "q_25": 0.024497904698364437, "q_75": 0.026875253417529166, "min": 0.024270986672490835, "max": 0.02749717002734542, "mean": 0.025736142927780748, "std": 0.001232785575673728, "repeat": 10, "number": 1}]}, "solarposition.SolarPosition.time_ephemeris_localized": {"result": [0.025120912585407495], "stats": [{"ci_99": [0.02398396795615554, 0.025678147096186876], "q_25": 0.024210329400375485, "q_75": 0.02520167490001768, "min": 0.02398396795615554, "max": 0.025678147096186876, "mean": 0.024830546835437416, "std": 0.0005808421396512439, "repeat": 10, "number": 1}]}, "solarposition.SolarPosition.time_nrel_earthsun_distance": {"result": [0.026085744611918926], "stats": [{"ci_99": [0.02316607814282179, 0.029449905268847942], "q_25": 0.02325407217722386, "q_75": 0.029105164227075875, "min": 0.02316607814282179, "max": 0.029449905268847942, "mean": 0.02618400934152305, "std": 0.0029333388383946603, "repeat": 10, "number": 1}]}, "solarposition.SolarPosition.time_spa_python": {"result": [0.02838653908111155], "stats": [{"ci_99": [0.02804656932130456, 0.02890257490798831], "q_25": 0.028293822542764246, "q_75": 0.02851690398529172, "min": 0.02804656932130456, "max": 0.02890257490798831, "mean": 0.02841575862839818, "std": 0.00021372453074476852, "repeat": 10, "number": 1}]}, "solarposition.SolarPosition.time_sun_rise_set_transit_spa": {"result": [0.04924576100893319], "stats": [{"ci_99": [0.04879198083654046, 0.05090285278856754], "q_25": 0.04900187463499606, "q_75": 0.04969652369618416, "min": 0.04879198083654046, "max": 0.05090285278856754, "mean": 0.04942925344221294, "std": 0.0006005494964103667, "repeat": 10, "number": 1}]}, "temperature.Fuentes.time_fuentes": NaN, "temperature.SAPM.time_sapm_cell": {"result": [0.0022631647530943154], "stats": [{"ci_99": [0.0022434881888329984, 0.0022858882322907446], "q_25": 0.0022551950998604296, "q_75": 0.002277592825703323, "min": 0.0022434881888329984, "max": 0.0022858882322907446, "mean": 0.002265034951269627, "std": 1.3913863052267655e-05, "repeat": 10, "number": 5}]}, "tracking.SingleAxis.time_singleaxis": {"result": [0.04630502127110958], "stats": [{"ci_99": [0.045447492972016335, 0.04759141895920038], "q_25": 0.04573873884510249, "q_75": 0.04641447204630822, "min": 0.045447492972016335, "max": 0.04759141895920038, "mean": 0.0462121136020869, "std": 0.0005920845553629431, "repeat": 10, "number": 1}]}, "tracking.SingleAxis.time_tracker_singleaxis": {"result": [0.04524311167187989], "stats": [{"ci_99": [0.04372759070247412, 0.04780364129692316], "q_25": 0.044520029332488775, "q_75": 0.04696635971777141, "min": 0.04372759070247412, "max": 0.04780364129692316, "mean": 0.045698375720530746, "std": 0.001416211916270472, "repeat": 10, "number": 1}]}}, "params": {"arch": "x86_64", "cpu": "Intel Xeon Processor (Skylake, IBRS)", "machine": "pvlib-asv.forecasting.energy.arizona.edu", "num_cpu": "4", "os": "Linux 5.7.8-200.fc32.x86_64", "ram": "8145244", "python": "3.7", "ephem": "3.7.6.0", "numpy": "1.18.5", "pandas": "1.1.0", "pytables": "3.6.1", "scipy": "1.2.0"}, "requirements": {"ephem": "3.7.6.0", "numpy": "1.18.5", "pandas": "1.1.0", "pytables": "3.6.1", "scipy": "1.2.0"}, "commit_hash": "dabdeafa1bdfb417e4f7a6ac1e7471f3adc4ffe5", "date": 1536693487000, "env_name": "conda-py3.7-ephem3.7.6.0-numpy1.18.5-pandas1.1.0-pytables3.6.1-scipy1.2.0", "python": "3.7", "profiles": {}, "started_at": {"irradiance.Irradiance.time_aoi": 1599426308135,