{"results": {"irradiance.Irradiance.time_aoi": {"result": [0.002372774155810475], "stats": [{"ci_99": [0.002338026836514473, 0.0024024209938943385], "q_25": 0.002367318421602249, "q_75": 0.0023799836169928314, "min": 0.002338026836514473, "max": 0.0024024209938943385, "mean": 0.002373913154006004, "std": 1.6460987236061884e-05, "repeat": 10, "number": 5}]}, "irradiance.Irradiance.time_aoi_projection": {"result": [0.002142049418762326], "stats": [{"ci_99": [0.002109127212315798, 0.0021752584725618362], "q_25": 0.0021186328027397393, "q_75": 0.0021472692256793383, "min": 0.002109127212315798, "max": 0.0021752584725618362, "mean": 0.002138708094134927, "std": 2.1497815353339462e-05, "repeat": 10, "number": 5}]}, "irradiance.Irradiance.time_dirindex": {"result": [0.06444818596355617], "stats": [{"ci_99": [0.06371170887723565, 0.06524300994351506], "q_25": 0.0640611428534612, "q_75": 0.06467320478986949, "min": 0.06371170887723565, "max": 0.06524300994351506, "mean": 0.06443867785856128, "std": 0.00047497020070747843, "repeat": 10, "number": 1}]}, "irradiance.Irradiance.time_dirint": {"result": [0.03193792956881225], "stats": [{"ci_99": [0.03165867459028959, 0.0323640750721097], "q_25": 0.031781786936335266, "q_75": 0.03195618838071823, "min": 0.03165867459028959, "max": 0.0323640750721097, "mean": 0.03192926771007478, "std": 0.00019531460781123717, "repeat": 10, "number": 1}]}, "irradiance.Irradiance.time_disc": {"result": [0.01243206998333335], "stats": [{"ci_99": [0.012094995006918907, 0.01279421616345644], "q_25": 0.012261856463737786, "q_75": 0.012484032078646123, "min": 0.012094995006918907, "max": 0.01279421616345644, "mean": 0.012389109004288912, "std": 0.00019074986991589216, "repeat": 10, "number": 1}]}, "irradiance.Irradiance.time_erbs": {"result": [0.006748985731974244], "stats": [{"ci_99": [0.006568098906427622, 0.006953819887712598], "q_25": 0.006606052629649639, "q_75": 0.0068302598083391786, "min": 0.006568098906427622, "max": 0.006953819887712598, "mean": 0.0067327891942113634, "std": 0.00012987333045674467, "repeat": 10, "number": 2}]}, "irradiance.Irradiance.time_get_extra_radiation": {"result": [0.0005417852895334362], "stats": [{"ci_99": [0.00053597844671458, 0.0005530674010515213], "q_25": 0.0005384446470998227, "q_75": 0.0005429284821730106, "min": 0.00053597844671458, "max": 0.0005530674010515213, "mean": 0.0005423613917082548, "std": 5.289825515079787e-06, "repeat": 10, "number": 20}]}, "irradiance.Irradiance.time_get_ground_diffuse": {"result": [0.0003505285712890327], "stats": [{"ci_99": [0.00034612560245607583, 0.0003861534309440425], "q_25": 0.00034903689187818334, "q_75": 0.00037698321310537206, "min": 0.00034612560245607583, "max": 0.0003861534309440425, "mean": 0.0003606253004233752, "std": 1.641037753285223e-05, "repeat": 10, "number": 28}]}, "irradiance.Irradiance.time_get_total_irradiance": {"result": [0.004618068070461353], "stats": [{"ci_99": [0.0045843070062498254, 0.004733627351621787], "q_25": 0.004605540811705093, "q_75": 0.0046425640272597475, "min": 0.0045843070062498254, "max": 0.004733627351621787, "mean": 0.004631338020165762, "std": 3.9988377333394684e-05, "repeat": 10, "number": 3}]}, "location.Location.time_location_get_airmass": {"result": [0.0013726044853683561], "stats": [{"ci_99": [0.0013548782444559038, 0.001463760039769113], "q_25": 0.0013603579718619585, "q_75": 0.0014511291083181277, "min": 0.0013548782444559038, "max": 0.001463760039769113, "mean": 0.001399678981397301, "std": 4.580537579870714e-05, "repeat": 10, "number": 8}]}, "location.Location.time_location_get_clearsky": {"result": [0.009285954991355538], "stats": [{"ci_99": [0.008983582956716418, 0.009565713349729776], "q_25": 0.009083460667170584, "q_75": 0.009386906633153558, "min": 0.008983582956716418, "max": 0.009565713349729776, "mean": 0.00925870060455054, "std": 0.00018742021646803918, "repeat": 10, "number": 2}]}, "location.Location.time_location_get_solarposition": {"result": [0.014951770892366767], "stats": [{"ci_99": [0.014897277113050222, 0.015044867061078548], "q_25": 0.014933141996152699, "q_75": 0.014958137413486838, "min": 0.014897277113050222, "max": 0.015044867061078548, "mean": 0.01495296428911388, "std": 3.729869766742618e-05, "repeat": 10, "number": 1}]}, "location.Location_0_6_1.time_location_get_sun_rise_set_transit_pyephem": NaN, "location.Location_0_6_1.time_location_get_sun_rise_set_transit_spa": NaN, "solarposition.SolarPosition.time_ephemeris": {"result": [0.018468602327629924], "stats": [{"ci_99": [0.01825850224122405, 0.018889116123318672], "q_25": 0.01840268005616963, "q_75": 0.01850008696783334, "min": 0.01825850224122405, "max": 0.018889116123318672, "mean": 0.018483271775767206, "std": 0.00017660252662129528, "repeat": 10, "number": 1}]}, "solarposition.SolarPosition.time_ephemeris_localized": {"result": [0.01827850192785263], "stats": [{"ci_99": [0.01811186410486698, 0.018401098903268576], "q_25": 0.018180888495408, "q_75": 0.018318348680622876, "min": 0.01811186410486698, "max": 0.018401098903268576, "mean": 0.0182570306584239, "std": 9.417128939649294e-05, "repeat": 10, "number": 1}]}, "solarposition.SolarPosition.time_nrel_earthsun_distance": {"result": [0.022879458963871002], "stats": [{"ci_99": [0.0228270567022264, 0.023025836795568466], "q_25": 0.02286755631212145, "q_75": 0.022949549951590598, "min": 0.0228270567022264, "max": 0.023025836795568466, "mean": 0.0229055006057024, "std": 6.630027098238437e-05, "repeat": 10, "number": 1}]}, "solarposition.SolarPosition.time_spa_python": {"result": [0.025668653659522533], "stats": [{"ci_99": [0.025554141961038113, 0.02585149835795164], "q_25": 0.025622030487284064, "q_75": 0.025738116586580873, "min": 0.025554141961038113, "max": 0.02585149835795164, "mean": 0.025678776577115058, "std": 8.759507804971425e-05, "repeat": 10, "number": 1}]}, "solarposition.SolarPosition.time_sun_rise_set_transit_spa": {"result": [0.03790959669277072], "stats": [{"ci_99": [0.037477522157132626, 0.038108477368950844], "q_25": 0.03781240037642419, "q_75": 0.037998618790879846, "min": 0.037477522157132626, "max": 0.038108477368950844, "mean": 0.0378897612914443, "std": 0.00017178432010044292, "repeat": 10, "number": 1}]}, "temperature.Fuentes.time_fuentes": NaN, "temperature.SAPM.time_sapm_cell": {"result": [0.0016376011605773655], "stats": [{"ci_99": [0.0016208491288125515, 0.0016654404545468943], "q_25": 0.001632875347110842, "q_75": 0.0016514568955504469, "min": 0.0016208491288125515, "max": 0.0016654404545468943, "mean": 0.0016408973107380526, "std": 1.4626519916734013e-05, "repeat": 10, "number": 7}]}, "tracking.SingleAxis.time_singleaxis": {"result": [0.039214412681758404], "stats": [{"ci_99": [0.03765175677835941, 0.042035605292767286], "q_25": 0.038252357742749155, "q_75": 0.03955144085921347, "min": 0.03765175677835941, "max": 0.042035605292767286, "mean": 0.039278376614674926, "std": 0.001306362753602037, "repeat": 10, "number": 1}]}, "tracking.SingleAxis.time_tracker_singleaxis": {"result": [0.038871279917657375], "stats": [{"ci_99": [0.03604047326371074, 0.041234869975596666], "q_25": 0.038426562561653554, "q_75": 0.0399852650007233, "min": 0.03604047326371074, "max": 0.041234869975596666, "mean": 0.03901964887045324, "std": 0.0013333513216501715, "repeat": 10, "number": 1}]}}, "params": {"arch": "x86_64", "cpu": "Intel Xeon Processor (Skylake, IBRS)", "machine": "pvlib-asv.forecasting.energy.arizona.edu", "num_cpu": "4", "os": "Linux 5.7.8-200.fc32.x86_64", "ram": "8145244", "python": "3.6", "numpy": "1.12.0", "pandas": "0.22.0", "scipy": "1.2.0", "pytables": "3.6.1", "ephem": "3.7.6.0"}, "requirements": {"numpy": "1.12.0", "pandas": "0.22.0", "scipy": "1.2.0", "pytables": "3.6.1", "ephem": "3.7.6.0"}, "commit_hash": "dabdeafa1bdfb417e4f7a6ac1e7471f3adc4ffe5", "date": 1536693487000, "env_name": "conda-py3.6-ephem3.7.6.0-numpy1.12.0-pandas0.22.0-pytables3.6.1-scipy1.2.0", "python": "3.6", "profiles": {}, "started_at": {"irradiance.Irradiance.time_aoi": 1599831671685,