{"results": {"irradiance.Irradiance.time_aoi": {"result": [0.0023308863863348963], "stats": [{"ci_99": [0.002278316207230091, 0.002390879951417446], "q_25": 0.0022883334197103975, "q_75": 0.002360756741836667, "min": 0.002278316207230091, "max": 0.002390879951417446, "mean": 0.0023299126140773297, "std": 4.08096638504693e-05, "repeat": 10, "number": 5}]}, "irradiance.Irradiance.time_aoi_projection": {"result": [0.0019813668448477985], "stats": [{"ci_99": [0.0019275059923529625, 0.003076710645109415], "q_25": 0.0019648398505523797, "q_75": 0.002001197845675051, "min": 0.0019275059923529625, "max": 0.003076710645109415, "mean": 0.0020880018174648284, "std": 0.00033090003438768375, "repeat": 10, "number": 5}]}, "irradiance.Irradiance.time_dirindex": {"result": [0.14230682561174035], "stats": [{"ci_99": [0.13996466575190425, 0.14498603716492653], "q_25": 0.14062375435605645, "q_75": 0.14292721450328827, "min": 0.13996466575190425, "max": 0.14498603716492653, "mean": 0.14196580834686756, "std": 0.0015233730620384685, "repeat": 10, "number": 1}]}, "irradiance.Irradiance.time_dirint": {"result": [0.07001409400254488], "stats": [{"ci_99": [0.06868194416165352, 0.07650701468810439], "q_25": 0.06923147162888199, "q_75": 0.07038370799273252, "min": 0.06868194416165352, "max": 0.07650701468810439, "mean": 0.0704407140146941, "std": 0.0021210606790146515, "repeat": 10, "number": 1}]}, "irradiance.Irradiance.time_disc": {"result": [0.019221168477088213], "stats": [{"ci_99": [0.018590955063700676, 0.020138859748840332], "q_25": 0.01890919334255159, "q_75": 0.01965892780572176, "min": 0.018590955063700676, "max": 0.020138859748840332, "mean": 0.019294330710545184, "std": 0.0005232320891838294, "repeat": 10, "number": 1}]}, "irradiance.Irradiance.time_erbs": {"result": [0.012484281789511442], "stats": [{"ci_99": [0.011750664096325636, 0.01324542611837387], "q_25": 0.01200150465592742, "q_75": 0.012698776554316282, "min": 0.011750664096325636, "max": 0.01324542611837387, "mean": 0.01245184983126819, "std": 0.0004937986357208208, "repeat": 10, "number": 1}]}, "irradiance.Irradiance.time_get_extra_radiation": {"result": [0.00265212869271636], "stats": [{"ci_99": [0.002604218781925738, 0.0027199764735996723], "q_25": 0.002618810744024813, "q_75": 0.0026908967702183872, "min": 0.002604218781925738, "max": 0.0027199764735996723, "mean": 0.0026562282582744956, "std": 4.074513457558552e-05, "repeat": 10, "number": 4}]}, "irradiance.Irradiance.time_get_ground_diffuse": {"result": [0.0005238267317922277], "stats": [{"ci_99": [0.0005107307171618396, 0.0006377876905555075], "q_25": 0.0005163393480787901, "q_75": 0.0005293428866108032, "min": 0.0005107307171618396, "max": 0.0006377876905555075, "mean": 0.000533738016912883, "std": 3.551307387394975e-05, "repeat": 10, "number": 22}]}, "irradiance.Irradiance.time_get_total_irradiance": {"result": [0.005383721087127924], "stats": [{"ci_99": [0.005242894170805812, 0.0055583694484084845], "q_25": 0.005297771363984793, "q_75": 0.005423646594863385, "min": 0.005242894170805812, "max": 0.0055583694484084845, "mean": 0.00538212638348341, "std": 9.468367112854114e-05, "repeat": 10, "number": 2}]}, "location.Location.time_location_get_airmass": {"result": [0.0014146924077067524], "stats": [{"ci_99": [0.0013950717402622104, 0.0014374095480889082], "q_25": 0.0014057972730370238, "q_75": 0.0014189631183398888, "min": 0.0013950717402622104, "max": 0.0014374095480889082, "mean": 0.0014138716214802116, "std": 1.1616490577422217e-05, "repeat": 10, "number": 8}]}, "location.Location.time_location_get_clearsky": {"result": [0.012673209188506007], "stats": [{"ci_99": [0.012657783925533295, 0.012902494054287672], "q_25": 0.012663071509450674, "q_75": 0.01277148979716003, "min": 0.012657783925533295, "max": 0.012902494054287672, "mean": 0.012725765351206064, "std": 8.257572099355108e-05, "repeat": 10, "number": 1}]}, "location.Location.time_location_get_solarposition": {"result": [0.0177246886305511], "stats": [{"ci_99": [0.017609079834073782, 0.01795872300863266], "q_25": 0.017666301573626697, "q_75": 0.01789184322115034, "min": 0.017609079834073782, "max": 0.01795872300863266, "mean": 0.017769657401368023, "std": 0.00012626106711298156, "repeat": 10, "number": 1}]}, "location.Location_0_6_1.time_location_get_sun_rise_set_transit_pyephem": NaN, "location.Location_0_6_1.time_location_get_sun_rise_set_transit_spa": NaN, "solarposition.SolarPosition.time_ephemeris": {"result": [0.02479236596263945], "stats": [{"ci_99": [0.023778506089001894, 0.025280356872826815], "q_25": 0.024413269944489002, "q_75": 0.02506064565386623, "min": 0.023778506089001894, "max": 0.025280356872826815, "mean": 0.024708203645423053, "std": 0.00043781960971239813, "repeat": 10, "number": 1}]}, "solarposition.SolarPosition.time_ephemeris_localized": {"result": [0.025064535904675722], "stats": [{"ci_99": [0.023636881727725267, 0.027022669091820717], "q_25": 0.024558443459682167, "q_75": 0.025924139539711177, "min": 0.023636881727725267, "max": 0.027022669091820717, "mean": 0.025273665506392717, "std": 0.0010470103486472197, "repeat": 10, "number": 1}]}, "solarposition.SolarPosition.time_nrel_earthsun_distance": {"result": [0.02383826789446175], "stats": [{"ci_99": [0.023501371033489704, 0.0241093747317791], "q_25": 0.02373212913516909, "q_75": 0.023959006648510695, "min": 0.023501371033489704, "max": 0.0241093747317791, "mean": 0.023839445691555737, "std": 0.00017880790749601823, "repeat": 10, "number": 1}]}, "solarposition.SolarPosition.time_spa_python": {"result": [0.028582698665559292], "stats": [{"ci_99": [0.028288755100220442, 0.028836526907980442], "q_25": 0.0283875031163916, "q_75": 0.028629376320168376, "min": 0.028288755100220442, "max": 0.028836526907980442, "mean": 0.028542609279975296, "std": 0.00017408956558155606, "repeat": 10, "number": 1}]}, "solarposition.SolarPosition.time_sun_rise_set_transit_spa": {"result": [0.04902284103445709], "stats": [{"ci_99": [0.04839762719348073, 0.049795343074947596], "q_25": 0.04888347059022635, "q_75": 0.049259454128332436, "min": 0.04839762719348073, "max": 0.049795343074947596, "mean": 0.04904170660302043, "std": 0.0003716689077589381, "repeat": 10, "number": 1}]}, "temperature.Fuentes.time_fuentes": NaN, "temperature.SAPM.time_sapm_cell": {"result": [0.0021896430756896735], "stats": [{"ci_99": [0.0020648304373025892, 0.0022304886020720004], "q_25": 0.0021721351426094767, "q_75": 0.002197048487141728, "min": 0.0020648304373025892, "max": 0.0022304886020720004, "mean": 0.002169348392635584, "std": 5.469029325506424e-05, "repeat": 10, "number": 5}]}, "tracking.SingleAxis.time_singleaxis": {"result": [0.00630361249204725], "stats": [{"ci_99": [0.006161505356431007, 0.0065709680784493685], "q_25": 0.006192881905008107, "q_75": 0.006507212528958917, "min": 0.006161505356431007, "max": 0.0065709680784493685, "mean": 0.006342268409207463, "std": 0.0001580795806651884, "repeat": 10, "number": 2}]}, "tracking.SingleAxis.time_tracker_singleaxis": {"result": [0.006401945371180773], "stats": [{"ci_99": [0.006128133274614811, 0.0068330971989780664], "q_25": 0.006197885901201516, "q_75": 0.006655880773905665, "min": 0.006128133274614811, "max": 0.0068330971989780664, "mean": 0.0064364850288257, "std": 0.00025367912167212234, "repeat": 10, "number": 2}]}}, "params": {"arch": "x86_64", "cpu": "Intel Xeon Processor (Skylake, IBRS)", "machine": "pvlib-asv.forecasting.energy.arizona.edu", "num_cpu": "4", "os": "Linux 5.7.8-200.fc32.x86_64", "ram": "8145244", "python": "3.8", "numpy": "", "pandas": "", "scipy": "", "pytables": "", "ephem": ""}, "requirements": {"numpy": "", "pandas": "", "scipy": "", "pytables": "", "ephem": ""}, "commit_hash": "db546de24fea699bd074f19ed4ec6e59092b6971", "date": 1537407230000, "env_name": "conda-py3.8-ephem-numpy-pandas-pytables-scipy", "python": "3.8", "profiles": {}, "started_at": {"irradiance.Irradiance.time_aoi": 1599807546446, "irradiance.Irradiance.time_aoi_projection": 1599807548302,