{"results": {"irradiance.Irradiance.time_aoi": {"result": [0.0023135541938245296], "stats": [{"ci_99": [0.0022585400380194186, 0.002362061198800802], "q_25": 0.0022756394231691953, "q_75": 0.0023237201850861314, "min": 0.0022585400380194186, "max": 0.002362061198800802, "mean": 0.002305407132953405, "std": 3.270764604391925e-05, "repeat": 10, "number": 5}]}, "irradiance.Irradiance.time_aoi_projection": {"result": [0.002030381273167829], "stats": [{"ci_99": [0.0019480598469575245, 0.0020537506012866893], "q_25": 0.0019969099666923285, "q_75": 0.002047434390988201, "min": 0.0019480598469575245, "max": 0.0020537506012866893, "mean": 0.0020162222053234776, "std": 3.722697344997687e-05, "repeat": 10, "number": 6}]}, "irradiance.Irradiance.time_dirindex": {"result": [0.14313152385875583], "stats": [{"ci_99": [0.13760306173935533, 0.14550783997401595], "q_25": 0.14139565580990165, "q_75": 0.1440235396148637, "min": 0.13760306173935533, "max": 0.14550783997401595, "mean": 0.1424970999825746, "std": 0.0024173036247198843, "repeat": 10, "number": 1}]}, "irradiance.Irradiance.time_dirint": {"result": [0.07103732507675886], "stats": [{"ci_99": [0.06934153102338314, 0.07409600308164954], "q_25": 0.07063262921292335, "q_75": 0.07130195060744882, "min": 0.06934153102338314, "max": 0.07409600308164954, "mean": 0.07108560418710112, "std": 0.001188930534940672, "repeat": 10, "number": 1}]}, "irradiance.Irradiance.time_disc": {"result": [0.018813654547557235], "stats": [{"ci_99": [0.01806481694802642, 0.02151804370805621], "q_25": 0.018557955510914326, "q_75": 0.019806771888397634, "min": 0.01806481694802642, "max": 0.02151804370805621, "mean": 0.019207115564495326, "std": 0.0010168514465413157, "repeat": 10, "number": 1}]}, "irradiance.Irradiance.time_erbs": {"result": [0.012757536489516497], "stats": [{"ci_99": [0.012474650982767344, 0.013478794135153294], "q_25": 0.012599520268850029, "q_75": 0.012927919742651284, "min": 0.012474650982767344, "max": 0.013478794135153294, "mean": 0.012805139180272818, "std": 0.0002790132855086051, "repeat": 10, "number": 1}]}, "irradiance.Irradiance.time_get_extra_radiation": {"result": [0.0026374647859483957], "stats": [{"ci_99": [0.002595757949166, 0.002660189988091588], "q_25": 0.0026234710530843586, "q_75": 0.0026512876502238214, "min": 0.002595757949166, "max": 0.002660189988091588, "mean": 0.0026345562655478716, "std": 2.0192522271353476e-05, "repeat": 10, "number": 4}]}, "irradiance.Irradiance.time_get_ground_diffuse": {"result": [0.0005357798972082409], "stats": [{"ci_99": [0.0005141741553829474, 0.0006102097263051705], "q_25": 0.0005245998194864528, "q_75": 0.000560645193962211, "min": 0.0005141741553829474, "max": 0.0006102097263051705, "mean": 0.0005447672764686022, "std": 2.78507910317955e-05, "repeat": 10, "number": 22}]}, "irradiance.Irradiance.time_get_total_irradiance": {"result": [0.005380218266509473], "stats": [{"ci_99": [0.005308259977027774, 0.005936898523941636], "q_25": 0.0053597993100993335, "q_75": 0.005574690527282655, "min": 0.005308259977027774, "max": 0.005936898523941636, "mean": 0.005473400233313441, "std": 0.00018672548879930415, "repeat": 10, "number": 2}]}, "location.Location.time_location_get_airmass": {"result": [0.0014288221718743443], "stats": [{"ci_99": [0.0013242658460512757, 0.001454668294172734], "q_25": 0.0014114627265371382, "q_75": 0.001431467171641998, "min": 0.0013242658460512757, "max": 0.001454668294172734, "mean": 0.0014104833418969065, "std": 4.099868700523323e-05, "repeat": 10, "number": 8}]}, "location.Location.time_location_get_clearsky": {"result": [0.013201374094933271], "stats": [{"ci_99": [0.012117011938244104, 0.013495616614818573], "q_25": 0.012933479156345129, "q_75": 0.013334150309674442, "min": 0.012117011938244104, "max": 0.013495616614818573, "mean": 0.013038779050111771, "std": 0.0004239091175478324, "repeat": 10, "number": 1}]}, "location.Location.time_location_get_solarposition": {"result": [0.018048356287181377], "stats": [{"ci_99": [0.01792265009135008, 0.01868050592020154], "q_25": 0.017982429824769497, "q_75": 0.018321800394915044, "min": 0.01792265009135008, "max": 0.01868050592020154, "mean": 0.01816287008114159, "std": 0.00024252837877174337, "repeat": 10, "number": 1}]}, "location.Location_0_6_1.time_location_get_sun_rise_set_transit_pyephem": {"result": [0.1952821584418416], "stats": [{"ci_99": [0.17872845381498337, 0.1963813160546124], "q_25": 0.19505248311907053, "q_75": 0.1954845772124827, "min": 0.17872845381498337, "max": 0.1963813160546124, "mean": 0.19369775210507215, "std": 0.005020439944732416, "repeat": 10, "number": 1}]}, "location.Location_0_6_1.time_location_get_sun_rise_set_transit_spa": {"result": [0.044103790540248156], "stats": [{"ci_99": [0.04358517099171877, 0.04440393624827266], "q_25": 0.04388351656962186, "q_75": 0.04417503112927079, "min": 0.04358517099171877, "max": 0.04440393624827266, "mean": 0.044043329823762176, "std": 0.00022730501129159133, "repeat": 10, "number": 1}]}, "solarposition.SolarPosition.time_ephemeris": {"result": [0.02462675259448588], "stats": [{"ci_99": [0.023627794813364744, 0.02511203521862626], "q_25": 0.023877230938524008, "q_75": 0.02499350847210735, "min": 0.023627794813364744, "max": 0.02511203521862626, "mean": 0.02445265231654048, "std": 0.0005743393245914482, "repeat": 10, "number": 1}]}, "solarposition.SolarPosition.time_ephemeris_localized": {"result": [0.024611881468445063], "stats": [{"ci_99": [0.02379317209124565, 0.025134866125881672], "q_25": 0.024013300775550306, "q_75": 0.02501755126286298, "min": 0.02379317209124565, "max": 0.025134866125881672, "mean": 0.024526881380006672, "std": 0.0005037058459140604, "repeat": 10, "number": 1}]}, "solarposition.SolarPosition.time_nrel_earthsun_distance": {"result": [0.02399248257279396], "stats": [{"ci_99": [0.023894126992672682, 0.024138421285897493], "q_25": 0.023945634602569044, "q_75": 0.024047333281487226, "min": 0.023894126992672682, "max": 0.024138421285897493, "mean": 0.02400664216838777, "std": 8.095740535850228e-05, "repeat": 10, "number": 1}]}, "solarposition.SolarPosition.time_spa_python": {"result": [0.029191246954724193], "stats": [{"ci_99": [0.028847763780504465, 0.03084342135116458], "q_25": 0.028952217544429004, "q_75": 0.02978598582558334, "min": 0.028847763780504465, "max": 0.03084342135116458, "mean": 0.029439880838617684, "std": 0.0006094033576264801, "repeat": 10, "number": 1}]}, "solarposition.SolarPosition.time_sun_rise_set_transit_spa": {"result": [0.05049911211244762], "stats": [{"ci_99": [0.05010596616193652, 0.05068653402850032], "q_25": 0.05030988052021712, "q_75": 0.05061689449939877, "min": 0.05010596616193652, "max": 0.05068653402850032, "mean": 0.05044580465182662, "std": 0.00020381554503742626, "repeat": 10, "number": 1}]}, "temperature.Fuentes.time_fuentes": NaN, "temperature.SAPM.time_sapm_cell": {"result": [0.002201018203049898], "stats": [{"ci_99": [0.0021809629164636136, 0.002374782133847475], "q_25": 0.00219351660925895, "q_75": 0.0022062859265133735, "min": 0.0021809629164636136, "max": 0.002374782133847475, "mean": 0.002217308497056365, "std": 5.363922467964968e-05, "repeat": 10, "number": 5}]}, "tracking.SingleAxis.time_singleaxis": {"result": [0.006501959403976798], "stats": [{"ci_99": [0.006169633939862251, 0.006850249134004116], "q_25": 0.006267771124839783, "q_75": 0.006582863861694932, "min": 0.006169633939862251, "max": 0.006850249134004116, "mean": 0.006462906394153834, "std": 0.00020973079017955583, "repeat": 10, "number": 2}]}, "tracking.SingleAxis.time_tracker_singleaxis": {"result": [0.006502972450107336], "stats": [{"ci_99": [0.006174762966111302, 0.006971140159294009], "q_25": 0.006411363487131894, "q_75": 0.006654847180470824, "min": 0.006174762966111302, "max": 0.006971140159294009, "mean": 0.006556613254360855, "std": 0.00022493633326772818, "repeat": 10, "number": 2}]}}, "params": {"arch": "x86_64", "cpu": "Intel Xeon Processor (Skylake, IBRS)",