{"results": {"irradiance.Irradiance.time_aoi": {"result": [0.0023297685198485855], "stats": [{"ci_99": [0.002283969335258007, 0.002502571791410446], "q_25": 0.002291992772370577, "q_75": 0.0023771111387759446, "min": 0.002283969335258007, "max": 0.002502571791410446, "mean": 0.0023478087969124317, "std": 6.613715012027874e-05, "repeat": 10, "number": 5}]}, "irradiance.Irradiance.time_aoi_projection": {"result": [0.001998184248805046], "stats": [{"ci_99": [0.00193747216835618, 0.002070085424929857], "q_25": 0.001963691716082394, "q_75": 0.0020406278781592846, "min": 0.00193747216835618, "max": 0.002070085424929857, "mean": 0.002002090057358146, "std": 4.51383015288604e-05, "repeat": 10, "number": 5}]}, "irradiance.Irradiance.time_dirindex": {"result": [0.14063895749859512], "stats": [{"ci_99": [0.13747787987813354, 0.14395720604807138], "q_25": 0.1384944502497092, "q_75": 0.1423307741060853, "min": 0.13747787987813354, "max": 0.14395720604807138, "mean": 0.14059116141870617, "std": 0.0022360967826463587, "repeat": 10, "number": 1}]}, "irradiance.Irradiance.time_dirint": {"result": [0.07053940324112773], "stats": [{"ci_99": [0.06935577979311347, 0.07189383683726192], "q_25": 0.06995351694058627, "q_75": 0.07072724017780274, "min": 0.06935577979311347, "max": 0.07189383683726192, "mean": 0.07051244941540062, "std": 0.0007870434257108334, "repeat": 10, "number": 1}]}, "irradiance.Irradiance.time_disc": {"result": [0.018489342415705323], "stats": [{"ci_99": [0.017871083226054907, 0.019499260932207108], "q_25": 0.018171069561503828, "q_75": 0.018990677315741777, "min": 0.017871083226054907, "max": 0.019499260932207108, "mean": 0.01861103088594973, "std": 0.0005302838811160464, "repeat": 10, "number": 1}]}, "irradiance.Irradiance.time_erbs": {"result": [0.012656851438805461], "stats": [{"ci_99": [0.012311486061662436, 0.013340163044631481], "q_25": 0.012415971141308546, "q_75": 0.012930940720252693, "min": 0.012311486061662436, "max": 0.013340163044631481, "mean": 0.01271183006465435, "std": 0.00034240570931842425, "repeat": 10, "number": 1}]}, "irradiance.Irradiance.time_get_extra_radiation": null, "irradiance.Irradiance.time_get_ground_diffuse": null, "irradiance.Irradiance.time_get_total_irradiance": null, "location.Location.time_location_get_airmass": {"result": [0.005234857089817524], "stats": [{"ci_99": [0.005180733976885676, 0.0052756574004888535], "q_25": 0.005207721027545631, "q_75": 0.005261879181489348, "min": 0.005180733976885676, "max": 0.0052756574004888535, "mean": 0.005232350458391011, "std": 3.225773808434951e-05, "repeat": 10, "number": 2}]}, "location.Location.time_location_get_clearsky": {"result": [0.016771480441093445], "stats": [{"ci_99": [0.015767776407301426, 0.01749409781768918], "q_25": 0.016641146736219525, "q_75": 0.01701689197216183, "min": 0.015767776407301426, "max": 0.01749409781768918, "mean": 0.01674371901899576, "std": 0.0004926689089480299, "repeat": 10, "number": 1}]}, "location.Location.time_location_get_solarposition": {"result": [0.017877949634566903], "stats": [{"ci_99": [0.017579943872988224, 0.018109573051333427], "q_25": 0.017719974974170327, "q_75": 0.018012663815170527, "min": 0.017579943872988224, "max": 0.018109573051333427, "mean": 0.01786828492768109, "std": 0.0001794153525974379, "repeat": 10, "number": 1}]}, "location.Location_0_6_1.time_location_get_sun_rise_set_transit_pyephem": NaN, "location.Location_0_6_1.time_location_get_sun_rise_set_transit_spa": NaN, "solarposition.SolarPosition.time_ephemeris": {"result": [0.02691453229635954], "stats": [{"ci_99": [0.02614188613370061, 0.027790854685008526], "q_25": 0.026394230080768466, "q_75": 0.027250194340012968, "min": 0.02614188613370061, "max": 0.027790854685008526, "mean": 0.026874297624453904, "std": 0.0005180458052571812, "repeat": 10, "number": 1}]}, "solarposition.SolarPosition.time_ephemeris_localized": {"result": [0.2552443672902882], "stats": [{"ci_99": [0.24354551313444972, 0.2583421915769577], "q_25": 0.24615998473018408, "q_75": 0.2559319785796106, "min": 0.24354551313444972, "max": 0.2583421915769577, "mean": 0.2518072633538395, "std": 0.005445082981647599, "repeat": 10, "number": 1}]}, "solarposition.SolarPosition.time_nrel_earthsun_distance": {"result": [0.02440899098291993], "stats": [{"ci_99": [0.024224349297583103, 0.02457734989002347], "q_25": 0.02429371525067836, "q_75": 0.024478897103108466, "min": 0.024224349297583103, "max": 0.02457734989002347, "mean": 0.024394924100488425, "std": 0.00011297329800084239, "repeat": 10, "number": 1}]}, "solarposition.SolarPosition.time_spa_python": {"result": [0.028598041972145438], "stats": [{"ci_99": [0.028409332036972046, 0.028755703009665012], "q_25": 0.028487851726822555, "q_75": 0.028623872785829008, "min": 0.028409332036972046, "max": 0.028755703009665012, "mean": 0.02858128845691681, "std": 0.00011172345690202663, "repeat": 10, "number": 1}]}, "solarposition.SolarPosition.time_sun_rise_set_transit_spa": {"result": [0.0501257567666471], "stats": [{"ci_99": [0.04977512080222368, 0.0508937849663198], "q_25": 0.0499447186011821, "q_75": 0.05031163047533482, "min": 0.04977512080222368, "max": 0.0508937849663198, "mean": 0.05017398842610419, "std": 0.00031383547866884696, "repeat": 10, "number": 1}]}, "temperature.Fuentes.time_fuentes": NaN, "temperature.SAPM.time_sapm_cell": {"result": [0.0022109620816384754], "stats": [{"ci_99": [0.002171932797258099, 0.002235919547577699], "q_25": 0.002198778228679051, "q_75": 0.0022246737110738954, "min": 0.002171932797258099, "max": 0.002235919547577699, "mean": 0.002207907250461479, "std": 2.1486238104458856e-05, "repeat": 10, "number": 6}]}, "tracking.SingleAxis.time_singleaxis": {"result": [0.031025185715407133], "stats": [{"ci_99": [0.030349711887538433, 0.0323443952947855], "q_25": 0.030710704857483506, "q_75": 0.031482591410167515, "min": 0.030349711887538433, "max": 0.0323443952947855, "mean": 0.03113095755688846, "std": 0.0005533935576092572, "repeat": 10, "number": 1}]}, "tracking.SingleAxis.time_tracker_singleaxis": {"result": [0.03141401521861553], "stats": [{"ci_99": [0.02963643567636609, 0.032357716001570225], "q_25": 0.031102666165679693, "q_75": 0.03213739790953696, "min": 0.02963643567636609, "max": 0.032357716001570225, "mean": 0.031409790739417076, "std": 0.0007978659312743284, "repeat": 10, "number": 1}]}}, "params": {"arch": "x86_64", "cpu": "Intel Xeon Processor (Skylake, IBRS)", "machine": "pvlib-asv.forecasting.energy.arizona.edu", "num_cpu": "4", "os": "Linux 5.7.8-200.fc32.x86_64", "ram": "8145244", "python": "3.8", "numpy": "", "pandas": "", "scipy": "", "pytables": "", "ephem": ""}, "requirements": {"numpy": "", "pandas": "", "scipy": "", "pytables": "", "ephem": ""}, "commit_hash": "dc6bdbf6ec8be758690dd9f9d2b459dabeaa655a", "date": 1533871160000, "env_name": "conda-py3.8-ephem-numpy-pandas-pytables-scipy", "python": "3.8", "profiles": {}, "started_at": {"irradiance.Irradiance.time_aoi": 1599834610086, "irradiance.Irradiance.time_aoi_projection": 1599834612142, "irradiance.Irradiance.time_dirindex": 1599834614148, "irradiance.Irradiance.time_dirint": 1599834616855, "irradiance.Irradiance.time_disc": 1599834619212, "irradiance.Irradiance.time_erbs": 1599834621318, "irradiance.Irradiance.time_get_extra_radiation": 1599834602478, "irradiance.Irradiance.time_get_ground_diffuse": 1599834602882, "irradiance.Irradiance.time_get_total_irradiance": 1599834603286, "location.Location.time_location_get_airmass": 1599834623376, "location.Location.time_location_get_clearsky": 1599834623729, "location.Location.time_location_get_solarposition": 1599834624083, "location.Location_0_6_1.time_location_get_sun_rise_set_transit_pyephem": 1599834624437, "location.Location_0_6_1.time_location_get_sun_rise_set_transit_spa": 1599834624490, "solarposition.SolarPosition.time_ephemeris": 1599834624543, "solarposition.SolarPosition.time_ephemeris_localized": 1599834624848, "solarposition.SolarPosition.time_nrel_earthsun_distance": 1599834626454,