{"results": {"irradiance.TimeSuite.time_aoi": {"result": [0.002308656554669142], "stats": [{"ci_99": [0.0021364994347095488, 0.002331210393458605], "q_25": 0.0022236310178413987, "q_75": 0.0023160673910751937, "min": 0.0021364994347095488, "max": 0.002331210393458605, "mean": 0.0022694715205579994, "std": 6.355046485064796e-05, "repeat": 10, "number": 5}]}, "irradiance.TimeSuite.time_aoi_projection": {"result": [0.002292656246572733], "stats": [{"ci_99": [0.0021943052299320696, 0.002373470552265644], "q_25": 0.002213912922888994, "q_75": 0.0023286510026082397, "min": 0.0021943052299320696, "max": 0.002373470552265644, "mean": 0.002278942074626684, "std": 6.288802041580004e-05, "repeat": 10, "number": 5}]}, "irradiance.TimeSuite.time_dirindex": {"result": [0.1472009290009737], "stats": [{"ci_99": [0.14448680076748133, 0.149492755997926], "q_25": 0.14637763216160238, "q_75": 0.14840132708195597, "min": 0.14448680076748133, "max": 0.149492755997926, "mean": 0.14726704815402628, "std": 0.0014356090290888735, "repeat": 10, "number": 1}]}, "irradiance.TimeSuite.time_dirint": {"result": [0.07264584116637707], "stats": [{"ci_99": [0.07130630221217871, 0.0810538581572473], "q_25": 0.07153017073869705, "q_75": 0.0732019196730107, "min": 0.07130630221217871, "max": 0.0810538581572473, "mean": 0.0731708109844476, "std": 0.0027317760759700592, "repeat": 10, "number": 1}]}, "irradiance.TimeSuite.time_disc": {"result": [0.019237514352425933], "stats": [{"ci_99": [0.017996931914240122, 0.019613272044807673], "q_25": 0.01912679779343307, "q_75": 0.019388978253118694, "min": 0.017996931914240122, "max": 0.019613272044807673, "mean": 0.019172682473436, "std": 0.00042623399199971456, "repeat": 10, "number": 1}]}, "irradiance.TimeSuite.time_erbs": {"result": [0.012655068887397647], "stats": [{"ci_99": [0.011542859952896833, 0.012796153780072927], "q_25": 0.011796668637543917, "q_75": 0.012716184603050351, "min": 0.011542859952896833, "max": 0.012796153780072927, "mean": 0.012307821679860354, "std": 0.0005079639392152253, "repeat": 10, "number": 1}]}, "irradiance.TimeSuite.time_get_extra_radiation": null, "irradiance.TimeSuite.time_get_ground_diffuse": null, "irradiance.TimeSuite.time_get_total_irradiance": null, "location.TimeSuite.time_location_get_airmass": {"result": [0.0052853235974907875], "stats": [{"ci_99": [0.005264816572889686, 0.005380882881581783], "q_25": 0.005280224955640733, "q_75": 0.005292334011755884, "min": 0.005264816572889686, "max": 0.005380882881581783, "mean": 0.005296834092587232, "std": 3.410009943153534e-05, "repeat": 10, "number": 2}]}, "location.TimeSuite.time_location_get_clearsky": {"result": [0.017026828369125724], "stats": [{"ci_99": [0.016907019075006247, 0.01725281309336424], "q_25": 0.01698227401357144, "q_75": 0.017138305585831404, "min": 0.016907019075006247, "max": 0.01725281309336424, "mean": 0.01705708047375083, "std": 0.00010164176834546199, "repeat": 10, "number": 1}]}, "location.TimeSuite.time_location_get_solarposition": {"result": [0.018864018842577934], "stats": [{"ci_99": [0.018796714954078197, 0.019056267105042934], "q_25": 0.018828768632374704, "q_75": 0.018929099780507386, "min": 0.018796714954078197, "max": 0.019056267105042934, "mean": 0.01888447399251163, "std": 7.595421499839203e-05, "repeat": 10, "number": 1}]}, "solarposition.TimeSuite.time_ephemeris": {"result": [0.025087506510317326], "stats": [{"ci_99": [0.024867339991033077, 0.025710740126669407], "q_25": 0.024948828388005495, "q_75": 0.02548504702281207, "min": 0.024867339991033077, "max": 0.025710740126669407, "mean": 0.025200671702623367, "std": 0.0002895301935838076, "repeat": 10, "number": 1}]}, "solarposition.TimeSuite.time_ephemeris_localized": {"result": [0.2613582434132695], "stats": [{"ci_99": [0.2587054558098316, 0.2816488011740148], "q_25": 0.2596217831596732, "q_75": 0.26435587811283767, "min": 0.2587054558098316, "max": 0.2816488011740148, "mean": 0.26384792998433115, "std": 0.006710201215955356, "repeat": 10, "number": 1}]}, "solarposition.TimeSuite.time_nrel_earthsun_distance": {"result": [0.02393514569848776], "stats": [{"ci_99": [0.02299329312518239, 0.02552984794601798], "q_25": 0.02301757491659373, "q_75": 0.024990372476167977, "min": 0.02299329312518239, "max": 0.02552984794601798, "mean": 0.024080077558755873, "std": 0.0010825354250999278, "repeat": 10, "number": 1}]}, "solarposition.TimeSuite.time_spa_python": {"result": [0.03034485410898924], "stats": [{"ci_99": [0.029799215029925108, 0.03070596093311906], "q_25": 0.0302821685327217, "q_75": 0.030418461770750582, "min": 0.029799215029925108, "max": 0.03070596093311906, "mean": 0.030286887614056467, "std": 0.000263922517157406, "repeat": 10, "number": 1}]}, "solarposition.TimeSuite.time_sun_rise_set_transit_spa": {"result": [0.05182166351005435], "stats": [{"ci_99": [0.05153612373396754, 0.05236391304060817], "q_25": 0.05172344495076686, "q_75": 0.05187731038313359, "min": 0.05153612373396754, "max": 0.05236391304060817, "mean": 0.05185746382921934, "std": 0.00022815858623269288, "repeat": 10, "number": 1}]}, "tracking.TimeSuite.time_singleaxis": {"result": [0.047905501211062074], "stats": [{"ci_99": [0.046575038228183985, 0.04958619922399521], "q_25": 0.04769292101264, "q_75": 0.04903682169970125, "min": 0.046575038228183985, "max": 0.04958619922399521, "mean": 0.04809906017035246, "std": 0.001011724923974962, "repeat": 10, "number": 1}]}, "tracking.TimeSuite.time_tracker_singleaxis": {"result": [0.04838075581938028], "stats": [{"ci_99": [0.04519643168896437, 0.049217585008591413], "q_25": 0.0473541448591277, "q_75": 0.048812945606186986, "min": 0.04519643168896437, "max": 0.049217585008591413, "mean": 0.0479525295086205, "std": 0.0011872454047702485, "repeat": 10, "number": 1}]}}, "params": {"arch": "x86_64", "cpu": "Intel Xeon Processor (Skylake, IBRS)", "machine": "pvlib-asv.forecasting.energy.arizona.edu", "num_cpu": "4", "os": "Linux 5.7.8-200.fc32.x86_64", "ram": "8145244", "python": "3.7", "ephem": "3.7.6.0", "numpy": "1.18.5", "pandas": "1.1.0", "pytables": "3.6.1", "scipy": "1.2.0"}, "requirements": {"ephem": "3.7.6.0", "numpy": "1.18.5", "pandas": "1.1.0", "pytables": "3.6.1", "scipy": "1.2.0"}, "commit_hash": "dc6bdbf6ec8be758690dd9f9d2b459dabeaa655a", "date": 1533871160000, "env_name": "conda-py3.7-ephem3.7.6.0-numpy1.18.5-pandas1.1.0-pytables3.6.1-scipy1.2.0", "python": "3.7", "profiles": {}, "started_at": {"irradiance.TimeSuite.time_aoi": 1599361754245, "irradiance.TimeSuite.time_aoi_projection": 1599361756401, "irradiance.TimeSuite.time_dirindex": 1599361758557, "irradiance.TimeSuite.time_dirint": 1599361761415, "irradiance.TimeSuite.time_disc": 1599361763871, "irradiance.TimeSuite.time_erbs": 1599361766027, "irradiance.TimeSuite.time_get_extra_radiation": 1599361746596, "irradiance.TimeSuite.time_get_ground_diffuse": 1599361747000, "irradiance.TimeSuite.time_get_total_irradiance": 1599361747403, "location.TimeSuite.time_location_get_airmass": 1599361768133, "location.TimeSuite.time_location_get_clearsky": 1599361768487, "location.TimeSuite.time_location_get_solarposition": 1599361768890, "solarposition.TimeSuite.time_ephemeris": 1599361769294, "solarposition.TimeSuite.time_ephemeris_localized": 1599361769597, "solarposition.TimeSuite.time_nrel_earthsun_distance": 1599361771252, "solarposition.TimeSuite.time_spa_python": 1599361771506, "solarposition.TimeSuite.time_sun_rise_set_transit_spa": 1599361771809, "tracking.TimeSuite.time_singleaxis": 1599361772262, "tracking.TimeSuite.time_tracker_singleaxis": 1599361773417}, "ended_at": {"irradiance.TimeSuite.time_aoi": 1599361756401, "irradiance.TimeSuite.time_aoi_projection": 1599361758557, "irradiance.TimeSuite.time_dirindex": 1599361761414, "irradiance.TimeSuite.time_dirint": 1599361763871, "irradiance.TimeSuite.time_disc": 1599361766027, "irradiance.TimeSuite.time_erbs": 1599361768133, "irradiance.TimeSuite.time_get_extra_radiation": 1599361747000, "irradiance.TimeSuite.time_get_ground_diffuse": 1599361747403,