{"results": {"irradiance.Irradiance.time_aoi": {"result": [0.0022994539700448517], "stats": [{"ci_99": [0.002277335152029991, 0.002430445607751608], "q_25": 0.0022800428327172995, "q_75": 0.002334620989859104, "min": 0.002277335152029991, "max": 0.002430445607751608, "mean": 0.002315757796168327, "std": 4.59348913487616e-05, "repeat": 10, "number": 5}]}, "irradiance.Irradiance.time_aoi_projection": {"result": [0.0020077025595431524], "stats": [{"ci_99": [0.0019328338094055653, 0.002039320378874739], "q_25": 0.001988785865250975, "q_75": 0.0020260821523455283, "min": 0.0019328338094055653, "max": 0.002039320378874739, "mean": 0.002001835320455333, "std": 3.187266713342866e-05, "repeat": 10, "number": 6}]}, "irradiance.Irradiance.time_dirindex": {"result": [0.14120275201275945], "stats": [{"ci_99": [0.13849584804847836, 0.14602662483230233], "q_25": 0.14018808212131262, "q_75": 0.14387517573777586, "min": 0.13849584804847836, "max": 0.14602662483230233, "mean": 0.14187017134390772, "std": 0.0023784005443684094, "repeat": 10, "number": 1}]}, "irradiance.Irradiance.time_dirint": {"result": [0.07091449270956218], "stats": [{"ci_99": [0.06923451693728566, 0.07171865738928318], "q_25": 0.06998236605431885, "q_75": 0.07121063070371747, "min": 0.06923451693728566, "max": 0.07171865738928318, "mean": 0.07060215850360692, "std": 0.0007806961238255126, "repeat": 10, "number": 1}]}, "irradiance.Irradiance.time_disc": {"result": [0.019115104340016842], "stats": [{"ci_99": [0.01850433275103569, 0.020504900254309177], "q_25": 0.01884189562406391, "q_75": 0.019394499249756336, "min": 0.01850433275103569, "max": 0.020504900254309177, "mean": 0.019278978789225222, "std": 0.0006496325299718701, "repeat": 10, "number": 1}]}, "irradiance.Irradiance.time_erbs": {"result": [0.013254024321213365], "stats": [{"ci_99": [0.012358109932392836, 0.014116955921053886], "q_25": 0.012732459348626435, "q_75": 0.0136299270670861, "min": 0.012358109932392836, "max": 0.014116955921053886, "mean": 0.01319671431556344, "std": 0.0005411569150121985, "repeat": 10, "number": 1}]}, "irradiance.Irradiance.time_get_extra_radiation": {"result": [0.002656669297721237], "stats": [{"ci_99": [0.0026137875393033028, 0.0031047192169353366], "q_25": 0.002637680940097198, "q_75": 0.0026862180384341627, "min": 0.0026137875393033028, "max": 0.0031047192169353366, "mean": 0.0027051163837313653, "std": 0.0001387841407238565, "repeat": 10, "number": 4}]}, "irradiance.Irradiance.time_get_ground_diffuse": {"result": [0.0005893326985339324], "stats": [{"ci_99": [0.0005632656264222331, 0.0006057039524118105], "q_25": 0.000577267834968451, "q_75": 0.000599716835293091, "min": 0.0005632656264222331, "max": 0.0006057039524118105, "mean": 0.0005869779296012389, "std": 1.4700228188202535e-05, "repeat": 10, "number": 18}]}, "irradiance.Irradiance.time_get_total_irradiance": {"result": [0.005460929241962731], "stats": [{"ci_99": [0.00519985263235867, 0.0055094254203140736], "q_25": 0.005361508403439075, "q_75": 0.0054831490851938725, "min": 0.00519985263235867, "max": 0.0055094254203140736, "mean": 0.005418307916261256, "std": 9.680840586199213e-05, "repeat": 10, "number": 2}]}, "location.Location.time_location_get_airmass": {"result": [0.001425837486749515], "stats": [{"ci_99": [0.0013170483871363103, 0.0014608611236326396], "q_25": 0.0013579974765889347, "q_75": 0.0014463360857916996, "min": 0.0013170483871363103, "max": 0.0014608611236326396, "mean": 0.0014045705494936556, "std": 5.3547799048646816e-05, "repeat": 10, "number": 8}]}, "location.Location.time_location_get_clearsky": {"result": [0.012977666454389691], "stats": [{"ci_99": [0.012354030273854733, 0.013362060766667128], "q_25": 0.01279076049104333, "q_75": 0.013042849488556385, "min": 0.012354030273854733, "max": 0.013362060766667128, "mean": 0.012921916600316764, "std": 0.0002527118405396725, "repeat": 10, "number": 1}]}, "location.Location.time_location_get_solarposition": {"result": [0.018264838960021734], "stats": [{"ci_99": [0.017743442207574844, 0.018418764229863882], "q_25": 0.018222653423435986, "q_75": 0.018330542254261672, "min": 0.017743442207574844, "max": 0.018418764229863882, "mean": 0.01819635359570384, "std": 0.00022093470562272423, "repeat": 10, "number": 1}]}, "location.Location_0_6_1.time_location_get_sun_rise_set_transit_pyephem": {"result": [0.19813207210972905], "stats": [{"ci_99": [0.19697417505085468, 0.1986354379914701], "q_25": 0.19798781024292111, "q_75": 0.19846503634471446, "min": 0.19697417505085468, "max": 0.1986354379914701, "mean": 0.19807504368945955, "std": 0.0005099536528450309, "repeat": 10, "number": 1}]}, "location.Location_0_6_1.time_location_get_sun_rise_set_transit_spa": {"result": [0.04327556514181197], "stats": [{"ci_99": [0.04283645888790488, 0.0436576372012496], "q_25": 0.04309758695308119, "q_75": 0.043459605309180915, "min": 0.04283645888790488, "max": 0.0436576372012496, "mean": 0.043264049338176847, "std": 0.0002578669281025142, "repeat": 10, "number": 1}]}, "solarposition.SolarPosition.time_ephemeris": {"result": [0.024562701350077987], "stats": [{"ci_99": [0.023593492805957794, 0.025168674997985363], "q_25": 0.02442693361081183, "q_75": 0.024708405835554004, "min": 0.023593492805957794, "max": 0.025168674997985363, "mean": 0.024542202707380056, "std": 0.0003974239571172877, "repeat": 10, "number": 1}]}, "solarposition.SolarPosition.time_ephemeris_localized": {"result": [0.024532634997740388], "stats": [{"ci_99": [0.02343242010101676, 0.02520561031997204], "q_25": 0.023530013859272003, "q_75": 0.024965861928649247, "min": 0.02343242010101676, "max": 0.02520561031997204, "mean": 0.024322561686858535, "std": 0.0007038782107857337, "repeat": 10, "number": 1}]}, "solarposition.SolarPosition.time_nrel_earthsun_distance": {"result": [0.0237602018751204], "stats": [{"ci_99": [0.023587140254676342, 0.0240422529168427], "q_25": 0.023697910364717245, "q_75": 0.023886328097432852, "min": 0.023587140254676342, "max": 0.0240422529168427, "mean": 0.02379492800682783, "std": 0.00013565647172305038, "repeat": 10, "number": 1}]}, "solarposition.SolarPosition.time_spa_python": {"result": [0.029304074589163065], "stats": [{"ci_99": [0.02858303813263774, 0.029649919364601374], "q_25": 0.029195291572250426, "q_75": 0.02934270689729601, "min": 0.02858303813263774, "max": 0.029649919364601374, "mean": 0.029229444405063986, "std": 0.00027129689917326826, "repeat": 10, "number": 1}]}, "solarposition.SolarPosition.time_sun_rise_set_transit_spa": {"result": [0.0503815826959908], "stats": [{"ci_99": [0.04980117408558726, 0.0613138098269701], "q_25": 0.050244446960277855, "q_75": 0.05058256082702428, "min": 0.04980117408558726, "max": 0.0613138098269701, "mean": 0.05140917361713946, "std": 0.0033110327118375123, "repeat": 10, "number": 1}]}, "temperature.Fuentes.time_fuentes": NaN, "temperature.SAPM.time_sapm_cell": {"result": [0.0022495164070278403], "stats": [{"ci_99": [0.0022200595587491987, 0.002274352591484785], "q_25": 0.002234100154601038, "q_75": 0.0022664411459118127, "min": 0.0022200595587491987, "max": 0.002274352591484785, "mean": 0.0022500955499708654, "std": 1.8493289474446157e-05, "repeat": 10, "number": 5}]}, "tracking.SingleAxis.time_singleaxis": {"result": [0.006465306738391519], "stats": [{"ci_99": [0.006249171448871493, 0.006855882937088609], "q_25": 0.00634091452229768, "q_75": 0.006614779413212091, "min": 0.006249171448871493, "max": 0.006855882937088609, "mean": 0.006512451358139515, "std": 0.00020395212769270981, "repeat": 10, "number": 2}]}, "tracking.SingleAxis.time_tracker_singleaxis": {"result": [0.006449686014093459], "stats": [{"ci_99": [0.00618267897516489, 0.006918457569554448], "q_25": 0.006238784815650433, "q_75": 0.006607416609767824, "min": 0.00618267897516489, "max": 0.006918457569554448, "mean": 0.006460844934917986, "std": 0.00023552359911563925, "repeat": 10, "number": 2}]}}, "params": {"arch": "x86_64", "cpu": "Intel Xeon Processor (Skylake, IBRS)",