{"results": {"irradiance.Irradiance.time_aoi": {"result": [0.002172980830073357], "stats": [{"ci_99": [0.0021412230096757414, 0.002437929343432188], "q_25": 0.0021560417721048, "q_75": 0.0021882849978283048, "min": 0.0021412230096757414, "max": 0.002437929343432188, "mean": 0.0022011693473905324, "std": 8.34126632190889e-05, "repeat": 10, "number": 5}]}, "irradiance.Irradiance.time_aoi_projection": {"result": [0.0022245597559958693], "stats": [{"ci_99": [0.0022176604717969893, 0.0022480119951069355], "q_25": 0.0022209626389667393, "q_75": 0.002232271945104003, "min": 0.0022176604717969893, "max": 0.0022480119951069355, "mean": 0.002228231355547905, "std": 9.756867735451679e-06, "repeat": 10, "number": 5}]}, "irradiance.Irradiance.time_dirindex": {"result": [0.1445338896010071], "stats": [{"ci_99": [0.14076617825776339, 0.14878011215478182], "q_25": 0.14293275051750243, "q_75": 0.1455028640339151, "min": 0.14076617825776339, "max": 0.14878011215478182, "mean": 0.14472126900218427, "std": 0.0024213856043549436, "repeat": 10, "number": 1}]}, "irradiance.Irradiance.time_dirint": {"result": [0.07233042200095952], "stats": [{"ci_99": [0.0699591119773686, 0.07382133277133107], "q_25": 0.0709495417540893, "q_75": 0.07319215568713844, "min": 0.0699591119773686, "max": 0.07382133277133107, "mean": 0.07210525325499476, "std": 0.0012661025751021266, "repeat": 10, "number": 1}]}, "irradiance.Irradiance.time_disc": {"result": [0.019759716000407934], "stats": [{"ci_99": [0.018173642922192812, 0.02070359792560339], "q_25": 0.019259622204117477, "q_75": 0.02001881878823042, "min": 0.018173642922192812, "max": 0.02070359792560339, "mean": 0.019561255956068634, "std": 0.0007447652440357777, "repeat": 10, "number": 1}]}, "irradiance.Irradiance.time_erbs": {"result": [0.013441354967653751], "stats": [{"ci_99": [0.013324677012860775, 0.01379429129883647], "q_25": 0.013387423357926309, "q_75": 0.013528456445783377, "min": 0.013324677012860775, "max": 0.01379429129883647, "mean": 0.013479451136663555, "std": 0.00012959811810318012, "repeat": 10, "number": 1}]}, "irradiance.Irradiance.time_get_extra_radiation": {"result": [0.0026438700151629746], "stats": [{"ci_99": [0.002626789268106222, 0.002695984556339681], "q_25": 0.0026386735553387552, "q_75": 0.002689570013899356, "min": 0.002626789268106222, "max": 0.002695984556339681, "mean": 0.002659494068939239, "std": 2.62411493606753e-05, "repeat": 10, "number": 4}]}, "irradiance.Irradiance.time_get_ground_diffuse": {"result": [0.0005653372267261148], "stats": [{"ci_99": [0.0005076901987195015, 0.0005707642063498497], "q_25": 0.0005541134276427328, "q_75": 0.0005692831124179064, "min": 0.0005076901987195015, "max": 0.0005707642063498497, "mean": 0.000554287857376039, "std": 2.3291470592355887e-05, "repeat": 10, "number": 20}]}, "irradiance.Irradiance.time_get_total_irradiance": {"result": [0.005182449007406831], "stats": [{"ci_99": [0.005153314908966422, 0.005417568609118462], "q_25": 0.005176522012334317, "q_75": 0.005201646534260362, "min": 0.005153314908966422, "max": 0.005417568609118462, "mean": 0.005215616524219513, "std": 7.675627996980268e-05, "repeat": 10, "number": 2}]}, "location.Location.time_location_get_airmass": {"result": [0.0014908338032130685], "stats": [{"ci_99": [0.001370644529483148, 0.0015005992858537606], "q_25": 0.0014833661927176373, "q_75": 0.001493250103002148, "min": 0.001370644529483148, "max": 0.0015005992858537606, "mean": 0.0014685816331101316, "std": 4.613884194069813e-05, "repeat": 10, "number": 7}]}, "location.Location.time_location_get_clearsky": {"result": [0.013119902461767197], "stats": [{"ci_99": [0.01221120823174715, 0.013893606141209602], "q_25": 0.012494734721258283, "q_75": 0.01329971943050623, "min": 0.01221120823174715, "max": 0.013893606141209602, "mean": 0.012966736778616905, "std": 0.0005256377788399463, "repeat": 10, "number": 1}]}, "location.Location.time_location_get_solarposition": {"result": [0.017725748708471656], "stats": [{"ci_99": [0.017598316073417664, 0.017996989656239748], "q_25": 0.017700718599371612, "q_75": 0.017799257300794125, "min": 0.017598316073417664, "max": 0.017996989656239748, "mean": 0.017754872888326646, "std": 0.00010693550884485235, "repeat": 10, "number": 1}]}, "location.Location_0_6_1.time_location_get_sun_rise_set_transit_pyephem": {"result": [0.1969254829455167], "stats": [{"ci_99": [0.19615753507241607, 0.19773500971496105], "q_25": 0.19661626720335335, "q_75": 0.19737257028464228, "min": 0.19615753507241607, "max": 0.19773500971496105, "mean": 0.19696291126310825, "std": 0.0004739135566066096, "repeat": 10, "number": 1}]}, "location.Location_0_6_1.time_location_get_sun_rise_set_transit_spa": {"result": [0.042901868000626564], "stats": [{"ci_99": [0.042193968780338764, 0.04394147917628288], "q_25": 0.04289300460368395, "q_75": 0.04302626184653491, "min": 0.042193968780338764, "max": 0.04394147917628288, "mean": 0.0429757400881499, "std": 0.0004777443640895943, "repeat": 10, "number": 1}]}, "solarposition.SolarPosition.time_ephemeris": {"result": [0.02486287709325552], "stats": [{"ci_99": [0.023863826412707567, 0.025591100100427866], "q_25": 0.02414921554736793, "q_75": 0.025227011181414127, "min": 0.023863826412707567, "max": 0.025591100100427866, "mean": 0.02472722283564508, "std": 0.0005920726555438476, "repeat": 10, "number": 1}]}, "solarposition.SolarPosition.time_ephemeris_localized": {"result": [0.02424588636495173], "stats": [{"ci_99": [0.02355843409895897, 0.02551871631294489], "q_25": 0.023923257365822792, "q_75": 0.02496754634194076, "min": 0.02355843409895897, "max": 0.02551871631294489, "mean": 0.024402138823643327, "std": 0.0006318034309045913, "repeat": 10, "number": 1}]}, "solarposition.SolarPosition.time_nrel_earthsun_distance": {"result": [0.02306290273554623], "stats": [{"ci_99": [0.022989158984273672, 0.023297972045838833], "q_25": 0.023023319663479924, "q_75": 0.023192937718704343, "min": 0.022989158984273672, "max": 0.023297972045838833, "mean": 0.023113505309447648, "std": 0.00011145934546019066, "repeat": 10, "number": 1}]}, "solarposition.SolarPosition.time_spa_python": {"result": [0.02855970896780491], "stats": [{"ci_99": [0.028261329978704453, 0.029436413198709488], "q_25": 0.02840655599720776, "q_75": 0.02871402120217681, "min": 0.028261329978704453, "max": 0.029436413198709488, "mean": 0.028631056379526853, "std": 0.0003330407573100647, "repeat": 10, "number": 1}]}, "solarposition.SolarPosition.time_sun_rise_set_transit_spa": {"result": [0.04924349021166563], "stats": [{"ci_99": [0.0487326611764729, 0.050445602275431156], "q_25": 0.04888945270795375, "q_75": 0.04949566605500877, "min": 0.0487326611764729, "max": 0.050445602275431156, "mean": 0.049300670297816394, "std": 0.0005050797230259994, "repeat": 10, "number": 1}]}, "temperature.Fuentes.time_fuentes": {"result": [NaN, null, null], "params": [["'a'", "'b'", "'deltaT'"]]}, "tracking.SingleAxis.time_singleaxis": {"result": [0.006364875240251422], "stats": [{"ci_99": [0.0062178149819374084, 0.007011514855548739], "q_25": 0.00633299519540742, "q_75": 0.006399031146429479, "min": 0.0062178149819374084, "max": 0.007011514855548739, "mean": 0.006433547986671328, "std": 0.0002271254299445557, "repeat": 10, "number": 2}]}, "tracking.SingleAxis.time_tracker_singleaxis": {"result": [0.006338590057566762], "stats": [{"ci_99": [0.006117095006629825, 0.006530646933242679], "q_25": 0.006259864312596619, "q_75": 0.006419461045879871, "min": 0.006117095006629825, "max": 0.006530646933242679, "mean": 0.006336566223762929, "std": 0.00012081449329642449, "repeat": 10, "number": 2}]}, "temperature.SAPM.time_sapm_cell": {"result": [0.0022878882475197313], "stats": [{"ci_99": [0.002055718656629324, 0.002356795035302639], "q_25": 0.002068624505773187, "q_75": 0.0023011971963569525, "min": 0.002055718656629324, "max": 0.002356795035302639, "mean": 0.0022113647870719436, "std": 0.00012252398541541114, "repeat": 10, "number": 5}]}}, "params": {"arch": "x86_64",