{"results": {"irradiance.Irradiance.time_aoi": {"result": [0.002374756895005703], "stats": [{"ci_99": [0.002348046563565731, 0.002413120400160551], "q_25": 0.0023676812183111903, "q_75": 0.002390156872570515, "min": 0.002348046563565731, "max": 0.002413120400160551, "mean": 0.0023780746199190614, "std": 1.9101809936616384e-05, "repeat": 10, "number": 5}]}, "irradiance.Irradiance.time_aoi_projection": {"result": [0.002150984015315771], "stats": [{"ci_99": [0.0021061144769191744, 0.0021898829378187656], "q_25": 0.002134963567368686, "q_75": 0.0021644008811563253, "min": 0.0021061144769191744, "max": 0.0021898829378187656, "mean": 0.002149240830913186, "std": 2.6147750972183394e-05, "repeat": 10, "number": 5}]}, "irradiance.Irradiance.time_dirindex": {"result": [0.06590204662643373], "stats": [{"ci_99": [0.06525496998801827, 0.07061185175552964], "q_25": 0.06557216960936785, "q_75": 0.06834168476052582, "min": 0.06525496998801827, "max": 0.07061185175552964, "mean": 0.06701166676357388, "std": 0.0020419728880224633, "repeat": 10, "number": 1}]}, "irradiance.Irradiance.time_dirint": {"result": [0.03252888051792979], "stats": [{"ci_99": [0.03239379823207855, 0.03359060687944293], "q_25": 0.03248587716370821, "q_75": 0.03281801973935217, "min": 0.03239379823207855, "max": 0.03359060687944293, "mean": 0.03275243868120015, "std": 0.0004208647056418341, "repeat": 10, "number": 1}]}, "irradiance.Irradiance.time_disc": {"result": [0.012838265858590603], "stats": [{"ci_99": [0.012544949073344469, 0.013514809310436249], "q_25": 0.012770560453645885, "q_75": 0.013150836573913693, "min": 0.012544949073344469, "max": 0.013514809310436249, "mean": 0.012949267076328397, "std": 0.00027080142745347137, "repeat": 10, "number": 1}]}, "irradiance.Irradiance.time_erbs": {"result": [0.007360347779467702], "stats": [{"ci_99": [0.007046794053167105, 0.008071317337453365], "q_25": 0.00712707219645381, "q_75": 0.007519256439991295, "min": 0.007046794053167105, "max": 0.008071317337453365, "mean": 0.007428374886512756, "std": 0.00035087654628629985, "repeat": 10, "number": 2}]}, "irradiance.Irradiance.time_get_extra_radiation": {"result": [0.0005338260903954506], "stats": [{"ci_99": [0.0005271797301247716, 0.000566528714261949], "q_25": 0.0005317097355145961, "q_75": 0.0005616205395199358, "min": 0.0005271797301247716, "max": 0.000566528714261949, "mean": 0.0005437886761501431, "std": 1.5967894485903778e-05, "repeat": 10, "number": 20}]}, "irradiance.Irradiance.time_get_ground_diffuse": {"result": [0.0003510803337497958], "stats": [{"ci_99": [0.00032746364715798145, 0.0003882936876395653], "q_25": 0.0003290584487519388, "q_75": 0.0003661228592732343, "min": 0.00032746364715798145, "max": 0.0003882936876395653, "mean": 0.00035042512262689656, "std": 2.070299708208564e-05, "repeat": 10, "number": 29}]}, "irradiance.Irradiance.time_get_total_irradiance": {"result": [0.004531131669258078], "stats": [{"ci_99": [0.004442207360019286, 0.004692793978999059], "q_25": 0.004495423325958352, "q_75": 0.0045569709812601404, "min": 0.004442207360019286, "max": 0.004692793978999059, "mean": 0.004540279430026809, "std": 7.118115061727247e-05, "repeat": 10, "number": 3}]}, "location.Location.time_location_get_airmass": {"result": [0.0013683195284102112], "stats": [{"ci_99": [0.0013541158405132592, 0.0014119016123004258], "q_25": 0.0013637333177030087, "q_75": 0.0013727082550758496, "min": 0.0013541158405132592, "max": 0.0014119016123004258, "mean": 0.0013712260697502643, "std": 1.4814646564833224e-05, "repeat": 10, "number": 8}]}, "location.Location.time_location_get_clearsky": {"result": [0.009363509831018746], "stats": [{"ci_99": [0.008974490920081735, 0.009480856824666262], "q_25": 0.009232186945155263, "q_75": 0.009411283419467509, "min": 0.008974490920081735, "max": 0.009480856824666262, "mean": 0.009298789571039379, "std": 0.00016918228902367352, "repeat": 10, "number": 2}]}, "location.Location.time_location_get_solarposition": {"result": [0.015001675812527537], "stats": [{"ci_99": [0.014952323865145445, 0.016367971897125244], "q_25": 0.014990745228715241, "q_75": 0.015049287234432995, "min": 0.014952323865145445, "max": 0.016367971897125244, "mean": 0.015272019384428858, "std": 0.0005433625030637356, "repeat": 10, "number": 1}]}, "location.Location_0_6_1.time_location_get_sun_rise_set_transit_pyephem": {"result": [0.18304526200518012], "stats": [{"ci_99": [0.18051554402336478, 0.19733203714713454], "q_25": 0.1813011325430125, "q_75": 0.19673408707603812, "min": 0.18051554402336478, "max": 0.19733203714713454, "mean": 0.1878119799308479, "std": 0.0075402563462320625, "repeat": 10, "number": 1}]}, "location.Location_0_6_1.time_location_get_sun_rise_set_transit_spa": {"result": [0.0325623385142535], "stats": [{"ci_99": [0.03235667431727052, 0.032695995178073645], "q_25": 0.032497038948349655, "q_75": 0.032585748587735, "min": 0.03235667431727052, "max": 0.032695995178073645, "mean": 0.03254394973628223, "std": 9.682718698609856e-05, "repeat": 10, "number": 1}]}, "solarposition.SolarPosition.time_ephemeris": {"result": [0.018401199486106634], "stats": [{"ci_99": [0.018095870967954397, 0.019812162034213543], "q_25": 0.018276103539392352, "q_75": 0.019227833719924092, "min": 0.018095870967954397, "max": 0.019812162034213543, "mean": 0.018721146089956165, "std": 0.0006278933211432868, "repeat": 10, "number": 1}]}, "solarposition.SolarPosition.time_ephemeris_localized": {"result": [0.01841862266883254], "stats": [{"ci_99": [0.017921898048371077, 0.01873086905106902], "q_25": 0.018237827462144196, "q_75": 0.018556754919700325, "min": 0.017921898048371077, "max": 0.01873086905106902, "mean": 0.018396558240056038, "std": 0.00023738921344536716, "repeat": 10, "number": 1}]}, "solarposition.SolarPosition.time_nrel_earthsun_distance": {"result": [0.022635624278336763], "stats": [{"ci_99": [0.022243861109018326, 0.023170772939920425], "q_25": 0.022510838345624506, "q_75": 0.022657660418190062, "min": 0.022243861109018326, "max": 0.023170772939920425, "mean": 0.022608673432841897, "std": 0.00023893347224717914, "repeat": 10, "number": 1}]}, "solarposition.SolarPosition.time_spa_python": {"result": [0.025709976442158222], "stats": [{"ci_99": [0.025379430036991835, 0.026378776878118515], "q_25": 0.02562032814603299, "q_75": 0.026114721200428903, "min": 0.025379430036991835, "max": 0.026378776878118515, "mean": 0.025835951697081326, "std": 0.0003305203281603963, "repeat": 10, "number": 1}]}, "solarposition.SolarPosition.time_sun_rise_set_transit_spa": {"result": [0.037317689042538404], "stats": [{"ci_99": [0.037156561855226755, 0.03752848505973816], "q_25": 0.0372811317211017, "q_75": 0.037392584257759154, "min": 0.037156561855226755, "max": 0.03752848505973816, "mean": 0.037340533128008245, "std": 0.00011112562207396167, "repeat": 10, "number": 1}]}, "temperature.Fuentes.time_fuentes": NaN, "temperature.SAPM.time_sapm_cell": {"result": [0.0010413392446935177], "stats": [{"ci_99": [0.0010029890574514866, 0.0010545052122324706], "q_25": 0.0010295637883245947, "q_75": 0.001049471867736429, "min": 0.0010029890574514866, "max": 0.0010545052122324706, "mean": 0.0010364948818460107, "std": 1.6225469460888778e-05, "repeat": 10, "number": 10}]}, "tracking.SingleAxis.time_singleaxis": {"result": [0.019931142451241612], "stats": [{"ci_99": [0.018085461109876633, 0.02183692902326584], "q_25": 0.018668415606953204, "q_75": 0.020908558974042535, "min": 0.018085461109876633, "max": 0.02183692902326584, "mean": 0.019845008058473466, "std": 0.0012269876441036878, "repeat": 10, "number": 1}]}, "tracking.SingleAxis.time_tracker_singleaxis": {"result": [0.018333795247599483], "stats": [{"ci_99": [0.016910420265048742, 0.02129225293174386], "q_25": 0.017780979862436652, "q_75": 0.019309395691379905, "min": 0.016910420265048742, "max": 0.02129225293174386, "mean": 0.018771882774308322, "std": 0.0014156285858898624, "repeat": 10, "number": 1}]}}, "params": {"arch": "x86_64", "cpu": "Intel Xeon Processor (Skylake, IBRS)",