{"results": {"irradiance.Irradiance.time_aoi": {"result": [0.002420448698103428], "stats": [{"ci_99": [0.002354543004184961, 0.0024640562012791635], "q_25": 0.0024021036690101026, "q_75": 0.002449583238922059, "min": 0.002354543004184961, "max": 0.0024640562012791635, "mean": 0.002419534120708704, "std": 3.471632472777431e-05, "repeat": 10, "number": 5}]}, "irradiance.Irradiance.time_aoi_projection": {"result": [0.002144171390682459], "stats": [{"ci_99": [0.0020986526273190976, 0.002231988403946161], "q_25": 0.0021314111305400733, "q_75": 0.002179794735275209, "min": 0.0020986526273190976, "max": 0.002231988403946161, "mean": 0.0021546565461903807, "std": 3.7749784609957585e-05, "repeat": 10, "number": 5}]}, "irradiance.Irradiance.time_dirindex": {"result": [0.06577015505172312], "stats": [{"ci_99": [0.06523090694099665, 0.0664953519590199], "q_25": 0.06543512595817447, "q_75": 0.06596750987228006, "min": 0.06523090694099665, "max": 0.0664953519590199, "mean": 0.06576363677158951, "std": 0.0003862757606938982, "repeat": 10, "number": 1}]}, "irradiance.Irradiance.time_dirint": {"result": [0.032538409577682614], "stats": [{"ci_99": [0.031919827219098806, 0.03325989609584212], "q_25": 0.03233696334064007, "q_75": 0.032702004187740386, "min": 0.031919827219098806, "max": 0.03325989609584212, "mean": 0.032509751804172995, "std": 0.00038368076560202504, "repeat": 10, "number": 1}]}, "irradiance.Irradiance.time_disc": {"result": [0.012666035909205675], "stats": [{"ci_99": [0.012366070877760649, 0.013054409064352512], "q_25": 0.012422214262187481, "q_75": 0.012769341934472322, "min": 0.012366070877760649, "max": 0.013054409064352512, "mean": 0.012632874399423599, "std": 0.00021483140018022765, "repeat": 10, "number": 1}]}, "irradiance.Irradiance.time_erbs": {"result": [0.0074113678419962525], "stats": [{"ci_99": [0.007234886987134814, 0.007744599599391222], "q_25": 0.007337661110796034, "q_75": 0.007460475084371865, "min": 0.007234886987134814, "max": 0.007744599599391222, "mean": 0.007421263423748314, "std": 0.00013174697212232816, "repeat": 10, "number": 2}]}, "irradiance.Irradiance.time_get_extra_radiation": {"result": [0.000533190683927387], "stats": [{"ci_99": [0.0005289743887260557, 0.0005423141876235605], "q_25": 0.0005299759621266276, "q_75": 0.0005354623077437282, "min": 0.0005289743887260557, "max": 0.0005423141876235605, "mean": 0.0005338331614620983, "std": 4.307642231354154e-06, "repeat": 10, "number": 20}]}, "irradiance.Irradiance.time_get_ground_diffuse": {"result": [0.0003552561075511304], "stats": [{"ci_99": [0.0003289155182287549, 0.00037596136275114435], "q_25": 0.00033662555330066067, "q_75": 0.00036754689503912675, "min": 0.0003289155182287549, "max": 0.00037596136275114435, "mean": 0.0003532219170169396, "std": 1.649074616026926e-05, "repeat": 10, "number": 33}]}, "irradiance.Irradiance.time_get_total_irradiance": {"result": [0.004580391803756356], "stats": [{"ci_99": [0.00451646838337183, 0.004634252438942592], "q_25": 0.004557175988641878, "q_75": 0.004589913374123474, "min": 0.00451646838337183, "max": 0.004634252438942592, "mean": 0.004578859157239397, "std": 3.459756037626195e-05, "repeat": 10, "number": 3}]}, "location.Location.time_location_get_airmass": {"result": [0.0013880047481507063], "stats": [{"ci_99": [0.0013761817826889455, 0.0013973531313240528], "q_25": 0.001382526766974479, "q_75": 0.0013934870657976717, "min": 0.0013761817826889455, "max": 0.0013973531313240528, "mean": 0.0013877123536076396, "std": 6.716816630857473e-06, "repeat": 10, "number": 8}]}, "location.Location.time_location_get_clearsky": {"result": [0.009438765118829906], "stats": [{"ci_99": [0.009365605190396309, 0.009815270081162453], "q_25": 0.009393969317898154, "q_75": 0.009472629171796143, "min": 0.009365605190396309, "max": 0.009815270081162453, "mean": 0.009464851976372302, "std": 0.00012388951802909842, "repeat": 10, "number": 2}]}, "location.Location.time_location_get_solarposition": {"result": [0.015003758016973734], "stats": [{"ci_99": [0.014902896247804165, 0.015053132083266973], "q_25": 0.014994120341725647, "q_75": 0.015025367960333824, "min": 0.014902896247804165, "max": 0.015053132083266973, "mean": 0.015000907704234123, "std": 3.9138417721496e-05, "repeat": 10, "number": 1}]}, "location.Location_0_6_1.time_location_get_sun_rise_set_transit_pyephem": {"result": [0.18289004964753985], "stats": [{"ci_99": [0.18247709097340703, 0.18473994685336947], "q_25": 0.18269339844118804, "q_75": 0.18335021275561303, "min": 0.18247709097340703, "max": 0.18473994685336947, "mean": 0.18309076935984195, "std": 0.0006489895352625467, "repeat": 10, "number": 1}]}, "location.Location_0_6_1.time_location_get_sun_rise_set_transit_spa": {"result": [0.03221210674382746], "stats": [{"ci_99": [0.03183238301426172, 0.03242668695747852], "q_25": 0.03207214525900781, "q_75": 0.03230701445136219, "min": 0.03183238301426172, "max": 0.03242668695747852, "mean": 0.03217739947140217, "std": 0.000175054640896126, "repeat": 10, "number": 1}]}, "solarposition.SolarPosition.time_ephemeris": {"result": [0.018495261669158936], "stats": [{"ci_99": [0.0182423060759902, 0.0188456610776484], "q_25": 0.018364231567829847, "q_75": 0.018618598580360413, "min": 0.0182423060759902, "max": 0.0188456610776484, "mean": 0.018520303862169386, "std": 0.00019439972460623677, "repeat": 10, "number": 1}]}, "solarposition.SolarPosition.time_ephemeris_localized": {"result": [0.018434369238093495], "stats": [{"ci_99": [0.0182339777238667, 0.01932227797806263], "q_25": 0.01835338189266622, "q_75": 0.0185170496115461, "min": 0.0182339777238667, "max": 0.01932227797806263, "mean": 0.018501757783815263, "std": 0.00028832550897437656, "repeat": 10, "number": 1}]}, "solarposition.SolarPosition.time_nrel_earthsun_distance": {"result": [0.022785194916650653], "stats": [{"ci_99": [0.022225193213671446, 0.02310254331678152], "q_25": 0.02271441649645567, "q_75": 0.022873884765431285, "min": 0.022225193213671446, "max": 0.02310254331678152, "mean": 0.022763512423262, "std": 0.00021793629913497244, "repeat": 10, "number": 1}]}, "solarposition.SolarPosition.time_spa_python": {"result": [0.02577261650003493], "stats": [{"ci_99": [0.02561377314850688, 0.025813362095505], "q_25": 0.02568779280409217, "q_75": 0.025802456075325608, "min": 0.02561377314850688, "max": 0.025813362095505, "mean": 0.025742537202313544, "std": 6.955493951681522e-05, "repeat": 10, "number": 1}]}, "solarposition.SolarPosition.time_sun_rise_set_transit_spa": {"result": [0.03716716612689197], "stats": [{"ci_99": [0.03684937860816717, 0.03756043128669262], "q_25": 0.03708265908062458, "q_75": 0.03732635790947825, "min": 0.03684937860816717, "max": 0.03756043128669262, "mean": 0.037213676469400526, "std": 0.00020865746897735145, "repeat": 10, "number": 1}]}, "temperature.Fuentes.time_fuentes": NaN, "temperature.SAPM.time_sapm_cell": {"result": [0.0010260417634113269], "stats": [{"ci_99": [0.0009997438385405324, 0.0010564755225046115], "q_25": 0.0010148259726437655, "q_75": 0.0010379714975980196, "min": 0.0009997438385405324, "max": 0.0010564755225046115, "mean": 0.0010268908840688792, "std": 1.6092554214537748e-05, "repeat": 10, "number": 11}]}, "tracking.SingleAxis.time_singleaxis": {"result": [0.020005878759548068], "stats": [{"ci_99": [0.01624643011018634, 0.02268964285030961], "q_25": 0.01866091974079609, "q_75": 0.021262965397909284, "min": 0.01624643011018634, "max": 0.02268964285030961, "mean": 0.01980625865980983, "std": 0.0019311844757037328, "repeat": 10, "number": 1}]}, "tracking.SingleAxis.time_tracker_singleaxis": {"result": [0.020973235135897994], "stats": [{"ci_99": [0.01741624902933836, 0.024680783972144127], "q_25": 0.019520789035595953, "q_75": 0.02314535982441157, "min": 0.01741624902933836, "max": 0.024680783972144127, "mean": 0.02111456748098135, "std": 0.0024284202238789867, "repeat": 10, "number": 1}]}}, "params": {"arch": "x86_64", "cpu": "Intel Xeon Processor (Skylake, IBRS)",