{"results": {"irradiance.Irradiance.time_aoi": {"result": [0.0023137968964874744], "stats": [{"ci_99": [0.0022506628185510634, 0.002580193988978863], "q_25": 0.0022868404630571604, "q_75": 0.0023438744014129043, "min": 0.0022506628185510634, "max": 0.002580193988978863, "mean": 0.0023348853457719086, "std": 8.824939440181073e-05, "repeat": 10, "number": 5}]}, "irradiance.Irradiance.time_aoi_projection": {"result": [0.0019959633238613604], "stats": [{"ci_99": [0.0019742549397051335, 0.002116102073341608], "q_25": 0.001983619551174343, "q_75": 0.002021654485724866, "min": 0.0019742549397051335, "max": 0.002116102073341608, "mean": 0.002010678164660931, "std": 3.9914279556894294e-05, "repeat": 10, "number": 5}]}, "irradiance.Irradiance.time_dirindex": {"result": [0.14024071069434285], "stats": [{"ci_99": [0.13818823685869575, 0.14420298673212528], "q_25": 0.1387935816310346, "q_75": 0.14103485166560858, "min": 0.13818823685869575, "max": 0.14420298673212528, "mean": 0.14033958381041883, "std": 0.0017707713785328951, "repeat": 10, "number": 1}]}, "irradiance.Irradiance.time_dirint": {"result": [0.06919263419695199], "stats": [{"ci_99": [0.06836315337568521, 0.07225936790928245], "q_25": 0.06879295862745494, "q_75": 0.07047242124099284, "min": 0.06836315337568521, "max": 0.07225936790928245, "mean": 0.06978382607921958, "std": 0.0013238002326723694, "repeat": 10, "number": 1}]}, "irradiance.Irradiance.time_disc": {"result": [0.019292527111247182], "stats": [{"ci_99": [0.018050463870167732, 0.020580867771059275], "q_25": 0.0190205832477659, "q_75": 0.019671093206852674, "min": 0.018050463870167732, "max": 0.020580867771059275, "mean": 0.019340916397050024, "std": 0.000707069413143729, "repeat": 10, "number": 1}]}, "irradiance.Irradiance.time_erbs": {"result": [0.013102058321237564], "stats": [{"ci_99": [0.012964260764420033, 0.013821020722389221], "q_25": 0.013044773950241506, "q_75": 0.013558684615418315, "min": 0.012964260764420033, "max": 0.013821020722389221, "mean": 0.013266125693917274, "std": 0.00032044079892148926, "repeat": 10, "number": 1}]}, "irradiance.Irradiance.time_get_extra_radiation": {"result": [0.002636717399582267], "stats": [{"ci_99": [0.0025902646593749523, 0.0026627909392118454], "q_25": 0.0026277265860699117, "q_75": 0.002646130626089871, "min": 0.0025902646593749523, "max": 0.0026627909392118454, "mean": 0.0026329442742280664, "std": 2.326820450269749e-05, "repeat": 10, "number": 4}]}, "irradiance.Irradiance.time_get_ground_diffuse": {"result": [0.0005242317798547447], "stats": [{"ci_99": [0.0005012466572225094, 0.0005759900901466608], "q_25": 0.0005149366799741984, "q_75": 0.0005353556771297008, "min": 0.0005012466572225094, "max": 0.0005759900901466608, "mean": 0.0005309285363182426, "std": 2.3573463545055377e-05, "repeat": 10, "number": 20}]}, "irradiance.Irradiance.time_get_total_irradiance": {"result": [0.005390908452682197], "stats": [{"ci_99": [0.005336072528734803, 0.00554336654022336], "q_25": 0.005353349726647139, "q_75": 0.00545548991067335, "min": 0.005336072528734803, "max": 0.00554336654022336, "mean": 0.005413377052173018, "std": 6.978677378151473e-05, "repeat": 10, "number": 2}]}, "location.Location.time_location_get_airmass": {"result": [0.0014296895533334464], "stats": [{"ci_99": [0.001413464662618935, 0.00143167789792642], "q_25": 0.0014193411770975217, "q_75": 0.001431281110853888, "min": 0.001413464662618935, "max": 0.00143167789792642, "mean": 0.001425714517245069, "std": 6.6814164310818735e-06, "repeat": 10, "number": 8}]}, "location.Location.time_location_get_clearsky": {"result": [0.012376997387036681], "stats": [{"ci_99": [0.012141376733779907, 0.012961098924279213], "q_25": 0.012213730718940496, "q_75": 0.012689123279415071, "min": 0.012141376733779907, "max": 0.012961098924279213, "mean": 0.012456334382295608, "std": 0.0002770529833711386, "repeat": 10, "number": 1}]}, "location.Location.time_location_get_solarposition": {"result": [0.017947771586477757], "stats": [{"ci_99": [0.01775627164170146, 0.01834974717348814], "q_25": 0.017909501562826335, "q_75": 0.017966152634471655, "min": 0.01775627164170146, "max": 0.01834974717348814, "mean": 0.01798756788484752, "std": 0.0001799490226284965, "repeat": 10, "number": 1}]}, "location.Location_0_6_1.time_location_get_sun_rise_set_transit_pyephem": {"result": [0.19467284251004457], "stats": [{"ci_99": [0.17843905091285706, 0.19511671690270305], "q_25": 0.1945612896233797, "q_75": 0.19481159059796482, "min": 0.17843905091285706, "max": 0.19511671690270305, "mean": 0.19150917874649168, "std": 0.0064971974024031895, "repeat": 10, "number": 1}]}, "location.Location_0_6_1.time_location_get_sun_rise_set_transit_spa": {"result": [0.04373736050911248], "stats": [{"ci_99": [0.04336142912507057, 0.04445067001506686], "q_25": 0.04360396915581077, "q_75": 0.04398835287429392, "min": 0.04336142912507057, "max": 0.04445067001506686, "mean": 0.04379839706234634, "std": 0.00033235425746861103, "repeat": 10, "number": 1}]}, "solarposition.SolarPosition.time_ephemeris": {"result": [0.02458424703218043], "stats": [{"ci_99": [0.023702452890574932, 0.02494118409231305], "q_25": 0.024123353185132146, "q_75": 0.024790745810605586, "min": 0.023702452890574932, "max": 0.02494118409231305, "mean": 0.02443495593033731, "std": 0.000429232086803744, "repeat": 10, "number": 1}]}, "solarposition.SolarPosition.time_ephemeris_localized": {"result": [0.024752305820584297], "stats": [{"ci_99": [0.024505479261279106, 0.025139607023447752], "q_25": 0.02464085561223328, "q_75": 0.02489490923471749, "min": 0.024505479261279106, "max": 0.025139607023447752, "mean": 0.024784997664391996, "std": 0.00020777983397962134, "repeat": 10, "number": 1}]}, "solarposition.SolarPosition.time_nrel_earthsun_distance": {"result": [0.02405410911887884], "stats": [{"ci_99": [0.02389658009633422, 0.0242411270737648], "q_25": 0.024016604060307145, "q_75": 0.024101762915961444, "min": 0.02389658009633422, "max": 0.0242411270737648, "mean": 0.024063242506235837, "std": 0.00010558749772765216, "repeat": 10, "number": 1}]}, "solarposition.SolarPosition.time_spa_python": {"result": [0.02872551092877984], "stats": [{"ci_99": [0.02857202896848321, 0.029485720675438643], "q_25": 0.02865319710690528, "q_75": 0.029029699508100748, "min": 0.02857202896848321, "max": 0.029485720675438643, "mean": 0.02887214287184179, "std": 0.0003108009014303141, "repeat": 10, "number": 1}]}, "solarposition.SolarPosition.time_sun_rise_set_transit_spa": {"result": [0.05011044442653656], "stats": [{"ci_99": [0.049879493191838264, 0.05108296498656273], "q_25": 0.04993642109911889, "q_75": 0.05068975524045527, "min": 0.049879493191838264, "max": 0.05108296498656273, "mean": 0.050287977093830705, "std": 0.00043840500882443673, "repeat": 10, "number": 1}]}, "temperature.Fuentes.time_fuentes": NaN, "temperature.SAPM.time_sapm_cell": {"result": [0.0015169453108683228], "stats": [{"ci_99": [0.0014112929929979146, 0.0016307318583130836], "q_25": 0.001414821614162065, "q_75": 0.001599792332854122, "min": 0.0014112929929979146, "max": 0.0016307318583130836, "mean": 0.001513447822071612, "std": 9.411293657097569e-05, "repeat": 10, "number": 8}]}, "tracking.SingleAxis.time_singleaxis": {"result": [0.006420242367312312], "stats": [{"ci_99": [0.006138917524367571, 0.007039697840809822], "q_25": 0.006229948892723769, "q_75": 0.006539179477840662, "min": 0.006138917524367571, "max": 0.007039697840809822, "mean": 0.0064497813815251, "std": 0.00026204361081428, "repeat": 10, "number": 2}]}, "tracking.SingleAxis.time_tracker_singleaxis": {"result": [0.00634263304527849], "stats": [{"ci_99": [0.006185316480696201, 0.0067520905286073685], "q_25": 0.0063050027820281684, "q_75": 0.006407550361473113, "min": 0.006185316480696201, "max": 0.0067520905286073685, "mean": 0.006395881180651486, "std": 0.00016360353459340577, "repeat": 10, "number": 2}]}}, "params": {"arch": "x86_64", "cpu": "Intel Xeon Processor (Skylake, IBRS)",