{"results": {"irradiance.TimeSuite.time_aoi": {"result": [0.0022467607632279396], "stats": [{"ci_99": [0.002202291041612625, 0.002471949625760317], "q_25": 0.002211925643496215, "q_75": 0.002346567274071276, "min": 0.002202291041612625, "max": 0.002471949625760317, "mean": 0.0022890591714531186, "std": 8.933680024758086e-05, "repeat": 10, "number": 5}]}, "irradiance.TimeSuite.time_aoi_projection": {"result": [0.0023264063987880946], "stats": [{"ci_99": [0.002239887975156307, 0.002641639020293951], "q_25": 0.0023071923758834602, "q_75": 0.0023466709535568953, "min": 0.002239887975156307, "max": 0.002641639020293951, "mean": 0.0023725760076195005, "std": 0.0001231653906962197, "repeat": 10, "number": 5}]}, "irradiance.TimeSuite.time_dirindex": {"result": [0.14710633759386837], "stats": [{"ci_99": [0.14586935797706246, 0.15150017570704222], "q_25": 0.14644673594739288, "q_75": 0.14726629934739321, "min": 0.14586935797706246, "max": 0.15150017570704222, "mean": 0.14737770543433726, "std": 0.0015548305852656557, "repeat": 10, "number": 1}]}, "irradiance.TimeSuite.time_dirint": {"result": [0.07344017061404884], "stats": [{"ci_99": [0.0714102410711348, 0.07435067417100072], "q_25": 0.07281184592284262, "q_75": 0.0735783043783158, "min": 0.0714102410711348, "max": 0.07435067417100072, "mean": 0.07321486389264464, "std": 0.0007779863745183876, "repeat": 10, "number": 1}]}, "irradiance.TimeSuite.time_disc": {"result": [0.019664174178615212], "stats": [{"ci_99": [0.019379033241420984, 0.02000226965174079], "q_25": 0.019606953370384872, "q_75": 0.0197526776464656, "min": 0.019379033241420984, "max": 0.02000226965174079, "mean": 0.019694344140589237, "std": 0.00017009785428940825, "repeat": 10, "number": 1}]}, "irradiance.TimeSuite.time_erbs": {"result": [0.013383493525907397], "stats": [{"ci_99": [0.012379767838865519, 0.013657711911946535], "q_25": 0.013298530713655055, "q_75": 0.0134311307920143, "min": 0.012379767838865519, "max": 0.013657711911946535, "mean": 0.013235770259052515, "std": 0.0003988713697374052, "repeat": 10, "number": 1}]}, "irradiance.TimeSuite.time_get_extra_radiation": {"result": [0.0026759359752759337], "stats": [{"ci_99": [0.0026567665627226233, 0.002957601798698306], "q_25": 0.0026668356149457395, "q_75": 0.002857799961930141, "min": 0.0026567665627226233, "max": 0.002957601798698306, "mean": 0.002748910943046212, "std": 0.00011763653210750653, "repeat": 10, "number": 4}]}, "irradiance.TimeSuite.time_get_ground_diffuse": {"result": [0.0005405800300650298], "stats": [{"ci_99": [0.0005307001527398824, 0.0005931623978540302], "q_25": 0.000537624186836183, "q_75": 0.0005482726264744997, "min": 0.0005307001527398824, "max": 0.0005931623978540302, "mean": 0.0005465702922083438, "std": 1.7244765612986562e-05, "repeat": 10, "number": 20}]}, "irradiance.TimeSuite.time_get_total_irradiance": {"result": [0.00521426962222904], "stats": [{"ci_99": [0.00503801298327744, 0.005473732482641935], "q_25": 0.00508828362217173, "q_75": 0.005364794109482318, "min": 0.00503801298327744, "max": 0.005473732482641935, "mean": 0.00522789522074163, "std": 0.00015790536333961088, "repeat": 10, "number": 2}]}, "location.TimeSuite.time_location_get_airmass": {"result": [0.0014821159254227367], "stats": [{"ci_99": [0.0014792555677039282, 0.0014972705394029617], "q_25": 0.0014800599975777523, "q_75": 0.0014886623747380717, "min": 0.0014792555677039282, "max": 0.0014972705394029617, "mean": 0.0014850880817643233, "std": 6.137410922212945e-06, "repeat": 10, "number": 7}]}, "location.TimeSuite.time_location_get_clearsky": {"result": [0.013356036506593227], "stats": [{"ci_99": [0.013257976155728102, 0.01391190430149436], "q_25": 0.013291856739670038, "q_75": 0.013673410867340863, "min": 0.013257976155728102, "max": 0.01391190430149436, "mean": 0.013494706340134143, "std": 0.00024721432418595856, "repeat": 10, "number": 1}]}, "location.TimeSuite.time_location_get_solarposition": {"result": [0.01894665858708322], "stats": [{"ci_99": [0.018852658104151487, 0.019019082188606262], "q_25": 0.01890289143193513, "q_75": 0.019004259607754648, "min": 0.018852658104151487, "max": 0.019019082188606262, "mean": 0.018946645222604273, "std": 5.733008795414359e-05, "repeat": 10, "number": 1}]}, "location.TimeSuite.time_location_get_sun_rise_set_transit_pyephem": {"result": [0.19543714704923332], "stats": [{"ci_99": [0.19486741069704294, 0.19629206182435155], "q_25": 0.19517191511113197, "q_75": 0.19606765662319958, "min": 0.19486741069704294, "max": 0.19629206182435155, "mean": 0.1955494975671172, "std": 0.0005077912117610405, "repeat": 10, "number": 1}]}, "location.TimeSuite.time_location_get_sun_rise_set_transit_spa": {"result": [0.0449413382448256], "stats": [{"ci_99": [0.04456029273569584, 0.045293061062693596], "q_25": 0.044894781545735896, "q_75": 0.04502888233400881, "min": 0.04456029273569584, "max": 0.045293061062693596, "mean": 0.04493970931507647, "std": 0.00019052861402081884, "repeat": 10, "number": 1}]}, "solarposition.TimeSuite.time_ephemeris": {"result": [0.02545476076193154], "stats": [{"ci_99": [0.025277601089328527, 0.0258666779845953], "q_25": 0.025399661739356816, "q_75": 0.02568679000250995, "min": 0.025277601089328527, "max": 0.0258666779845953, "mean": 0.02552664247341454, "std": 0.00019615705116584204, "repeat": 10, "number": 1}]}, "solarposition.TimeSuite.time_ephemeris_localized": {"result": [0.025836040265858173], "stats": [{"ci_99": [0.02532183611765504, 0.026667597237974405], "q_25": 0.02555388561449945, "q_75": 0.026188638992607594, "min": 0.02532183611765504, "max": 0.026667597237974405, "mean": 0.025900851748883725, "std": 0.00043994675369220384, "repeat": 10, "number": 1}]}, "solarposition.TimeSuite.time_nrel_earthsun_distance": {"result": [0.023243149975314736], "stats": [{"ci_99": [0.023090296890586615, 0.025138352997601032], "q_25": 0.02311678882688284, "q_75": 0.023350716452114284, "min": 0.023090296890586615, "max": 0.025138352997601032, "mean": 0.023416912788525222, "std": 0.0005854637151938698, "repeat": 10, "number": 1}]}, "solarposition.TimeSuite.time_spa_python": {"result": [0.03064000583253801], "stats": [{"ci_99": [0.030475999228656292, 0.031004387885332108], "q_25": 0.030592156923376024, "q_75": 0.03073280246462673, "min": 0.030475999228656292, "max": 0.031004387885332108, "mean": 0.03068204359151423, "std": 0.00014235880364861864, "repeat": 10, "number": 1}]}, "solarposition.TimeSuite.time_sun_rise_set_transit_spa": {"result": [0.05184189509600401], "stats": [{"ci_99": [0.05125017184764147, 0.05207950575277209], "q_25": 0.05143603018950671, "q_75": 0.05204490921460092, "min": 0.05125017184764147, "max": 0.05207950575277209, "mean": 0.051733999606221916, "std": 0.000326689880365139, "repeat": 10, "number": 1}]}, "tracking.TimeSuite.time_singleaxis": {"result": [0.006737029179930687], "stats": [{"ci_99": [0.006589274387806654, 0.007032275199890137], "q_25": 0.006623426277656108, "q_75": 0.006940512335859239, "min": 0.006589274387806654, "max": 0.007032275199890137, "mean": 0.0067764816107228395, "std": 0.00016481269359738818, "repeat": 10, "number": 2}]}, "tracking.TimeSuite.time_tracker_singleaxis": {"result": [0.006816436420194805], "stats": [{"ci_99": [0.006385396001860499, 0.006941494066268206], "q_25": 0.006591457640752196, "q_75": 0.00685568229528144, "min": 0.006385396001860499, "max": 0.006941494066268206, "mean": 0.00672946535050869, "std": 0.00017437615967874694, "repeat": 10, "number": 2}]}}, "params": {"arch": "x86_64", "cpu": "Intel Xeon Processor (Skylake, IBRS)", "machine": "pvlib-asv.forecasting.energy.arizona.edu", "num_cpu": "4", "os": "Linux 5.7.8-200.fc32.x86_64", "ram": "8145244", "python": "3.7", "ephem": "3.7.6.0", "numpy": "1.18.5", "pandas": "1.1.0", "pytables": "3.6.1", "scipy": "1.2.0"}, "requirements": {"ephem": "3.7.6.0", "numpy": "1.18.5", "pandas": "1.1.0", "pytables": "3.6.1", "scipy": "1.2.0"}, "commit_hash": "e22c0854b133a74ebfb8f261d560e8476a5c492a", "date": 1591887411000,