{"results": {"irradiance.Irradiance.time_aoi": {"result": [0.0022415714804083107], "stats": [{"ci_99": [0.0021959993988275527, 0.0023597500286996363], "q_25": 0.0022142977686598897, "q_75": 0.0022760498803108932, "min": 0.0021959993988275527, "max": 0.0023597500286996363, "mean": 0.0022502714674919842, "std": 4.842909597920041e-05, "repeat": 10, "number": 5}]}, "irradiance.Irradiance.time_aoi_projection": {"result": [0.002251326758414507], "stats": [{"ci_99": [0.0022146851755678655, 0.0024253977462649345], "q_25": 0.0022325012367218735, "q_75": 0.0022694091778248547, "min": 0.0022146851755678655, "max": 0.0024253977462649345, "mean": 0.0022646586131304506, "std": 5.682335526006836e-05, "repeat": 10, "number": 5}]}, "irradiance.Irradiance.time_dirindex": {"result": [0.14781163726001978], "stats": [{"ci_99": [0.145757962949574, 0.150166230276227], "q_25": 0.14730319182854146, "q_75": 0.14874191186390817, "min": 0.145757962949574, "max": 0.150166230276227, "mean": 0.14794136076234282, "std": 0.0011620257530484612, "repeat": 10, "number": 1}]}, "irradiance.Irradiance.time_dirint": {"result": [0.07381036621518433], "stats": [{"ci_99": [0.07141268625855446, 0.07561825076118112], "q_25": 0.07193037529941648, "q_75": 0.075209571281448, "min": 0.07141268625855446, "max": 0.07561825076118112, "mean": 0.07358979047276079, "std": 0.0016520122812378117, "repeat": 10, "number": 1}]}, "irradiance.Irradiance.time_disc": {"result": [0.01971457409672439], "stats": [{"ci_99": [0.0182066080160439, 0.02059639384970069], "q_25": 0.018629071535542607, "q_75": 0.019955199561081827, "min": 0.0182066080160439, "max": 0.02059639384970069, "mean": 0.019429649831727146, "std": 0.0007936805747390406, "repeat": 10, "number": 1}]}, "irradiance.Irradiance.time_erbs": {"result": [0.013079768279567361], "stats": [{"ci_99": [0.012459855061024427, 0.013632472138851881], "q_25": 0.012601262424141169, "q_75": 0.01358275196980685, "min": 0.012459855061024427, "max": 0.013632472138851881, "mean": 0.013078250037506223, "std": 0.0004873668484839051, "repeat": 10, "number": 1}]}, "irradiance.Irradiance.time_get_extra_radiation": {"result": [0.002716436982154846], "stats": [{"ci_99": [0.0026999677065759897, 0.002751076011918485], "q_25": 0.0027075080724898726, "q_75": 0.002721416502026841, "min": 0.0026999677065759897, "max": 0.002751076011918485, "mean": 0.002718705637380481, "std": 1.513784717719028e-05, "repeat": 10, "number": 4}]}, "irradiance.Irradiance.time_get_ground_diffuse": {"result": [0.0005570931580701941], "stats": [{"ci_99": [0.000514620155292122, 0.0005781016753692376], "q_25": 0.0005178887482830568, "q_75": 0.0005714403538915672, "min": 0.000514620155292122, "max": 0.0005781016753692376, "mean": 0.000547543766075059, "std": 2.5678129912720634e-05, "repeat": 10, "number": 19}]}, "irradiance.Irradiance.time_get_total_irradiance": {"result": [0.005160124856047332], "stats": [{"ci_99": [0.005122259957715869, 0.005258537828922272], "q_25": 0.005137242027558386, "q_75": 0.005185288318898529, "min": 0.005122259957715869, "max": 0.005258537828922272, "mean": 0.00516833474393934, "std": 4.065853463573695e-05, "repeat": 10, "number": 2}]}, "location.Location.time_location_get_airmass": {"result": [0.0015031361087624517], "stats": [{"ci_99": [0.001387986820191145, 0.0015117058397403785], "q_25": 0.001497445993923715, "q_75": 0.0015065298648551106, "min": 0.001387986820191145, "max": 0.0015117058397403785, "mean": 0.0014808933982359512, "std": 4.6498764203117096e-05, "repeat": 10, "number": 7}]}, "location.Location.time_location_get_clearsky": {"result": [0.013316778698936105], "stats": [{"ci_99": [0.012310137040913105, 0.013415342196822166], "q_25": 0.013215718325227499, "q_75": 0.013334322371520102, "min": 0.012310137040913105, "max": 0.013415342196822166, "mean": 0.013120312336832285, "std": 0.00040794139856648753, "repeat": 10, "number": 1}]}, "location.Location.time_location_get_solarposition": {"result": [0.017809631302952766], "stats": [{"ci_99": [0.01756692910566926, 0.018195899669080973], "q_25": 0.01778571936301887, "q_75": 0.01782276201993227, "min": 0.01756692910566926, "max": 0.018195899669080973, "mean": 0.0178165128454566, "std": 0.00014672047559853438, "repeat": 10, "number": 1}]}, "location.Location_0_6_1.time_location_get_sun_rise_set_transit_pyephem": {"result": [0.1973248899448663], "stats": [{"ci_99": [0.18043456738814712, 0.19817034900188446], "q_25": 0.19700231309980154, "q_75": 0.19772301090415567, "min": 0.18043456738814712, "max": 0.19817034900188446, "mean": 0.19422731907106935, "std": 0.006646301083258767, "repeat": 10, "number": 1}]}, "location.Location_0_6_1.time_location_get_sun_rise_set_transit_spa": {"result": [0.043294708942994475], "stats": [{"ci_99": [0.042547530960291624, 0.0436260593123734], "q_25": 0.04319578560534865, "q_75": 0.04345852287951857, "min": 0.042547530960291624, "max": 0.0436260593123734, "mean": 0.043258641427382824, "std": 0.0002920485347766426, "repeat": 10, "number": 1}]}, "solarposition.SolarPosition.time_ephemeris": {"result": [0.024923091288655996], "stats": [{"ci_99": [0.023728149011731148, 0.025210270658135414], "q_25": 0.024269902263768017, "q_75": 0.025165188126266003, "min": 0.023728149011731148, "max": 0.025210270658135414, "mean": 0.02469836426898837, "std": 0.0005458969417574587, "repeat": 10, "number": 1}]}, "solarposition.SolarPosition.time_ephemeris_localized": {"result": [0.024972441606223583], "stats": [{"ci_99": [0.0246614390052855, 0.025416563265025616], "q_25": 0.024872741079889238, "q_75": 0.025128875393420458, "min": 0.0246614390052855, "max": 0.025416563265025616, "mean": 0.025001573283225297, "std": 0.00023315069326696372, "repeat": 10, "number": 1}]}, "solarposition.SolarPosition.time_nrel_earthsun_distance": {"result": [0.02306702360510826], "stats": [{"ci_99": [0.022936849854886532, 0.02399685699492693], "q_25": 0.023019909276627004, "q_75": 0.02312167431227863, "min": 0.022936849854886532, "max": 0.02399685699492693, "mean": 0.023162079462781548, "std": 0.0002922808819587734, "repeat": 10, "number": 1}]}, "solarposition.SolarPosition.time_spa_python": {"result": [0.02834399463608861], "stats": [{"ci_99": [0.028220776934176683, 0.028593263123184443], "q_25": 0.028318071737885475, "q_75": 0.028507728595286608, "min": 0.028220776934176683, "max": 0.028593263123184443, "mean": 0.028392608743160963, "std": 0.00012227758889020175, "repeat": 10, "number": 1}]}, "solarposition.SolarPosition.time_sun_rise_set_transit_spa": {"result": [0.04982895194552839], "stats": [{"ci_99": [0.04948398703709245, 0.0501493951305747], "q_25": 0.049660334130749106, "q_75": 0.04998986690770835, "min": 0.04948398703709245, "max": 0.0501493951305747, "mean": 0.04983086292631924, "std": 0.00020626067869932807, "repeat": 10, "number": 1}]}, "temperature.Fuentes.time_fuentes": {"result": [NaN, null, null], "params": [["'a'", "'b'", "'deltaT'"]]}, "tracking.SingleAxis.time_singleaxis": {"result": [0.006369003909640014], "stats": [{"ci_99": [0.0061883709859102964, 0.0070268523413687944], "q_25": 0.006264756608288735, "q_75": 0.006647343223448843, "min": 0.0061883709859102964, "max": 0.0070268523413687944, "mean": 0.006470808479934931, "std": 0.0002609806267918428, "repeat": 10, "number": 2}]}, "tracking.SingleAxis.time_tracker_singleaxis": {"result": [0.0063945939764380455], "stats": [{"ci_99": [0.006231290986761451, 0.006623550551012158], "q_25": 0.006300001521594822, "q_75": 0.006467227125540376, "min": 0.006231290986761451, "max": 0.006623550551012158, "mean": 0.006404706346802414, "std": 0.00012879350433790126, "repeat": 10, "number": 2}]}, "temperature.SAPM.time_sapm_cell": {"result": [0.0016178825005356756], "stats": [{"ci_99": [0.0015787561424076557, 0.0018971410047795092], "q_25": 0.0015889847750908562, "q_75": 0.0016276810284970062, "min": 0.0015787561424076557, "max": 0.0018971410047795092, "mean": 0.0016448306252381632, "std": 9.224510763580115e-05, "repeat": 10, "number": 7}]}}, "params": {"arch": "x86_64",