{"results": {"irradiance.Irradiance.time_aoi": {"result": [0.002395284129306674], "stats": [{"ci_99": [0.0023769398219883444, 0.0024429674260318278], "q_25": 0.0023847689386457204, "q_75": 0.002412293734960258, "min": 0.0023769398219883444, "max": 0.0024429674260318278, "mean": 0.002401128066703677, "std": 2.0487406652024505e-05, "repeat": 10, "number": 5}]}, "irradiance.Irradiance.time_aoi_projection": {"result": [0.0021842336282134056], "stats": [{"ci_99": [0.0021756463684141636, 0.002218138985335827], "q_25": 0.0021775744389742613, "q_75": 0.002201098599471152, "min": 0.0021756463684141636, "max": 0.002218138985335827, "mean": 0.002189778443425894, "std": 1.4353885936768757e-05, "repeat": 10, "number": 5}]}, "irradiance.Irradiance.time_dirindex": {"result": [0.06569464993663132], "stats": [{"ci_99": [0.06443518679589033, 0.07022919226437807], "q_25": 0.0653138515772298, "q_75": 0.06604106770828366, "min": 0.06443518679589033, "max": 0.07022919226437807, "mean": 0.06606422327458858, "std": 0.0014960546469525618, "repeat": 10, "number": 1}]}, "irradiance.Irradiance.time_dirint": {"result": [0.03220416861586273], "stats": [{"ci_99": [0.03167792363092303, 0.03562277089804411], "q_25": 0.03193839674349874, "q_75": 0.032550217933021486, "min": 0.03167792363092303, "max": 0.03562277089804411, "mean": 0.032639668928459285, "std": 0.001158667567992521, "repeat": 10, "number": 1}]}, "irradiance.Irradiance.time_disc": {"result": [0.01274773245677352], "stats": [{"ci_99": [0.012564777862280607, 0.012934834696352482], "q_25": 0.012706397217698395, "q_75": 0.012818453717045486, "min": 0.012564777862280607, "max": 0.012934834696352482, "mean": 0.012758536590263247, "std": 9.631544269009742e-05, "repeat": 10, "number": 1}]}, "irradiance.Irradiance.time_erbs": {"result": [0.0073042233707383275], "stats": [{"ci_99": [0.007205059984698892, 0.007430156925693154], "q_25": 0.007256988319568336, "q_75": 0.0073776316130533814, "min": 0.007205059984698892, "max": 0.007430156925693154, "mean": 0.007313711009919644, "std": 7.029835133621304e-05, "repeat": 10, "number": 2}]}, "irradiance.Irradiance.time_get_extra_radiation": {"result": [0.0005349589278921484], "stats": [{"ci_99": [0.0005267764907330274, 0.0005466297036036849], "q_25": 0.0005329224048182368, "q_75": 0.0005355921515729279, "min": 0.0005267764907330274, "max": 0.0005466297036036849, "mean": 0.0005358258937485516, "std": 5.600831849676962e-06, "repeat": 10, "number": 20}]}, "irradiance.Irradiance.time_get_ground_diffuse": {"result": [0.0003338855987584049], "stats": [{"ci_99": [0.0003116760318252173, 0.00034915739105957925], "q_25": 0.00031581809955903077, "q_75": 0.0003453895033365398, "min": 0.0003116760318252173, "max": 0.00034915739105957925, "mean": 0.0003310414934248636, "std": 1.5067443105929439e-05, "repeat": 10, "number": 33}]}, "irradiance.Irradiance.time_get_total_irradiance": {"result": [0.0045007269363850355], "stats": [{"ci_99": [0.004421579030652841, 0.004573422794540723], "q_25": 0.004442861226076881, "q_75": 0.004546444824275871, "min": 0.004421579030652841, "max": 0.004573422794540723, "mean": 0.004496629458541671, "std": 5.437267094954349e-05, "repeat": 10, "number": 3}]}, "location.Location.time_location_get_airmass": {"result": [0.0013641602999996394], "stats": [{"ci_99": [0.0013549088616855443, 0.0013867083471268415], "q_25": 0.0013579635851783678, "q_75": 0.0013700608687940985, "min": 0.0013549088616855443, "max": 0.0013867083471268415, "mean": 0.0013652623980306088, "std": 9.072286596737992e-06, "repeat": 10, "number": 8}]}, "location.Location.time_location_get_clearsky": {"result": [0.009284025523811579], "stats": [{"ci_99": [0.009012264432385564, 0.009771687909960747], "q_25": 0.009236669284291565, "q_75": 0.009359736868645996, "min": 0.009012264432385564, "max": 0.009771687909960747, "mean": 0.00933690827805549, "std": 0.0002379186156475408, "repeat": 10, "number": 2}]}, "location.Location.time_location_get_solarposition": {"result": [0.015095341484993696], "stats": [{"ci_99": [0.014971273951232433, 0.015268268063664436], "q_25": 0.015081105753779411, "q_75": 0.015133927459828556, "min": 0.014971273951232433, "max": 0.015268268063664436, "mean": 0.015108442120254039, "std": 7.341824110408683e-05, "repeat": 10, "number": 1}]}, "location.Location_0_6_1.time_location_get_sun_rise_set_transit_pyephem": {"result": [0.18035032832995057], "stats": [{"ci_99": [0.17915085097774863, 0.18092586286365986], "q_25": 0.18018821685109288, "q_75": 0.1805790551006794, "min": 0.17915085097774863, "max": 0.18092586286365986, "mean": 0.1803259731270373, "std": 0.00047398431806682304, "repeat": 10, "number": 1}]}, "location.Location_0_6_1.time_location_get_sun_rise_set_transit_spa": {"result": [0.03353792987763882], "stats": [{"ci_99": [0.03337355284020305, 0.033813965041190386], "q_25": 0.03342306870035827, "q_75": 0.033685048460029066, "min": 0.03337355284020305, "max": 0.033813965041190386, "mean": 0.033562582172453406, "std": 0.00014864282485774717, "repeat": 10, "number": 1}]}, "solarposition.SolarPosition.time_ephemeris": {"result": [0.018264521611854434], "stats": [{"ci_99": [0.017969022039324045, 0.018793240189552307], "q_25": 0.018050677492283285, "q_75": 0.018572076922282577, "min": 0.017969022039324045, "max": 0.018793240189552307, "mean": 0.01831264388747513, "std": 0.00028854931967096193, "repeat": 10, "number": 1}]}, "solarposition.SolarPosition.time_ephemeris_localized": {"result": [0.01827040151692927], "stats": [{"ci_99": [0.018006048165261745, 0.018612520769238472], "q_25": 0.01815505512058735, "q_75": 0.01838779216632247, "min": 0.018006048165261745, "max": 0.018612520769238472, "mean": 0.018274997267872094, "std": 0.000175276515243226, "repeat": 10, "number": 1}]}, "solarposition.SolarPosition.time_nrel_earthsun_distance": {"result": [0.022731101838871837], "stats": [{"ci_99": [0.022648748010396957, 0.022793889045715332], "q_25": 0.022682696813717484, "q_75": 0.022766844020225108, "min": 0.022648748010396957, "max": 0.022793889045715332, "mean": 0.022728803241625427, "std": 4.9452339301570523e-05, "repeat": 10, "number": 1}]}, "solarposition.SolarPosition.time_spa_python": {"result": [0.02569001540541649], "stats": [{"ci_99": [0.02511090226471424, 0.02582287322729826], "q_25": 0.025410791276954114, "q_75": 0.025745458202436566, "min": 0.02511090226471424, "max": 0.02582287322729826, "mean": 0.025587751436978577, "std": 0.00023216925356918107, "repeat": 10, "number": 1}]}, "solarposition.SolarPosition.time_sun_rise_set_transit_spa": {"result": [0.038606759859248996], "stats": [{"ci_99": [0.03836041409522295, 0.038832294289022684], "q_25": 0.0384837593883276, "q_75": 0.038668840425089, "min": 0.03836041409522295, "max": 0.038832294289022684, "mean": 0.03859678287990391, "std": 0.00014149475241063825, "repeat": 10, "number": 1}]}, "temperature.Fuentes.time_fuentes": NaN, "temperature.SAPM.time_sapm_cell": {"result": [0.0009666882370683279], "stats": [{"ci_99": [0.0009302965958010067, 0.000989741815084761], "q_25": 0.0009382686112076044, "q_75": 0.0009736541065980088, "min": 0.0009302965958010067, "max": 0.000989741815084761, "mean": 0.0009598086842081763, "std": 2.045707260489029e-05, "repeat": 10, "number": 11}]}, "tracking.SingleAxis.time_singleaxis": {"result": [0.02063612570054829], "stats": [{"ci_99": [0.01737241167575121, 0.02218391839414835], "q_25": 0.01968113600742072, "q_75": 0.021649751579388976, "min": 0.01737241167575121, "max": 0.02218391839414835, "mean": 0.02027613683603704, "std": 0.0016390093774224504, "repeat": 10, "number": 1}]}, "tracking.SingleAxis.time_tracker_singleaxis": {"result": [0.01984395203180611], "stats": [{"ci_99": [0.017799098044633865, 0.023061905056238174], "q_25": 0.018665665294975042, "q_75": 0.02042818593326956, "min": 0.017799098044633865, "max": 0.023061905056238174, "mean": 0.01981748188845813, "std": 0.0015128641329764335, "repeat": 10, "number": 1}]}}, "params": {"arch": "x86_64", "cpu": "Intel Xeon Processor (Skylake, IBRS)",