{"results": {"irradiance.TimeSuite.time_aoi": {"result": [0.002263951534405351], "stats": [{"ci_99": [0.002216494642198086, 0.00242413654923439], "q_25": 0.0022506273817270994, "q_75": 0.002348431502468884, "min": 0.002216494642198086, "max": 0.00242413654923439, "mean": 0.002295851157978177, "std": 6.990894375200514e-05, "repeat": 10, "number": 5}]}, "irradiance.TimeSuite.time_aoi_projection": {"result": [0.002226101886481047], "stats": [{"ci_99": [0.00220008697360754, 0.0024553061462938785], "q_25": 0.0022210609167814255, "q_75": 0.002320597739890218, "min": 0.00220008697360754, "max": 0.0024553061462938785, "mean": 0.0022686128970235584, "std": 8.229059152120058e-05, "repeat": 10, "number": 5}]}, "irradiance.TimeSuite.time_dirindex": {"result": [0.14806844945997], "stats": [{"ci_99": [0.14572807867079973, 0.14994050608947873], "q_25": 0.14699453592766076, "q_75": 0.14881097129546106, "min": 0.14572807867079973, "max": 0.14994050608947873, "mean": 0.14785524872131645, "std": 0.0012598414281790836, "repeat": 10, "number": 1}]}, "irradiance.TimeSuite.time_dirint": {"result": [0.07338685588911176], "stats": [{"ci_99": [0.07202989421784878, 0.0749510140158236], "q_25": 0.0725162064190954, "q_75": 0.07438727363478392, "min": 0.07202989421784878, "max": 0.0749510140158236, "mean": 0.07345792148262262, "std": 0.000998853996664725, "repeat": 10, "number": 1}]}, "irradiance.TimeSuite.time_disc": {"result": [0.019888039911165833], "stats": [{"ci_99": [0.019482615869492292, 0.021125805098563433], "q_25": 0.019792542909272015, "q_75": 0.020066527766175568, "min": 0.019482615869492292, "max": 0.021125805098563433, "mean": 0.019991087540984154, "std": 0.0004449923123008186, "repeat": 10, "number": 1}]}, "irradiance.TimeSuite.time_erbs": {"result": [0.013472778489813209], "stats": [{"ci_99": [0.013336814939975739, 0.013917120639234781], "q_25": 0.013388697290793061, "q_75": 0.013636978575959802, "min": 0.013336814939975739, "max": 0.013917120639234781, "mean": 0.013525771861895918, "std": 0.00017303848152131808, "repeat": 10, "number": 1}]}, "irradiance.TimeSuite.time_get_extra_radiation": {"result": [0.0029210602515377104], "stats": [{"ci_99": [0.0026836262550204992, 0.0029422335792332888], "q_25": 0.00269664399093017, "q_75": 0.0029284803313203156, "min": 0.0026836262550204992, "max": 0.0029422335792332888, "mean": 0.0028343979734927415, "std": 0.00011525474032994174, "repeat": 10, "number": 4}]}, "irradiance.TimeSuite.time_get_ground_diffuse": {"result": [0.0005478948375887492], "stats": [{"ci_99": [0.0005065374584360557, 0.0005610029382461852], "q_25": 0.0005196663339368322, "q_75": 0.0005521117709577084, "min": 0.0005065374584360557, "max": 0.0005610029382461852, "mean": 0.0005389106459915639, "std": 2.067650135909546e-05, "repeat": 10, "number": 22}]}, "irradiance.TimeSuite.time_get_total_irradiance": {"result": [0.005284496117383242], "stats": [{"ci_99": [0.005085136974230409, 0.005482929525896907], "q_25": 0.005160192435141653, "q_75": 0.005407076794654131, "min": 0.005085136974230409, "max": 0.005482929525896907, "mean": 0.005285548139363527, "std": 0.00014013277043839305, "repeat": 10, "number": 2}]}, "location.TimeSuite.time_location_get_airmass": {"result": [0.0015039369131305386], "stats": [{"ci_99": [0.0014977073296904564, 0.0015589527652731963], "q_25": 0.0015027891412111266, "q_75": 0.0015255178025524532, "min": 0.0014977073296904564, "max": 0.0015589527652731963, "mean": 0.001514291889699442, "std": 1.884362829588057e-05, "repeat": 10, "number": 7}]}, "location.TimeSuite.time_location_get_clearsky": {"result": [0.013243377208709717], "stats": [{"ci_99": [0.013190710917115211, 0.013398625887930393], "q_25": 0.013209399650804698, "q_75": 0.013332565315067768, "min": 0.013190710917115211, "max": 0.013398625887930393, "mean": 0.013274066057056189, "std": 7.34902170714258e-05, "repeat": 10, "number": 1}]}, "location.TimeSuite.time_location_get_solarposition": {"result": [0.018823083490133286], "stats": [{"ci_99": [0.018736857920885086, 0.018976618070155382], "q_25": 0.01877463946584612, "q_75": 0.018848104402422905, "min": 0.018736857920885086, "max": 0.018976618070155382, "mean": 0.01882138177752495, "std": 6.719289083135267e-05, "repeat": 10, "number": 1}]}, "location.TimeSuite.time_location_get_sun_rise_set_transit_pyephem": {"result": [0.19653233117423952], "stats": [{"ci_99": [0.19578142603859305, 0.19863241631537676], "q_25": 0.19647757755592465, "q_75": 0.1967432089149952, "min": 0.19578142603859305, "max": 0.19863241631537676, "mean": 0.19679823201149702, "std": 0.0007512874729469829, "repeat": 10, "number": 1}]}, "location.TimeSuite.time_location_get_sun_rise_set_transit_spa": {"result": [0.04428011318668723], "stats": [{"ci_99": [0.044111036229878664, 0.051589894108474255], "q_25": 0.044210106367245317, "q_75": 0.04495692299678922, "min": 0.044111036229878664, "max": 0.051589894108474255, "mean": 0.045200984366238116, "std": 0.0021849783994687547, "repeat": 10, "number": 1}]}, "solarposition.TimeSuite.time_ephemeris": {"result": [0.02567244414240122], "stats": [{"ci_99": [0.025508795864880085, 0.02587217791005969], "q_25": 0.025622154003940523, "q_75": 0.02568423468619585, "min": 0.025508795864880085, "max": 0.02587217791005969, "mean": 0.025670092040672898, "std": 8.969149400198853e-05, "repeat": 10, "number": 1}]}, "solarposition.TimeSuite.time_ephemeris_localized": {"result": [0.025696894386783242], "stats": [{"ci_99": [0.025333170779049397, 0.025910621043294668], "q_25": 0.025674029951915145, "q_75": 0.02575530542526394, "min": 0.025333170779049397, "max": 0.025910621043294668, "mean": 0.025677429977804422, "std": 0.00017585403009811725, "repeat": 10, "number": 1}]}, "solarposition.TimeSuite.time_nrel_earthsun_distance": {"result": [0.023038783809170127], "stats": [{"ci_99": [0.02296842122450471, 0.023073056247085333], "q_25": 0.022979761590249836, "q_75": 0.023051687865518034, "min": 0.02296842122450471, "max": 0.023073056247085333, "mean": 0.02302149012684822, "std": 3.931770128286766e-05, "repeat": 10, "number": 1}]}, "solarposition.TimeSuite.time_spa_python": {"result": [0.03307303227484226], "stats": [{"ci_99": [0.03250807290896773, 0.03317804588004947], "q_25": 0.03296015551313758, "q_75": 0.03310988482553512, "min": 0.03250807290896773, "max": 0.03317804588004947, "mean": 0.03300436376594007, "std": 0.00018414042813445227, "repeat": 10, "number": 1}]}, "solarposition.TimeSuite.time_sun_rise_set_transit_spa": {"result": [0.05097234947606921], "stats": [{"ci_99": [0.050312239676713943, 0.0519266533665359], "q_25": 0.050921762944199145, "q_75": 0.05118277086876333, "min": 0.050312239676713943, "max": 0.0519266533665359, "mean": 0.051030256878584625, "std": 0.0004126466771337896, "repeat": 10, "number": 1}]}, "tracking.TimeSuite.time_singleaxis": {"result": [0.006659203092567623], "stats": [{"ci_99": [0.006394503405317664, 0.006985732354223728], "q_25": 0.0065924362861551344, "q_75": 0.006755633221473545, "min": 0.006394503405317664, "max": 0.006985732354223728, "mean": 0.006688067596405745, "std": 0.00017874425655118697, "repeat": 10, "number": 2}]}, "tracking.TimeSuite.time_tracker_singleaxis": {"result": [0.00657134223729372], "stats": [{"ci_99": [0.006382534513249993, 0.007106831064447761], "q_25": 0.006527227233164012, "q_75": 0.006704912229906768, "min": 0.006382534513249993, "max": 0.007106831064447761, "mean": 0.006651523360051215, "std": 0.00021954463642280469, "repeat": 10, "number": 2}]}}, "params": {"arch": "x86_64", "cpu": "Intel Xeon Processor (Skylake, IBRS)", "machine": "pvlib-asv.forecasting.energy.arizona.edu", "num_cpu": "4", "os": "Linux 5.7.8-200.fc32.x86_64", "ram": "8145244", "python": "3.7", "ephem": "3.7.6.0", "numpy": "1.18.5", "pandas": "1.1.0", "pytables": "3.6.1", "scipy": "1.2.0"}, "requirements": {"ephem": "3.7.6.0", "numpy": "1.18.5", "pandas": "1.1.0", "pytables": "3.6.1", "scipy": "1.2.0"}, "commit_hash": "e545f7eb9fb7387911361b9a9455aa7ff6419b18", "date": 1582759762000,