{"results": {"irradiance.Irradiance.time_aoi": {"result": [0.0023946739267557858], "stats": [{"ci_99": [0.0023384373635053635, 0.002405083645135164], "q_25": 0.0023821223992854354, "q_75": 0.002401248854584992, "min": 0.0023384373635053635, "max": 0.002405083645135164, "mean": 0.0023877334408462045, "std": 1.930396327948744e-05, "repeat": 10, "number": 5}]}, "irradiance.Irradiance.time_aoi_projection": {"result": [0.0021169676911085844], "stats": [{"ci_99": [0.002062003593891859, 0.0021414800547063352], "q_25": 0.002088044513948262, "q_75": 0.0021303011802956463, "min": 0.002062003593891859, "max": 0.0021414800547063352, "mean": 0.0021079218387603763, "std": 2.7559910156077067e-05, "repeat": 10, "number": 5}]}, "irradiance.Irradiance.time_dirindex": {"result": [0.06474546226672828], "stats": [{"ci_99": [0.06365053076297045, 0.0656253737397492], "q_25": 0.0642476218054071, "q_75": 0.06521072401665151, "min": 0.06365053076297045, "max": 0.0656253737397492, "mean": 0.06468265778385103, "std": 0.0006145330771319845, "repeat": 10, "number": 1}]}, "irradiance.Irradiance.time_dirint": {"result": [0.03278367989696562], "stats": [{"ci_99": [0.03231580043211579, 0.03443562984466553], "q_25": 0.03244225343223661, "q_75": 0.03366659360472113, "min": 0.03231580043211579, "max": 0.03443562984466553, "mean": 0.033119335491210225, "std": 0.0007743353453337672, "repeat": 10, "number": 1}]}, "irradiance.Irradiance.time_disc": {"result": [0.012667093658819795], "stats": [{"ci_99": [0.0122504448518157, 0.012894894927740097], "q_25": 0.012289112666621804, "q_75": 0.012774534756317735, "min": 0.0122504448518157, "max": 0.012894894927740097, "mean": 0.012572250235825777, "std": 0.00024626806012632005, "repeat": 10, "number": 1}]}, "irradiance.Irradiance.time_erbs": {"result": [0.007353165652602911], "stats": [{"ci_99": [0.007316739531233907, 0.007608453510329127], "q_25": 0.007336854177992791, "q_75": 0.007441462948918343, "min": 0.007316739531233907, "max": 0.007608453510329127, "mean": 0.007407592749223113, "std": 0.00010264327318752879, "repeat": 10, "number": 2}]}, "irradiance.Irradiance.time_get_extra_radiation": {"result": [0.0005371630541048944], "stats": [{"ci_99": [0.0005298930453136563, 0.0005459408042952418], "q_25": 0.000532466551521793, "q_75": 0.0005394586885813624, "min": 0.0005298930453136563, "max": 0.0005459408042952418, "mean": 0.0005367195908911527, "std": 4.960974076251685e-06, "repeat": 10, "number": 20}]}, "irradiance.Irradiance.time_get_ground_diffuse": {"result": [0.00036609121598303314], "stats": [{"ci_99": [0.00032259379513561727, 0.00043839390079180397], "q_25": 0.00033380983707805473, "q_75": 0.0003924933378584683, "min": 0.00032259379513561727, "max": 0.00043839390079180397, "mean": 0.00036927550565451383, "std": 3.6769371178795355e-05, "repeat": 10, "number": 30}]}, "irradiance.Irradiance.time_get_total_irradiance": {"result": [0.0045457149390131235], "stats": [{"ci_99": [0.004521085725476344, 0.004604884888976812], "q_25": 0.004526821353162329, "q_75": 0.004554338209951918, "min": 0.004521085725476344, "max": 0.004604884888976812, "mean": 0.004546508301670353, "std": 2.337122884007045e-05, "repeat": 10, "number": 3}]}, "location.Location.time_location_get_airmass": {"result": [0.0013784019101876765], "stats": [{"ci_99": [0.001366534794215113, 0.0014887062716297805], "q_25": 0.0013740833528572693, "q_75": 0.001381781476084143, "min": 0.001366534794215113, "max": 0.0014887062716297805, "mean": 0.0013878491474315525, "std": 3.395883240785792e-05, "repeat": 10, "number": 8}]}, "location.Location.time_location_get_clearsky": {"result": [0.00933308678213507], "stats": [{"ci_99": [0.00906026503071189, 0.009632388362661004], "q_25": 0.009267757355701178, "q_75": 0.009366763872094452, "min": 0.00906026503071189, "max": 0.009632388362661004, "mean": 0.009315346158109606, "std": 0.00014517141697788515, "repeat": 10, "number": 2}]}, "location.Location.time_location_get_solarposition": {"result": [0.014953424921259284], "stats": [{"ci_99": [0.014728801790624857, 0.015131204854696989], "q_25": 0.014933694154024124, "q_75": 0.014997269725427032, "min": 0.014728801790624857, "max": 0.015131204854696989, "mean": 0.014955949131399393, "std": 9.770575521410104e-05, "repeat": 10, "number": 1}]}, "location.Location_0_6_1.time_location_get_sun_rise_set_transit_pyephem": {"result": [0.1817581553477794], "stats": [{"ci_99": [0.18019570922479033, 0.18245884776115417], "q_25": 0.1804651563288644, "q_75": 0.1823334685759619, "min": 0.18019570922479033, "max": 0.18245884776115417, "mean": 0.18146442770957946, "std": 0.0009144785583535507, "repeat": 10, "number": 1}]}, "location.Location_0_6_1.time_location_get_sun_rise_set_transit_spa": {"result": [0.03257313487119973], "stats": [{"ci_99": [0.03231655899435282, 0.034297361969947815], "q_25": 0.03243104997090995, "q_75": 0.0327046406455338, "min": 0.03231655899435282, "max": 0.034297361969947815, "mean": 0.032733395555987956, "std": 0.0005477697912643959, "repeat": 10, "number": 1}]}, "solarposition.SolarPosition.time_ephemeris": {"result": [0.018207816407084465], "stats": [{"ci_99": [0.017878076992928982, 0.018922775983810425], "q_25": 0.018093730439431965, "q_75": 0.018564227502793074, "min": 0.017878076992928982, "max": 0.018922775983810425, "mean": 0.01832144893705845, "std": 0.0003155052819421818, "repeat": 10, "number": 1}]}, "solarposition.SolarPosition.time_ephemeris_localized": {"result": [0.018092190846800804], "stats": [{"ci_99": [0.017937150318175554, 0.018258703872561455], "q_25": 0.018054469022899866, "q_75": 0.018178622820414603, "min": 0.017937150318175554, "max": 0.018258703872561455, "mean": 0.018101291544735432, "std": 9.712355723039148e-05, "repeat": 10, "number": 1}]}, "solarposition.SolarPosition.time_nrel_earthsun_distance": {"result": [0.02276335028000176], "stats": [{"ci_99": [0.022315794602036476, 0.022935896180570126], "q_25": 0.022686788579449058, "q_75": 0.022831949638202786, "min": 0.022315794602036476, "max": 0.022935896180570126, "mean": 0.022728951647877693, "std": 0.00016290694745767028, "repeat": 10, "number": 1}]}, "solarposition.SolarPosition.time_spa_python": {"result": [0.02562956139445305], "stats": [{"ci_99": [0.02524029416963458, 0.025800930801779032], "q_25": 0.025591170298866928, "q_75": 0.02567830914631486, "min": 0.02524029416963458, "max": 0.025800930801779032, "mean": 0.025604461273178458, "std": 0.00014039166018571322, "repeat": 10, "number": 1}]}, "solarposition.SolarPosition.time_sun_rise_set_transit_spa": {"result": [0.03736520861275494], "stats": [{"ci_99": [0.03715254459530115, 0.03768134769052267], "q_25": 0.03724437044002116, "q_75": 0.037551286863163114, "min": 0.03715254459530115, "max": 0.03768134769052267, "mean": 0.03739811386913061, "std": 0.00018841327479639428, "repeat": 10, "number": 1}]}, "temperature.Fuentes.time_fuentes": NaN, "temperature.SAPM.time_sapm_cell": {"result": [0.0016393166900213277], "stats": [{"ci_99": [0.0015901678374835423, 0.0016440582860793387], "q_25": 0.001613661996088922, "q_75": 0.0016409805809546793, "min": 0.0015901678374835423, "max": 0.0016440582860793387, "mean": 0.001627945766917297, "std": 1.8855670926481965e-05, "repeat": 10, "number": 7}]}, "tracking.SingleAxis.time_singleaxis": {"result": [0.018150186631828547], "stats": [{"ci_99": [0.016721652820706367, 0.021209686994552612], "q_25": 0.01724565727636218, "q_75": 0.019620793405920267, "min": 0.016721652820706367, "max": 0.021209686994552612, "mean": 0.01844461029395461, "std": 0.0015204248138176238, "repeat": 10, "number": 1}]}, "tracking.SingleAxis.time_tracker_singleaxis": {"result": [0.018739463528618217], "stats": [{"ci_99": [0.016917649190872908, 0.02300935611128807], "q_25": 0.017532930243760347, "q_75": 0.019461581949144602, "min": 0.016917649190872908, "max": 0.02300935611128807, "mean": 0.018907456193119287, "std": 0.0017474143051059235, "repeat": 10, "number": 1}]}}, "params": {"arch": "x86_64", "cpu": "Intel Xeon Processor (Skylake, IBRS)",