{"results": {"irradiance.Irradiance.time_aoi": {"result": [0.0023605803959071635], "stats": [{"ci_99": [0.0023166589438915254, 0.0024557577446103094], "q_25": 0.0023411478381603957, "q_75": 0.0023880391381680965, "min": 0.0023166589438915254, "max": 0.0024557577446103094, "mean": 0.002370615424588322, "std": 4.389723455670184e-05, "repeat": 10, "number": 5}]}, "irradiance.Irradiance.time_aoi_projection": {"result": [0.0019453578162938357], "stats": [{"ci_99": [0.0019240748137235642, 0.0020323782227933407], "q_25": 0.0019302481319755315, "q_75": 0.001965798763558268, "min": 0.0019240748137235642, "max": 0.0020323782227933407, "mean": 0.0019560381304472687, "std": 3.307037262968268e-05, "repeat": 10, "number": 5}]}, "irradiance.Irradiance.time_dirindex": {"result": [0.14373554685153067], "stats": [{"ci_99": [0.13993506226688623, 0.14773443806916475], "q_25": 0.14196484384592623, "q_75": 0.1446236688643694, "min": 0.13993506226688623, "max": 0.14773443806916475, "mean": 0.1434581486042589, "std": 0.0021919173019134468, "repeat": 10, "number": 1}]}, "irradiance.Irradiance.time_dirint": {"result": [0.0722329025156796], "stats": [{"ci_99": [0.06941279396414757, 0.07690504193305969], "q_25": 0.07035236863885075, "q_75": 0.07258851290680468, "min": 0.06941279396414757, "max": 0.07690504193305969, "mean": 0.07222114983014763, "std": 0.0022484608132658647, "repeat": 10, "number": 1}]}, "irradiance.Irradiance.time_disc": {"result": [0.01989267789758742], "stats": [{"ci_99": [0.019383721984922886, 0.020523041021078825], "q_25": 0.019714185618795455, "q_75": 0.02028484537731856, "min": 0.019383721984922886, "max": 0.020523041021078825, "mean": 0.019977133069187403, "std": 0.00035153946708183203, "repeat": 10, "number": 1}]}, "irradiance.Irradiance.time_erbs": {"result": [0.01333906501531601], "stats": [{"ci_99": [0.012863428331911564, 0.01423062477260828], "q_25": 0.01312499784398824, "q_75": 0.013845910667441785, "min": 0.012863428331911564, "max": 0.01423062477260828, "mean": 0.013500817632302643, "std": 0.0004733488648434102, "repeat": 10, "number": 1}]}, "irradiance.Irradiance.time_get_extra_radiation": {"result": [0.0026720863534137607], "stats": [{"ci_99": [0.0026375482557341456, 0.0027407684829086065], "q_25": 0.0026651183143258095, "q_75": 0.002680568111827597, "min": 0.0026375482557341456, "max": 0.0027407684829086065, "mean": 0.0026755255064927043, "std": 2.8333743005436766e-05, "repeat": 10, "number": 4}]}, "irradiance.Irradiance.time_get_ground_diffuse": {"result": [0.0005710204778653053], "stats": [{"ci_99": [0.000517527779771222, 0.00059475377202034], "q_25": 0.0005634607967092759, "q_75": 0.0005755497517788576, "min": 0.000517527779771222, "max": 0.00059475377202034, "mean": 0.0005641185264620516, "std": 2.1784729537441908e-05, "repeat": 10, "number": 18}]}, "irradiance.Irradiance.time_get_total_irradiance": {"result": [0.005411704070866108], "stats": [{"ci_99": [0.005361431511119008, 0.005655243061482906], "q_25": 0.0053748246864415705, "q_75": 0.005466533883009106, "min": 0.005361431511119008, "max": 0.005655243061482906, "mean": 0.005437682173214853, "std": 8.463272614444141e-05, "repeat": 10, "number": 2}]}, "location.Location.time_location_get_airmass": {"result": [0.001427259761840105], "stats": [{"ci_99": [0.001412471232470125, 0.001492881216108799], "q_25": 0.001418787200236693, "q_75": 0.0014334895822685212, "min": 0.001412471232470125, "max": 0.001492881216108799, "mean": 0.0014321625116281212, "std": 2.1811716373928045e-05, "repeat": 10, "number": 8}]}, "location.Location.time_location_get_clearsky": {"result": [0.012951514916494489], "stats": [{"ci_99": [0.012677315156906843, 0.013519411906599998], "q_25": 0.012737115263007581, "q_75": 0.013083819183520973, "min": 0.012677315156906843, "max": 0.013519411906599998, "mean": 0.012958821794018149, "std": 0.0002498479721012527, "repeat": 10, "number": 1}]}, "location.Location.time_location_get_solarposition": {"result": [0.018802080070599914], "stats": [{"ci_99": [0.018758207093924284, 0.019064337015151978], "q_25": 0.018778619705699384, "q_75": 0.018875296809710562, "min": 0.018758207093924284, "max": 0.019064337015151978, "mean": 0.018846754264086486, "std": 9.592639229666281e-05, "repeat": 10, "number": 1}]}, "location.Location_0_6_1.time_location_get_sun_rise_set_transit_pyephem": {"result": [0.19567972049117088], "stats": [{"ci_99": [0.19415022572502494, 0.1983789294026792], "q_25": 0.19557667686603963, "q_75": 0.1959883429808542, "min": 0.19415022572502494, "max": 0.1983789294026792, "mean": 0.1959187055937946, "std": 0.001028780691257858, "repeat": 10, "number": 1}]}, "location.Location_0_6_1.time_location_get_sun_rise_set_transit_spa": {"result": [0.04431764245964587], "stats": [{"ci_99": [0.044046769849956036, 0.04508132208138704], "q_25": 0.044262955198064446, "q_75": 0.04449753533117473, "min": 0.044046769849956036, "max": 0.04508132208138704, "mean": 0.04440721296705306, "std": 0.00028058673070483723, "repeat": 10, "number": 1}]}, "solarposition.SolarPosition.time_ephemeris": {"result": [0.02539311069995165], "stats": [{"ci_99": [0.024476060178130865, 0.02635958418250084], "q_25": 0.02524061140138656, "q_75": 0.025617531617172062, "min": 0.024476060178130865, "max": 0.02635958418250084, "mean": 0.025415986543521285, "std": 0.0004758104591364398, "repeat": 10, "number": 1}]}, "solarposition.SolarPosition.time_ephemeris_localized": {"result": [0.025028243428096175], "stats": [{"ci_99": [0.02467220602557063, 0.025450767017900944], "q_25": 0.024892750312574208, "q_75": 0.02533620793838054, "min": 0.02467220602557063, "max": 0.025450767017900944, "mean": 0.025073613179847597, "std": 0.0002586704296376351, "repeat": 10, "number": 1}]}, "solarposition.SolarPosition.time_nrel_earthsun_distance": {"result": [0.023978847078979015], "stats": [{"ci_99": [0.023684477899223566, 0.024165261071175337], "q_25": 0.023950051865540445, "q_75": 0.024013057351112366, "min": 0.023684477899223566, "max": 0.024165261071175337, "mean": 0.02397618955001235, "std": 0.0001183808130493957, "repeat": 10, "number": 1}]}, "solarposition.SolarPosition.time_spa_python": {"result": [0.03053513402119279], "stats": [{"ci_99": [0.030458280816674232, 0.03077517729252577], "q_25": 0.030519049614667892, "q_75": 0.030543390894308686, "min": 0.030458280816674232, "max": 0.03077517729252577, "mean": 0.03055909899994731, "std": 8.550772956374613e-05, "repeat": 10, "number": 1}]}, "solarposition.SolarPosition.time_sun_rise_set_transit_spa": {"result": [0.05078000482171774], "stats": [{"ci_99": [0.050502784084528685, 0.05132217984646559], "q_25": 0.05065816396381706, "q_75": 0.05090320063754916, "min": 0.050502784084528685, "max": 0.05132217984646559, "mean": 0.05084000495262444, "std": 0.00025920164137379785, "repeat": 10, "number": 1}]}, "temperature.Fuentes.time_fuentes": NaN, "temperature.SAPM.time_sapm_cell": {"result": [0.0022332950960844756], "stats": [{"ci_99": [0.002220610622316599, 0.00225816760212183], "q_25": 0.002227321430109441, "q_75": 0.0022492875112220647, "min": 0.002220610622316599, "max": 0.00225816760212183, "mean": 0.002237368207424879, "std": 1.2547343911898217e-05, "repeat": 10, "number": 5}]}, "tracking.SingleAxis.time_singleaxis": {"result": [0.006625611684285104], "stats": [{"ci_99": [0.006519869901239872, 0.0072510994505137205], "q_25": 0.006570584431756288, "q_75": 0.006828536046668887, "min": 0.006519869901239872, "max": 0.0072510994505137205, "mean": 0.006735112122260034, "std": 0.00023232034778964886, "repeat": 10, "number": 2}]}, "tracking.SingleAxis.time_tracker_singleaxis": {"result": [0.006665213732048869], "stats": [{"ci_99": [0.0063969953916966915, 0.007028670981526375], "q_25": 0.006571587815415114, "q_75": 0.006775453104637563, "min": 0.0063969953916966915, "max": 0.007028670981526375, "mean": 0.006695038150064647, "std": 0.000181282096031129, "repeat": 10, "number": 2}]}}, "params": {"arch": "x86_64", "cpu": "Intel Xeon Processor (Skylake, IBRS)",