{"results": {"irradiance.TimeSuite.time_aoi": {"result": [0.0022427854128181934], "stats": [{"ci_99": [0.002214927040040493, 0.002262852992862463], "q_25": 0.0022365535609424115, "q_75": 0.0022527490044012667, "min": 0.002214927040040493, "max": 0.002262852992862463, "mean": 0.0022420667298138144, "std": 1.3787458842401396e-05, "repeat": 10, "number": 5}]}, "irradiance.TimeSuite.time_aoi_projection": {"result": [0.0022606547921895977], "stats": [{"ci_99": [0.0021868538111448287, 0.0023515750654041767], "q_25": 0.0022295191651210185, "q_75": 0.0023312268080189825, "min": 0.0021868538111448287, "max": 0.0023515750654041767, "mean": 0.002273747278377414, "std": 5.569350591637244e-05, "repeat": 10, "number": 5}]}, "irradiance.TimeSuite.time_dirindex": {"result": [0.14540367131121457], "stats": [{"ci_99": [0.14283331111073494, 0.14811260486021638], "q_25": 0.14467864041216671, "q_75": 0.14724485366605222, "min": 0.14283331111073494, "max": 0.14811260486021638, "mean": 0.14576462097465992, "std": 0.0016870590482934824, "repeat": 10, "number": 1}]}, "irradiance.TimeSuite.time_dirint": {"result": [0.07200203300453722], "stats": [{"ci_99": [0.0710893552750349, 0.07344330614432693], "q_25": 0.07179416518192738, "q_75": 0.07261991989798844, "min": 0.0710893552750349, "max": 0.07344330614432693, "mean": 0.07221663068048656, "std": 0.0007141433564086411, "repeat": 10, "number": 1}]}, "irradiance.TimeSuite.time_disc": {"result": [0.01959310518577695], "stats": [{"ci_99": [0.01924450835213065, 0.020758220925927162], "q_25": 0.019284354289993644, "q_75": 0.019768776837736368, "min": 0.01924450835213065, "max": 0.020758220925927162, "mean": 0.01965462164953351, "std": 0.00044671726946140156, "repeat": 10, "number": 1}]}, "irradiance.TimeSuite.time_erbs": {"result": [0.012621098197996616], "stats": [{"ci_99": [0.011537233833223581, 0.013448746874928474], "q_25": 0.012421414838172495, "q_75": 0.012854398461058736, "min": 0.011537233833223581, "max": 0.013448746874928474, "mean": 0.01260092887096107, "std": 0.000525727824647327, "repeat": 10, "number": 1}]}, "irradiance.TimeSuite.time_get_extra_radiation": null, "irradiance.TimeSuite.time_get_ground_diffuse": null, "irradiance.TimeSuite.time_get_total_irradiance": null, "location.TimeSuite.time_location_get_airmass": {"result": [0.00532444822601974], "stats": [{"ci_99": [0.005256033968180418, 0.005371353356167674], "q_25": 0.005288334854412824, "q_75": 0.0053427559905685484, "min": 0.005256033968180418, "max": 0.005371353356167674, "mean": 0.005319117964245379, "std": 3.7428902664211676e-05, "repeat": 10, "number": 2}]}, "location.TimeSuite.time_location_get_clearsky": {"result": [0.01787481806240976], "stats": [{"ci_99": [0.017443770077079535, 0.018640222027897835], "q_25": 0.017663187463767827, "q_75": 0.01800797414034605, "min": 0.017443770077079535, "max": 0.018640222027897835, "mean": 0.017871499294415116, "std": 0.00032481399514266166, "repeat": 10, "number": 1}]}, "location.TimeSuite.time_location_get_solarposition": {"result": [0.018319207709282637], "stats": [{"ci_99": [0.01761218998581171, 0.01887622009962797], "q_25": 0.017739065806381404, "q_75": 0.018783190520480275, "min": 0.01761218998581171, "max": 0.01887622009962797, "mean": 0.0182686529122293, "std": 0.0005306586825033001, "repeat": 10, "number": 1}]}, "solarposition.TimeSuite.time_ephemeris": {"result": [0.024935085093602538], "stats": [{"ci_99": [0.023454577662050724, 0.02532736910507083], "q_25": 0.023826879798434675, "q_75": 0.024993697297759354, "min": 0.023454577662050724, "max": 0.02532736910507083, "mean": 0.024498773040249944, "std": 0.0006971588169111887, "repeat": 10, "number": 1}]}, "solarposition.TimeSuite.time_ephemeris_localized": {"result": [0.2469094069674611], "stats": [{"ci_99": [0.23842735076323152, 0.25951262982562184], "q_25": 0.2452580014942214, "q_75": 0.25693866692017764, "min": 0.23842735076323152, "max": 0.25951262982562184, "mean": 0.2494253607466817, "std": 0.007570759504440429, "repeat": 10, "number": 1}]}, "solarposition.TimeSuite.time_nrel_earthsun_distance": {"result": [0.023218728369101882], "stats": [{"ci_99": [0.02293537277728319, 0.023807539138942957], "q_25": 0.023109993780963123, "q_75": 0.02334720571525395, "min": 0.02293537277728319, "max": 0.023807539138942957, "mean": 0.023268842371180654, "std": 0.00023892035334845715, "repeat": 10, "number": 1}]}, "solarposition.TimeSuite.time_spa_python": {"result": [0.029411825817078352], "stats": [{"ci_99": [0.028332187794148922, 0.030901345890015364], "q_25": 0.028461228124797344, "q_75": 0.03057396411895752, "min": 0.028332187794148922, "max": 0.030901345890015364, "mean": 0.029520506970584393, "std": 0.0010922987395447948, "repeat": 10, "number": 1}]}, "solarposition.TimeSuite.time_sun_rise_set_transit_spa": {"result": [0.050554047571495175], "stats": [{"ci_99": [0.04904897091910243, 0.053332427982240915], "q_25": 0.049341714940965176, "q_75": 0.05178972345311195, "min": 0.04904897091910243, "max": 0.053332427982240915, "mean": 0.050843540392816064, "std": 0.0016196031799032434, "repeat": 10, "number": 1}]}, "tracking.TimeSuite.time_singleaxis": {"result": [0.048182114493101835], "stats": [{"ci_99": [0.04585288371890783, 0.05038729216903448], "q_25": 0.046399785205721855, "q_75": 0.04966536758001894, "min": 0.04585288371890783, "max": 0.05038729216903448, "mean": 0.04811918730847538, "std": 0.001700433673417477, "repeat": 10, "number": 1}]}, "tracking.TimeSuite.time_tracker_singleaxis": {"result": [0.04815817950293422], "stats": [{"ci_99": [0.04601687099784613, 0.05050138384103775], "q_25": 0.0463722231797874, "q_75": 0.04953782306984067, "min": 0.04601687099784613, "max": 0.05050138384103775, "mean": 0.04808740746229887, "std": 0.0016807459038023006, "repeat": 10, "number": 1}]}}, "params": {"arch": "x86_64", "cpu": "Intel Xeon Processor (Skylake, IBRS)", "machine": "pvlib-asv.forecasting.energy.arizona.edu", "num_cpu": "4", "os": "Linux 5.7.8-200.fc32.x86_64", "ram": "8145244", "python": "3.7", "ephem": "3.7.6.0", "numpy": "1.18.5", "pandas": "1.1.0", "pytables": "3.6.1", "scipy": "1.2.0"}, "requirements": {"ephem": "3.7.6.0", "numpy": "1.18.5", "pandas": "1.1.0", "pytables": "3.6.1", "scipy": "1.2.0"}, "commit_hash": "e6aa17c526635453953ed93a1b3cd4eb0e530a3c", "date": 1530032495000, "env_name": "conda-py3.7-ephem3.7.6.0-numpy1.18.5-pandas1.1.0-pytables3.6.1-scipy1.2.0", "python": "3.7", "profiles": {}, "started_at": {"irradiance.TimeSuite.time_aoi": 1599362342762, "irradiance.TimeSuite.time_aoi_projection": 1599362344868, "irradiance.TimeSuite.time_dirindex": 1599362347024, "irradiance.TimeSuite.time_dirint": 1599362349881, "irradiance.TimeSuite.time_disc": 1599362352388, "irradiance.TimeSuite.time_erbs": 1599362354594, "irradiance.TimeSuite.time_get_extra_radiation": 1599362335119, "irradiance.TimeSuite.time_get_ground_diffuse": 1599362335522, "irradiance.TimeSuite.time_get_total_irradiance": 1599362335925, "location.TimeSuite.time_location_get_airmass": 1599362356750, "location.TimeSuite.time_location_get_clearsky": 1599362357104, "location.TimeSuite.time_location_get_solarposition": 1599362357457, "solarposition.TimeSuite.time_ephemeris": 1599362357810, "solarposition.TimeSuite.time_ephemeris_localized": 1599362358063, "solarposition.TimeSuite.time_nrel_earthsun_distance": 1599362359618, "solarposition.TimeSuite.time_spa_python": 1599362359871, "solarposition.TimeSuite.time_sun_rise_set_transit_spa": 1599362360174, "tracking.TimeSuite.time_singleaxis": 1599362360578, "tracking.TimeSuite.time_tracker_singleaxis": 1599362361682}, "ended_at": {"irradiance.TimeSuite.time_aoi": 1599362344868, "irradiance.TimeSuite.time_aoi_projection": 1599362347024, "irradiance.TimeSuite.time_dirindex": 1599362349881, "irradiance.TimeSuite.time_dirint": 1599362352387, "irradiance.TimeSuite.time_disc": 1599362354594, "irradiance.TimeSuite.time_erbs": 1599362356749, "irradiance.TimeSuite.time_get_extra_radiation": 1599362335522,