{"results": {"irradiance.Irradiance.time_aoi": {"result": [0.002357692364603281], "stats": [{"ci_99": [0.002340556029230356, 0.0023949284106492994], "q_25": 0.0023467848543077706, "q_75": 0.0023674992145970466, "min": 0.002340556029230356, "max": 0.0023949284106492994, "mean": 0.002360241347923875, "std": 1.6317767018638995e-05, "repeat": 10, "number": 5}]}, "irradiance.Irradiance.time_aoi_projection": {"result": [0.0021135006099939346], "stats": [{"ci_99": [0.0020880280062556267, 0.002135691978037357], "q_25": 0.002099860296584666, "q_75": 0.002132740500383079, "min": 0.0020880280062556267, "max": 0.002135691978037357, "mean": 0.002113904282450676, "std": 1.8559097411734637e-05, "repeat": 10, "number": 5}]}, "irradiance.Irradiance.time_dirindex": {"result": [0.06474214303307235], "stats": [{"ci_99": [0.06411063205450773, 0.06627160403877497], "q_25": 0.06457926542498171, "q_75": 0.06496934895403683, "min": 0.06411063205450773, "max": 0.06627160403877497, "mean": 0.06491572535596787, "std": 0.0006068322635469914, "repeat": 10, "number": 1}]}, "irradiance.Irradiance.time_dirint": {"result": [0.03195649781264365], "stats": [{"ci_99": [0.03156694723293185, 0.03280183486640453], "q_25": 0.03186262049712241, "q_75": 0.032077482086606324, "min": 0.03156694723293185, "max": 0.03280183486640453, "mean": 0.03204023181460798, "std": 0.00033426998348971886, "repeat": 10, "number": 1}]}, "irradiance.Irradiance.time_disc": {"result": [0.012017886387184262], "stats": [{"ci_99": [0.011856869328767061, 0.012421117629855871], "q_25": 0.011966959806159139, "q_75": 0.01232942333444953, "min": 0.011856869328767061, "max": 0.012421117629855871, "mean": 0.012118445290252567, "std": 0.00021455661885783637, "repeat": 10, "number": 1}]}, "irradiance.Irradiance.time_erbs": {"result": [0.006747622275725007], "stats": [{"ci_99": [0.0065467089880257845, 0.006962078623473644], "q_25": 0.00664152461104095, "q_75": 0.006783765449654311, "min": 0.0065467089880257845, "max": 0.006962078623473644, "mean": 0.006728599546477199, "std": 0.00012077454710216468, "repeat": 10, "number": 2}]}, "irradiance.Irradiance.time_get_extra_radiation": null, "irradiance.Irradiance.time_get_ground_diffuse": null, "irradiance.Irradiance.time_get_total_irradiance": null, "location.Location.time_location_get_airmass": {"result": [0.003823985656102498], "stats": [{"ci_99": [0.0037542060017585754, 0.0038796295411884785], "q_25": 0.0037846127913023033, "q_75": 0.003844374635567268, "min": 0.0037542060017585754, "max": 0.0038796295411884785, "mean": 0.003817775597174962, "std": 3.818574602474877e-05, "repeat": 10, "number": 3}]}, "location.Location.time_location_get_clearsky": {"result": [0.01224374771118164], "stats": [{"ci_99": [0.01193350413814187, 0.01234474079683423], "q_25": 0.011986640049144626, "q_75": 0.012285338598303497, "min": 0.01193350413814187, "max": 0.01234474079683423, "mean": 0.012157588312402368, "std": 0.0001602224776054732, "repeat": 10, "number": 1}]}, "location.Location.time_location_get_solarposition": {"result": [0.015139176044613123], "stats": [{"ci_99": [0.015063574071973562, 0.016598484944552183], "q_25": 0.015095571056008339, "q_75": 0.015387359773740172, "min": 0.015063574071973562, "max": 0.016598484944552183, "mean": 0.01533243851736188, "std": 0.0004446120197698267, "repeat": 10, "number": 1}]}, "location.Location_0_6_1.time_location_get_sun_rise_set_transit_pyephem": NaN, "location.Location_0_6_1.time_location_get_sun_rise_set_transit_spa": NaN, "solarposition.SolarPosition.time_ephemeris": {"result": [0.018093695864081383], "stats": [{"ci_99": [0.017974403221160173, 0.018122848123311996], "q_25": 0.01805650827009231, "q_75": 0.018107344396412373, "min": 0.017974403221160173, "max": 0.018122848123311996, "mean": 0.018073805375024676, "std": 4.628580529123268e-05, "repeat": 10, "number": 1}]}, "solarposition.SolarPosition.time_ephemeris_localized": {"result": [0.20860319747589529], "stats": [{"ci_99": [0.20611115684732795, 0.21058945264667273], "q_25": 0.2076589153148234, "q_75": 0.20906940719578415, "min": 0.20611115684732795, "max": 0.21058945264667273, "mean": 0.20837827464565634, "std": 0.0012608873659128205, "repeat": 10, "number": 1}]}, "solarposition.SolarPosition.time_nrel_earthsun_distance": {"result": [0.022805399959906936], "stats": [{"ci_99": [0.022778478916734457, 0.022892175242304802], "q_25": 0.022786910645663738, "q_75": 0.022846530773676932, "min": 0.022778478916734457, "max": 0.022892175242304802, "mean": 0.02282185098156333, "std": 4.09893746900256e-05, "repeat": 10, "number": 1}]}, "solarposition.SolarPosition.time_spa_python": {"result": [0.025592620484530926], "stats": [{"ci_99": [0.025190606247633696, 0.02598762372508645], "q_25": 0.02525658148806542, "q_75": 0.025855181156657636, "min": 0.025190606247633696, "max": 0.02598762372508645, "mean": 0.025568852154538035, "std": 0.00032123611260404184, "repeat": 10, "number": 1}]}, "solarposition.SolarPosition.time_sun_rise_set_transit_spa": {"result": [0.037900157971307635], "stats": [{"ci_99": [0.03758759796619415, 0.038218243047595024], "q_25": 0.0377857853891328, "q_75": 0.037929912097752094, "min": 0.03758759796619415, "max": 0.038218243047595024, "mean": 0.03787425546906888, "std": 0.00015446752253452318, "repeat": 10, "number": 1}]}, "temperature.Fuentes.time_fuentes": NaN, "temperature.SAPM.time_sapm_cell": {"result": [0.001649804346795593], "stats": [{"ci_99": [0.0016388039636824811, 0.0016656211976494109], "q_25": 0.0016468067021508303, "q_75": 0.00165521539747715, "min": 0.0016388039636824811, "max": 0.0016656211976494109, "mean": 0.0016510862724057266, "std": 7.860252416077902e-06, "repeat": 10, "number": 7}]}, "tracking.SingleAxis.time_singleaxis": {"result": [0.03528657159768045], "stats": [{"ci_99": [0.0339759960770607, 0.03898900980129838], "q_25": 0.03433050727471709, "q_75": 0.036348659778013825, "min": 0.0339759960770607, "max": 0.03898900980129838, "mean": 0.03569465037435293, "std": 0.00163181032358941, "repeat": 10, "number": 1}]}, "tracking.SingleAxis.time_tracker_singleaxis": {"result": [0.03544565918855369], "stats": [{"ci_99": [0.034345056395977736, 0.036767520010471344], "q_25": 0.0345631098607555, "q_75": 0.03653992433100939, "min": 0.034345056395977736, "max": 0.036767520010471344, "mean": 0.0355434459168464, "std": 0.0009646722244194256, "repeat": 10, "number": 1}]}}, "params": {"arch": "x86_64", "cpu": "Intel Xeon Processor (Skylake, IBRS)", "machine": "pvlib-asv.forecasting.energy.arizona.edu", "num_cpu": "4", "os": "Linux 5.7.8-200.fc32.x86_64", "ram": "8145244", "python": "3.6", "numpy": "1.12.0", "pandas": "0.22.0", "scipy": "1.2.0", "pytables": "3.6.1", "ephem": "3.7.6.0"}, "requirements": {"numpy": "1.12.0", "pandas": "0.22.0", "scipy": "1.2.0", "pytables": "3.6.1", "ephem": "3.7.6.0"}, "commit_hash": "e6aa17c526635453953ed93a1b3cd4eb0e530a3c", "date": 1530032495000, "env_name": "conda-py3.6-ephem3.7.6.0-numpy1.12.0-pandas0.22.0-pytables3.6.1-scipy1.2.0", "python": "3.6", "profiles": {}, "started_at": {"irradiance.Irradiance.time_aoi": 1599835664943, "irradiance.Irradiance.time_aoi_projection": 1599835666850, "irradiance.Irradiance.time_dirindex": 1599835668755, "irradiance.Irradiance.time_dirint": 1599835670961, "irradiance.Irradiance.time_disc": 1599835672967, "irradiance.Irradiance.time_erbs": 1599835674873, "irradiance.Irradiance.time_get_extra_radiation": 1599835657991, "irradiance.Irradiance.time_get_ground_diffuse": 1599835658344, "irradiance.Irradiance.time_get_total_irradiance": 1599835658697, "location.Location.time_location_get_airmass": 1599835676778, "location.Location.time_location_get_clearsky": 1599835677081, "location.Location.time_location_get_solarposition": 1599835677384, "location.Location_0_6_1.time_location_get_sun_rise_set_transit_pyephem": 1599835677687, "location.Location_0_6_1.time_location_get_sun_rise_set_transit_spa": 1599835677740, "solarposition.SolarPosition.time_ephemeris": 1599835677792,