{"results": {"irradiance.Irradiance.time_aoi": {"result": [0.0022098445799201725], "stats": [{"ci_99": [0.002141357120126486, 0.0022315735928714274], "q_25": 0.002182505070231855, "q_75": 0.0022188269998878237, "min": 0.002141357120126486, "max": 0.0022315735928714274, "mean": 0.0022005309537053105, "std": 2.7345873097227678e-05, "repeat": 10, "number": 5}]}, "irradiance.Irradiance.time_aoi_projection": {"result": [0.0021891911048442124], "stats": [{"ci_99": [0.0021565690636634826, 0.0022272000089287756], "q_25": 0.0021680005360394713, "q_75": 0.0022208943963050844, "min": 0.0021565690636634826, "max": 0.0022272000089287756, "mean": 0.0021921947598457334, "std": 2.725223303550079e-05, "repeat": 10, "number": 5}]}, "irradiance.Irradiance.time_dirindex": {"result": [0.14409872354008257], "stats": [{"ci_99": [0.14212875487282872, 0.1493430668488145], "q_25": 0.14382743160240352, "q_75": 0.14599225064739585, "min": 0.14212875487282872, "max": 0.1493430668488145, "mean": 0.14484143508598207, "std": 0.0020087518530292805, "repeat": 10, "number": 1}]}, "irradiance.Irradiance.time_dirint": {"result": [0.07114467187784612], "stats": [{"ci_99": [0.07017740281298757, 0.07366011571139097], "q_25": 0.070430897641927, "q_75": 0.07246749708428979, "min": 0.07017740281298757, "max": 0.07366011571139097, "mean": 0.0714955423027277, "std": 0.0012060124927333058, "repeat": 10, "number": 1}]}, "irradiance.Irradiance.time_disc": {"result": [0.0186279215849936], "stats": [{"ci_99": [0.01754462905228138, 0.02001875312998891], "q_25": 0.017946993932127953, "q_75": 0.019334500189870596, "min": 0.01754462905228138, "max": 0.02001875312998891, "mean": 0.018645037058740856, "std": 0.0008515581825152881, "repeat": 10, "number": 1}]}, "irradiance.Irradiance.time_erbs": {"result": [0.011621779995039105], "stats": [{"ci_99": [0.011476919986307621, 0.013171924278140068], "q_25": 0.011577817494980991, "q_75": 0.012551587540656328, "min": 0.011476919986307621, "max": 0.013171924278140068, "mean": 0.012003588303923608, "std": 0.0006187670591549169, "repeat": 10, "number": 1}]}, "irradiance.Irradiance.time_get_extra_radiation": null, "irradiance.Irradiance.time_get_ground_diffuse": null, "irradiance.Irradiance.time_get_total_irradiance": null, "location.Location.time_location_get_airmass": {"result": [0.005407177843153477], "stats": [{"ci_99": [0.004905930021777749, 0.00548058794811368], "q_25": 0.005356770183425397, "q_75": 0.005437461251858622, "min": 0.004905930021777749, "max": 0.00548058794811368, "mean": 0.00535643775947392, "std": 0.00015727639649647853, "repeat": 10, "number": 2}]}, "location.Location.time_location_get_clearsky": {"result": [0.4481908814050257], "stats": [{"ci_99": [0.43956202920526266, 0.46499962313100696], "q_25": 0.4447556611848995, "q_75": 0.4588307982776314, "min": 0.43956202920526266, "max": 0.46499962313100696, "mean": 0.451227146666497, "std": 0.008615787367636149, "repeat": 10, "number": 1}]}, "location.Location.time_location_get_solarposition": {"result": [0.01810962217859924], "stats": [{"ci_99": [0.017970694229006767, 0.018286689184606075], "q_25": 0.018060177797451615, "q_75": 0.018146506627090275, "min": 0.017970694229006767, "max": 0.018286689184606075, "mean": 0.018108932487666606, "std": 8.0547314445893e-05, "repeat": 10, "number": 1}]}, "location.Location_0_6_1.time_location_get_sun_rise_set_transit_pyephem": NaN, "location.Location_0_6_1.time_location_get_sun_rise_set_transit_spa": NaN, "solarposition.SolarPosition.time_ephemeris": null, "solarposition.SolarPosition.time_ephemeris_localized": null, "solarposition.SolarPosition.time_nrel_earthsun_distance": {"result": [0.023234628373757005], "stats": [{"ci_99": [0.02309368969872594, 0.023326606024056673], "q_25": 0.023168018204160035, "q_75": 0.023290943587198853, "min": 0.02309368969872594, "max": 0.023326606024056673, "mean": 0.023221854073926806, "std": 7.897211049605014e-05, "repeat": 10, "number": 1}]}, "solarposition.SolarPosition.time_spa_python": {"result": [0.028614219510927796], "stats": [{"ci_99": [0.028484904672950506, 0.02872169902548194], "q_25": 0.028574437252245843, "q_75": 0.02864403638523072, "min": 0.028484904672950506, "max": 0.02872169902548194, "mean": 0.028612317238003015, "std": 6.268413188960725e-05, "repeat": 10, "number": 1}]}, "solarposition.SolarPosition.time_sun_rise_set_transit_spa": {"result": [0.050760586047545075], "stats": [{"ci_99": [0.050267147831618786, 0.05136965913698077], "q_25": 0.050585971446707845, "q_75": 0.05102832242846489, "min": 0.050267147831618786, "max": 0.05136965913698077, "mean": 0.0508112492505461, "std": 0.0003501733178817764, "repeat": 10, "number": 1}]}, "temperature.Fuentes.time_fuentes": NaN, "temperature.SAPM.time_sapm_cell": {"result": [0.0022377858869731425], "stats": [{"ci_99": [0.002202608622610569, 0.0022720811888575555], "q_25": 0.0022234804928302765, "q_75": 0.0022651446750387547, "min": 0.002202608622610569, "max": 0.0022720811888575555, "mean": 0.0022419543843716382, "std": 2.3678354140059023e-05, "repeat": 10, "number": 5}]}, "tracking.SingleAxis.time_singleaxis": {"result": [0.044163014041259885], "stats": [{"ci_99": [0.04341349005699158, 0.04761233599856496], "q_25": 0.04388664313592017, "q_75": 0.044964968459680676, "min": 0.04341349005699158, "max": 0.04761233599856496, "mean": 0.04457739382050931, "std": 0.0011694349899644537, "repeat": 10, "number": 1}]}, "tracking.SingleAxis.time_tracker_singleaxis": {"result": [0.04569369996897876], "stats": [{"ci_99": [0.04364165011793375, 0.047629840672016144], "q_25": 0.04437726421747357, "q_75": 0.0462173760170117, "min": 0.04364165011793375, "max": 0.047629840672016144, "mean": 0.045543193351477385, "std": 0.0013367566596651941, "repeat": 10, "number": 1}]}}, "params": {"arch": "x86_64", "cpu": "Intel Xeon Processor (Skylake, IBRS)", "machine": "pvlib-asv.forecasting.energy.arizona.edu", "num_cpu": "4", "os": "Linux 5.7.8-200.fc32.x86_64", "ram": "8145244", "python": "3.7", "ephem": "3.7.6.0", "numpy": "1.18.5", "pandas": "1.1.0", "pytables": "3.6.1", "scipy": "1.2.0"}, "requirements": {"ephem": "3.7.6.0", "numpy": "1.18.5", "pandas": "1.1.0", "pytables": "3.6.1", "scipy": "1.2.0"}, "commit_hash": "e77dfeed304cb77eb4d6abade40ca934d55a865e", "date": 1482941150000, "env_name": "conda-py3.7-ephem3.7.6.0-numpy1.18.5-pandas1.1.0-pytables3.6.1-scipy1.2.0", "python": "3.7", "profiles": {}, "started_at": {"irradiance.Irradiance.time_aoi": 1599433738260, "irradiance.Irradiance.time_aoi_projection": 1599433743020, "irradiance.Irradiance.time_dirindex": 1599433747780, "irradiance.Irradiance.time_dirint": 1599433753291, "irradiance.Irradiance.time_disc": 1599433758401, "irradiance.Irradiance.time_erbs": 1599433763261, "irradiance.Irradiance.time_get_extra_radiation": 1599433728304, "irradiance.Irradiance.time_get_ground_diffuse": 1599433729158, "irradiance.Irradiance.time_get_total_irradiance": 1599433730011, "location.Location.time_location_get_airmass": 1599433768071, "location.Location.time_location_get_clearsky": 1599433768374, "location.Location.time_location_get_solarposition": 1599433771331, "location.Location_0_6_1.time_location_get_sun_rise_set_transit_pyephem": 1599433771685, "location.Location_0_6_1.time_location_get_sun_rise_set_transit_spa": 1599433771737, "solarposition.SolarPosition.time_ephemeris": 1599433734633, "solarposition.SolarPosition.time_ephemeris_localized": 1599433734735, "solarposition.SolarPosition.time_nrel_earthsun_distance": 1599433771790, "solarposition.SolarPosition.time_spa_python": 1599433772043, "solarposition.SolarPosition.time_sun_rise_set_transit_spa": 1599433772346, "temperature.Fuentes.time_fuentes": 1599433772749, "temperature.SAPM.time_sapm_cell": 1599433772802, "tracking.SingleAxis.time_singleaxis": 1599433773005, "tracking.SingleAxis.time_tracker_singleaxis": 1599433774109}, "ended_at": {"irradiance.Irradiance.time_aoi": 1599433743020, "irradiance.Irradiance.time_aoi_projection": 1599433747779,