{"results": {"irradiance.Irradiance.time_aoi": {"result": [0.002310604648664594], "stats": [{"ci_99": [0.0022553827613592146, 0.0024435128085315227], "q_25": 0.002264956175349653, "q_75": 0.0023747423430904744, "min": 0.0022553827613592146, "max": 0.0024435128085315227, "mean": 0.0023250817321240906, "std": 6.283346702466312e-05, "repeat": 10, "number": 5}]}, "irradiance.Irradiance.time_aoi_projection": {"result": [0.0020058177877217533], "stats": [{"ci_99": [0.001977685187011957, 0.0020551578141748904], "q_25": 0.0019917817087844016, "q_75": 0.0020449156872928143, "min": 0.001977685187011957, "max": 0.0020551578141748904, "mean": 0.002015146091580391, "std": 2.8030078916463023e-05, "repeat": 10, "number": 5}]}, "irradiance.Irradiance.time_dirindex": {"result": [0.1403358115348965], "stats": [{"ci_99": [0.13775112526491284, 0.14339081291109324], "q_25": 0.1387091598007828, "q_75": 0.14181483094580472, "min": 0.13775112526491284, "max": 0.14339081291109324, "mean": 0.1403540528845042, "std": 0.0018349972367434403, "repeat": 10, "number": 1}]}, "irradiance.Irradiance.time_dirint": {"result": [0.07091617304831743], "stats": [{"ci_99": [0.06879012705758214, 0.08069079089909792], "q_25": 0.06976543902419508, "q_75": 0.07224428083281964, "min": 0.06879012705758214, "max": 0.08069079089909792, "mean": 0.07200557142496108, "std": 0.0034332726876504494, "repeat": 10, "number": 1}]}, "irradiance.Irradiance.time_disc": {"result": [0.018958307104185224], "stats": [{"ci_99": [0.0178556009195745, 0.01981824915856123], "q_25": 0.018426686874590814, "q_75": 0.01937637070659548, "min": 0.0178556009195745, "max": 0.01981824915856123, "mean": 0.018857412040233612, "std": 0.0006274598163929856, "repeat": 10, "number": 1}]}, "irradiance.Irradiance.time_erbs": {"result": [0.01255429838784039], "stats": [{"ci_99": [0.012152626179158688, 0.012962325010448694], "q_25": 0.01235178206115961, "q_75": 0.012735642958432436, "min": 0.012152626179158688, "max": 0.012962325010448694, "mean": 0.012544092442840337, "std": 0.00025756161188503175, "repeat": 10, "number": 1}]}, "irradiance.Irradiance.time_get_extra_radiation": null, "irradiance.Irradiance.time_get_ground_diffuse": null, "irradiance.Irradiance.time_get_total_irradiance": null, "location.Location.time_location_get_airmass": {"result": [0.005264654755592346], "stats": [{"ci_99": [0.004778355127200484, 0.005471616983413696], "q_25": 0.005200272658839822, "q_75": 0.005418511398602277, "min": 0.004778355127200484, "max": 0.005471616983413696, "mean": 0.005264207371510565, "std": 0.00019332411575597794, "repeat": 10, "number": 2}]}, "location.Location.time_location_get_clearsky": {"result": [0.4526355089619756], "stats": [{"ci_99": [0.4458716497756541, 0.4624534980393946], "q_25": 0.4493187483167276, "q_75": 0.4541530907154083, "min": 0.4458716497756541, "max": 0.4624534980393946, "mean": 0.4532062487211078, "std": 0.0052625501969518745, "repeat": 10, "number": 1}]}, "location.Location.time_location_get_solarposition": {"result": [0.018334084190428257], "stats": [{"ci_99": [0.018259868025779724, 0.01843285607174039], "q_25": 0.018304696888662875, "q_75": 0.018402061890810728, "min": 0.018259868025779724, "max": 0.01843285607174039, "mean": 0.01834978861734271, "std": 5.713869206346894e-05, "repeat": 10, "number": 1}]}, "location.Location_0_6_1.time_location_get_sun_rise_set_transit_pyephem": NaN, "location.Location_0_6_1.time_location_get_sun_rise_set_transit_spa": NaN, "solarposition.SolarPosition.time_ephemeris": {"result": [0.024856852600350976], "stats": [{"ci_99": [0.024017868097871542, 0.025348109658807516], "q_25": 0.024555900366976857, "q_75": 0.02505157224368304, "min": 0.024017868097871542, "max": 0.025348109658807516, "mean": 0.024770839652046562, "std": 0.00037873155499566893, "repeat": 10, "number": 1}]}, "solarposition.SolarPosition.time_ephemeris_localized": {"result": [0.25214119139127433], "stats": [{"ci_99": [0.242305563762784, 0.2531387018971145], "q_25": 0.2507990818703547, "q_75": 0.2525760708376765, "min": 0.242305563762784, "max": 0.2531387018971145, "mean": 0.2503114643972367, "std": 0.0037539696761543194, "repeat": 10, "number": 1}]}, "solarposition.SolarPosition.time_nrel_earthsun_distance": {"result": [0.024086726363748312], "stats": [{"ci_99": [0.023597664199769497, 0.02425619773566723], "q_25": 0.02394077682401985, "q_75": 0.024173516896553338, "min": 0.023597664199769497, "max": 0.02425619773566723, "mean": 0.024039820954203605, "std": 0.0001863655152920908, "repeat": 10, "number": 1}]}, "solarposition.SolarPosition.time_spa_python": {"result": [0.028871692484244704], "stats": [{"ci_99": [0.0286557599902153, 0.029368808027356863], "q_25": 0.02878943271934986, "q_75": 0.029031887999735773, "min": 0.0286557599902153, "max": 0.029368808027356863, "mean": 0.028916567750275134, "std": 0.00020248166573194615, "repeat": 10, "number": 1}]}, "solarposition.SolarPosition.time_sun_rise_set_transit_spa": {"result": [0.05091716768220067], "stats": [{"ci_99": [0.05061486270278692, 0.05112133780494332], "q_25": 0.05078366119414568, "q_75": 0.051003393018618226, "min": 0.05061486270278692, "max": 0.05112133780494332, "mean": 0.05089567280374467, "std": 0.0001481608399369027, "repeat": 10, "number": 1}]}, "temperature.Fuentes.time_fuentes": NaN, "temperature.SAPM.time_sapm_cell": {"result": [0.002185328824756046], "stats": [{"ci_99": [0.0021167243054757514, 0.002201234999423226], "q_25": 0.0021686472076301775, "q_75": 0.0021945396438241005, "min": 0.0021167243054757514, "max": 0.002201234999423226, "mean": 0.0021776375516007343, "std": 2.4641548264759686e-05, "repeat": 10, "number": 6}]}, "tracking.SingleAxis.time_singleaxis": {"result": [0.030978277092799544], "stats": [{"ci_99": [0.02999524911865592, 0.032236114144325256], "q_25": 0.03020557202398777, "q_75": 0.031268434366211295, "min": 0.02999524911865592, "max": 0.032236114144325256, "mean": 0.030875242687761782, "std": 0.0006877089435012446, "repeat": 10, "number": 1}]}, "tracking.SingleAxis.time_tracker_singleaxis": {"result": [0.03063523513264954], "stats": [{"ci_99": [0.02891404088586569, 0.033525215927511454], "q_25": 0.030022643972188234, "q_75": 0.031241288990713656, "min": 0.02891404088586569, "max": 0.033525215927511454, "mean": 0.030791116412729025, "std": 0.0012036481909884545, "repeat": 10, "number": 1}]}}, "params": {"arch": "x86_64", "cpu": "Intel Xeon Processor (Skylake, IBRS)", "machine": "pvlib-asv.forecasting.energy.arizona.edu", "num_cpu": "4", "os": "Linux 5.7.8-200.fc32.x86_64", "ram": "8145244", "python": "3.8", "numpy": "", "pandas": "", "scipy": "", "pytables": "", "ephem": ""}, "requirements": {"numpy": "", "pandas": "", "scipy": "", "pytables": "", "ephem": ""}, "commit_hash": "e83927df9d31a6bbd8b651a508b3e843d29d085f", "date": 1512068943000, "env_name": "conda-py3.8-ephem-numpy-pandas-pytables-scipy", "python": "3.8", "profiles": {}, "started_at": {"irradiance.Irradiance.time_aoi": 1599838102544, "irradiance.Irradiance.time_aoi_projection": 1599838107254, "irradiance.Irradiance.time_dirindex": 1599838111964, "irradiance.Irradiance.time_dirint": 1599838117425, "irradiance.Irradiance.time_disc": 1599838122486, "irradiance.Irradiance.time_erbs": 1599838127296, "irradiance.Irradiance.time_get_extra_radiation": 1599838090984, "irradiance.Irradiance.time_get_ground_diffuse": 1599838091838, "irradiance.Irradiance.time_get_total_irradiance": 1599838092692, "location.Location.time_location_get_airmass": 1599838132006, "location.Location.time_location_get_clearsky": 1599838132360, "location.Location.time_location_get_solarposition": 1599838135317, "location.Location_0_6_1.time_location_get_sun_rise_set_transit_pyephem": 1599838135671, "location.Location_0_6_1.time_location_get_sun_rise_set_transit_spa": 1599838135724, "solarposition.SolarPosition.time_ephemeris": 1599838135776, "solarposition.SolarPosition.time_ephemeris_localized": 1599838136079, "solarposition.SolarPosition.time_nrel_earthsun_distance": 1599838137685,