{"results": {"irradiance.Irradiance.time_aoi": {"result": [0.0023626659065485002], "stats": [{"ci_99": [0.0023417562246322633, 0.0024748612195253372], "q_25": 0.002349246968515217, "q_75": 0.002381736156530678, "min": 0.0023417562246322633, "max": 0.0024748612195253372, "mean": 0.002373885586857796, "std": 3.757793399826359e-05, "repeat": 10, "number": 5}]}, "irradiance.Irradiance.time_aoi_projection": {"result": [0.002147216722369194], "stats": [{"ci_99": [0.0021083672530949117, 0.002188312169164419], "q_25": 0.0021436898736283184, "q_75": 0.00216056948993355, "min": 0.0021083672530949117, "max": 0.002188312169164419, "mean": 0.0021486358810216192, "std": 2.414740893329786e-05, "repeat": 10, "number": 5}]}, "irradiance.Irradiance.time_dirindex": {"result": [0.06464211293496192], "stats": [{"ci_99": [0.0638874932192266, 0.06673757033422589], "q_25": 0.06412606069352478, "q_75": 0.06608504394534975, "min": 0.0638874932192266, "max": 0.06673757033422589, "mean": 0.06505986140109599, "std": 0.001033346142128981, "repeat": 10, "number": 1}]}, "irradiance.Irradiance.time_dirint": {"result": [0.0324468279723078], "stats": [{"ci_99": [0.032228178810328245, 0.03253436414524913], "q_25": 0.03236943087540567, "q_75": 0.03246997727546841, "min": 0.032228178810328245, "max": 0.03253436414524913, "mean": 0.03241838640533388, "std": 8.420459488583988e-05, "repeat": 10, "number": 1}]}, "irradiance.Irradiance.time_disc": {"result": [0.012681710068136454], "stats": [{"ci_99": [0.012598578352481127, 0.01315091596916318], "q_25": 0.012626101728528738, "q_75": 0.012772705405950546, "min": 0.012598578352481127, "max": 0.01315091596916318, "mean": 0.012742472626268864, "std": 0.00016368706425578863, "repeat": 10, "number": 1}]}, "irradiance.Irradiance.time_erbs": {"result": [0.006810422753915191], "stats": [{"ci_99": [0.006700493395328522, 0.006941715953871608], "q_25": 0.006756467919331044, "q_75": 0.006817140034399927, "min": 0.006700493395328522, "max": 0.006941715953871608, "mean": 0.006799702718853951, "std": 6.888902664148115e-05, "repeat": 10, "number": 2}]}, "irradiance.Irradiance.time_get_extra_radiation": null, "irradiance.Irradiance.time_get_ground_diffuse": null, "irradiance.Irradiance.time_get_total_irradiance": null, "location.Location.time_location_get_airmass": {"result": [0.0038866386748850346], "stats": [{"ci_99": [0.0038607980435093245, 0.0039055743254721165], "q_25": 0.00388512946665287, "q_75": 0.0038980202904591956, "min": 0.0038607980435093245, "max": 0.0039055743254721165, "mean": 0.0038881282787770035, "std": 1.2988910099477817e-05, "repeat": 10, "number": 3}]}, "location.Location.time_location_get_clearsky": {"result": [0.4606379384640604], "stats": [{"ci_99": [0.44672916224226356, 0.4642204619012773], "q_25": 0.45980031706858426, "q_75": 0.46205309755168855, "min": 0.44672916224226356, "max": 0.4642204619012773, "mean": 0.45870584407821297, "std": 0.005771145207048874, "repeat": 10, "number": 1}]}, "location.Location.time_location_get_solarposition": {"result": [0.01524116494692862], "stats": [{"ci_99": [0.0151811339892447, 0.015486303251236677], "q_25": 0.015219999360851943, "q_75": 0.01530696009285748, "min": 0.0151811339892447, "max": 0.015486303251236677, "mean": 0.015281203854829072, "std": 9.65172907070319e-05, "repeat": 10, "number": 1}]}, "location.Location_0_6_1.time_location_get_sun_rise_set_transit_pyephem": NaN, "location.Location_0_6_1.time_location_get_sun_rise_set_transit_spa": NaN, "solarposition.SolarPosition.time_ephemeris": {"result": [0.018241787096485496], "stats": [{"ci_99": [0.0180548089556396, 0.018555653747171164], "q_25": 0.018121249973773956, "q_75": 0.01834005513228476, "min": 0.0180548089556396, "max": 0.018555653747171164, "mean": 0.018258415907621384, "std": 0.00015505009635293765, "repeat": 10, "number": 1}]}, "solarposition.SolarPosition.time_ephemeris_localized": {"result": [0.210934950504452], "stats": [{"ci_99": [0.20895264763385057, 0.21327601885423064], "q_25": 0.20984011515974998, "q_75": 0.21128198597580194, "min": 0.20895264763385057, "max": 0.21327601885423064, "mean": 0.21073983423411846, "std": 0.001175514101152191, "repeat": 10, "number": 1}]}, "solarposition.SolarPosition.time_nrel_earthsun_distance": {"result": [0.022536004427820444], "stats": [{"ci_99": [0.022285806015133858, 0.02284009288996458], "q_25": 0.022436142549850047, "q_75": 0.02269191958475858, "min": 0.022285806015133858, "max": 0.02284009288996458, "mean": 0.022553197154775263, "std": 0.0001695578318452869, "repeat": 10, "number": 1}]}, "solarposition.SolarPosition.time_spa_python": {"result": [0.025921091670170426], "stats": [{"ci_99": [0.025799375027418137, 0.02613780740648508], "q_25": 0.025848227785900235, "q_75": 0.02599381550680846, "min": 0.025799375027418137, "max": 0.02613780740648508, "mean": 0.02593352417461574, "std": 0.00010554978395108326, "repeat": 10, "number": 1}]}, "solarposition.SolarPosition.time_sun_rise_set_transit_spa": {"result": [0.0383542045019567], "stats": [{"ci_99": [0.03792031109333038, 0.0388786937110126], "q_25": 0.03815558226779103, "q_75": 0.03870365780312568, "min": 0.03792031109333038, "max": 0.0388786937110126, "mean": 0.03839859757572413, "std": 0.00031551020278251975, "repeat": 10, "number": 1}]}, "temperature.Fuentes.time_fuentes": NaN, "temperature.SAPM.time_sapm_cell": {"result": [0.0016556088480034043], "stats": [{"ci_99": [0.001644256990402937, 0.0016983835292713983], "q_25": 0.0016498632030561566, "q_75": 0.0016613441319870098, "min": 0.001644256990402937, "max": 0.0016983835292713983, "mean": 0.0016590610279568602, "std": 1.4703097800586041e-05, "repeat": 10, "number": 7}]}, "tracking.SingleAxis.time_singleaxis": {"result": [0.024714033817872405], "stats": [{"ci_99": [0.024124362971633673, 0.026451332960277796], "q_25": 0.024278638418763876, "q_75": 0.02502310194540769, "min": 0.024124362971633673, "max": 0.026451332960277796, "mean": 0.024794793175533413, "std": 0.0006586510084959222, "repeat": 10, "number": 1}]}, "tracking.SingleAxis.time_tracker_singleaxis": {"result": [0.024989922996610403], "stats": [{"ci_99": [0.02424523001536727, 0.0263263788074255], "q_25": 0.02459167526103556, "q_75": 0.02529337990563363, "min": 0.02424523001536727, "max": 0.0263263788074255, "mean": 0.02504606917500496, "std": 0.000643061484450142, "repeat": 10, "number": 1}]}}, "params": {"arch": "x86_64", "cpu": "Intel Xeon Processor (Skylake, IBRS)", "machine": "pvlib-asv.forecasting.energy.arizona.edu", "num_cpu": "4", "os": "Linux 5.7.8-200.fc32.x86_64", "ram": "8145244", "python": "3.6", "numpy": "1.12.0", "pandas": "0.22.0", "scipy": "1.2.0", "pytables": "3.6.1", "ephem": "3.7.6.0"}, "requirements": {"numpy": "1.12.0", "pandas": "0.22.0", "scipy": "1.2.0", "pytables": "3.6.1", "ephem": "3.7.6.0"}, "commit_hash": "e83927df9d31a6bbd8b651a508b3e843d29d085f", "date": 1512068943000, "env_name": "conda-py3.6-ephem3.7.6.0-numpy1.12.0-pandas0.22.0-pytables3.6.1-scipy1.2.0", "python": "3.6", "profiles": {}, "started_at": {"irradiance.Irradiance.time_aoi": 1599838021208, "irradiance.Irradiance.time_aoi_projection": 1599838025868, "irradiance.Irradiance.time_dirindex": 1599838030527, "irradiance.Irradiance.time_dirint": 1599838035487, "irradiance.Irradiance.time_disc": 1599838040297, "irradiance.Irradiance.time_erbs": 1599838044956, "irradiance.Irradiance.time_get_extra_radiation": 1599838010150, "irradiance.Irradiance.time_get_ground_diffuse": 1599838011004, "irradiance.Irradiance.time_get_total_irradiance": 1599838011857, "location.Location.time_location_get_airmass": 1599838049616, "location.Location.time_location_get_clearsky": 1599838049919, "location.Location.time_location_get_solarposition": 1599838052876, "location.Location_0_6_1.time_location_get_sun_rise_set_transit_pyephem": 1599838053179, "location.Location_0_6_1.time_location_get_sun_rise_set_transit_spa": 1599838053232, "solarposition.SolarPosition.time_ephemeris": 1599838053284, "solarposition.SolarPosition.time_ephemeris_localized": 1599838053537,