{"results": {"irradiance.Irradiance.time_aoi": {"result": [0.002369451429694891], "stats": [{"ci_99": [0.0022876636125147344, 0.002504546195268631], "q_25": 0.0023178098257631064, "q_75": 0.0024041651748120786, "min": 0.0022876636125147344, "max": 0.002504546195268631, "mean": 0.0023708462435752154, "std": 6.470220398011884e-05, "repeat": 10, "number": 5}]}, "irradiance.Irradiance.time_aoi_projection": {"result": [0.0020013076718896627], "stats": [{"ci_99": [0.0019689002074301243, 0.002226943460603555], "q_25": 0.0019812644265281656, "q_75": 0.00202338706003502, "min": 0.0019689002074301243, "max": 0.002226943460603555, "mean": 0.002020559615145127, "std": 7.193729844437867e-05, "repeat": 10, "number": 6}]}, "irradiance.Irradiance.time_dirindex": {"result": [0.14168586186133325], "stats": [{"ci_99": [0.13987804809585214, 0.14407767727971077], "q_25": 0.14087967085652053, "q_75": 0.1419524196535349, "min": 0.13987804809585214, "max": 0.14407767727971077, "mean": 0.14148282422684133, "std": 0.0011491067640024136, "repeat": 10, "number": 1}]}, "irradiance.Irradiance.time_dirint": {"result": [0.06914619915187359], "stats": [{"ci_99": [0.06872861878946424, 0.07192320330068469], "q_25": 0.06896947091445327, "q_75": 0.06991424225270748, "min": 0.06872861878946424, "max": 0.07192320330068469, "mean": 0.06959543717093766, "std": 0.0009200752489422584, "repeat": 10, "number": 1}]}, "irradiance.Irradiance.time_disc": {"result": [0.018787111388519406], "stats": [{"ci_99": [0.01822892902418971, 0.019883492961525917], "q_25": 0.01836724393069744, "q_75": 0.019112611189484596, "min": 0.01822892902418971, "max": 0.019883492961525917, "mean": 0.01886372286826372, "std": 0.0005536183916921215, "repeat": 10, "number": 1}]}, "irradiance.Irradiance.time_erbs": {"result": [0.013262123800814152], "stats": [{"ci_99": [0.012978204991668463, 0.014003932010382414], "q_25": 0.013215541606768966, "q_75": 0.013731331331655383, "min": 0.012978204991668463, "max": 0.014003932010382414, "mean": 0.013409488322213291, "std": 0.00034201328445249233, "repeat": 10, "number": 1}]}, "irradiance.Irradiance.time_get_extra_radiation": {"result": [0.002701680234167725], "stats": [{"ci_99": [0.0026484382105991244, 0.0027569710509851575], "q_25": 0.002680713281733915, "q_75": 0.002707620238652453, "min": 0.0026484382105991244, "max": 0.0027569710509851575, "mean": 0.002696732443291694, "std": 3.0463347937662825e-05, "repeat": 10, "number": 4}]}, "irradiance.Irradiance.time_get_ground_diffuse": {"result": [0.000570658393288878], "stats": [{"ci_99": [0.0005143986464562741, 0.0005889185492626646], "q_25": 0.0005504129062914712, "q_75": 0.0005864686681888998, "min": 0.0005143986464562741, "max": 0.0005889185492626646, "mean": 0.0005647562782872807, "std": 2.452189340021891e-05, "repeat": 10, "number": 22}]}, "irradiance.Irradiance.time_get_total_irradiance": {"result": [0.005349468206986785], "stats": [{"ci_99": [0.005266320891678333, 0.005397372646257281], "q_25": 0.005290203029289842, "q_75": 0.005359884409699589, "min": 0.005266320891678333, "max": 0.005397372646257281, "mean": 0.0053321666084229944, "std": 4.248035313352272e-05, "repeat": 10, "number": 2}]}, "location.Location.time_location_get_airmass": {"result": [0.0015677157207392156], "stats": [{"ci_99": [0.0014150796341709793, 0.0024888437474146485], "q_25": 0.00143077528628055, "q_75": 0.002402767291641794, "min": 0.0014150796341709793, "max": 0.0024888437474146485, "mean": 0.0018492932547815144, "std": 0.0004706098356626773, "repeat": 10, "number": 8}]}, "location.Location.time_location_get_clearsky": {"result": [0.01274659181945026], "stats": [{"ci_99": [0.012661521323025227, 0.013049992267042398], "q_25": 0.01269951940048486, "q_75": 0.01279602327849716, "min": 0.012661521323025227, "max": 0.013049992267042398, "mean": 0.01278123646043241, "std": 0.00011513127774495835, "repeat": 10, "number": 1}]}, "location.Location.time_location_get_solarposition": {"result": [0.017601850209757686], "stats": [{"ci_99": [0.017441673204302788, 0.01772615732625127], "q_25": 0.017549889162182808, "q_75": 0.017644539708271623, "min": 0.017441673204302788, "max": 0.01772615732625127, "mean": 0.017591805756092073, "std": 7.869982034609868e-05, "repeat": 10, "number": 1}]}, "location.Location_0_6_1.time_location_get_sun_rise_set_transit_pyephem": {"result": [0.196348222438246], "stats": [{"ci_99": [0.1932178782299161, 0.1984894908964634], "q_25": 0.19604793342296034, "q_75": 0.1975266927620396, "min": 0.1932178782299161, "max": 0.1984894908964634, "mean": 0.19654669743031264, "std": 0.0014279900636902493, "repeat": 10, "number": 1}]}, "location.Location_0_6_1.time_location_get_sun_rise_set_transit_spa": {"result": [0.04270064947195351], "stats": [{"ci_99": [0.042268296238034964, 0.06524702068418264], "q_25": 0.04250517184846103, "q_75": 0.04272621893323958, "min": 0.042268296238034964, "max": 0.06524702068418264, "mean": 0.044862764235585925, "std": 0.006796616034980724, "repeat": 10, "number": 1}]}, "solarposition.SolarPosition.time_ephemeris": {"result": [0.024629933293908834], "stats": [{"ci_99": [0.02340385504066944, 0.0248832069337368], "q_25": 0.02438177913427353, "q_75": 0.024724939838051796, "min": 0.02340385504066944, "max": 0.0248832069337368, "mean": 0.024412691686302425, "std": 0.0005154101066577818, "repeat": 10, "number": 1}]}, "solarposition.SolarPosition.time_ephemeris_localized": {"result": [0.023872973397374153], "stats": [{"ci_99": [0.02350089093670249, 0.0249500903300941], "q_25": 0.023661246756091714, "q_75": 0.024275016272440553, "min": 0.02350089093670249, "max": 0.0249500903300941, "mean": 0.024022335512563588, "std": 0.00045083984818788107, "repeat": 10, "number": 1}]}, "solarposition.SolarPosition.time_nrel_earthsun_distance": {"result": [0.02365417731925845], "stats": [{"ci_99": [0.023128631059080362, 0.023856854997575283], "q_25": 0.023580601788125932, "q_75": 0.023718173033557832, "min": 0.023128631059080362, "max": 0.023856854997575283, "mean": 0.02361036348156631, "std": 0.00021120067699192222, "repeat": 10, "number": 1}]}, "solarposition.SolarPosition.time_spa_python": {"result": [0.028251238632947206], "stats": [{"ci_99": [0.027833074796944857, 0.028354349080473185], "q_25": 0.02818014775402844, "q_75": 0.02831953065469861, "min": 0.027833074796944857, "max": 0.028354349080473185, "mean": 0.028198197996243835, "std": 0.00016591947345405566, "repeat": 10, "number": 1}]}, "solarposition.SolarPosition.time_sun_rise_set_transit_spa": {"result": [0.049247274873778224], "stats": [{"ci_99": [0.048791827633976936, 0.04950027819722891], "q_25": 0.04912361758761108, "q_75": 0.04937263508327305, "min": 0.048791827633976936, "max": 0.04950027819722891, "mean": 0.049237881368026135, "std": 0.00020506283208632055, "repeat": 10, "number": 1}]}, "temperature.Fuentes.time_fuentes": NaN, "temperature.SAPM.time_sapm_cell": {"result": [0.0015091558743733913], "stats": [{"ci_99": [0.0014103754074312747, 0.001625192875508219], "q_25": 0.0014232608227757737, "q_75": 0.0016026841767597944, "min": 0.0014103754074312747, "max": 0.001625192875508219, "mean": 0.0015130601183045655, "std": 9.182325363269826e-05, "repeat": 10, "number": 8}]}, "tracking.SingleAxis.time_singleaxis": {"result": [0.006395821925252676], "stats": [{"ci_99": [0.006123590981587768, 0.010112175950780511], "q_25": 0.006289448938332498, "q_75": 0.00666311482200399, "min": 0.006123590981587768, "max": 0.010112175950780511, "mean": 0.0067866524448618295, "std": 0.0011267834639019092, "repeat": 10, "number": 2}]}, "tracking.SingleAxis.time_tracker_singleaxis": {"result": [0.006358484271913767], "stats": [{"ci_99": [0.006137049989774823, 0.006652008509263396], "q_25": 0.006247401295695454, "q_75": 0.006519882706925273, "min": 0.006137049989774823, "max": 0.006652008509263396, "mean": 0.006375651084817946, "std": 0.0001602980603363887, "repeat": 10, "number": 2}]}}, "params": {"arch": "x86_64", "cpu": "Intel Xeon Processor (Skylake, IBRS)",