{"results": {"irradiance.Irradiance.time_aoi": {"result": [0.002387062273919582], "stats": [{"ci_99": [0.002350108977407217, 0.0025250183418393133], "q_25": 0.0023676304845139384, "q_75": 0.002391398977488279, "min": 0.002350108977407217, "max": 0.0025250183418393133, "mean": 0.002392318891361356, "std": 4.64266208353829e-05, "repeat": 10, "number": 5}]}, "irradiance.Irradiance.time_aoi_projection": {"result": [0.002104926435276866], "stats": [{"ci_99": [0.002082702610641718, 0.0021346602588891983], "q_25": 0.002094908501021564, "q_75": 0.0021179537754505875, "min": 0.002082702610641718, "max": 0.0021346602588891983, "mean": 0.0021074686944484713, "std": 1.6051519168474808e-05, "repeat": 10, "number": 5}]}, "irradiance.Irradiance.time_dirindex": {"result": [0.06561149400658906], "stats": [{"ci_99": [0.06471937615424395, 0.0680388961918652], "q_25": 0.06500145699828863, "q_75": 0.06599731126334518, "min": 0.06471937615424395, "max": 0.0680388961918652, "mean": 0.06585216727107764, "std": 0.0011235766965481215, "repeat": 10, "number": 1}]}, "irradiance.Irradiance.time_dirint": {"result": [0.032978331902995706], "stats": [{"ci_99": [0.032740235794335604, 0.035493587609380484], "q_25": 0.03283795481547713, "q_75": 0.03324424184393138, "min": 0.032740235794335604, "max": 0.035493587609380484, "mean": 0.03327969880774617, "std": 0.0007872342579071286, "repeat": 10, "number": 1}]}, "irradiance.Irradiance.time_disc": {"result": [0.01282222056761384], "stats": [{"ci_99": [0.012352562043815851, 0.012895787600427866], "q_25": 0.012749170884490013, "q_75": 0.012882992159575224, "min": 0.012352562043815851, "max": 0.012895787600427866, "mean": 0.012746489699929952, "std": 0.00019117137017127966, "repeat": 10, "number": 1}]}, "irradiance.Irradiance.time_erbs": {"result": [0.007196066784672439], "stats": [{"ci_99": [0.00715299416333437, 0.007248173467814922], "q_25": 0.007173861376941204, "q_75": 0.007219896535389125, "min": 0.00715299416333437, "max": 0.007248173467814922, "mean": 0.0071979205589741465, "std": 2.9522676741109267e-05, "repeat": 10, "number": 2}]}, "irradiance.Irradiance.time_get_extra_radiation": {"result": [0.0005316924769431352], "stats": [{"ci_99": [0.0005285032559186221, 0.0005399791523814201], "q_25": 0.0005302452307660132, "q_75": 0.0005346994032151998, "min": 0.0005285032559186221, "max": 0.0005399791523814201, "mean": 0.0005326298531144857, "std": 3.339771773044454e-06, "repeat": 10, "number": 20}]}, "irradiance.Irradiance.time_get_ground_diffuse": {"result": [0.00035017667173901023], "stats": [{"ci_99": [0.0003307179465670796, 0.0003629469120984568], "q_25": 0.00034798347897937196, "q_75": 0.00035373939488850096, "min": 0.0003307179465670796, "max": 0.0003629469120984568, "mean": 0.0003499747897662661, "std": 8.678700610247511e-06, "repeat": 10, "number": 34}]}, "irradiance.Irradiance.time_get_total_irradiance": {"result": [0.004512060123185317], "stats": [{"ci_99": [0.004423633683472872, 0.00487317501877745], "q_25": 0.004475067524860303, "q_75": 0.004569073983778556, "min": 0.004423633683472872, "max": 0.00487317501877745, "mean": 0.004545190837234258, "std": 0.00012382379608029254, "repeat": 10, "number": 3}]}, "location.Location.time_location_get_airmass": {"result": [0.0013800817541778088], "stats": [{"ci_99": [0.001361696282401681, 0.0015006019966676831], "q_25": 0.0013713682274101302, "q_75": 0.0014748234243597835, "min": 0.001361696282401681, "max": 0.0015006019966676831, "mean": 0.0014154996315483004, "std": 5.4549820913205017e-05, "repeat": 10, "number": 8}]}, "location.Location.time_location_get_clearsky": {"result": [0.009385501965880394], "stats": [{"ci_99": [0.00934196705929935, 0.009619698859751225], "q_25": 0.009372856875415891, "q_75": 0.009431887825485319, "min": 0.00934196705929935, "max": 0.009619698859751225, "mean": 0.009418680146336556, "std": 7.704869463109402e-05, "repeat": 10, "number": 2}]}, "location.Location.time_location_get_solarposition": {"result": [0.015106811886653304], "stats": [{"ci_99": [0.015038360375910997, 0.015171850100159645], "q_25": 0.015077153919264674, "q_75": 0.01513600954785943, "min": 0.015038360375910997, "max": 0.015171850100159645, "mean": 0.015105735277757049, "std": 4.104023267651181e-05, "repeat": 10, "number": 1}]}, "location.Location_0_6_1.time_location_get_sun_rise_set_transit_pyephem": {"result": [0.17929217754863203], "stats": [{"ci_99": [0.1789119760505855, 0.17974469903856516], "q_25": 0.17912726395297796, "q_75": 0.1793842539191246, "min": 0.1789119760505855, "max": 0.17974469903856516, "mean": 0.17927623940631748, "std": 0.00021555381829287145, "repeat": 10, "number": 1}]}, "location.Location_0_6_1.time_location_get_sun_rise_set_transit_spa": {"result": [0.03351895301602781], "stats": [{"ci_99": [0.03305654879659414, 0.03396578365936875], "q_25": 0.033399142790585756, "q_75": 0.03367910371161997, "min": 0.03305654879659414, "max": 0.03396578365936875, "mean": 0.03353667086921632, "std": 0.0002584991231353682, "repeat": 10, "number": 1}]}, "solarposition.SolarPosition.time_ephemeris": {"result": [0.018327492056414485], "stats": [{"ci_99": [0.01802848093211651, 0.018860740121454], "q_25": 0.0182193050859496, "q_75": 0.018422231078147888, "min": 0.01802848093211651, "max": 0.018860740121454, "mean": 0.018353219516575335, "std": 0.0002118833725685878, "repeat": 10, "number": 1}]}, "solarposition.SolarPosition.time_ephemeris_localized": {"result": [0.018311130348592997], "stats": [{"ci_99": [0.018018424045294523, 0.018511297181248665], "q_25": 0.018279838375747204, "q_75": 0.018438267055898905, "min": 0.018018424045294523, "max": 0.018511297181248665, "mean": 0.01833312688395381, "std": 0.00013665672617898107, "repeat": 10, "number": 1}]}, "solarposition.SolarPosition.time_nrel_earthsun_distance": {"result": [0.022588555002585053], "stats": [{"ci_99": [0.022533154115080833, 0.022639872040599585], "q_25": 0.0225713747786358, "q_75": 0.022599947405979037, "min": 0.022533154115080833, "max": 0.022639872040599585, "mean": 0.022584416903555393, "std": 3.170252575027607e-05, "repeat": 10, "number": 1}]}, "solarposition.SolarPosition.time_spa_python": {"result": [0.025762491626664996], "stats": [{"ci_99": [0.02562915999442339, 0.025961020961403847], "q_25": 0.025707758381031454, "q_75": 0.025876097613945603, "min": 0.02562915999442339, "max": 0.025961020961403847, "mean": 0.025784574821591376, "std": 0.00010166956815922968, "repeat": 10, "number": 1}]}, "solarposition.SolarPosition.time_sun_rise_set_transit_spa": {"result": [0.0385648540686816], "stats": [{"ci_99": [0.03836429491639137, 0.03885193634778261], "q_25": 0.038544830633327365, "q_75": 0.038680754136294127, "min": 0.03836429491639137, "max": 0.03885193634778261, "mean": 0.03858933625742793, "std": 0.00013693600294655196, "repeat": 10, "number": 1}]}, "temperature.Fuentes.time_fuentes": NaN, "temperature.SAPM.time_sapm_cell": {"result": [0.0010139328194782137], "stats": [{"ci_99": [0.0009707652963697911, 0.0010277035180479288], "q_25": 0.0010075773810967804, "q_75": 0.0010224048630334437, "min": 0.0009707652963697911, "max": 0.0010277035180479288, "mean": 0.0010101674916222691, "std": 1.7411726250728402e-05, "repeat": 10, "number": 10}]}, "tracking.SingleAxis.time_singleaxis": {"result": [0.019517333479598165], "stats": [{"ci_99": [0.01765430998057127, 0.021781285759061575], "q_25": 0.01837271940894425, "q_75": 0.020463530789129436, "min": 0.01765430998057127, "max": 0.021781285759061575, "mean": 0.019495140155777337, "std": 0.0013621117622259762, "repeat": 10, "number": 1}]}, "tracking.SingleAxis.time_tracker_singleaxis": {"result": [0.019241733010858297], "stats": [{"ci_99": [0.017064552754163742, 0.02403823984786868], "q_25": 0.018151562078855932, "q_75": 0.02046703698579222, "min": 0.017064552754163742, "max": 0.02403823984786868, "mean": 0.019509060587733985, "std": 0.0019228074364115895, "repeat": 10, "number": 1}]}}, "params": {"arch": "x86_64", "cpu": "Intel Xeon Processor (Skylake, IBRS)",