{"results": {"irradiance.TimeSuite.time_aoi": {"result": [0.002220193762332201], "stats": [{"ci_99": [0.002156178653240204, 0.002354747988283634], "q_25": 0.0021634927717968824, "q_75": 0.0022863506106659773, "min": 0.002156178653240204, "max": 0.002354747988283634, "mean": 0.0022342663630843156, "std": 7.145063052400765e-05, "repeat": 10, "number": 5}]}, "irradiance.TimeSuite.time_aoi_projection": {"result": [0.0021745349746197466], "stats": [{"ci_99": [0.0021641111932694914, 0.0023699838668107985], "q_25": 0.0021691706497222185, "q_75": 0.0022445205366238953, "min": 0.0021641111932694914, "max": 0.0023699838668107985, "mean": 0.0022107993345707655, "std": 6.413687002199044e-05, "repeat": 10, "number": 5}]}, "irradiance.TimeSuite.time_dirindex": {"result": [0.14523983048275113], "stats": [{"ci_99": [0.14317043824121356, 0.15563451731577516], "q_25": 0.143845992279239, "q_75": 0.14631757559254766, "min": 0.14317043824121356, "max": 0.15563451731577516, "mean": 0.14617240377701818, "std": 0.0034751244452577872, "repeat": 10, "number": 1}]}, "irradiance.TimeSuite.time_dirint": {"result": [0.07315000519156456], "stats": [{"ci_99": [0.070854258723557, 0.07591129979118705], "q_25": 0.07112903753295541, "q_75": 0.07444535475224257, "min": 0.070854258723557, "max": 0.07591129979118705, "mean": 0.07302315053530037, "std": 0.0017702500519151923, "repeat": 10, "number": 1}]}, "irradiance.TimeSuite.time_disc": {"result": [0.019109167624264956], "stats": [{"ci_99": [0.018234387040138245, 0.020749137736856937], "q_25": 0.018392044818028808, "q_75": 0.0198909982573241, "min": 0.018234387040138245, "max": 0.020749137736856937, "mean": 0.01922604446299374, "std": 0.0008588701324412218, "repeat": 10, "number": 1}]}, "irradiance.TimeSuite.time_erbs": {"result": [0.012461925856769085], "stats": [{"ci_99": [0.012324305716902018, 0.012677746824920177], "q_25": 0.01239090773742646, "q_75": 0.012495799921452999, "min": 0.012324305716902018, "max": 0.012677746824920177, "mean": 0.012459635175764561, "std": 9.600571598619888e-05, "repeat": 10, "number": 1}]}, "irradiance.TimeSuite.time_get_extra_radiation": {"result": [0.0026501742540858686], "stats": [{"ci_99": [0.0026314726565033197, 0.002692253445275128], "q_25": 0.002642375970026478, "q_75": 0.002661350095877424, "min": 0.0026314726565033197, "max": 0.002692253445275128, "mean": 0.002655268122907728, "std": 1.9907770219385634e-05, "repeat": 10, "number": 4}]}, "irradiance.TimeSuite.time_get_ground_diffuse": {"result": [0.0005152598023414612], "stats": [{"ci_99": [0.0005103158531710505, 0.0005571471061557532], "q_25": 0.0005124192393850535, "q_75": 0.0005265620013233274, "min": 0.0005103158531710505, "max": 0.0005571471061557532, "mean": 0.0005239417846314608, "std": 1.7294057279991857e-05, "repeat": 10, "number": 20}]}, "irradiance.TimeSuite.time_get_total_irradiance": {"result": [0.005014989408664405], "stats": [{"ci_99": [0.00494372146204114, 0.005199250997975469], "q_25": 0.004982384038157761, "q_75": 0.005066880607046187, "min": 0.00494372146204114, "max": 0.005199250997975469, "mean": 0.005041557364165783, "std": 8.543017638245487e-05, "repeat": 10, "number": 2}]}, "location.TimeSuite.time_location_get_airmass": {"result": [0.0014905829448252916], "stats": [{"ci_99": [0.0013727094046771526, 0.0015256066274430072], "q_25": 0.0014871762998934304, "q_75": 0.00149842251890472, "min": 0.0013727094046771526, "max": 0.0015256066274430072, "mean": 0.001475289204557027, "std": 4.702836439400028e-05, "repeat": 10, "number": 7}]}, "location.TimeSuite.time_location_get_clearsky": {"result": [0.013128523016348481], "stats": [{"ci_99": [0.012176451738923788, 0.013334875926375389], "q_25": 0.013102107215672731, "q_75": 0.013195157051086426, "min": 0.012176451738923788, "max": 0.013334875926375389, "mean": 0.012979377200827003, "std": 0.00040107927358608563, "repeat": 10, "number": 1}]}, "location.TimeSuite.time_location_get_solarposition": {"result": [0.01797117805108428], "stats": [{"ci_99": [0.01784144528210163, 0.018206001725047827], "q_25": 0.017880737432278693, "q_75": 0.01806031831074506, "min": 0.01784144528210163, "max": 0.018206001725047827, "mean": 0.017978593008592725, "std": 0.00011507273403255011, "repeat": 10, "number": 1}]}, "location.TimeSuite.time_location_get_sun_rise_set_transit_pyephem": {"result": [0.1964294034987688], "stats": [{"ci_99": [0.1793543202802539, 0.19682254875078797], "q_25": 0.19633866753429174, "q_75": 0.19662905647419393, "min": 0.1793543202802539, "max": 0.19682254875078797, "mean": 0.1932547905482352, "std": 0.006585219177239215, "repeat": 10, "number": 1}]}, "location.TimeSuite.time_location_get_sun_rise_set_transit_spa": {"result": [0.04306568833999336], "stats": [{"ci_99": [0.042980048805475235, 0.04370521800592542], "q_25": 0.04304543987382203, "q_75": 0.04323702957481146, "min": 0.042980048805475235, "max": 0.04370521800592542, "mean": 0.043179845251142976, "std": 0.00021361464912165697, "repeat": 10, "number": 1}]}, "solarposition.TimeSuite.time_ephemeris": {"result": [0.023976886412128806], "stats": [{"ci_99": [0.023660867009311914, 0.024615414906293154], "q_25": 0.023772078100591898, "q_75": 0.024144943221472204, "min": 0.023660867009311914, "max": 0.024615414906293154, "mean": 0.024000633414834736, "std": 0.0002765225294432373, "repeat": 10, "number": 1}]}, "solarposition.TimeSuite.time_ephemeris_localized": {"result": [0.023864650866016746], "stats": [{"ci_99": [0.023686427623033524, 0.02474399283528328], "q_25": 0.023765896796248853, "q_75": 0.024214165867306292, "min": 0.023686427623033524, "max": 0.02474399283528328, "mean": 0.024025133391842247, "std": 0.00036278839640485464, "repeat": 10, "number": 1}]}, "solarposition.TimeSuite.time_nrel_earthsun_distance": {"result": [0.02301213308237493], "stats": [{"ci_99": [0.022848752327263355, 0.023191547952592373], "q_25": 0.022985822055488825, "q_75": 0.023097424185834825, "min": 0.022848752327263355, "max": 0.023191547952592373, "mean": 0.02303472491912544, "std": 9.894005337476591e-05, "repeat": 10, "number": 1}]}, "solarposition.TimeSuite.time_spa_python": {"result": [0.028564175823703408], "stats": [{"ci_99": [0.02828356297686696, 0.029647110030055046], "q_25": 0.02837859746068716, "q_75": 0.029002938885241747, "min": 0.02828356297686696, "max": 0.029647110030055046, "mean": 0.028720305394381286, "std": 0.0004176207128171539, "repeat": 10, "number": 1}]}, "solarposition.TimeSuite.time_sun_rise_set_transit_spa": {"result": [0.04968115175142884], "stats": [{"ci_99": [0.04945984994992614, 0.05005845660343766], "q_25": 0.04961556231137365, "q_75": 0.0497985549736768, "min": 0.04945984994992614, "max": 0.05005845660343766, "mean": 0.04970798487775028, "std": 0.00016722070173321273, "repeat": 10, "number": 1}]}, "tracking.TimeSuite.time_singleaxis": {"result": [0.006480678217485547], "stats": [{"ci_99": [0.006189826410263777, 0.006835258100181818], "q_25": 0.0062326654442586005, "q_75": 0.006624679954256862, "min": 0.006189826410263777, "max": 0.006835258100181818, "mean": 0.006454775622114539, "std": 0.0002190111973689502, "repeat": 10, "number": 2}]}, "tracking.TimeSuite.time_tracker_singleaxis": {"result": [0.006420899531804025], "stats": [{"ci_99": [0.006177948554977775, 0.006514577427878976], "q_25": 0.006343538640066981, "q_75": 0.006463822151999921, "min": 0.006177948554977775, "max": 0.006514577427878976, "mean": 0.006389171350747347, "std": 0.00010112851972442873, "repeat": 10, "number": 2}]}}, "params": {"arch": "x86_64", "cpu": "Intel Xeon Processor (Skylake, IBRS)", "machine": "pvlib-asv.forecasting.energy.arizona.edu", "num_cpu": "4", "os": "Linux 5.7.8-200.fc32.x86_64", "ram": "8145244", "python": "3.7", "ephem": "3.7.6.0", "numpy": "1.18.5", "pandas": "1.1.0", "pytables": "3.6.1", "scipy": "1.2.0"}, "requirements": {"ephem": "3.7.6.0", "numpy": "1.18.5", "pandas": "1.1.0", "pytables": "3.6.1", "scipy": "1.2.0"}, "commit_hash": "ea0f0b228545827a11b628c0100f48ae48bb4d78", "date": 1594996017000,