{"results": {"irradiance.Irradiance.time_aoi": {"result": [0.002358859311789274], "stats": [{"ci_99": [0.0022948588244616984, 0.0024096958339214327], "q_25": 0.002346100937575102, "q_75": 0.0023793398169800637, "min": 0.0022948588244616984, "max": 0.0024096958339214327, "mean": 0.0023594005778431893, "std": 3.5253765369461096e-05, "repeat": 10, "number": 5}]}, "irradiance.Irradiance.time_aoi_projection": {"result": [0.0019868240536501007], "stats": [{"ci_99": [0.001953439631809791, 0.0020137690007686615], "q_25": 0.0019752066776466868, "q_75": 0.001997140236198902, "min": 0.001953439631809791, "max": 0.0020137690007686615, "mean": 0.0019861933930466575, "std": 1.8740656947931117e-05, "repeat": 10, "number": 6}]}, "irradiance.Irradiance.time_dirindex": {"result": [0.14219833305105567], "stats": [{"ci_99": [0.13835969287902117, 0.14646787475794554], "q_25": 0.13954364997334778, "q_75": 0.14401088713202626, "min": 0.13835969287902117, "max": 0.14646787475794554, "mean": 0.14203556044958532, "std": 0.0027529421115393806, "repeat": 10, "number": 1}]}, "irradiance.Irradiance.time_dirint": {"result": [0.07107641268521547], "stats": [{"ci_99": [0.06944336602464318, 0.07300589187070727], "q_25": 0.0700617553666234, "q_75": 0.07186927332077175, "min": 0.06944336602464318, "max": 0.07300589187070727, "mean": 0.0710490778554231, "std": 0.0010990638871096736, "repeat": 10, "number": 1}]}, "irradiance.Irradiance.time_disc": {"result": [0.01994237140752375], "stats": [{"ci_99": [0.01873607560992241, 0.020871323999017477], "q_25": 0.01940023072529584, "q_75": 0.020459657651372254, "min": 0.01873607560992241, "max": 0.020871323999017477, "mean": 0.019884287472814323, "std": 0.0007107509990210109, "repeat": 10, "number": 1}]}, "irradiance.Irradiance.time_erbs": {"result": [0.012833064189180732], "stats": [{"ci_99": [0.012552738189697266, 0.014532506931573153], "q_25": 0.012708111084066331, "q_75": 0.012928393320180476, "min": 0.012552738189697266, "max": 0.014532506931573153, "mean": 0.012999729719012976, "std": 0.000560555922639561, "repeat": 10, "number": 1}]}, "irradiance.Irradiance.time_get_extra_radiation": {"result": [0.0026670911465771496], "stats": [{"ci_99": [0.0026225639740005136, 0.002722926437854767], "q_25": 0.002650408132467419, "q_75": 0.0026859500212594867, "min": 0.0026225639740005136, "max": 0.002722926437854767, "mean": 0.0026692173210904, "std": 2.9338466238752334e-05, "repeat": 10, "number": 4}]}, "irradiance.Irradiance.time_get_ground_diffuse": {"result": [0.0005254992495544932], "stats": [{"ci_99": [0.0005099397702989253, 0.0006372083655812523], "q_25": 0.000516561055767604, "q_75": 0.0005418352825059131, "min": 0.0005099397702989253, "max": 0.0006372083655812523, "mean": 0.0005369928644292733, "std": 3.5349645286412835e-05, "repeat": 10, "number": 22}]}, "irradiance.Irradiance.time_get_total_irradiance": {"result": [0.005399682326242328], "stats": [{"ci_99": [0.0051943005528301, 0.005561865866184235], "q_25": 0.005367678066249937, "q_75": 0.005433946033008397, "min": 0.0051943005528301, "max": 0.005561865866184235, "mean": 0.005393880372866988, "std": 9.747649082776306e-05, "repeat": 10, "number": 2}]}, "location.Location.time_location_get_airmass": {"result": [0.0014386542607098818], "stats": [{"ci_99": [0.0014074025093577802, 0.0014950412441976368], "q_25": 0.0014206960768206045, "q_75": 0.0014607849007006735, "min": 0.0014074025093577802, "max": 0.0014950412441976368, "mean": 0.001444199268007651, "std": 3.080565342370217e-05, "repeat": 10, "number": 8}]}, "location.Location.time_location_get_clearsky": {"result": [0.013767793541774154], "stats": [{"ci_99": [0.012889360077679157, 0.014441967941820621], "q_25": 0.013571999385021627, "q_75": 0.01396734279114753, "min": 0.012889360077679157, "max": 0.014441967941820621, "mean": 0.013712123315781356, "std": 0.0004385324281356098, "repeat": 10, "number": 1}]}, "location.Location.time_location_get_solarposition": {"result": [0.01942921825684607], "stats": [{"ci_99": [0.019256281200796366, 0.021693655289709568], "q_25": 0.019304340123198926, "q_75": 0.01955783716402948, "min": 0.019256281200796366, "max": 0.021693655289709568, "mean": 0.01965756337158382, "std": 0.0006938141652835495, "repeat": 10, "number": 1}]}, "location.Location_0_6_1.time_location_get_sun_rise_set_transit_pyephem": NaN, "location.Location_0_6_1.time_location_get_sun_rise_set_transit_spa": NaN, "solarposition.SolarPosition.time_ephemeris": {"result": [0.02646182058379054], "stats": [{"ci_99": [0.025134821888059378, 0.02762732468545437], "q_25": 0.025571964331902564, "q_75": 0.02744539314880967, "min": 0.025134821888059378, "max": 0.02762732468545437, "mean": 0.02645843690261245, "std": 0.000993489229102278, "repeat": 10, "number": 1}]}, "solarposition.SolarPosition.time_ephemeris_localized": {"result": [0.02677940228022635], "stats": [{"ci_99": [0.02547102188691497, 0.028005327098071575], "q_25": 0.025666363071650267, "q_75": 0.02770262013655156, "min": 0.02547102188691497, "max": 0.028005327098071575, "mean": 0.02671439843252301, "std": 0.0010327905095094624, "repeat": 10, "number": 1}]}, "solarposition.SolarPosition.time_nrel_earthsun_distance": {"result": [0.025978869292885065], "stats": [{"ci_99": [0.023976297117769718, 0.026427667122334242], "q_25": 0.024614043883047998, "q_75": 0.026148670236580074, "min": 0.023976297117769718, "max": 0.026427667122334242, "mean": 0.02548099192790687, "std": 0.0008697373707136502, "repeat": 10, "number": 1}]}, "solarposition.SolarPosition.time_spa_python": {"result": [0.03087975806556642], "stats": [{"ci_99": [0.030488579999655485, 0.03153878217563033], "q_25": 0.030776153784245253, "q_75": 0.03113527549430728, "min": 0.030488579999655485, "max": 0.03153878217563033, "mean": 0.03094031843356788, "std": 0.00029334937445507625, "repeat": 10, "number": 1}]}, "solarposition.SolarPosition.time_sun_rise_set_transit_spa": {"result": [0.052984355483204126], "stats": [{"ci_99": [0.05246785469353199, 0.054029690101742744], "q_25": 0.05270259233657271, "q_75": 0.05319236684590578, "min": 0.05246785469353199, "max": 0.054029690101742744, "mean": 0.05307195596396923, "std": 0.0004700250575554044, "repeat": 10, "number": 1}]}, "temperature.Fuentes.time_fuentes": NaN, "temperature.SAPM.time_sapm_cell": {"result": [0.0022167664021253584], "stats": [{"ci_99": [0.0022007009945809843, 0.0022834672592580317], "q_25": 0.0022102707996964456, "q_75": 0.0022282088873907925, "min": 0.0022007009945809843, "max": 0.0022834672592580317, "mean": 0.002224091766402126, "std": 2.2889565887596856e-05, "repeat": 10, "number": 5}]}, "tracking.SingleAxis.time_singleaxis": {"result": [0.03303665388375521], "stats": [{"ci_99": [0.031976870726794004, 0.03427302138879895], "q_25": 0.032819408806972206, "q_75": 0.03336356079671532, "min": 0.031976870726794004, "max": 0.03427302138879895, "mean": 0.033112034248188135, "std": 0.0006757938427289273, "repeat": 10, "number": 1}]}, "tracking.SingleAxis.time_tracker_singleaxis": {"result": [0.03283685655333102], "stats": [{"ci_99": [0.031602499075233936, 0.03387503419071436], "q_25": 0.032625006162561476, "q_75": 0.033731440897099674, "min": 0.031602499075233936, "max": 0.03387503419071436, "mean": 0.0330045519862324, "std": 0.000712536190054808, "repeat": 10, "number": 1}]}}, "params": {"arch": "x86_64", "cpu": "Intel Xeon Processor (Skylake, IBRS)", "machine": "pvlib-asv.forecasting.energy.arizona.edu", "num_cpu": "4", "os": "Linux 5.7.8-200.fc32.x86_64", "ram": "8145244", "python": "3.8", "numpy": "", "pandas": "", "scipy": "", "pytables": "", "ephem": ""}, "requirements": {"numpy": "", "pandas": "", "scipy": "", "pytables": "", "ephem": ""}, "commit_hash": "ec329e28ce948d015418257f7ae847276afde1b9", "date": 1536340252000, "env_name": "conda-py3.8-ephem-numpy-pandas-pytables-scipy", "python": "3.8", "profiles": {}, "started_at": {"irradiance.Irradiance.time_aoi": 1599832292082, "irradiance.Irradiance.time_aoi_projection": 1599832294038,