{"results": {"irradiance.TimeSuite.time_aoi": {"result": [0.002241303073242307], "stats": [{"ci_99": [0.002176921721547842, 0.002352414559572935], "q_25": 0.002231310098432004, "q_75": 0.0023113237926736473, "min": 0.002176921721547842, "max": 0.002352414559572935, "mean": 0.0022619906999170776, "std": 5.75935563290425e-05, "repeat": 10, "number": 5}]}, "irradiance.TimeSuite.time_aoi_projection": {"result": [0.002319440385326743], "stats": [{"ci_99": [0.0022288702428340914, 0.0023433867841959], "q_25": 0.0022599007934331894, "q_75": 0.0023273222846910357, "min": 0.0022288702428340914, "max": 0.0023433867841959, "mean": 0.0022995795775204897, "std": 4.266651342733708e-05, "repeat": 10, "number": 5}]}, "irradiance.TimeSuite.time_dirindex": {"result": [0.1458590067923069], "stats": [{"ci_99": [0.1443382310681045, 0.14894411992281675], "q_25": 0.14475587324704975, "q_75": 0.14748792920727283, "min": 0.1443382310681045, "max": 0.14894411992281675, "mean": 0.14621158046647906, "std": 0.0016885049664185643, "repeat": 10, "number": 1}]}, "irradiance.TimeSuite.time_dirint": {"result": [0.07150542316958308], "stats": [{"ci_99": [0.07009128807112575, 0.07242093328386545], "q_25": 0.07113112020306289, "q_75": 0.07165625190827996, "min": 0.07009128807112575, "max": 0.07242093328386545, "mean": 0.07140195369720459, "std": 0.0005816555150882027, "repeat": 10, "number": 1}]}, "irradiance.TimeSuite.time_disc": {"result": [0.01949223899282515], "stats": [{"ci_99": [0.018335871398448944, 0.019892412703484297], "q_25": 0.019335336866788566, "q_75": 0.019655209267511964, "min": 0.018335871398448944, "max": 0.019892412703484297, "mean": 0.019348243577405812, "std": 0.0004940690638278464, "repeat": 10, "number": 1}]}, "irradiance.TimeSuite.time_erbs": {"result": [0.012711395276710391], "stats": [{"ci_99": [0.011933984234929085, 0.013341539073735476], "q_25": 0.012611139682121575, "q_75": 0.012996063800528646, "min": 0.011933984234929085, "max": 0.013341539073735476, "mean": 0.012765444302931427, "std": 0.0003853858315556166, "repeat": 10, "number": 1}]}, "irradiance.TimeSuite.time_get_extra_radiation": {"result": [0.0027442427817732096], "stats": [{"ci_99": [0.002615775214508176, 0.002881413558498025], "q_25": 0.0026243142783641815, "q_75": 0.002865941060008481, "min": 0.002615775214508176, "max": 0.002881413558498025, "mean": 0.0027453977963887155, "std": 0.00012324642656997087, "repeat": 10, "number": 4}]}, "irradiance.TimeSuite.time_get_ground_diffuse": {"result": [0.0005513373149656936], "stats": [{"ci_99": [0.0005348891411956988, 0.0005938359046060788], "q_25": 0.0005475617945194244, "q_75": 0.0005520495929216084, "min": 0.0005348891411956988, "max": 0.0005938359046060788, "mean": 0.0005531395295340763, "std": 1.4514363237459485e-05, "repeat": 10, "number": 19}]}, "irradiance.TimeSuite.time_get_total_irradiance": {"result": [0.005161852692253888], "stats": [{"ci_99": [0.005033008987084031, 0.005376888904720545], "q_25": 0.005113194580189884, "q_75": 0.005299446871504188, "min": 0.005033008987084031, "max": 0.005376888904720545, "mean": 0.005195609596557915, "std": 0.00011564096963354145, "repeat": 10, "number": 2}]}, "location.TimeSuite.time_location_get_airmass": {"result": [0.001487384716581021], "stats": [{"ci_99": [0.0014785521530679294, 0.0014976110043270247], "q_25": 0.0014864450453647546, "q_75": 0.0014896555304793374, "min": 0.0014785521530679294, "max": 0.0014976110043270247, "mean": 0.0014878332348806519, "std": 4.486024959664312e-06, "repeat": 10, "number": 7}]}, "location.TimeSuite.time_location_get_clearsky": {"result": [0.013148019090294838], "stats": [{"ci_99": [0.012943873181939125, 0.013220838271081448], "q_25": 0.012981313630007207, "q_75": 0.01320748869329691, "min": 0.012943873181939125, "max": 0.013220838271081448, "mean": 0.013101408863440156, "std": 0.00011210542438928828, "repeat": 10, "number": 1}]}, "location.TimeSuite.time_location_get_solarposition": {"result": [0.01876868959516287], "stats": [{"ci_99": [0.01856509270146489, 0.018828557338565588], "q_25": 0.018636277178302407, "q_75": 0.018784758867695928, "min": 0.01856509270146489, "max": 0.018828557338565588, "mean": 0.018716859305277465, "std": 9.307187523057109e-05, "repeat": 10, "number": 1}]}, "solarposition.TimeSuite.time_ephemeris": {"result": [0.025116063421592116], "stats": [{"ci_99": [0.02486776001751423, 0.02554048877209425], "q_25": 0.02498461212962866, "q_75": 0.025261972099542618, "min": 0.02486776001751423, "max": 0.02554048877209425, "mean": 0.025143288308754563, "std": 0.00019261036547886306, "repeat": 10, "number": 1}]}, "solarposition.TimeSuite.time_ephemeris_localized": {"result": [0.025150014786049724], "stats": [{"ci_99": [0.024271168280392885, 0.025516909081488848], "q_25": 0.02511023369152099, "q_75": 0.025320185464806855, "min": 0.024271168280392885, "max": 0.025516909081488848, "mean": 0.02511367737315595, "std": 0.00033886222166911763, "repeat": 10, "number": 1}]}, "solarposition.TimeSuite.time_nrel_earthsun_distance": {"result": [0.0230284770950675], "stats": [{"ci_99": [0.022575038950890303, 0.023208537604659796], "q_25": 0.022984420182183385, "q_75": 0.023067705100402236, "min": 0.022575038950890303, "max": 0.023208537604659796, "mean": 0.023007247550413012, "std": 0.00016076261913367104, "repeat": 10, "number": 1}]}, "solarposition.TimeSuite.time_spa_python": {"result": [0.030186386546120048], "stats": [{"ci_99": [0.02956346096470952, 0.03038964420557022], "q_25": 0.030099831870757043, "q_75": 0.0302642781753093, "min": 0.02956346096470952, "max": 0.03038964420557022, "mean": 0.03011386883445084, "std": 0.00025921547594350984, "repeat": 10, "number": 1}]}, "solarposition.TimeSuite.time_sun_rise_set_transit_spa": {"result": [0.050784100545570254], "stats": [{"ci_99": [0.050470393151044846, 0.05141761712729931], "q_25": 0.050723438151180744, "q_75": 0.050929654156789184, "min": 0.050470393151044846, "max": 0.05141761712729931, "mean": 0.05084772715345025, "std": 0.0002667893227252114, "repeat": 10, "number": 1}]}, "tracking.TimeSuite.time_singleaxis": {"result": [0.046908755553886294], "stats": [{"ci_99": [0.04403706593438983, 0.048304667230695486], "q_25": 0.0463174571050331, "q_75": 0.04720370389986783, "min": 0.04403706593438983, "max": 0.048304667230695486, "mean": 0.046732570696622136, "std": 0.0011166885382508916, "repeat": 10, "number": 1}]}, "tracking.TimeSuite.time_tracker_singleaxis": {"result": [0.04704802460037172], "stats": [{"ci_99": [0.046344743110239506, 0.048175294417887926], "q_25": 0.04686138709075749, "q_75": 0.04754127364140004, "min": 0.046344743110239506, "max": 0.048175294417887926, "mean": 0.04718184368684888, "std": 0.0005296376637968964, "repeat": 10, "number": 1}]}}, "params": {"arch": "x86_64", "cpu": "Intel Xeon Processor (Skylake, IBRS)", "machine": "pvlib-asv.forecasting.energy.arizona.edu", "num_cpu": "4", "os": "Linux 5.7.8-200.fc32.x86_64", "ram": "8145244", "python": "3.7", "ephem": "3.7.6.0", "numpy": "1.18.5", "pandas": "1.1.0", "pytables": "3.6.1", "scipy": "1.2.0"}, "requirements": {"ephem": "3.7.6.0", "numpy": "1.18.5", "pandas": "1.1.0", "pytables": "3.6.1", "scipy": "1.2.0"}, "commit_hash": "ec329e28ce948d015418257f7ae847276afde1b9", "date": 1536340252000, "env_name": "conda-py3.7-ephem3.7.6.0-numpy1.18.5-pandas1.1.0-pytables3.6.1-scipy1.2.0", "python": "3.7", "profiles": {}, "started_at": {"irradiance.TimeSuite.time_aoi": 1599360563142, "irradiance.TimeSuite.time_aoi_projection": 1599360565048, "irradiance.TimeSuite.time_dirindex": 1599360566953, "irradiance.TimeSuite.time_dirint": 1599360569560, "irradiance.TimeSuite.time_disc": 1599360571816, "irradiance.TimeSuite.time_erbs": 1599360573772, "irradiance.TimeSuite.time_get_extra_radiation": 1599360575678, "irradiance.TimeSuite.time_get_ground_diffuse": 1599360577583, "irradiance.TimeSuite.time_get_total_irradiance": 1599360579489, "location.TimeSuite.time_location_get_airmass": 1599360581395, "location.TimeSuite.time_location_get_clearsky": 1599360581749,