{"results": {"irradiance.Irradiance.time_aoi": {"result": [0.0023930409457534555], "stats": [{"ci_99": [0.002379430178552866, 0.002407818380743265], "q_25": 0.0023852501763030887, "q_75": 0.002397621236741543, "min": 0.002379430178552866, "max": 0.002407818380743265, "mean": 0.002391971983015537, "std": 8.499999396650632e-06, "repeat": 10, "number": 5}]}, "irradiance.Irradiance.time_aoi_projection": {"result": [0.0021452208049595354], "stats": [{"ci_99": [0.0021171859465539456, 0.0021576868370175363], "q_25": 0.00213689471129328, "q_75": 0.0021509914891794323, "min": 0.0021171859465539456, "max": 0.0021576868370175363, "mean": 0.0021426386106759314, "std": 1.2334759905557215e-05, "repeat": 10, "number": 5}]}, "irradiance.Irradiance.time_dirindex": {"result": [0.06578175141476095], "stats": [{"ci_99": [0.06433610804378986, 0.07069078972563148], "q_25": 0.06491132325027138, "q_75": 0.06598716299049556, "min": 0.06433610804378986, "max": 0.07069078972563148, "mean": 0.06604999676346779, "std": 0.0017468282994698788, "repeat": 10, "number": 1}]}, "irradiance.Irradiance.time_dirint": {"result": [0.03290383401326835], "stats": [{"ci_99": [0.032376513816416264, 0.03360815439373255], "q_25": 0.03277543047443032, "q_75": 0.0330662737833336, "min": 0.032376513816416264, "max": 0.03360815439373255, "mean": 0.032946826843544844, "std": 0.00035378853910521225, "repeat": 10, "number": 1}]}, "irradiance.Irradiance.time_disc": {"result": [0.012381370877847075], "stats": [{"ci_99": [0.012179408222436905, 0.01295358594506979], "q_25": 0.012320171226747334, "q_75": 0.012812417699024081, "min": 0.012179408222436905, "max": 0.01295358594506979, "mean": 0.012537862779572606, "std": 0.00028521797828753306, "repeat": 10, "number": 1}]}, "irradiance.Irradiance.time_erbs": {"result": [0.006813847576268017], "stats": [{"ci_99": [0.006782100070267916, 0.006877606967464089], "q_25": 0.006801384559366852, "q_75": 0.006832083046901971, "min": 0.006782100070267916, "max": 0.006877606967464089, "mean": 0.006818826217204333, "std": 2.854117191822745e-05, "repeat": 10, "number": 2}]}, "irradiance.Irradiance.time_get_extra_radiation": null, "irradiance.Irradiance.time_get_ground_diffuse": null, "irradiance.Irradiance.time_get_total_irradiance": null, "location.Location.time_location_get_airmass": {"result": [0.004059404833242297], "stats": [{"ci_99": [0.004028765019029379, 0.005305166045824687], "q_25": 0.0040469293016940355, "q_75": 0.004186542588286102, "min": 0.004028765019029379, "max": 0.005305166045824687, "mean": 0.004214729384208719, "std": 0.000372334401878422, "repeat": 10, "number": 3}]}, "location.Location.time_location_get_clearsky": {"result": [0.012718483805656433], "stats": [{"ci_99": [0.012202126905322075, 0.013462461065500975], "q_25": 0.012573266751132905, "q_75": 0.01284051570110023, "min": 0.012202126905322075, "max": 0.013462461065500975, "mean": 0.01277564587071538, "std": 0.00038252759778932446, "repeat": 10, "number": 1}]}, "location.Location.time_location_get_solarposition": {"result": [0.01573661365546286], "stats": [{"ci_99": [0.015155178029090166, 0.016203769017010927], "q_25": 0.01523051131516695, "q_75": 0.016163046238943934, "min": 0.015155178029090166, "max": 0.016203769017010927, "mean": 0.015696157375350593, "std": 0.00046285329786309014, "repeat": 10, "number": 1}]}, "location.Location_0_6_1.time_location_get_sun_rise_set_transit_pyephem": NaN, "location.Location_0_6_1.time_location_get_sun_rise_set_transit_spa": NaN, "solarposition.SolarPosition.time_ephemeris": {"result": [0.018200177932158113], "stats": [{"ci_99": [0.01806362997740507, 0.018498640041798353], "q_25": 0.018152432166971266, "q_75": 0.018301038071513176, "min": 0.01806362997740507, "max": 0.018498640041798353, "mean": 0.01823506085202098, "std": 0.0001314335540800015, "repeat": 10, "number": 1}]}, "solarposition.SolarPosition.time_ephemeris_localized": {"result": [0.22431605495512486], "stats": [{"ci_99": [0.22062480682507157, 0.22716859076172113], "q_25": 0.22256037592887878, "q_75": 0.22468363691587, "min": 0.22062480682507157, "max": 0.22716859076172113, "mean": 0.22383686709217726, "std": 0.001781642136974567, "repeat": 10, "number": 1}]}, "solarposition.SolarPosition.time_nrel_earthsun_distance": {"result": [0.022775678662583232], "stats": [{"ci_99": [0.022725386079400778, 0.023259811103343964], "q_25": 0.0227344015147537, "q_75": 0.022897164802998304, "min": 0.022725386079400778, "max": 0.023259811103343964, "mean": 0.02284324951469898, "std": 0.00015507587490486943, "repeat": 10, "number": 1}]}, "solarposition.SolarPosition.time_spa_python": {"result": [0.02586932433769107], "stats": [{"ci_99": [0.025698014069348574, 0.02613798901438713], "q_25": 0.025814097374677658, "q_75": 0.02599672321230173, "min": 0.025698014069348574, "max": 0.02613798901438713, "mean": 0.02590324846096337, "std": 0.0001333969145100484, "repeat": 10, "number": 1}]}, "solarposition.SolarPosition.time_sun_rise_set_transit_spa": {"result": [0.03834987455047667], "stats": [{"ci_99": [0.03801416978240013, 0.039048194885253906], "q_25": 0.038246968877501786, "q_75": 0.03845904453191906, "min": 0.03801416978240013, "max": 0.039048194885253906, "mean": 0.03839996256865561, "std": 0.0002812981588355764, "repeat": 10, "number": 1}]}, "temperature.Fuentes.time_fuentes": NaN, "temperature.SAPM.time_sapm_cell": {"result": [0.001649539651615279], "stats": [{"ci_99": [0.001602914450424058, 0.0017161948074187552], "q_25": 0.001640780729108623, "q_75": 0.0016550709094320026, "min": 0.001602914450424058, "max": 0.0017161948074187552, "mean": 0.0016503458310450827, "std": 2.7056396020490516e-05, "repeat": 10, "number": 7}]}, "tracking.SingleAxis.time_singleaxis": {"result": [0.03682844224385917], "stats": [{"ci_99": [0.03496242081746459, 0.03940998576581478], "q_25": 0.03556674625724554, "q_75": 0.037676480831578374, "min": 0.03496242081746459, "max": 0.03940998576581478, "mean": 0.03676728317514062, "std": 0.0013185269096219524, "repeat": 10, "number": 1}]}, "tracking.SingleAxis.time_tracker_singleaxis": {"result": [0.036992599023506045], "stats": [{"ci_99": [0.033352846279740334, 0.039648719131946564], "q_25": 0.03596298675984144, "q_75": 0.03816446475684643, "min": 0.033352846279740334, "max": 0.039648719131946564, "mean": 0.03686938853934407, "std": 0.0020150200514679538, "repeat": 10, "number": 1}]}}, "params": {"arch": "x86_64", "cpu": "Intel Xeon Processor (Skylake, IBRS)", "machine": "pvlib-asv.forecasting.energy.arizona.edu", "num_cpu": "4", "os": "Linux 5.7.8-200.fc32.x86_64", "ram": "8145244", "python": "3.6", "numpy": "1.12.0", "pandas": "0.22.0", "scipy": "1.2.0", "pytables": "3.6.1", "ephem": "3.7.6.0"}, "requirements": {"numpy": "1.12.0", "pandas": "0.22.0", "scipy": "1.2.0", "pytables": "3.6.1", "ephem": "3.7.6.0"}, "commit_hash": "ec996611887747bdef43db874147095e3337721a", "date": 1529508985000, "env_name": "conda-py3.6-ephem3.7.6.0-numpy1.12.0-pandas0.22.0-pytables3.6.1-scipy1.2.0", "python": "3.6", "profiles": {}, "started_at": {"irradiance.Irradiance.time_aoi": 1599835919831, "irradiance.Irradiance.time_aoi_projection": 1599835921737, "irradiance.Irradiance.time_dirindex": 1599835923643, "irradiance.Irradiance.time_dirint": 1599835925899, "irradiance.Irradiance.time_disc": 1599835927905, "irradiance.Irradiance.time_erbs": 1599835929811, "irradiance.Irradiance.time_get_extra_radiation": 1599835912726, "irradiance.Irradiance.time_get_ground_diffuse": 1599835913079, "irradiance.Irradiance.time_get_total_irradiance": 1599835913432, "location.Location.time_location_get_airmass": 1599835931768, "location.Location.time_location_get_clearsky": 1599835932071, "location.Location.time_location_get_solarposition": 1599835932374, "location.Location_0_6_1.time_location_get_sun_rise_set_transit_pyephem": 1599835932727, "location.Location_0_6_1.time_location_get_sun_rise_set_transit_spa": 1599835932780, "solarposition.SolarPosition.time_ephemeris": 1599835932833,