{"results": {"irradiance.Irradiance.time_aoi": {"result": [0.0024320825003087522], "stats": [{"ci_99": [0.002351649384945631, 0.002498380932956934], "q_25": 0.0024008728796616197, "q_75": 0.0024507930502295494, "min": 0.002351649384945631, "max": 0.002498380932956934, "mean": 0.002430854290723801, "std": 4.360228645759734e-05, "repeat": 10, "number": 5}]}, "irradiance.Irradiance.time_aoi_projection": {"result": [0.0020558664575219153], "stats": [{"ci_99": [0.001945333555340767, 0.0020923980511724947], "q_25": 0.002029638458043337, "q_75": 0.0020720529602840545, "min": 0.001945333555340767, "max": 0.0020923980511724947, "mean": 0.002041668826714158, "std": 4.699060651967179e-05, "repeat": 10, "number": 5}]}, "irradiance.Irradiance.time_dirindex": {"result": [0.1410903015639633], "stats": [{"ci_99": [0.1395441680215299, 0.14581040292978287], "q_25": 0.1406281772069633, "q_75": 0.14160145923960954, "min": 0.1395441680215299, "max": 0.14581040292978287, "mean": 0.14154749913141132, "std": 0.0016982009053670977, "repeat": 10, "number": 1}]}, "irradiance.Irradiance.time_dirint": {"result": [0.07002355088479817], "stats": [{"ci_99": [0.06863730121403933, 0.07128507783636451], "q_25": 0.06920589052606374, "q_75": 0.07096166396513581, "min": 0.06863730121403933, "max": 0.07128507783636451, "mean": 0.0700483285356313, "std": 0.0009466125713873695, "repeat": 10, "number": 1}]}, "irradiance.Irradiance.time_disc": {"result": [0.019325380446389318], "stats": [{"ci_99": [0.01835585804656148, 0.020225740037858486], "q_25": 0.018748251372016966, "q_75": 0.01963509595952928, "min": 0.01835585804656148, "max": 0.020225740037858486, "mean": 0.019235572824254633, "std": 0.0006034565847641613, "repeat": 10, "number": 1}]}, "irradiance.Irradiance.time_erbs": {"result": [0.012817555107176304], "stats": [{"ci_99": [0.01218581385910511, 0.013415277004241943], "q_25": 0.012423713924363256, "q_75": 0.013066738029010594, "min": 0.01218581385910511, "max": 0.013415277004241943, "mean": 0.012785431137308479, "std": 0.0004007811078648471, "repeat": 10, "number": 1}]}, "irradiance.Irradiance.time_get_extra_radiation": null, "irradiance.Irradiance.time_get_ground_diffuse": null, "irradiance.Irradiance.time_get_total_irradiance": null, "location.Location.time_location_get_airmass": {"result": [0.005284963292069733], "stats": [{"ci_99": [0.004839667119085789, 0.005425426177680492], "q_25": 0.004877843253780156, "q_75": 0.005304151796735823, "min": 0.004839667119085789, "max": 0.005425426177680492, "mean": 0.005136950500309467, "std": 0.0002264654249085178, "repeat": 10, "number": 2}]}, "location.Location.time_location_get_clearsky": {"result": [0.01693404302932322], "stats": [{"ci_99": [0.016271995846182108, 0.017507157754153013], "q_25": 0.016436021076515317, "q_75": 0.01739087130408734, "min": 0.016271995846182108, "max": 0.017507157754153013, "mean": 0.01691776476800442, "std": 0.0004890193246104851, "repeat": 10, "number": 1}]}, "location.Location.time_location_get_solarposition": {"result": [0.018178331665694714], "stats": [{"ci_99": [0.017892322037369013, 0.018328421749174595], "q_25": 0.018135357764549553, "q_75": 0.018217916367575526, "min": 0.017892322037369013, "max": 0.018328421749174595, "mean": 0.018156656157225372, "std": 0.00012544058533192948, "repeat": 10, "number": 1}]}, "location.Location_0_6_1.time_location_get_sun_rise_set_transit_pyephem": NaN, "location.Location_0_6_1.time_location_get_sun_rise_set_transit_spa": NaN, "solarposition.SolarPosition.time_ephemeris": {"result": [0.024560695746913552], "stats": [{"ci_99": [0.02356392703950405, 0.025224593002349138], "q_25": 0.023872657329775393, "q_75": 0.02493960305582732, "min": 0.02356392703950405, "max": 0.025224593002349138, "mean": 0.02443924155086279, "std": 0.0005927725364685884, "repeat": 10, "number": 1}]}, "solarposition.SolarPosition.time_ephemeris_localized": {"result": [0.25236433558166027], "stats": [{"ci_99": [0.24936222191900015, 0.2605513990856707], "q_25": 0.2515393423382193, "q_75": 0.25968058279249817, "min": 0.24936222191900015, "max": 0.2605513990856707, "mean": 0.25480547952465715, "std": 0.004260322244714337, "repeat": 10, "number": 1}]}, "solarposition.SolarPosition.time_nrel_earthsun_distance": {"result": [0.024034335743635893], "stats": [{"ci_99": [0.023894459940493107, 0.024365372955799103], "q_25": 0.024002967053093016, "q_75": 0.024163143476471305, "min": 0.023894459940493107, "max": 0.024365372955799103, "mean": 0.024084217380732298, "std": 0.00013136010150030186, "repeat": 10, "number": 1}]}, "solarposition.SolarPosition.time_spa_python": {"result": [0.028794482350349426], "stats": [{"ci_99": [0.028615287970751524, 0.028978179208934307], "q_25": 0.028735157218761742, "q_75": 0.02886414946988225, "min": 0.028615287970751524, "max": 0.028978179208934307, "mean": 0.028792815376073123, "std": 0.00010899819425490264, "repeat": 10, "number": 1}]}, "solarposition.SolarPosition.time_sun_rise_set_transit_spa": {"result": [0.05068738502450287], "stats": [{"ci_99": [0.050366807263344526, 0.050802546087652445], "q_25": 0.05044082296080887, "q_75": 0.05073307116981596, "min": 0.050366807263344526, "max": 0.050802546087652445, "mean": 0.050605361070483926, "std": 0.0001615979446641041, "repeat": 10, "number": 1}]}, "temperature.Fuentes.time_fuentes": NaN, "temperature.SAPM.time_sapm_cell": {"result": [0.0022472389042377475], "stats": [{"ci_99": [0.0020798898302018644, 0.0023722828365862368], "q_25": 0.0021072673611342908, "q_75": 0.0023405863903462887, "min": 0.0020798898302018644, "max": 0.0023722828365862368, "mean": 0.002228405419737101, "std": 0.00011904463359945558, "repeat": 10, "number": 5}]}, "tracking.SingleAxis.time_singleaxis": {"result": [0.031627588672563434], "stats": [{"ci_99": [0.030686930753290653, 0.03372222185134888], "q_25": 0.031264000572264194, "q_75": 0.03219444036949426, "min": 0.030686930753290653, "max": 0.03372222185134888, "mean": 0.031917097279801965, "std": 0.0009034932446560152, "repeat": 10, "number": 1}]}, "tracking.SingleAxis.time_tracker_singleaxis": {"result": [0.03194702812470496], "stats": [{"ci_99": [0.030347918160259724, 0.03298440296202898], "q_25": 0.03152891481295228, "q_75": 0.03208711335901171, "min": 0.030347918160259724, "max": 0.03298440296202898, "mean": 0.0318441397510469, "std": 0.000688299915804127, "repeat": 10, "number": 1}]}}, "params": {"arch": "x86_64", "cpu": "Intel Xeon Processor (Skylake, IBRS)", "machine": "pvlib-asv.forecasting.energy.arizona.edu", "num_cpu": "4", "os": "Linux 5.7.8-200.fc32.x86_64", "ram": "8145244", "python": "3.8", "numpy": "", "pandas": "", "scipy": "", "pytables": "", "ephem": ""}, "requirements": {"numpy": "", "pandas": "", "scipy": "", "pytables": "", "ephem": ""}, "commit_hash": "ec996611887747bdef43db874147095e3337721a", "date": 1529508985000, "env_name": "conda-py3.8-ephem-numpy-pandas-pytables-scipy", "python": "3.8", "profiles": {}, "started_at": {"irradiance.Irradiance.time_aoi": 1599835962273, "irradiance.Irradiance.time_aoi_projection": 1599835964329, "irradiance.Irradiance.time_dirindex": 1599835966384, "irradiance.Irradiance.time_dirint": 1599835969141, "irradiance.Irradiance.time_disc": 1599835971548, "irradiance.Irradiance.time_erbs": 1599835973654, "irradiance.Irradiance.time_get_extra_radiation": 1599835954620, "irradiance.Irradiance.time_get_ground_diffuse": 1599835955023, "irradiance.Irradiance.time_get_total_irradiance": 1599835955426, "location.Location.time_location_get_airmass": 1599835975760, "location.Location.time_location_get_clearsky": 1599835976114, "location.Location.time_location_get_solarposition": 1599835976467, "location.Location_0_6_1.time_location_get_sun_rise_set_transit_pyephem": 1599835976820, "location.Location_0_6_1.time_location_get_sun_rise_set_transit_spa": 1599835976872, "solarposition.SolarPosition.time_ephemeris": 1599835976925, "solarposition.SolarPosition.time_ephemeris_localized": 1599835977178, "solarposition.SolarPosition.time_nrel_earthsun_distance": 1599835978783,