{"results": {"irradiance.Irradiance.time_aoi": {"result": [0.002367217699065805], "stats": [{"ci_99": [0.002331835776567459, 0.0024046721868216992], "q_25": 0.002345598046667874, "q_75": 0.0023766094585880634, "min": 0.002331835776567459, "max": 0.0024046721868216992, "mean": 0.002364859385415912, "std": 2.27188677311438e-05, "repeat": 10, "number": 5}]}, "irradiance.Irradiance.time_aoi_projection": {"result": [0.0021591336932033304], "stats": [{"ci_99": [0.002098740357905626, 0.0021858131512999535], "q_25": 0.0021083805710077285, "q_75": 0.002167729986831546, "min": 0.002098740357905626, "max": 0.0021858131512999535, "mean": 0.00214242004789412, "std": 3.226415753556841e-05, "repeat": 10, "number": 5}]}, "irradiance.Irradiance.time_dirindex": {"result": [0.06463650055229664], "stats": [{"ci_99": [0.06427877210080624, 0.0692604361101985], "q_25": 0.06440475780982524, "q_75": 0.06489882536698133, "min": 0.06427877210080624, "max": 0.0692604361101985, "mean": 0.06510829268954695, "std": 0.001414045665953244, "repeat": 10, "number": 1}]}, "irradiance.Irradiance.time_dirint": {"result": [0.032109997468069196], "stats": [{"ci_99": [0.03145397361367941, 0.03785326099023223], "q_25": 0.031719467137008905, "q_75": 0.03246913000475615, "min": 0.03145397361367941, "max": 0.03785326099023223, "mean": 0.032631552405655385, "std": 0.0017871493294698275, "repeat": 10, "number": 1}]}, "irradiance.Irradiance.time_disc": {"result": [0.012729673413559794], "stats": [{"ci_99": [0.012001473922282457, 0.013585835229605436], "q_25": 0.012156722252257168, "q_75": 0.013200466753914952, "min": 0.012001473922282457, "max": 0.013585835229605436, "mean": 0.012710257852450012, "std": 0.0005425020035064043, "repeat": 10, "number": 1}]}, "irradiance.Irradiance.time_erbs": {"result": [0.006820269045419991], "stats": [{"ci_99": [0.006670537870377302, 0.007016498129814863], "q_25": 0.0067350793979130685, "q_75": 0.006865999777801335, "min": 0.006670537870377302, "max": 0.007016498129814863, "mean": 0.006822486850433051, "std": 0.00011665543372872588, "repeat": 10, "number": 2}]}, "irradiance.Irradiance.time_get_extra_radiation": null, "irradiance.Irradiance.time_get_ground_diffuse": null, "irradiance.Irradiance.time_get_total_irradiance": null, "location.Location.time_location_get_airmass": {"result": [0.003916365870585045], "stats": [{"ci_99": [0.0038761800775925317, 0.00400042999535799], "q_25": 0.0039001714903861284, "q_75": 0.003959252964705229, "min": 0.0038761800775925317, "max": 0.00400042999535799, "mean": 0.003929849341511726, "std": 4.1036110354129485e-05, "repeat": 10, "number": 3}]}, "location.Location.time_location_get_clearsky": {"result": [0.4610158840660006], "stats": [{"ci_99": [0.4478378570638597, 0.464535731356591], "q_25": 0.4589169687824324, "q_75": 0.4626964704366401, "min": 0.4478378570638597, "max": 0.464535731356591, "mean": 0.4588807401712984, "std": 0.005722503268698327, "repeat": 10, "number": 1}]}, "location.Location.time_location_get_solarposition": {"result": [0.01518633309751749], "stats": [{"ci_99": [0.015094632748514414, 0.015339992940425873], "q_25": 0.01513876230455935, "q_75": 0.015203462564386427, "min": 0.015094632748514414, "max": 0.015339992940425873, "mean": 0.015186612261459231, "std": 6.972299310645914e-05, "repeat": 10, "number": 1}]}, "location.Location_0_6_1.time_location_get_sun_rise_set_transit_pyephem": NaN, "location.Location_0_6_1.time_location_get_sun_rise_set_transit_spa": NaN, "solarposition.SolarPosition.time_ephemeris": {"result": [0.018422159133479], "stats": [{"ci_99": [0.018320192582905293, 0.01871031941846013], "q_25": 0.018382604233920574, "q_75": 0.018537074327468872, "min": 0.018320192582905293, "max": 0.01871031941846013, "mean": 0.018463845923542978, "std": 0.00012844836526974306, "repeat": 10, "number": 1}]}, "solarposition.SolarPosition.time_ephemeris_localized": {"result": [0.2140826133545488], "stats": [{"ci_99": [0.21234948420897126, 0.21861651400104165], "q_25": 0.21345477155409753, "q_75": 0.2152937944047153, "min": 0.21234948420897126, "max": 0.21861651400104165, "mean": 0.21444843644276262, "std": 0.0017499569899439532, "repeat": 10, "number": 1}]}, "solarposition.SolarPosition.time_nrel_earthsun_distance": {"result": [0.02278440841473639], "stats": [{"ci_99": [0.0227032289840281, 0.023237727116793394], "q_25": 0.022735761827789247, "q_75": 0.022867978317663074, "min": 0.0227032289840281, "max": 0.023237727116793394, "mean": 0.02283743773587048, "std": 0.00015363652061757557, "repeat": 10, "number": 1}]}, "solarposition.SolarPosition.time_spa_python": {"result": [0.027165939332917333], "stats": [{"ci_99": [0.02570353588089347, 0.028400533832609653], "q_25": 0.026004339335486293, "q_75": 0.028229100280441344, "min": 0.02570353588089347, "max": 0.028400533832609653, "mean": 0.02710666279308498, "std": 0.0011743624752214696, "repeat": 10, "number": 1}]}, "solarposition.SolarPosition.time_sun_rise_set_transit_spa": {"result": [0.03891129861585796], "stats": [{"ci_99": [0.03862333903089166, 0.03920842753723264], "q_25": 0.03879264509305358, "q_75": 0.03903334867209196, "min": 0.03862333903089166, "max": 0.03920842753723264, "mean": 0.03891376708634198, "std": 0.00016622691784267676, "repeat": 10, "number": 1}]}, "temperature.Fuentes.time_fuentes": NaN, "temperature.SAPM.time_sapm_cell": {"result": [0.0016825309888060603], "stats": [{"ci_99": [0.0016409269800143583, 0.0017595245902027404], "q_25": 0.0016450144716405445, "q_75": 0.001717865383917732, "min": 0.0016409269800143583, "max": 0.0017595245902027404, "mean": 0.001685148011893034, "std": 4.040518034387818e-05, "repeat": 10, "number": 7}]}, "tracking.SingleAxis.time_singleaxis": {"result": [0.024798846105113626], "stats": [{"ci_99": [0.02408700017258525, 0.0251812431961298], "q_25": 0.02470342197921127, "q_75": 0.024910091422498226, "min": 0.02408700017258525, "max": 0.0251812431961298, "mean": 0.0247404626570642, "std": 0.0003253351462560129, "repeat": 10, "number": 1}]}, "tracking.SingleAxis.time_tracker_singleaxis": {"result": [0.02535946760326624], "stats": [{"ci_99": [0.024198894388973713, 0.02736835926771164], "q_25": 0.02454423496965319, "q_75": 0.02555544371716678, "min": 0.024198894388973713, "max": 0.02736835926771164, "mean": 0.02531303158029914, "std": 0.0009196244444477263, "repeat": 10, "number": 1}]}}, "params": {"arch": "x86_64", "cpu": "Intel Xeon Processor (Skylake, IBRS)", "machine": "pvlib-asv.forecasting.energy.arizona.edu", "num_cpu": "4", "os": "Linux 5.7.8-200.fc32.x86_64", "ram": "8145244", "python": "3.6", "numpy": "1.12.0", "pandas": "0.22.0", "scipy": "1.2.0", "pytables": "3.6.1", "ephem": "3.7.6.0"}, "requirements": {"numpy": "1.12.0", "pandas": "0.22.0", "scipy": "1.2.0", "pytables": "3.6.1", "ephem": "3.7.6.0"}, "commit_hash": "ed1b474934c097680a866027bcc763df4d34a4bc", "date": 1507307908000, "env_name": "conda-py3.6-ephem3.7.6.0-numpy1.12.0-pandas0.22.0-pytables3.6.1-scipy1.2.0", "python": "3.6", "profiles": {}, "started_at": {"irradiance.Irradiance.time_aoi": 1599839663454, "irradiance.Irradiance.time_aoi_projection": 1599839668114, "irradiance.Irradiance.time_dirindex": 1599839672774, "irradiance.Irradiance.time_dirint": 1599839677734, "irradiance.Irradiance.time_disc": 1599839682544, "irradiance.Irradiance.time_erbs": 1599839687254, "irradiance.Irradiance.time_get_extra_radiation": 1599839652483, "irradiance.Irradiance.time_get_ground_diffuse": 1599839653336, "irradiance.Irradiance.time_get_total_irradiance": 1599839654190, "location.Location.time_location_get_airmass": 1599839691915, "location.Location.time_location_get_clearsky": 1599839692218, "location.Location.time_location_get_solarposition": 1599839695175, "location.Location_0_6_1.time_location_get_sun_rise_set_transit_pyephem": 1599839695479, "location.Location_0_6_1.time_location_get_sun_rise_set_transit_spa": 1599839695532, "solarposition.SolarPosition.time_ephemeris": 1599839695584, "solarposition.SolarPosition.time_ephemeris_localized": 1599839695837,