{"results": {"irradiance.TimeSuite.time_aoi": {"result": [0.0023399572353810074], "stats": [{"ci_99": [0.0021714000031352043, 0.00247252257540822], "q_25": 0.0023308810545131565, "q_75": 0.0023499014787375927, "min": 0.0021714000031352043, "max": 0.00247252257540822, "mean": 0.0023295890260487794, "std": 7.296032668162035e-05, "repeat": 10, "number": 5}]}, "irradiance.TimeSuite.time_aoi_projection": {"result": [0.002246711077168584], "stats": [{"ci_99": [0.0021989747881889345, 0.002385957818478346], "q_25": 0.002226354996673763, "q_75": 0.00231121014803648, "min": 0.0021989747881889345, "max": 0.002385957818478346, "mean": 0.0022688822541385885, "std": 6.0840598398683835e-05, "repeat": 10, "number": 5}]}, "irradiance.TimeSuite.time_dirindex": {"result": [0.14695264166221023], "stats": [{"ci_99": [0.14510970981791615, 0.14985837880522013], "q_25": 0.1465061258058995, "q_75": 0.14827328932005912, "min": 0.14510970981791615, "max": 0.14985837880522013, "mean": 0.14735879451036454, "std": 0.0014321519665632385, "repeat": 10, "number": 1}]}, "irradiance.TimeSuite.time_dirint": {"result": [0.07281894842162728], "stats": [{"ci_99": [0.07242436101660132, 0.07413377379998565], "q_25": 0.07274800352752209, "q_75": 0.07302427443210036, "min": 0.07242436101660132, "max": 0.07413377379998565, "mean": 0.07302603009156883, "std": 0.0005151212609929542, "repeat": 10, "number": 1}]}, "irradiance.TimeSuite.time_disc": {"result": [0.019478395581245422], "stats": [{"ci_99": [0.019247059244662523, 0.020188601221889257], "q_25": 0.01940607139840722, "q_75": 0.01958358776755631, "min": 0.019247059244662523, "max": 0.020188601221889257, "mean": 0.019547522207722066, "std": 0.00025816574822320673, "repeat": 10, "number": 1}]}, "irradiance.TimeSuite.time_erbs": {"result": [0.012720177648589015], "stats": [{"ci_99": [0.011699998751282692, 0.012920533772557974], "q_25": 0.012517112656496465, "q_75": 0.012776710791513324, "min": 0.011699998751282692, "max": 0.012920533772557974, "mean": 0.012602515798062087, "std": 0.0003386710525029505, "repeat": 10, "number": 1}]}, "irradiance.TimeSuite.time_get_extra_radiation": null, "irradiance.TimeSuite.time_get_ground_diffuse": null, "irradiance.TimeSuite.time_get_total_irradiance": null, "location.TimeSuite.time_location_get_airmass": {"result": [0.005292714689858258], "stats": [{"ci_99": [0.005274248542264104, 0.005353373941034079], "q_25": 0.005277991818729788, "q_75": 0.005320277123246342, "min": 0.005274248542264104, "max": 0.005353373941034079, "mean": 0.005301770404912531, "std": 2.6167110526528087e-05, "repeat": 10, "number": 2}]}, "location.TimeSuite.time_location_get_clearsky": {"result": [0.4809420625679195], "stats": [{"ci_99": [0.48036823933944106, 0.4884047508239746], "q_25": 0.48070400254800916, "q_75": 0.48180819652043283, "min": 0.48036823933944106, "max": 0.4884047508239746, "mean": 0.482379738567397, "std": 0.002852784617883726, "repeat": 10, "number": 1}]}, "location.TimeSuite.time_location_get_solarposition": {"result": [0.018768946873024106], "stats": [{"ci_99": [0.018442495726048946, 0.018875829875469208], "q_25": 0.018726180656813085, "q_75": 0.01883007143624127, "min": 0.018442495726048946, "max": 0.018875829875469208, "mean": 0.018729119189083578, "std": 0.0001468754138463773, "repeat": 10, "number": 1}]}, "solarposition.TimeSuite.time_ephemeris": {"result": [0.02561559551395476], "stats": [{"ci_99": [0.025190269108861685, 0.026047436986118555], "q_25": 0.025431983172893524, "q_75": 0.025842541712336242, "min": 0.025190269108861685, "max": 0.026047436986118555, "mean": 0.02563242306932807, "std": 0.00026455311635644954, "repeat": 10, "number": 1}]}, "solarposition.TimeSuite.time_ephemeris_localized": {"result": [0.25667998054996133], "stats": [{"ci_99": [0.23643564712256193, 0.25877963611856103], "q_25": 0.24346425791736692, "q_75": 0.25750221766065806, "min": 0.23643564712256193, "max": 0.25877963611856103, "mean": 0.25140174222178757, "std": 0.008853883855111565, "repeat": 10, "number": 1}]}, "solarposition.TimeSuite.time_nrel_earthsun_distance": {"result": [0.02584698749706149], "stats": [{"ci_99": [0.024640170857310295, 0.02664316166192293], "q_25": 0.024692538077943027, "q_75": 0.026625806116499007, "min": 0.024640170857310295, "max": 0.02664316166192293, "mean": 0.025694092642515896, "std": 0.0009393673372440234, "repeat": 10, "number": 1}]}, "solarposition.TimeSuite.time_spa_python": {"result": [0.030279611004516482], "stats": [{"ci_99": [0.029720210935920477, 0.03045313386246562], "q_25": 0.02983568503987044, "q_75": 0.03034068993292749, "min": 0.029720210935920477, "max": 0.03045313386246562, "mean": 0.030125628411769866, "std": 0.0002799246913468558, "repeat": 10, "number": 1}]}, "solarposition.TimeSuite.time_sun_rise_set_transit_spa": {"result": [0.05217859474942088], "stats": [{"ci_99": [0.05131379421800375, 0.05263233417645097], "q_25": 0.05206890613771975, "q_75": 0.05220515048131347, "min": 0.05131379421800375, "max": 0.05263233417645097, "mean": 0.052127186814323066, "std": 0.000317728522658151, "repeat": 10, "number": 1}]}, "tracking.TimeSuite.time_singleaxis": {"result": [0.04764719237573445], "stats": [{"ci_99": [0.04670197796076536, 0.049309581983834505], "q_25": 0.047526145121082664, "q_75": 0.04811032663565129, "min": 0.04670197796076536, "max": 0.049309581983834505, "mean": 0.04783072117716074, "std": 0.0006679075542292881, "repeat": 10, "number": 1}]}, "tracking.TimeSuite.time_tracker_singleaxis": {"result": [0.0481214274186641], "stats": [{"ci_99": [0.044362629763782024, 0.049128404818475246], "q_25": 0.047523706569336355, "q_75": 0.04840057250112295, "min": 0.044362629763782024, "max": 0.049128404818475246, "mean": 0.04775378480553627, "std": 0.001259514906967206, "repeat": 10, "number": 1}]}}, "params": {"arch": "x86_64", "cpu": "Intel Xeon Processor (Skylake, IBRS)", "machine": "pvlib-asv.forecasting.energy.arizona.edu", "num_cpu": "4", "os": "Linux 5.7.8-200.fc32.x86_64", "ram": "8145244", "python": "3.7", "ephem": "3.7.6.0", "numpy": "1.18.5", "pandas": "1.1.0", "pytables": "3.6.1", "scipy": "1.2.0"}, "requirements": {"ephem": "3.7.6.0", "numpy": "1.18.5", "pandas": "1.1.0", "pytables": "3.6.1", "scipy": "1.2.0"}, "commit_hash": "ed1b474934c097680a866027bcc763df4d34a4bc", "date": 1507307908000, "env_name": "conda-py3.7-ephem3.7.6.0-numpy1.18.5-pandas1.1.0-pytables3.6.1-scipy1.2.0", "python": "3.7", "profiles": {}, "started_at": {"irradiance.TimeSuite.time_aoi": 1599364485655, "irradiance.TimeSuite.time_aoi_projection": 1599364490715, "irradiance.TimeSuite.time_dirindex": 1599364495725, "irradiance.TimeSuite.time_dirint": 1599364501487, "irradiance.TimeSuite.time_disc": 1599364506848, "irradiance.TimeSuite.time_erbs": 1599364511958, "irradiance.TimeSuite.time_get_extra_radiation": 1599364473755, "irradiance.TimeSuite.time_get_ground_diffuse": 1599364474658, "irradiance.TimeSuite.time_get_total_irradiance": 1599364475562, "location.TimeSuite.time_location_get_airmass": 1599364516968, "location.TimeSuite.time_location_get_clearsky": 1599364517321, "location.TimeSuite.time_location_get_solarposition": 1599364520479, "solarposition.TimeSuite.time_ephemeris": 1599364520882, "solarposition.TimeSuite.time_ephemeris_localized": 1599364521185, "solarposition.TimeSuite.time_nrel_earthsun_distance": 1599364522791, "solarposition.TimeSuite.time_spa_python": 1599364523094, "solarposition.TimeSuite.time_sun_rise_set_transit_spa": 1599364523397, "tracking.TimeSuite.time_singleaxis": 1599364523850, "tracking.TimeSuite.time_tracker_singleaxis": 1599364525005}, "ended_at": {"irradiance.TimeSuite.time_aoi": 1599364490714, "irradiance.TimeSuite.time_aoi_projection": 1599364495724, "irradiance.TimeSuite.time_dirindex": 1599364501487, "irradiance.TimeSuite.time_dirint": 1599364506847, "irradiance.TimeSuite.time_disc": 1599364511957, "irradiance.TimeSuite.time_erbs": 1599364516967, "irradiance.TimeSuite.time_get_extra_radiation": 1599364474658,