{"results": {"irradiance.Irradiance.time_aoi": {"result": [0.0023374767042696476], "stats": [{"ci_99": [0.002246829401701689, 0.0023866665549576284], "q_25": 0.0022625330137088897, "q_75": 0.002348836092278361, "min": 0.002246829401701689, "max": 0.0023866665549576284, "mean": 0.00231674293987453, "std": 5.044304322190612e-05, "repeat": 10, "number": 5}]}, "irradiance.Irradiance.time_aoi_projection": {"result": [0.0019408355001360178], "stats": [{"ci_99": [0.0019109605345875025, 0.001991875314464172], "q_25": 0.0019161288510076702, "q_75": 0.0019681419944390655, "min": 0.0019109605345875025, "max": 0.001991875314464172, "mean": 0.001943754917010665, "std": 2.826943876002817e-05, "repeat": 10, "number": 6}]}, "irradiance.Irradiance.time_dirindex": {"result": [0.1384905823506415], "stats": [{"ci_99": [0.13570839306339622, 0.14095495780929923], "q_25": 0.13709119043778628, "q_75": 0.13937580958008766, "min": 0.13570839306339622, "max": 0.14095495780929923, "mean": 0.1384326963685453, "std": 0.0016410375742851046, "repeat": 10, "number": 1}]}, "irradiance.Irradiance.time_dirint": {"result": [0.06873856391757727], "stats": [{"ci_99": [0.06823339220136404, 0.07097549317404628], "q_25": 0.06840733240824193, "q_75": 0.06948157004080713, "min": 0.06823339220136404, "max": 0.07097549317404628, "mean": 0.06906320564448834, "std": 0.0008380206776359973, "repeat": 10, "number": 1}]}, "irradiance.Irradiance.time_disc": {"result": [0.019042443484067917], "stats": [{"ci_99": [0.018412717152386904, 0.01993806567043066], "q_25": 0.018731249845586717, "q_75": 0.01911101781297475, "min": 0.018412717152386904, "max": 0.01993806567043066, "mean": 0.019000875297933817, "std": 0.00039336846613573614, "repeat": 10, "number": 1}]}, "irradiance.Irradiance.time_erbs": {"result": [0.012366035720333457], "stats": [{"ci_99": [0.01193420821800828, 0.013099194969981909], "q_25": 0.012079469976015389, "q_75": 0.012824814417399466, "min": 0.01193420821800828, "max": 0.013099194969981909, "mean": 0.012445930019021034, "std": 0.00040729341016547085, "repeat": 10, "number": 1}]}, "irradiance.Irradiance.time_get_extra_radiation": {"result": [0.0026416038745082915], "stats": [{"ci_99": [0.002597970305941999, 0.002708320156671107], "q_25": 0.0026289311063010246, "q_75": 0.00266385346185416, "min": 0.002597970305941999, "max": 0.002708320156671107, "mean": 0.002644846634939313, "std": 3.184005621041705e-05, "repeat": 10, "number": 4}]}, "irradiance.Irradiance.time_get_ground_diffuse": {"result": [0.0005689837059683421], "stats": [{"ci_99": [0.000510293228382414, 0.0006027440540492535], "q_25": 0.0005606702391312203, "q_75": 0.0005821368646469306, "min": 0.000510293228382414, "max": 0.0006027440540492535, "mean": 0.0005679551448503678, "std": 2.321477519639094e-05, "repeat": 10, "number": 22}]}, "irradiance.Irradiance.time_get_total_irradiance": {"result": [0.005331139895133674], "stats": [{"ci_99": [0.005233403528109193, 0.005538070108741522], "q_25": 0.005262787453830242, "q_75": 0.005378278670832515, "min": 0.005233403528109193, "max": 0.005538070108741522, "mean": 0.0053460180060938, "std": 9.602504317556114e-05, "repeat": 10, "number": 2}]}, "location.Location.time_location_get_airmass": {"result": [0.0014113926736172289], "stats": [{"ci_99": [0.0014045654679648578, 0.0014351357822306454], "q_25": 0.0014090346958255395, "q_75": 0.001414534664945677, "min": 0.0014045654679648578, "max": 0.0014351357822306454, "mean": 0.0014142627827823163, "std": 8.849909975431468e-06, "repeat": 10, "number": 8}]}, "location.Location.time_location_get_clearsky": {"result": [0.012781803263351321], "stats": [{"ci_99": [0.012168012093752623, 0.013536416925489902], "q_25": 0.012747018714435399, "q_75": 0.01300536619964987, "min": 0.012168012093752623, "max": 0.013536416925489902, "mean": 0.012870334181934595, "std": 0.0003519760331482191, "repeat": 10, "number": 1}]}, "location.Location.time_location_get_solarposition": {"result": [0.01787581481039524], "stats": [{"ci_99": [0.01772164087742567, 0.01836821297183633], "q_25": 0.017813480808399618, "q_75": 0.018027524696663022, "min": 0.01772164087742567, "max": 0.01836821297183633, "mean": 0.0179281416349113, "std": 0.00018725097242260923, "repeat": 10, "number": 1}]}, "location.Location_0_6_1.time_location_get_sun_rise_set_transit_pyephem": NaN, "location.Location_0_6_1.time_location_get_sun_rise_set_transit_spa": NaN, "solarposition.SolarPosition.time_ephemeris": {"result": [0.0246936974581331], "stats": [{"ci_99": [0.024296119809150696, 0.025227560196071863], "q_25": 0.024480697815306485, "q_75": 0.02493650116957724, "min": 0.024296119809150696, "max": 0.025227560196071863, "mean": 0.024729392677545547, "std": 0.0002950000400477046, "repeat": 10, "number": 1}]}, "solarposition.SolarPosition.time_ephemeris_localized": {"result": [0.024214176693931222], "stats": [{"ci_99": [0.023518904112279415, 0.025315947830677032], "q_25": 0.023774726781994104, "q_75": 0.024718567496165633, "min": 0.023518904112279415, "max": 0.025315947830677032, "mean": 0.02429104004986584, "std": 0.0005972641929137377, "repeat": 10, "number": 1}]}, "solarposition.SolarPosition.time_nrel_earthsun_distance": {"result": [0.024065621197223663], "stats": [{"ci_99": [0.02367968065664172, 0.02443759422749281], "q_25": 0.02396452729590237, "q_75": 0.024171148892492056, "min": 0.02367968065664172, "max": 0.02443759422749281, "mean": 0.024057361343875528, "std": 0.0001971501523376974, "repeat": 10, "number": 1}]}, "solarposition.SolarPosition.time_spa_python": {"result": [0.028751885052770376], "stats": [{"ci_99": [0.028306341730058193, 0.02909251395612955], "q_25": 0.02856544964015484, "q_75": 0.028854984673671424, "min": 0.028306341730058193, "max": 0.02909251395612955, "mean": 0.028708551591262222, "std": 0.00023640906796936829, "repeat": 10, "number": 1}]}, "solarposition.SolarPosition.time_sun_rise_set_transit_spa": {"result": [0.05004058848135173], "stats": [{"ci_99": [0.04947195388376713, 0.0511136082932353], "q_25": 0.04973009624518454, "q_75": 0.0501652987441048, "min": 0.04947195388376713, "max": 0.0511136082932353, "mean": 0.050034070014953615, "std": 0.00043931413960701296, "repeat": 10, "number": 1}]}, "temperature.Fuentes.time_fuentes": NaN, "temperature.SAPM.time_sapm_cell": {"result": [0.0021929931050787372], "stats": [{"ci_99": [0.002176166201631228, 0.0022058276614795127], "q_25": 0.0021813783484200635, "q_75": 0.0022003206540830433, "min": 0.002176166201631228, "max": 0.0022058276614795127, "mean": 0.0021914177108556037, "std": 1.0571371911066196e-05, "repeat": 10, "number": 6}]}, "tracking.SingleAxis.time_singleaxis": {"result": [0.03159672045148909], "stats": [{"ci_99": [0.03076351573690772, 0.03370178863406181], "q_25": 0.0310106894467026, "q_75": 0.031872438034042716, "min": 0.03076351573690772, "max": 0.03370178863406181, "mean": 0.031653058063238856, "std": 0.0008214081126033205, "repeat": 10, "number": 1}]}, "tracking.SingleAxis.time_tracker_singleaxis": {"result": [0.03214095253497362], "stats": [{"ci_99": [0.03056713053956628, 0.033405681140720844], "q_25": 0.03179778310004622, "q_75": 0.03222971851937473, "min": 0.03056713053956628, "max": 0.033405681140720844, "mean": 0.03207549438811839, "std": 0.000689826608571579, "repeat": 10, "number": 1}]}}, "params": {"arch": "x86_64", "cpu": "Intel Xeon Processor (Skylake, IBRS)", "machine": "pvlib-asv.forecasting.energy.arizona.edu", "num_cpu": "4", "os": "Linux 5.7.8-200.fc32.x86_64", "ram": "8145244", "python": "3.8", "numpy": "", "pandas": "", "scipy": "", "pytables": "", "ephem": ""}, "requirements": {"numpy": "", "pandas": "", "scipy": "", "pytables": "", "ephem": ""}, "commit_hash": "edbe4ea2a126683c7080824fbff812e0f1347699", "date": 1534862726000, "env_name": "conda-py3.8-ephem-numpy-pandas-pytables-scipy", "python": "3.8", "profiles": {}, "started_at": {"irradiance.Irradiance.time_aoi": 1599833819905, "irradiance.Irradiance.time_aoi_projection": 1599833821761, "irradiance.Irradiance.time_dirindex": 1599833823617,