{"results": {"irradiance.TimeSuite.time_aoi": {"result": [0.0022581242956221104], "stats": [{"ci_99": [0.0022132287733256815, 0.0023308360017836095], "q_25": 0.0022394807776436212, "q_75": 0.002307500643655658, "min": 0.0022132287733256815, "max": 0.0023308360017836095, "mean": 0.002269775671884418, "std": 3.98933785202357e-05, "repeat": 10, "number": 5}]}, "irradiance.TimeSuite.time_aoi_projection": {"result": [0.0023535660468041895], "stats": [{"ci_99": [0.002213244792073965, 0.0024209730327129364], "q_25": 0.002344882837496698, "q_75": 0.002360761095769703, "min": 0.002213244792073965, "max": 0.0024209730327129364, "mean": 0.0023440514970570797, "std": 4.989825766745024e-05, "repeat": 10, "number": 5}]}, "irradiance.TimeSuite.time_dirindex": {"result": [0.1476329432334751], "stats": [{"ci_99": [0.14545570965856314, 0.1574037908576429], "q_25": 0.1463894951157272, "q_75": 0.14881819020956755, "min": 0.14545570965856314, "max": 0.1574037908576429, "mean": 0.14832975743338467, "std": 0.0032675391598228952, "repeat": 10, "number": 1}]}, "irradiance.TimeSuite.time_dirint": {"result": [0.0718681423459202], "stats": [{"ci_99": [0.07149850111454725, 0.07293183403089643], "q_25": 0.07169189327396452, "q_75": 0.07205329660791904, "min": 0.07149850111454725, "max": 0.07293183403089643, "mean": 0.07193684610538184, "std": 0.0003914803399734159, "repeat": 10, "number": 1}]}, "irradiance.TimeSuite.time_disc": {"result": [0.01945771975442767], "stats": [{"ci_99": [0.018148135859519243, 0.02050950564444065], "q_25": 0.019346946850419044, "q_75": 0.019539319328032434, "min": 0.018148135859519243, "max": 0.02050950564444065, "mean": 0.01943717859685421, "std": 0.0005677478538662386, "repeat": 10, "number": 1}]}, "irradiance.TimeSuite.time_erbs": {"result": [0.012706607347354293], "stats": [{"ci_99": [0.01182073587551713, 0.013087904080748558], "q_25": 0.012583400588482618, "q_75": 0.012768050655722618, "min": 0.01182073587551713, "max": 0.013087904080748558, "mean": 0.012584261177107692, "std": 0.0003793536106722412, "repeat": 10, "number": 1}]}, "irradiance.TimeSuite.time_get_extra_radiation": null, "irradiance.TimeSuite.time_get_ground_diffuse": null, "irradiance.TimeSuite.time_get_total_irradiance": null, "location.TimeSuite.time_location_get_airmass": {"result": [0.005268604960292578], "stats": [{"ci_99": [0.0052369325421750546, 0.005413906183093786], "q_25": 0.0052430834621191025, "q_75": 0.0053034680895507336, "min": 0.0052369325421750546, "max": 0.005413906183093786, "mean": 0.005285563482902944, "std": 5.4278632018409245e-05, "repeat": 10, "number": 2}]}, "location.TimeSuite.time_location_get_clearsky": {"result": [0.017484395997598767], "stats": [{"ci_99": [0.01745200902223587, 0.01768169179558754], "q_25": 0.017474228399805725, "q_75": 0.017567465314641595, "min": 0.01745200902223587, "max": 0.01768169179558754, "mean": 0.017521095182746648, "std": 7.044658464338256e-05, "repeat": 10, "number": 1}]}, "location.TimeSuite.time_location_get_solarposition": {"result": [0.018754499265924096], "stats": [{"ci_99": [0.018712314777076244, 0.018864681012928486], "q_25": 0.018720979685895145, "q_75": 0.018814250244759023, "min": 0.018712314777076244, "max": 0.018864681012928486, "mean": 0.01876914193853736, "std": 5.1334528255938545e-05, "repeat": 10, "number": 1}]}, "solarposition.TimeSuite.time_ephemeris": {"result": [0.025349161121994257], "stats": [{"ci_99": [0.024976133834570646, 0.02574587380513549], "q_25": 0.02524666371755302, "q_75": 0.02539313235320151, "min": 0.024976133834570646, "max": 0.02574587380513549, "mean": 0.025352333905175328, "std": 0.00022464892795441888, "repeat": 10, "number": 1}]}, "solarposition.TimeSuite.time_ephemeris_localized": {"result": [0.26228219480253756], "stats": [{"ci_99": [0.24846499413251877, 0.266436411999166], "q_25": 0.26071282161865383, "q_75": 0.2637017152737826, "min": 0.24846499413251877, "max": 0.266436411999166, "mean": 0.2613719828892499, "std": 0.0047092050261690775, "repeat": 10, "number": 1}]}, "solarposition.TimeSuite.time_nrel_earthsun_distance": {"result": [0.02303680474869907], "stats": [{"ci_99": [0.022953161038458347, 0.023371775168925524], "q_25": 0.023010695120319724, "q_75": 0.023059920291416347, "min": 0.022953161038458347, "max": 0.023371775168925524, "mean": 0.023061736905947327, "std": 0.00011334785989345039, "repeat": 10, "number": 1}]}, "solarposition.TimeSuite.time_spa_python": {"result": [0.030288333538919687], "stats": [{"ci_99": [0.029934892896562815, 0.030458303168416023], "q_25": 0.0301984358811751, "q_75": 0.030359433963894844, "min": 0.029934892896562815, "max": 0.030458303168416023, "mean": 0.030265962798148395, "std": 0.0001406519449178182, "repeat": 10, "number": 1}]}, "solarposition.TimeSuite.time_sun_rise_set_transit_spa": {"result": [0.051277956925332546], "stats": [{"ci_99": [0.05107638705521822, 0.05198004795238376], "q_25": 0.05117127671837807, "q_75": 0.051341593731194735, "min": 0.05107638705521822, "max": 0.05198004795238376, "mean": 0.0513545754365623, "std": 0.0002865248815436166, "repeat": 10, "number": 1}]}, "tracking.TimeSuite.time_singleaxis": {"result": [0.04800913343206048], "stats": [{"ci_99": [0.04668619576841593, 0.050048368982970715], "q_25": 0.04732578690163791, "q_75": 0.04893026582431048, "min": 0.04668619576841593, "max": 0.050048368982970715, "mean": 0.04821045608259737, "std": 0.0011368560026727263, "repeat": 10, "number": 1}]}, "tracking.TimeSuite.time_tracker_singleaxis": {"result": [0.048624166287481785], "stats": [{"ci_99": [0.046805026941001415, 0.05042298976331949], "q_25": 0.04818314115982503, "q_75": 0.04903859877958894, "min": 0.046805026941001415, "max": 0.05042298976331949, "mean": 0.048691426403820515, "std": 0.0009610071374925504, "repeat": 10, "number": 1}]}}, "params": {"arch": "x86_64", "cpu": "Intel Xeon Processor (Skylake, IBRS)", "machine": "pvlib-asv.forecasting.energy.arizona.edu", "num_cpu": "4", "os": "Linux 5.7.8-200.fc32.x86_64", "ram": "8145244", "python": "3.7", "ephem": "3.7.6.0", "numpy": "1.18.5", "pandas": "1.1.0", "pytables": "3.6.1", "scipy": "1.2.0"}, "requirements": {"ephem": "3.7.6.0", "numpy": "1.18.5", "pandas": "1.1.0", "pytables": "3.6.1", "scipy": "1.2.0"}, "commit_hash": "ee03ed4233c76f11c90c20ae20400425d53414b4", "date": 1531168538000, "env_name": "conda-py3.7-ephem3.7.6.0-numpy1.18.5-pandas1.1.0-pytables3.6.1-scipy1.2.0", "python": "3.7", "profiles": {}, "started_at": {"irradiance.TimeSuite.time_aoi": 1599362297340, "irradiance.TimeSuite.time_aoi_projection": 1599362299446, "irradiance.TimeSuite.time_dirindex": 1599362301602, "irradiance.TimeSuite.time_dirint": 1599362304458, "irradiance.TimeSuite.time_disc": 1599362306965, "irradiance.TimeSuite.time_erbs": 1599362309170, "irradiance.TimeSuite.time_get_extra_radiation": 1599362289797, "irradiance.TimeSuite.time_get_ground_diffuse": 1599362290201, "irradiance.TimeSuite.time_get_total_irradiance": 1599362290604, "location.TimeSuite.time_location_get_airmass": 1599362311327, "location.TimeSuite.time_location_get_clearsky": 1599362311680, "location.TimeSuite.time_location_get_solarposition": 1599362312033, "solarposition.TimeSuite.time_ephemeris": 1599362312437, "solarposition.TimeSuite.time_ephemeris_localized": 1599362312740, "solarposition.TimeSuite.time_nrel_earthsun_distance": 1599362314395, "solarposition.TimeSuite.time_spa_python": 1599362314648, "solarposition.TimeSuite.time_sun_rise_set_transit_spa": 1599362314951, "tracking.TimeSuite.time_singleaxis": 1599362315405, "tracking.TimeSuite.time_tracker_singleaxis": 1599362316559}, "ended_at": {"irradiance.TimeSuite.time_aoi": 1599362299446, "irradiance.TimeSuite.time_aoi_projection": 1599362301601, "irradiance.TimeSuite.time_dirindex": 1599362304458, "irradiance.TimeSuite.time_dirint": 1599362306964, "irradiance.TimeSuite.time_disc": 1599362309170, "irradiance.TimeSuite.time_erbs": 1599362311326, "irradiance.TimeSuite.time_get_extra_radiation": 1599362290200,