{"results": {"irradiance.Irradiance.time_aoi": {"result": [0.002230586810037494], "stats": [{"ci_99": [0.0022100581787526607, 0.0022557029500603677], "q_25": 0.002218145946972072, "q_75": 0.0022488438989967108, "min": 0.0022100581787526607, "max": 0.0022557029500603677, "mean": 0.0022326674312353133, "std": 1.6155352016728813e-05, "repeat": 10, "number": 5}]}, "irradiance.Irradiance.time_aoi_projection": {"result": [0.0021999312564730646], "stats": [{"ci_99": [0.0021499509923160074, 0.0023628324270248413], "q_25": 0.0021702362457290294, "q_75": 0.002235485427081585, "min": 0.0021499509923160074, "max": 0.0023628324270248413, "mean": 0.0022186889406293634, "std": 6.292421916998012e-05, "repeat": 10, "number": 5}]}, "irradiance.Irradiance.time_dirindex": {"result": [0.14705154206603765], "stats": [{"ci_99": [0.14348552701994777, 0.15505759697407484], "q_25": 0.14587138674687594, "q_75": 0.14808032207656652, "min": 0.14348552701994777, "max": 0.15505759697407484, "mean": 0.14734948729164898, "std": 0.00314509525994275, "repeat": 10, "number": 1}]}, "irradiance.Irradiance.time_dirint": {"result": [0.07208679150789976], "stats": [{"ci_99": [0.07084791408851743, 0.07388427807018161], "q_25": 0.07136214303318411, "q_75": 0.07256916165351868, "min": 0.07084791408851743, "max": 0.07388427807018161, "mean": 0.0721119327004999, "std": 0.0009279234486911749, "repeat": 10, "number": 1}]}, "irradiance.Irradiance.time_disc": {"result": [0.019775649532675743], "stats": [{"ci_99": [0.019561335910111666, 0.019959027878940105], "q_25": 0.019698182004503906, "q_75": 0.019878242048434913, "min": 0.019561335910111666, "max": 0.019959027878940105, "mean": 0.019780372781679035, "std": 0.00011993353485631822, "repeat": 10, "number": 1}]}, "irradiance.Irradiance.time_erbs": {"result": [0.0128089205827564], "stats": [{"ci_99": [0.012584379874169827, 0.013014509808272123], "q_25": 0.012763205915689468, "q_75": 0.012825969723053277, "min": 0.012584379874169827, "max": 0.013014509808272123, "mean": 0.012798205763101578, "std": 0.00010214942929457195, "repeat": 10, "number": 1}]}, "irradiance.Irradiance.time_get_extra_radiation": {"result": [0.0026552972849458456], "stats": [{"ci_99": [0.0026390025159344077, 0.0026728917146101594], "q_25": 0.0026488688599783927, "q_75": 0.0026643662131391466, "min": 0.0026390025159344077, "max": 0.0026728917146101594, "mean": 0.0026559134013950823, "std": 1.0084056485869229e-05, "repeat": 10, "number": 4}]}, "irradiance.Irradiance.time_get_ground_diffuse": {"result": [0.0005225184569625478], "stats": [{"ci_99": [0.000505732102809768, 0.000580917210563233], "q_25": 0.000515086796918982, "q_75": 0.0005630540330649207, "min": 0.000505732102809768, "max": 0.000580917210563233, "mean": 0.000536523695643011, "std": 2.7122103029043148e-05, "repeat": 10, "number": 19}]}, "irradiance.Irradiance.time_get_total_irradiance": {"result": [0.005040969233959913], "stats": [{"ci_99": [0.004960527876392007, 0.00542784808203578], "q_25": 0.004988193104509264, "q_75": 0.005205462744925171, "min": 0.004960527876392007, "max": 0.00542784808203578, "mean": 0.005115068936720491, "std": 0.00016987785331107306, "repeat": 10, "number": 2}]}, "location.Location.time_location_get_airmass": {"result": [0.0014994553889014892], "stats": [{"ci_99": [0.0014897916199905531, 0.0015461831353604794], "q_25": 0.0014932643223021713, "q_75": 0.0015146345498838597, "min": 0.0014897916199905531, "max": 0.0015461831353604794, "mean": 0.0015074558356510744, "std": 1.8272740580344574e-05, "repeat": 10, "number": 7}]}, "location.Location.time_location_get_clearsky": {"result": [0.01331437611952424], "stats": [{"ci_99": [0.012583401054143906, 0.013727197889238596], "q_25": 0.013146959012374282, "q_75": 0.013397960574366152, "min": 0.012583401054143906, "max": 0.013727197889238596, "mean": 0.013236798392608762, "std": 0.00032352718889695563, "repeat": 10, "number": 1}]}, "location.Location.time_location_get_solarposition": {"result": [0.017752367071807384], "stats": [{"ci_99": [0.017647446133196354, 0.01803518319502473], "q_25": 0.01772451668512076, "q_75": 0.01798569888342172, "min": 0.017647446133196354, "max": 0.01803518319502473, "mean": 0.017828790098428728, "std": 0.00014439368660181104, "repeat": 10, "number": 1}]}, "location.Location_0_6_1.time_location_get_sun_rise_set_transit_pyephem": {"result": [0.19739860412664711], "stats": [{"ci_99": [0.18031675601378083, 0.199155876878649], "q_25": 0.1848378776339814, "q_75": 0.1977745631011203, "min": 0.18031675601378083, "max": 0.199155876878649, "mean": 0.1926005301065743, "std": 0.007925966184838247, "repeat": 10, "number": 1}]}, "location.Location_0_6_1.time_location_get_sun_rise_set_transit_spa": {"result": [0.043156536761671305], "stats": [{"ci_99": [0.04282200802117586, 0.04367956006899476], "q_25": 0.04301118850708008, "q_75": 0.043381290044635534, "min": 0.04282200802117586, "max": 0.04367956006899476, "mean": 0.04318435378372669, "std": 0.0002608249064021687, "repeat": 10, "number": 1}]}, "solarposition.SolarPosition.time_ephemeris": {"result": [0.025014647282660007], "stats": [{"ci_99": [0.02469876129180193, 0.02573517570272088], "q_25": 0.02488150040153414, "q_75": 0.02526231308002025, "min": 0.02469876129180193, "max": 0.02573517570272088, "mean": 0.02509439866989851, "std": 0.000287894774071707, "repeat": 10, "number": 1}]}, "solarposition.SolarPosition.time_ephemeris_localized": {"result": [0.024756906321272254], "stats": [{"ci_99": [0.023773682303726673, 0.025437884964048862], "q_25": 0.023987200227566063, "q_75": 0.025244538206607103, "min": 0.023773682303726673, "max": 0.025437884964048862, "mean": 0.02466090810485184, "std": 0.0006362052832552618, "repeat": 10, "number": 1}]}, "solarposition.SolarPosition.time_nrel_earthsun_distance": {"result": [0.02317995228804648], "stats": [{"ci_99": [0.022780127823352814, 0.0241511482745409], "q_25": 0.023045624839141965, "q_75": 0.0233104950748384, "min": 0.022780127823352814, "max": 0.0241511482745409, "mean": 0.023239514045417308, "std": 0.0003445850352512774, "repeat": 10, "number": 1}]}, "solarposition.SolarPosition.time_spa_python": {"result": [0.02836269116960466], "stats": [{"ci_99": [0.02822687104344368, 0.029191598761826754], "q_25": 0.028278541285544634, "q_75": 0.028460858156904578, "min": 0.02822687104344368, "max": 0.029191598761826754, "mean": 0.028453110344707967, "std": 0.00027447497840659096, "repeat": 10, "number": 1}]}, "solarposition.SolarPosition.time_sun_rise_set_transit_spa": {"result": [0.049600238213315606], "stats": [{"ci_99": [0.04831136483699083, 0.05107453092932701], "q_25": 0.04922423139214516, "q_75": 0.05054853542242199, "min": 0.04831136483699083, "max": 0.05107453092932701, "mean": 0.04979700190015137, "std": 0.0008522663615701114, "repeat": 10, "number": 1}]}, "temperature.Fuentes.time_fuentes": {"result": [NaN, null, null], "params": [["'a'", "'b'", "'deltaT'"]]}, "tracking.SingleAxis.time_singleaxis": {"result": [0.006449659122154117], "stats": [{"ci_99": [0.00615562847815454, 0.0068092981819063425], "q_25": 0.006204184202942997, "q_75": 0.006615640653762966, "min": 0.00615562847815454, "max": 0.0068092981819063425, "mean": 0.006432433566078544, "std": 0.00022262914487601183, "repeat": 10, "number": 2}]}, "tracking.SingleAxis.time_tracker_singleaxis": {"result": [0.006251042475923896], "stats": [{"ci_99": [0.006059496896341443, 0.006660165032371879], "q_25": 0.00612201273906976, "q_75": 0.006420293764676899, "min": 0.006059496896341443, "max": 0.006660165032371879, "mean": 0.006293998542241752, "std": 0.00020253337620298252, "repeat": 10, "number": 2}]}, "temperature.SAPM.time_sapm_cell": {"result": [0.002272807853296399], "stats": [{"ci_99": [0.002235338371247053, 0.0023164830170571806], "q_25": 0.0022563056787475943, "q_75": 0.0022861161967739465, "min": 0.002235338371247053, "max": 0.0023164830170571806, "mean": 0.002272987049072981, "std": 2.4114990161467442e-05, "repeat": 10, "number": 5}]}}, "params": {"arch": "x86_64",