{"results": {"irradiance.Irradiance.time_aoi": {"result": [0.002338011097162962], "stats": [{"ci_99": [0.002319346368312836, 0.002359987795352936], "q_25": 0.00232348486315459, "q_75": 0.0023532439954578876, "min": 0.002319346368312836, "max": 0.002359987795352936, "mean": 0.002338765505701304, "std": 1.599710208016411e-05, "repeat": 10, "number": 5}]}, "irradiance.Irradiance.time_aoi_projection": {"result": [0.0021235048305243255], "stats": [{"ci_99": [0.002088077925145626, 0.0021410115994513037], "q_25": 0.0021150733111426233, "q_75": 0.002130036009475589, "min": 0.002088077925145626, "max": 0.0021410115994513037, "mean": 0.002120204502716661, "std": 1.6205741825678002e-05, "repeat": 10, "number": 5}]}, "irradiance.Irradiance.time_dirindex": {"result": [0.0645973898936063], "stats": [{"ci_99": [0.06343792797997594, 0.0692159398458898], "q_25": 0.06417948531452566, "q_75": 0.06512318167369813, "min": 0.06343792797997594, "max": 0.0692159398458898, "mean": 0.06497695962898434, "std": 0.001514794787115087, "repeat": 10, "number": 1}]}, "irradiance.Irradiance.time_dirint": {"result": [0.032146777492016554], "stats": [{"ci_99": [0.031743450090289116, 0.037724446039646864], "q_25": 0.032035412499681115, "q_75": 0.03584492369554937, "min": 0.031743450090289116, "max": 0.037724446039646864, "mean": 0.03365754284895957, "std": 0.0024167833173406364, "repeat": 10, "number": 1}]}, "irradiance.Irradiance.time_disc": {"result": [0.01252031372860074], "stats": [{"ci_99": [0.01207815296947956, 0.012716121040284634], "q_25": 0.01231190306134522, "q_75": 0.012607498443685472, "min": 0.01207815296947956, "max": 0.012716121040284634, "mean": 0.012458666646853089, "std": 0.00020118540566859086, "repeat": 10, "number": 1}]}, "irradiance.Irradiance.time_erbs": {"result": [0.006733543938025832], "stats": [{"ci_99": [0.006664061453193426, 0.006977990968152881], "q_25": 0.006724295672029257, "q_75": 0.006747433450073004, "min": 0.006664061453193426, "max": 0.006977990968152881, "mean": 0.0067575603723526, "std": 8.770817242781785e-05, "repeat": 10, "number": 2}]}, "irradiance.Irradiance.time_get_extra_radiation": {"result": [0.00053516625193879], "stats": [{"ci_99": [0.0005298946518450976, 0.0005407441407442093], "q_25": 0.0005312618508469313, "q_75": 0.0005366035620681942, "min": 0.0005298946518450976, "max": 0.0005407441407442093, "mean": 0.0005345144076272846, "std": 3.359523216819598e-06, "repeat": 10, "number": 20}]}, "irradiance.Irradiance.time_get_ground_diffuse": {"result": [0.0003267514208952586], "stats": [{"ci_99": [0.0003201722943534454, 0.0003596448029081027], "q_25": 0.00032208998842785753, "q_75": 0.0003329431172460317, "min": 0.0003201722943534454, "max": 0.0003596448029081027, "mean": 0.00033083328511565927, "std": 1.1846384377564076e-05, "repeat": 10, "number": 30}]}, "irradiance.Irradiance.time_get_total_irradiance": {"result": [0.004554179807504018], "stats": [{"ci_99": [0.004512916008631389, 0.004584138592084249], "q_25": 0.004523610579781234, "q_75": 0.004571840322266023, "min": 0.004512916008631389, "max": 0.004584138592084249, "mean": 0.004548745229840279, "std": 2.5661148750574057e-05, "repeat": 10, "number": 3}]}, "location.Location.time_location_get_airmass": {"result": [0.0013642435078509152], "stats": [{"ci_99": [0.0013449281104840338, 0.001384406874421984], "q_25": 0.001352783598122187, "q_75": 0.0013720033748541027, "min": 0.0013449281104840338, "max": 0.001384406874421984, "mean": 0.0013632565503939986, "std": 1.2737900096524443e-05, "repeat": 10, "number": 8}]}, "location.Location.time_location_get_clearsky": {"result": [0.009189590928144753], "stats": [{"ci_99": [0.00898908730596304, 0.00973375141620636], "q_25": 0.009084020857699215, "q_75": 0.00941975018940866, "min": 0.00898908730596304, "max": 0.00973375141620636, "mean": 0.009274920145981014, "std": 0.00024384953196535607, "repeat": 10, "number": 2}]}, "location.Location.time_location_get_solarposition": {"result": [0.015223100315779448], "stats": [{"ci_99": [0.015094469767063856, 0.015340519603341818], "q_25": 0.01519036723766476, "q_75": 0.015296996105462313, "min": 0.015094469767063856, "max": 0.015340519603341818, "mean": 0.015237389970570803, "std": 7.370898303542306e-05, "repeat": 10, "number": 1}]}, "location.Location_0_6_1.time_location_get_sun_rise_set_transit_pyephem": NaN, "location.Location_0_6_1.time_location_get_sun_rise_set_transit_spa": NaN, "solarposition.SolarPosition.time_ephemeris": {"result": [0.01852381112985313], "stats": [{"ci_99": [0.018109451979398727, 0.019236702006310225], "q_25": 0.018329515354707837, "q_75": 0.018845398793928325, "min": 0.018109451979398727, "max": 0.019236702006310225, "mean": 0.01857820339500904, "std": 0.0003468363633596922, "repeat": 10, "number": 1}]}, "solarposition.SolarPosition.time_ephemeris_localized": {"result": [0.01830348768271506], "stats": [{"ci_99": [0.01798431994393468, 0.01888822065666318], "q_25": 0.018131550517864525, "q_75": 0.01853375427890569, "min": 0.01798431994393468, "max": 0.01888822065666318, "mean": 0.018358632316812874, "std": 0.00028941219633983915, "repeat": 10, "number": 1}]}, "solarposition.SolarPosition.time_nrel_earthsun_distance": {"result": [0.02277199807576835], "stats": [{"ci_99": [0.022639943286776543, 0.022871387656778097], "q_25": 0.022715595085173845, "q_75": 0.022821292630396783, "min": 0.022639943286776543, "max": 0.022871387656778097, "mean": 0.022765505174174906, "std": 7.319091937881618e-05, "repeat": 10, "number": 1}]}, "solarposition.SolarPosition.time_spa_python": {"result": [0.025721863377839327], "stats": [{"ci_99": [0.025565525982528925, 0.025957337114959955], "q_25": 0.025673287804238498, "q_75": 0.02582627336960286, "min": 0.025565525982528925, "max": 0.025957337114959955, "mean": 0.025747453887015583, "std": 0.00012241995244840383, "repeat": 10, "number": 1}]}, "solarposition.SolarPosition.time_sun_rise_set_transit_spa": {"result": [0.03751060413196683], "stats": [{"ci_99": [0.037400046829134226, 0.03815253684297204], "q_25": 0.03746571985539049, "q_75": 0.037751603638753295, "min": 0.037400046829134226, "max": 0.03815253684297204, "mean": 0.03762477110140026, "std": 0.00022146634267604257, "repeat": 10, "number": 1}]}, "temperature.Fuentes.time_fuentes": NaN, "temperature.SAPM.time_sapm_cell": {"result": [0.0016430838565741268], "stats": [{"ci_99": [0.0016203435537006175, 0.0016652708873152733], "q_25": 0.0016360049235767554, "q_75": 0.0016565845580771565, "min": 0.0016203435537006175, "max": 0.0016652708873152733, "mean": 0.0016439651272126608, "std": 1.4904025475317568e-05, "repeat": 10, "number": 7}]}, "tracking.SingleAxis.time_singleaxis": {"result": [0.019726807484403253], "stats": [{"ci_99": [0.015261807944625616, 0.021667635068297386], "q_25": 0.0190730084432289, "q_75": 0.019898949074558914, "min": 0.015261807944625616, "max": 0.021667635068297386, "mean": 0.01902878247201443, "std": 0.0019619095154916723, "repeat": 10, "number": 1}]}, "tracking.SingleAxis.time_tracker_singleaxis": {"result": [0.016787722939625382], "stats": [{"ci_99": [0.015005509834736586, 0.02006726386025548], "q_25": 0.015813211328350008, "q_75": 0.018899149727076292, "min": 0.015005509834736586, "max": 0.02006726386025548, "mean": 0.017366977827623486, "std": 0.0017911679284843569, "repeat": 10, "number": 1}]}}, "params": {"arch": "x86_64", "cpu": "Intel Xeon Processor (Skylake, IBRS)", "machine": "pvlib-asv.forecasting.energy.arizona.edu", "num_cpu": "4", "os": "Linux 5.7.8-200.fc32.x86_64", "ram": "8145244", "python": "3.6", "numpy": "1.12.0", "pandas": "0.22.0", "scipy": "1.2.0", "pytables": "3.6.1", "ephem": "3.7.6.0"}, "requirements": {"numpy": "1.12.0", "pandas": "0.22.0", "scipy": "1.2.0", "pytables": "3.6.1", "ephem": "3.7.6.0"}, "commit_hash": "ef82a39098abb0ed200bd5e49f6bdee159799836", "date": 1544456430000, "env_name": "conda-py3.6-ephem3.7.6.0-numpy1.12.0-pandas0.22.0-pytables3.6.1-scipy1.2.0", "python": "3.6", "profiles": {},