{"results": {"irradiance.Irradiance.time_aoi": {"result": [0.00234173140488565], "stats": [{"ci_99": [0.002273986395448446, 0.002421497367322445], "q_25": 0.0023092181421816346, "q_75": 0.0023626228561624885, "min": 0.002273986395448446, "max": 0.002421497367322445, "mean": 0.002338439133018255, "std": 4.099755614983227e-05, "repeat": 10, "number": 5}]}, "irradiance.Irradiance.time_aoi_projection": {"result": [0.0020279242501904564], "stats": [{"ci_99": [0.0019378846045583487, 0.002057656335333983], "q_25": 0.002003571173797051, "q_75": 0.0020463085578133664, "min": 0.0019378846045583487, "max": 0.002057656335333983, "mean": 0.0020153036573901774, "std": 4.1089423377076194e-05, "repeat": 10, "number": 6}]}, "irradiance.Irradiance.time_dirindex": {"result": [0.14164876355789602], "stats": [{"ci_99": [0.1387525680474937, 0.147436142899096], "q_25": 0.14053040370345116, "q_75": 0.14226672134827822, "min": 0.1387525680474937, "max": 0.147436142899096, "mean": 0.14169201916083693, "std": 0.0022559760079021753, "repeat": 10, "number": 1}]}, "irradiance.Irradiance.time_dirint": {"result": [0.0702774424571544], "stats": [{"ci_99": [0.06894624372944236, 0.07298953598365188], "q_25": 0.06962997559458017, "q_75": 0.07121770258527249, "min": 0.06894624372944236, "max": 0.07298953598365188, "mean": 0.07050244780257345, "std": 0.0012160005942257965, "repeat": 10, "number": 1}]}, "irradiance.Irradiance.time_disc": {"result": [0.019632416544482112], "stats": [{"ci_99": [0.018910958897322416, 0.020970964338630438], "q_25": 0.019085595151409507, "q_75": 0.020317463320679963, "min": 0.018910958897322416, "max": 0.020970964338630438, "mean": 0.01976888608187437, "std": 0.0007401482787884111, "repeat": 10, "number": 1}]}, "irradiance.Irradiance.time_erbs": {"result": [0.013225425034761429], "stats": [{"ci_99": [0.012501794844865799, 0.013397734146565199], "q_25": 0.012768628424964845, "q_75": 0.01327949995175004, "min": 0.012501794844865799, "max": 0.013397734146565199, "mean": 0.013050609594210982, "std": 0.000332777490420053, "repeat": 10, "number": 1}]}, "irradiance.Irradiance.time_get_extra_radiation": {"result": [0.0026900595403276384], "stats": [{"ci_99": [0.0026353392750024796, 0.0027332742465659976], "q_25": 0.0026599374832585454, "q_75": 0.0027113197720609605, "min": 0.0026353392750024796, "max": 0.0027332742465659976, "mean": 0.0026871727081015707, "std": 3.0338912345917967e-05, "repeat": 10, "number": 4}]}, "irradiance.Irradiance.time_get_ground_diffuse": {"result": [0.0005631239037029445], "stats": [{"ci_99": [0.0005232715047895908, 0.0006007588002830744], "q_25": 0.0005309475702233612, "q_75": 0.0005875807255506516, "min": 0.0005232715047895908, "max": 0.0006007588002830744, "mean": 0.0005612016445957124, "std": 2.946929998113184e-05, "repeat": 10, "number": 20}]}, "irradiance.Irradiance.time_get_total_irradiance": {"result": [0.005316641996614635], "stats": [{"ci_99": [0.0052185505628585815, 0.005728665506467223], "q_25": 0.005255287163890898, "q_75": 0.005494194512721151, "min": 0.0052185505628585815, "max": 0.005728665506467223, "mean": 0.0053927460918203, "std": 0.00018900175109833444, "repeat": 10, "number": 2}]}, "location.Location.time_location_get_airmass": {"result": [0.0014204993494786322], "stats": [{"ci_99": [0.001317851769272238, 0.0014465524582192302], "q_25": 0.0014095603837631643, "q_75": 0.0014334813749883324, "min": 0.001317851769272238, "max": 0.0014465524582192302, "mean": 0.0014074623701162635, "std": 4.0809541484108984e-05, "repeat": 10, "number": 8}]}, "location.Location.time_location_get_clearsky": {"result": [0.012977912090718746], "stats": [{"ci_99": [0.012260346673429012, 0.013846271205693483], "q_25": 0.01294289669021964, "q_75": 0.013189282035455108, "min": 0.012260346673429012, "max": 0.013846271205693483, "mean": 0.013042714213952422, "std": 0.00037116493952306205, "repeat": 10, "number": 1}]}, "location.Location.time_location_get_solarposition": {"result": [0.01823857263661921], "stats": [{"ci_99": [0.01769752101972699, 0.018671824131160975], "q_25": 0.018113516736775637, "q_75": 0.01840117748361081, "min": 0.01769752101972699, "max": 0.018671824131160975, "mean": 0.0182333969976753, "std": 0.0002720744999038006, "repeat": 10, "number": 1}]}, "location.Location_0_6_1.time_location_get_sun_rise_set_transit_pyephem": {"result": [0.19543893006630242], "stats": [{"ci_99": [0.19268309511244297, 0.19614316103979945], "q_25": 0.19480229390319437, "q_75": 0.19575601583346725, "min": 0.19268309511244297, "max": 0.19614316103979945, "mean": 0.19515674132853747, "std": 0.0009544225039309908, "repeat": 10, "number": 1}]}, "location.Location_0_6_1.time_location_get_sun_rise_set_transit_spa": {"result": [0.042302780551835895], "stats": [{"ci_99": [0.041971505619585514, 0.042650877963751554], "q_25": 0.0422479750122875, "q_75": 0.04235157952643931, "min": 0.041971505619585514, "max": 0.042650877963751554, "mean": 0.042304772650823, "std": 0.00016044480664811588, "repeat": 10, "number": 1}]}, "solarposition.SolarPosition.time_ephemeris": {"result": [0.024315809132531285], "stats": [{"ci_99": [0.023802306968718767, 0.025393459014594555], "q_25": 0.023969106026925147, "q_75": 0.024716428481042385, "min": 0.023802306968718767, "max": 0.025393459014594555, "mean": 0.024424368189647792, "std": 0.0005118198707792922, "repeat": 10, "number": 1}]}, "solarposition.SolarPosition.time_ephemeris_localized": {"result": [0.0250399736687541], "stats": [{"ci_99": [0.023358219768851995, 0.02528689382597804], "q_25": 0.024634637171402574, "q_75": 0.025085662840865552, "min": 0.023358219768851995, "max": 0.02528689382597804, "mean": 0.02473832662217319, "std": 0.0005909686819355524, "repeat": 10, "number": 1}]}, "solarposition.SolarPosition.time_nrel_earthsun_distance": {"result": [0.024130993289873004], "stats": [{"ci_99": [0.023909535259008408, 0.024540352169424295], "q_25": 0.02398021297995001, "q_75": 0.024201849475502968, "min": 0.023909535259008408, "max": 0.024540352169424295, "mean": 0.024127521691843866, "std": 0.00018098513815178812, "repeat": 10, "number": 1}]}, "solarposition.SolarPosition.time_spa_python": {"result": [0.02921444969251752], "stats": [{"ci_99": [0.02856196602806449, 0.029835456982254982], "q_25": 0.028845766908489168, "q_75": 0.029331189347431064, "min": 0.02856196602806449, "max": 0.029835456982254982, "mean": 0.029174921847879887, "std": 0.0003899136406416565, "repeat": 10, "number": 1}]}, "solarposition.SolarPosition.time_sun_rise_set_transit_spa": {"result": [0.04901193897239864], "stats": [{"ci_99": [0.04838188085705042, 0.0494124460965395], "q_25": 0.048806336359120905, "q_75": 0.04914137232117355, "min": 0.04838188085705042, "max": 0.0494124460965395, "mean": 0.04896633327007294, "std": 0.0002895317968446876, "repeat": 10, "number": 1}]}, "temperature.Fuentes.time_fuentes": NaN, "temperature.SAPM.time_sapm_cell": {"result": [0.0022057321388274428], "stats": [{"ci_99": [0.002168054785579443, 0.0022581278346478937], "q_25": 0.0021812631050124767, "q_75": 0.00222291280515492, "min": 0.002168054785579443, "max": 0.0022581278346478937, "mean": 0.002204537894576788, "std": 2.7800843941612122e-05, "repeat": 10, "number": 5}]}, "tracking.SingleAxis.time_singleaxis": {"result": [0.006415582378394902], "stats": [{"ci_99": [0.006109034875407815, 0.006869255797937512], "q_25": 0.00630905368598178, "q_75": 0.006611608783714473, "min": 0.006109034875407815, "max": 0.006869255797937512, "mean": 0.0064546780195087194, "std": 0.0002140158349056937, "repeat": 10, "number": 2}]}, "tracking.SingleAxis.time_tracker_singleaxis": {"result": [0.006399794248864055], "stats": [{"ci_99": [0.006159904645755887, 0.006774224108085036], "q_25": 0.006239569163881242, "q_75": 0.0064901531441137195, "min": 0.006159904645755887, "max": 0.006774224108085036, "mean": 0.006401241151615977, "std": 0.0001911690357674664, "repeat": 10, "number": 2}]}}, "params": {"arch": "x86_64", "cpu": "Intel Xeon Processor (Skylake, IBRS)",