{"results": {"irradiance.Irradiance.time_aoi": {"result": [0.0022240980993956327], "stats": [{"ci_99": [0.0021860952489078044, 0.0022717702202498915], "q_25": 0.0021909861126914623, "q_75": 0.002234343648888171, "min": 0.0021860952489078044, "max": 0.0022717702202498915, "mean": 0.002220228975638747, "std": 2.8246871297886173e-05, "repeat": 10, "number": 5}]}, "irradiance.Irradiance.time_aoi_projection": {"result": [0.002249582624062896], "stats": [{"ci_99": [0.002191762439906597, 0.002283975016325712], "q_25": 0.0022331399377435446, "q_75": 0.0022547746310010554, "min": 0.002191762439906597, "max": 0.002283975016325712, "mean": 0.0022444147896021607, "std": 2.2847115732705734e-05, "repeat": 10, "number": 5}]}, "irradiance.Irradiance.time_dirindex": {"result": [0.1452416644897312], "stats": [{"ci_99": [0.14360028831288218, 0.14992737211287022], "q_25": 0.1449213627493009, "q_75": 0.14720925490837544, "min": 0.14360028831288218, "max": 0.14992737211287022, "mean": 0.14598325984552502, "std": 0.0017759998666615772, "repeat": 10, "number": 1}]}, "irradiance.Irradiance.time_dirint": {"result": [0.07108461600728333], "stats": [{"ci_99": [0.06996198883280158, 0.07387512503191829], "q_25": 0.0702486471273005, "q_75": 0.07139669160824269, "min": 0.06996198883280158, "max": 0.07387512503191829, "mean": 0.07124746972694992, "std": 0.0012328256313085659, "repeat": 10, "number": 1}]}, "irradiance.Irradiance.time_disc": {"result": [0.019549691351130605], "stats": [{"ci_99": [0.01941125374287367, 0.019816607236862183], "q_25": 0.01947996800299734, "q_75": 0.01962197502143681, "min": 0.01941125374287367, "max": 0.019816607236862183, "mean": 0.01956724883057177, "std": 0.00011834017029628842, "repeat": 10, "number": 1}]}, "irradiance.Irradiance.time_erbs": {"result": [0.011747622629627585], "stats": [{"ci_99": [0.011585560627281666, 0.013116209302097559], "q_25": 0.011697343667037785, "q_75": 0.012414506054483354, "min": 0.011585560627281666, "max": 0.013116209302097559, "mean": 0.012050607521086932, "std": 0.0005315760890961443, "repeat": 10, "number": 1}]}, "irradiance.Irradiance.time_get_extra_radiation": null, "irradiance.Irradiance.time_get_ground_diffuse": null, "irradiance.Irradiance.time_get_total_irradiance": null, "location.Location.time_location_get_airmass": {"result": [0.005524795153178275], "stats": [{"ci_99": [0.00504904193803668, 0.005553968483582139], "q_25": 0.005507641995791346, "q_75": 0.00553190492792055, "min": 0.00504904193803668, "max": 0.005553968483582139, "mean": 0.005477054626680911, "std": 0.00014387970091215888, "repeat": 10, "number": 2}]}, "location.Location.time_location_get_clearsky": {"result": [0.0174327555578202], "stats": [{"ci_99": [0.015998237766325474, 0.017829916905611753], "q_25": 0.016638929373584688, "q_75": 0.01753745728638023, "min": 0.015998237766325474, "max": 0.017829916905611753, "mean": 0.017137008206918835, "std": 0.0006221811269257636, "repeat": 10, "number": 1}]}, "location.Location.time_location_get_solarposition": {"result": [0.01809723605401814], "stats": [{"ci_99": [0.017948557622730732, 0.018626173958182335], "q_25": 0.018020193791016936, "q_75": 0.018143573426641524, "min": 0.017948557622730732, "max": 0.018626173958182335, "mean": 0.018126641446724535, "std": 0.00018056435631476608, "repeat": 10, "number": 1}]}, "location.Location_0_6_1.time_location_get_sun_rise_set_transit_pyephem": NaN, "location.Location_0_6_1.time_location_get_sun_rise_set_transit_spa": NaN, "solarposition.SolarPosition.time_ephemeris": {"result": [0.02535810973495245], "stats": [{"ci_99": [0.024610436987131834, 0.025753429159522057], "q_25": 0.02508098678663373, "q_75": 0.025548218982294202, "min": 0.024610436987131834, "max": 0.025753429159522057, "mean": 0.025300298118963838, "std": 0.0003385354629198476, "repeat": 10, "number": 1}]}, "solarposition.SolarPosition.time_ephemeris_localized": {"result": [0.2506512515246868], "stats": [{"ci_99": [0.24817898217588663, 0.26163966301828623], "q_25": 0.2495058112544939, "q_75": 0.2599522121017799, "min": 0.24817898217588663, "max": 0.26163966301828623, "mean": 0.2539738031569868, "std": 0.005495597367666208, "repeat": 10, "number": 1}]}, "solarposition.SolarPosition.time_nrel_earthsun_distance": {"result": [0.02316665812395513], "stats": [{"ci_99": [0.02300672372803092, 0.02367294579744339], "q_25": 0.02309986634645611, "q_75": 0.02332699194084853, "min": 0.02300672372803092, "max": 0.02367294579744339, "mean": 0.02324500922113657, "std": 0.0002091419462395937, "repeat": 10, "number": 1}]}, "solarposition.SolarPosition.time_spa_python": {"result": [0.028871987480670214], "stats": [{"ci_99": [0.028569231275469065, 0.02907588193193078], "q_25": 0.028663291363045573, "q_75": 0.028924439568072557, "min": 0.028569231275469065, "max": 0.02907588193193078, "mean": 0.028819169150665402, "std": 0.0001601939728950584, "repeat": 10, "number": 1}]}, "solarposition.SolarPosition.time_sun_rise_set_transit_spa": {"result": [0.05115490546450019], "stats": [{"ci_99": [0.05087630311027169, 0.051531323697417974], "q_25": 0.050980971660465, "q_75": 0.051237213774584234, "min": 0.05087630311027169, "max": 0.051531323697417974, "mean": 0.05115031106397509, "std": 0.00019493401341459096, "repeat": 10, "number": 1}]}, "temperature.Fuentes.time_fuentes": NaN, "tracking.SingleAxis.time_singleaxis": {"result": [0.04684586776420474], "stats": [{"ci_99": [0.045744549948722124, 0.04933473886922002], "q_25": 0.04619723348878324, "q_75": 0.04792520706541836, "min": 0.045744549948722124, "max": 0.04933473886922002, "mean": 0.04711328144185245, "std": 0.001086067898917735, "repeat": 10, "number": 1}]}, "tracking.SingleAxis.time_tracker_singleaxis": {"result": [0.04657403752207756], "stats": [{"ci_99": [0.0459246626123786, 0.04765752097591758], "q_25": 0.04633156466297805, "q_75": 0.047265917412005365, "min": 0.0459246626123786, "max": 0.04765752097591758, "mean": 0.04672627784311771, "std": 0.0005738335285892742, "repeat": 10, "number": 1}]}, "temperature.SAPM.time_sapm_cell": {"result": [0.002113937439086537], "stats": [{"ci_99": [0.00198948266915977, 0.0022361152029285827], "q_25": 0.0019995353456276157, "q_75": 0.0022232888732105494, "min": 0.00198948266915977, "max": 0.0022361152029285827, "mean": 0.002112324652262032, "std": 0.00011229926982590671, "repeat": 10, "number": 6}]}}, "params": {"arch": "x86_64", "cpu": "Intel Xeon Processor (Skylake, IBRS)", "machine": "pvlib-asv.forecasting.energy.arizona.edu", "num_cpu": "4", "os": "Linux 5.7.8-200.fc32.x86_64", "ram": "8145244", "python": "3.7", "ephem": "3.7.6.0", "numpy": "1.18.5", "pandas": "1.1.0", "pytables": "3.6.1", "scipy": "1.2.0"}, "requirements": {"ephem": "3.7.6.0", "numpy": "1.18.5", "pandas": "1.1.0", "pytables": "3.6.1", "scipy": "1.2.0"}, "commit_hash": "f57f4c6a252721d5d08d44dbbe302bfdec25c2f7", "date": 1533656155000, "env_name": "conda-py3.7-ephem3.7.6.0-numpy1.18.5-pandas1.1.0-pytables3.6.1-scipy1.2.0", "python": "3.7", "profiles": {}, "started_at": {"irradiance.Irradiance.time_aoi": 1599427922029, "irradiance.Irradiance.time_aoi_projection": 1599427924085, "irradiance.Irradiance.time_dirindex": 1599427926191, "irradiance.Irradiance.time_dirint": 1599427928999, "irradiance.Irradiance.time_disc": 1599427931456, "irradiance.Irradiance.time_erbs": 1599427933613, "irradiance.Irradiance.time_get_extra_radiation": 1599427914271, "irradiance.Irradiance.time_get_ground_diffuse": 1599427914674, "irradiance.Irradiance.time_get_total_irradiance": 1599427915077, "location.Location.time_location_get_airmass": 1599427935670, "location.Location.time_location_get_clearsky": 1599427936023, "location.Location.time_location_get_solarposition": 1599427936377, "location.Location_0_6_1.time_location_get_sun_rise_set_transit_pyephem": 1599427936731, "location.Location_0_6_1.time_location_get_sun_rise_set_transit_spa": 1599427936783, "solarposition.SolarPosition.time_ephemeris": 1599427936836, "solarposition.SolarPosition.time_ephemeris_localized": 1599427937139,