{"results": {"irradiance.Irradiance.time_aoi": {"result": [0.0022330827079713343], "stats": [{"ci_99": [0.0021695169620215894, 0.002317262440919876], "q_25": 0.0021798626985400915, "q_75": 0.0022455251310020685, "min": 0.0021695169620215894, "max": 0.002317262440919876, "mean": 0.002222289424389601, "std": 4.46305043751774e-05, "repeat": 10, "number": 5}]}, "irradiance.Irradiance.time_aoi_projection": {"result": [0.002234824607148767], "stats": [{"ci_99": [0.0021682015620172026, 0.0023504638113081453], "q_25": 0.002207707474008202, "q_75": 0.002255873498506844, "min": 0.0021682015620172026, "max": 0.0023504638113081453, "mean": 0.0022452290263026953, "std": 5.287698234162191e-05, "repeat": 10, "number": 5}]}, "irradiance.Irradiance.time_dirindex": {"result": [0.14518253528513014], "stats": [{"ci_99": [0.1429548729211092, 0.14778411900624633], "q_25": 0.14380668522790074, "q_75": 0.1468786490149796, "min": 0.1429548729211092, "max": 0.14778411900624633, "mean": 0.1452830709051341, "std": 0.0016953113253342109, "repeat": 10, "number": 1}]}, "irradiance.Irradiance.time_dirint": {"result": [0.07210615184158087], "stats": [{"ci_99": [0.070836435072124, 0.07445584936067462], "q_25": 0.07132844300940633, "q_75": 0.07327562302816659, "min": 0.070836435072124, "max": 0.07445584936067462, "mean": 0.07233481919392944, "std": 0.0011527868554230933, "repeat": 10, "number": 1}]}, "irradiance.Irradiance.time_disc": {"result": [0.018891982501372695], "stats": [{"ci_99": [0.017919732723385096, 0.019973832182586193], "q_25": 0.018001936725340784, "q_75": 0.019852446159347892, "min": 0.017919732723385096, "max": 0.019973832182586193, "mean": 0.01892354912124574, "std": 0.0008970470362672666, "repeat": 10, "number": 1}]}, "irradiance.Irradiance.time_erbs": {"result": [0.013419464929029346], "stats": [{"ci_99": [0.012411670759320259, 0.013813929166644812], "q_25": 0.013307521236129105, "q_75": 0.013597192009910941, "min": 0.012411670759320259, "max": 0.013813929166644812, "mean": 0.013304471597075462, "std": 0.0004472245675961801, "repeat": 10, "number": 1}]}, "irradiance.Irradiance.time_get_extra_radiation": {"result": [0.002624669694341719], "stats": [{"ci_99": [0.002616521902382374, 0.0026963085401803255], "q_25": 0.0026222776214126498, "q_75": 0.0026323439669795334, "min": 0.002616521902382374, "max": 0.0026963085401803255, "mean": 0.0026328218984417616, "std": 2.204120963295775e-05, "repeat": 10, "number": 4}]}, "irradiance.Irradiance.time_get_ground_diffuse": {"result": [0.0005482338252477347], "stats": [{"ci_99": [0.0005313384346663952, 0.0005731948418542743], "q_25": 0.0005418967688456177, "q_75": 0.0005521226557902992, "min": 0.0005313384346663952, "max": 0.0005731948418542743, "mean": 0.0005495906504802406, "std": 1.1769898804494263e-05, "repeat": 10, "number": 20}]}, "irradiance.Irradiance.time_get_total_irradiance": {"result": [0.00504570861812681], "stats": [{"ci_99": [0.004974413430318236, 0.005149300443008542], "q_25": 0.0050363116315566, "q_75": 0.005060517403762788, "min": 0.004974413430318236, "max": 0.005149300443008542, "mean": 0.00505150156095624, "std": 4.465330685486485e-05, "repeat": 10, "number": 2}]}, "location.Location.time_location_get_airmass": {"result": [0.001415871811332181], "stats": [{"ci_99": [0.001361438655294478, 0.0015297320787794888], "q_25": 0.0013850275718141347, "q_75": 0.001508284913143143, "min": 0.001361438655294478, "max": 0.0015297320787794888, "mean": 0.0014394062454812229, "std": 6.427490381556929e-05, "repeat": 10, "number": 8}]}, "location.Location.time_location_get_clearsky": {"result": [0.013197269756346941], "stats": [{"ci_99": [0.01242526387795806, 0.013981372583657503], "q_25": 0.012840386829338968, "q_75": 0.013292709598317742, "min": 0.01242526387795806, "max": 0.013981372583657503, "mean": 0.013144022598862649, "std": 0.00046057782523605624, "repeat": 10, "number": 1}]}, "location.Location.time_location_get_solarposition": {"result": [0.01807459956035018], "stats": [{"ci_99": [0.017746625002473593, 0.018983769696205854], "q_25": 0.017926910892128944, "q_75": 0.01844409282784909, "min": 0.017746625002473593, "max": 0.018983769696205854, "mean": 0.018196467775851488, "std": 0.0003688759663841768, "repeat": 10, "number": 1}]}, "location.Location_0_6_1.time_location_get_sun_rise_set_transit_pyephem": {"result": [0.18080351897515357], "stats": [{"ci_99": [0.17815126990899444, 0.1970339179970324], "q_25": 0.1804346835706383, "q_75": 0.19646378024481237, "min": 0.17815126990899444, "max": 0.1970339179970324, "mean": 0.1867290249094367, "std": 0.008078875751870338, "repeat": 10, "number": 1}]}, "location.Location_0_6_1.time_location_get_sun_rise_set_transit_spa": {"result": [0.04303192859515548], "stats": [{"ci_99": [0.04263634793460369, 0.0440207808278501], "q_25": 0.04276059684343636, "q_75": 0.04328407277353108, "min": 0.04263634793460369, "max": 0.0440207808278501, "mean": 0.043135183257982136, "std": 0.0004533915382197267, "repeat": 10, "number": 1}]}, "solarposition.SolarPosition.time_ephemeris": {"result": [0.02509363181889057], "stats": [{"ci_99": [0.0247011361643672, 0.025725066661834717], "q_25": 0.024786291527561843, "q_75": 0.0254311595344916, "min": 0.0247011361643672, "max": 0.025725066661834717, "mean": 0.02513351636007428, "std": 0.00035525525523536394, "repeat": 10, "number": 1}]}, "solarposition.SolarPosition.time_ephemeris_localized": {"result": [0.024565190076828003], "stats": [{"ci_99": [0.023992804810404778, 0.025159437209367752], "q_25": 0.024088329868391156, "q_75": 0.024750739452429116, "min": 0.023992804810404778, "max": 0.025159437209367752, "mean": 0.02451664409600198, "std": 0.00042311495396953026, "repeat": 10, "number": 1}]}, "solarposition.SolarPosition.time_nrel_earthsun_distance": {"result": [0.023291763151064515], "stats": [{"ci_99": [0.023001222871243954, 0.023806459736078978], "q_25": 0.023048527422361076, "q_75": 0.023528431076556444, "min": 0.023001222871243954, "max": 0.023806459736078978, "mean": 0.023315624240785836, "std": 0.00028080363978656134, "repeat": 10, "number": 1}]}, "solarposition.SolarPosition.time_spa_python": {"result": [0.028770893113687634], "stats": [{"ci_99": [0.028564027044922113, 0.02936049923300743], "q_25": 0.02870734827592969, "q_75": 0.029107734328135848, "min": 0.028564027044922113, "max": 0.02936049923300743, "mean": 0.02888233307749033, "std": 0.0002726823567072578, "repeat": 10, "number": 1}]}, "solarposition.SolarPosition.time_sun_rise_set_transit_spa": {"result": [0.04994431743398309], "stats": [{"ci_99": [0.049432576168328524, 0.051217781845480204], "q_25": 0.04965043137781322, "q_75": 0.05053243786096573, "min": 0.049432576168328524, "max": 0.051217781845480204, "mean": 0.05012275972403586, "std": 0.0005710797751674643, "repeat": 10, "number": 1}]}, "temperature.Fuentes.time_fuentes": {"result": [NaN, null, null], "params": [["'a'", "'b'", "'deltaT'"]]}, "tracking.SingleAxis.time_singleaxis": {"result": [0.006722862715832889], "stats": [{"ci_99": [0.006344211986288428, 0.0071108725387603045], "q_25": 0.006622144137509167, "q_75": 0.006946667504962534, "min": 0.006344211986288428, "max": 0.0071108725387603045, "mean": 0.006744060292840004, "std": 0.00023000939462911437, "repeat": 10, "number": 2}]}, "tracking.SingleAxis.time_tracker_singleaxis": {"result": [0.006806974881328642], "stats": [{"ci_99": [0.00634679920040071, 0.007254870375618339], "q_25": 0.006608367955777794, "q_75": 0.006946321693249047, "min": 0.00634679920040071, "max": 0.007254870375618339, "mean": 0.0067975003272295, "std": 0.0002620044178952478, "repeat": 10, "number": 2}]}, "temperature.SAPM.time_sapm_cell": {"result": [0.002256316365674138], "stats": [{"ci_99": [0.002224520966410637, 0.002308320626616478], "q_25": 0.0022450138581916693, "q_75": 0.0022754173260182142, "min": 0.002224520966410637, "max": 0.002308320626616478, "mean": 0.0022615022864192723, "std": 2.550287142403343e-05, "repeat": 10, "number": 5}]}}, "params": {"arch": "x86_64",