{"results": {"irradiance.TimeSuite.time_aoi": {"result": [0.0022707960568368437], "stats": [{"ci_99": [0.0021815634332597255, 0.0024240498431026937], "q_25": 0.002242579613812268, "q_75": 0.002328665880486369, "min": 0.0021815634332597255, "max": 0.0024240498431026937, "mean": 0.0022909938730299477, "std": 7.189345703629885e-05, "repeat": 10, "number": 5}]}, "irradiance.TimeSuite.time_aoi_projection": {"result": [0.0022549567744135856], "stats": [{"ci_99": [0.002176564559340477, 0.0025013402104377747], "q_25": 0.0022321241442114117, "q_75": 0.002262231311760843, "min": 0.002176564559340477, "max": 0.0025013402104377747, "mean": 0.00227025561966002, "std": 8.813766232868384e-05, "repeat": 10, "number": 5}]}, "irradiance.TimeSuite.time_dirindex": {"result": [0.14623578684404492], "stats": [{"ci_99": [0.14450403861701488, 0.15126160299405456], "q_25": 0.14493479614611715, "q_75": 0.14780674828216434, "min": 0.14450403861701488, "max": 0.15126160299405456, "mean": 0.14695156668312848, "std": 0.0023762531470623905, "repeat": 10, "number": 1}]}, "irradiance.TimeSuite.time_dirint": {"result": [0.07147226226516068], "stats": [{"ci_99": [0.07077929191291332, 0.07578072976320982], "q_25": 0.07119190786033869, "q_75": 0.07248521223664284, "min": 0.07077929191291332, "max": 0.07578072976320982, "mean": 0.07219091705046594, "std": 0.0015357524163957647, "repeat": 10, "number": 1}]}, "irradiance.TimeSuite.time_disc": {"result": [0.019884271547198296], "stats": [{"ci_99": [0.019625040236860514, 0.020848238840699196], "q_25": 0.01977823837660253, "q_75": 0.019974737195298076, "min": 0.019625040236860514, "max": 0.020848238840699196, "mean": 0.01999752433039248, "std": 0.000359678509163778, "repeat": 10, "number": 1}]}, "irradiance.TimeSuite.time_erbs": {"result": [0.012803349643945694], "stats": [{"ci_99": [0.012384431902319193, 0.013616336975246668], "q_25": 0.012727364199236035, "q_75": 0.01299087144434452, "min": 0.012384431902319193, "max": 0.013616336975246668, "mean": 0.012891097832471133, "std": 0.00033827133706788295, "repeat": 10, "number": 1}]}, "irradiance.TimeSuite.time_get_extra_radiation": {"result": [0.002670112473424524], "stats": [{"ci_99": [0.002653736504726112, 0.0029286822536960244], "q_25": 0.0026563931023702025, "q_75": 0.0027246452518738806, "min": 0.002653736504726112, "max": 0.0029286822536960244, "mean": 0.0027213621186092498, "std": 9.716648957150048e-05, "repeat": 10, "number": 4}]}, "irradiance.TimeSuite.time_get_ground_diffuse": {"result": [0.000527160451747477], "stats": [{"ci_99": [0.0005053780041635036, 0.0005674547981470823], "q_25": 0.0005077034642454238, "q_75": 0.0005503213265910744, "min": 0.0005053780041635036, "max": 0.0005674547981470823, "mean": 0.0005300366831943392, "std": 2.3097350999242257e-05, "repeat": 10, "number": 20}]}, "irradiance.TimeSuite.time_get_total_irradiance": {"result": [0.005157017847523093], "stats": [{"ci_99": [0.00508075999096036, 0.00542376609519124], "q_25": 0.005106201162561774, "q_75": 0.005273002781905234, "min": 0.00508075999096036, "max": 0.00542376609519124, "mean": 0.005193972680717707, "std": 0.00011030234812794207, "repeat": 10, "number": 2}]}, "location.TimeSuite.time_location_get_airmass": {"result": [0.0014955304962183747], "stats": [{"ci_99": [0.0013723614226494516, 0.0015028785648090498], "q_25": 0.0014879428282646196, "q_75": 0.001497415659416999, "min": 0.0013723614226494516, "max": 0.0015028785648090498, "mean": 0.0014717122872493096, "std": 4.8026309047142224e-05, "repeat": 10, "number": 7}]}, "location.TimeSuite.time_location_get_clearsky": {"result": [0.01310857618227601], "stats": [{"ci_99": [0.012195544317364693, 0.013933424837887287], "q_25": 0.01236185000743717, "q_75": 0.013540655607357621, "min": 0.012195544317364693, "max": 0.013933424837887287, "mean": 0.0129894332960248, "std": 0.000621287230429606, "repeat": 10, "number": 1}]}, "location.TimeSuite.time_location_get_solarposition": {"result": [0.01821404369547963], "stats": [{"ci_99": [0.017972052097320557, 0.019826319068670273], "q_25": 0.018155127647332847, "q_75": 0.01828767661936581, "min": 0.017972052097320557, "max": 0.019826319068670273, "mean": 0.01835379907861352, "std": 0.0005001631624752665, "repeat": 10, "number": 1}]}, "location.TimeSuite.time_location_get_sun_rise_set_transit_pyephem": {"result": [0.196158955572173], "stats": [{"ci_99": [0.17979606287553906, 0.1970066111534834], "q_25": 0.18390946730505675, "q_75": 0.19667440676130354, "min": 0.17979606287553906, "max": 0.1970066111534834, "mean": 0.19141543982550502, "std": 0.007384019180313747, "repeat": 10, "number": 1}]}, "location.TimeSuite.time_location_get_sun_rise_set_transit_spa": {"result": [0.04431949905119836], "stats": [{"ci_99": [0.043973011896014214, 0.04461439186707139], "q_25": 0.04419751150999218, "q_75": 0.04453071020543575, "min": 0.043973011896014214, "max": 0.04461439186707139, "mean": 0.044333847053349015, "std": 0.00020754778592481845, "repeat": 10, "number": 1}]}, "solarposition.TimeSuite.time_ephemeris": {"result": [0.024642416276037693], "stats": [{"ci_99": [0.02395368367433548, 0.02603641990572214], "q_25": 0.024171901401132345, "q_75": 0.025612473487854004, "min": 0.02395368367433548, "max": 0.02603641990572214, "mean": 0.024874459998682142, "std": 0.0007458036098528366, "repeat": 10, "number": 1}]}, "solarposition.TimeSuite.time_ephemeris_localized": {"result": [0.025168717140331864], "stats": [{"ci_99": [0.02488602278754115, 0.02563695888966322], "q_25": 0.025054553640075028, "q_75": 0.025258304784074426, "min": 0.02488602278754115, "max": 0.02563695888966322, "mean": 0.02519607003778219, "std": 0.00021950600411329158, "repeat": 10, "number": 1}]}, "solarposition.TimeSuite.time_nrel_earthsun_distance": {"result": [0.023179359501227736], "stats": [{"ci_99": [0.023045306093990803, 0.02333394391462207], "q_25": 0.023120749392546713, "q_75": 0.023223459138534963, "min": 0.023045306093990803, "max": 0.02333394391462207, "mean": 0.023178006568923593, "std": 8.833357880170285e-05, "repeat": 10, "number": 1}]}, "solarposition.TimeSuite.time_spa_python": {"result": [0.02871058601886034], "stats": [{"ci_99": [0.028389023151248693, 0.028941656928509474], "q_25": 0.028600746300071478, "q_75": 0.02890262787695974, "min": 0.028389023151248693, "max": 0.028941656928509474, "mean": 0.028723544115200637, "std": 0.00017957824955191254, "repeat": 10, "number": 1}]}, "solarposition.TimeSuite.time_sun_rise_set_transit_spa": {"result": [0.050996083533391356], "stats": [{"ci_99": [0.05036873184144497, 0.05139756994321942], "q_25": 0.05070513463579118, "q_75": 0.05112284515053034, "min": 0.05036873184144497, "max": 0.05139756994321942, "mean": 0.050930938636884096, "std": 0.00029463550362644454, "repeat": 10, "number": 1}]}, "tracking.TimeSuite.time_singleaxis": {"result": [0.006503348937258124], "stats": [{"ci_99": [0.006214631488546729, 0.00681658205576241], "q_25": 0.006322948669549078, "q_75": 0.006576149666216224, "min": 0.006214631488546729, "max": 0.00681658205576241, "mean": 0.00648408851120621, "std": 0.00018217172121473769, "repeat": 10, "number": 2}]}, "tracking.TimeSuite.time_tracker_singleaxis": {"result": [0.006494050496257842], "stats": [{"ci_99": [0.006141140125691891, 0.006870453013107181], "q_25": 0.006481783580966294, "q_75": 0.0065118345082737505, "min": 0.006141140125691891, "max": 0.006870453013107181, "mean": 0.006496039498597383, "std": 0.00017398460842997222, "repeat": 10, "number": 2}]}}, "params": {"arch": "x86_64", "cpu": "Intel Xeon Processor (Skylake, IBRS)", "machine": "pvlib-asv.forecasting.energy.arizona.edu", "num_cpu": "4", "os": "Linux 5.7.8-200.fc32.x86_64", "ram": "8145244", "python": "3.7", "ephem": "3.7.6.0", "numpy": "1.18.5", "pandas": "1.1.0", "pytables": "3.6.1", "scipy": "1.2.0"}, "requirements": {"ephem": "3.7.6.0", "numpy": "1.18.5", "pandas": "1.1.0", "pytables": "3.6.1", "scipy": "1.2.0"}, "commit_hash": "f6f92072b8ea43f131ba1d639c2e6f1bcae3e4ec", "date": 1595003560000,