{"results": {"irradiance.Irradiance.time_aoi": {"result": [0.002326233824715018], "stats": [{"ci_99": [0.0023021647706627847, 0.0023629872128367426], "q_25": 0.0023211878025904296, "q_75": 0.0023552128579467533, "min": 0.0023021647706627847, "max": 0.0023629872128367426, "mean": 0.00233292993158102, "std": 2.1032348674692605e-05, "repeat": 10, "number": 5}]}, "irradiance.Irradiance.time_aoi_projection": {"result": [0.002134769642725587], "stats": [{"ci_99": [0.0021136649884283543, 0.0021936288103461266], "q_25": 0.0021290144184604285, "q_75": 0.002144249901175499, "min": 0.0021136649884283543, "max": 0.0021936288103461266, "mean": 0.002138773389160633, "std": 2.1194381736309925e-05, "repeat": 10, "number": 5}]}, "irradiance.Irradiance.time_dirindex": {"result": [0.0651843708474189], "stats": [{"ci_99": [0.06427642982453108, 0.06610493501648307], "q_25": 0.06484974804334342, "q_75": 0.06560701236594468, "min": 0.06427642982453108, "max": 0.06610493501648307, "mean": 0.06521302233450114, "std": 0.0005678569565181802, "repeat": 10, "number": 1}]}, "irradiance.Irradiance.time_dirint": {"result": [0.03233252698555589], "stats": [{"ci_99": [0.031904811039566994, 0.032731065060943365], "q_25": 0.03210437798406929, "q_75": 0.03256689675617963, "min": 0.031904811039566994, "max": 0.032731065060943365, "mean": 0.032334234844893214, "std": 0.000286126826239143, "repeat": 10, "number": 1}]}, "irradiance.Irradiance.time_disc": {"result": [0.012808040250092745], "stats": [{"ci_99": [0.012254353612661362, 0.013293245807290077], "q_25": 0.012341476627625525, "q_75": 0.012963383574970067, "min": 0.012254353612661362, "max": 0.013293245807290077, "mean": 0.012710751825943589, "std": 0.00034866746262160903, "repeat": 10, "number": 1}]}, "irradiance.Irradiance.time_erbs": {"result": [0.007457911851815879], "stats": [{"ci_99": [0.0072527383454144, 0.00789466593414545], "q_25": 0.0073820301331579685, "q_75": 0.0075659690191969275, "min": 0.0072527383454144, "max": 0.00789466593414545, "mean": 0.00749899426009506, "std": 0.00018232756221341824, "repeat": 10, "number": 2}]}, "irradiance.Irradiance.time_get_extra_radiation": {"result": [0.0005363320000469684], "stats": [{"ci_99": [0.0005328912520781159, 0.0005414370447397232], "q_25": 0.0005343314027413727, "q_75": 0.0005386782519053668, "min": 0.0005328912520781159, "max": 0.0005414370447397232, "mean": 0.000536650677677244, "std": 2.7100157134962563e-06, "repeat": 10, "number": 20}]}, "irradiance.Irradiance.time_get_ground_diffuse": {"result": [0.00035434098293383917], "stats": [{"ci_99": [0.00034426221003135046, 0.0003831855331857999], "q_25": 0.00035059091945489245, "q_75": 0.0003619138345432778, "min": 0.00034426221003135046, "max": 0.0003831855331857999, "mean": 0.0003575643990188837, "std": 1.059721669069834e-05, "repeat": 10, "number": 30}]}, "irradiance.Irradiance.time_get_total_irradiance": {"result": [0.004497485080113014], "stats": [{"ci_99": [0.004449140590926011, 0.004640941973775625], "q_25": 0.004469988867640495, "q_75": 0.0045610641439755755, "min": 0.004449140590926011, "max": 0.004640941973775625, "mean": 0.004522607444475095, "std": 6.367169562712962e-05, "repeat": 10, "number": 3}]}, "location.Location.time_location_get_airmass": {"result": [0.0013863171625416726], "stats": [{"ci_99": [0.0013694156077690423, 0.0014112514909356833], "q_25": 0.0013764520990662277, "q_75": 0.001391037047142163, "min": 0.0013694156077690423, "max": 0.0014112514909356833, "mean": 0.0013869913876987995, "std": 1.2625945213836871e-05, "repeat": 10, "number": 8}]}, "location.Location.time_location_get_clearsky": {"result": [0.009173937025479972], "stats": [{"ci_99": [0.009059631964191794, 0.010097662452608347], "q_25": 0.009116078435909003, "q_75": 0.009394685563165694, "min": 0.009059631964191794, "max": 0.010097662452608347, "mean": 0.00930731245316565, "std": 0.0003009818818484198, "repeat": 10, "number": 2}]}, "location.Location.time_location_get_solarposition": {"result": [0.015132514061406255], "stats": [{"ci_99": [0.015093181747943163, 0.015321697108447552], "q_25": 0.01510524598415941, "q_75": 0.0151853485731408, "min": 0.015093181747943163, "max": 0.015321697108447552, "mean": 0.015160826779901982, "std": 7.002870479938129e-05, "repeat": 10, "number": 1}]}, "location.Location_0_6_1.time_location_get_sun_rise_set_transit_pyephem": {"result": [0.18160140793770552], "stats": [{"ci_99": [0.17888227198272943, 0.18279585521668196], "q_25": 0.18143028707709163, "q_75": 0.18178075831383467, "min": 0.17888227198272943, "max": 0.18279585521668196, "mean": 0.18146585212089122, "std": 0.0009885342499506447, "repeat": 10, "number": 1}]}, "location.Location_0_6_1.time_location_get_sun_rise_set_transit_spa": {"result": [0.03283932036720216], "stats": [{"ci_99": [0.032484771218150854, 0.033072785940021276], "q_25": 0.03268690104596317, "q_75": 0.032990579260513186, "min": 0.032484771218150854, "max": 0.033072785940021276, "mean": 0.032812331710010766, "std": 0.00020273379562712752, "repeat": 10, "number": 1}]}, "solarposition.SolarPosition.time_ephemeris": {"result": [0.01842586067505181], "stats": [{"ci_99": [0.01829544920474291, 0.0186945297755301], "q_25": 0.018364151241257787, "q_75": 0.018529750406742096, "min": 0.01829544920474291, "max": 0.0186945297755301, "mean": 0.018459433084353806, "std": 0.00012600656210204545, "repeat": 10, "number": 1}]}, "solarposition.SolarPosition.time_ephemeris_localized": {"result": [0.01818508468568325], "stats": [{"ci_99": [0.01799281407147646, 0.01831194432452321], "q_25": 0.018089221557602286, "q_75": 0.018287869286723435, "min": 0.01799281407147646, "max": 0.01831194432452321, "mean": 0.018176639312878252, "std": 0.00011208950839198971, "repeat": 10, "number": 1}]}, "solarposition.SolarPosition.time_nrel_earthsun_distance": {"result": [0.0227720201946795], "stats": [{"ci_99": [0.022390408907085657, 0.024779348634183407], "q_25": 0.02271450962871313, "q_75": 0.022825003252364695, "min": 0.022390408907085657, "max": 0.024779348634183407, "mean": 0.023003336507827044, "std": 0.0006767195057323316, "repeat": 10, "number": 1}]}, "solarposition.SolarPosition.time_spa_python": {"result": [0.025463525438681245], "stats": [{"ci_99": [0.025190728716552258, 0.02579814288765192], "q_25": 0.025217143236659467, "q_75": 0.025679027079604566, "min": 0.025190728716552258, "max": 0.02579814288765192, "mean": 0.025463686045259237, "std": 0.0002476079816294511, "repeat": 10, "number": 1}]}, "solarposition.SolarPosition.time_sun_rise_set_transit_spa": {"result": [0.03789594164118171], "stats": [{"ci_99": [0.037623804062604904, 0.038252206053584814], "q_25": 0.037775604985654354, "q_75": 0.03792113333474845, "min": 0.037623804062604904, "max": 0.038252206053584814, "mean": 0.03787889084778726, "std": 0.00016064838538147155, "repeat": 10, "number": 1}]}, "temperature.Fuentes.time_fuentes": NaN, "temperature.SAPM.time_sapm_cell": {"result": [0.0010323387740010567], "stats": [{"ci_99": [0.0010108088820495389, 0.0010601598346097903], "q_25": 0.0010138486660170283, "q_75": 0.001041780194182965, "min": 0.0010108088820495389, "max": 0.0010601598346097903, "mean": 0.0010314549531110309, "std": 1.747631514863304e-05, "repeat": 10, "number": 11}]}, "tracking.SingleAxis.time_singleaxis": {"result": [0.02135550626553595], "stats": [{"ci_99": [0.018918628804385662, 0.02274254709482193], "q_25": 0.020625186036340892, "q_75": 0.022219248465262353, "min": 0.018918628804385662, "max": 0.02274254709482193, "mean": 0.02119111646898091, "std": 0.0012274488598637329, "repeat": 10, "number": 1}]}, "tracking.SingleAxis.time_tracker_singleaxis": {"result": [0.021586976712569594], "stats": [{"ci_99": [0.019204676151275635, 0.024146194104105234], "q_25": 0.020097702741622925, "q_75": 0.022676134016364813, "min": 0.019204676151275635, "max": 0.024146194104105234, "mean": 0.021481518866494298, "std": 0.0015753844232907098, "repeat": 10, "number": 1}]}}, "params": {"arch": "x86_64", "cpu": "Intel Xeon Processor (Skylake, IBRS)",