{"results": {"irradiance.TimeSuite.time_aoi": {"result": [0.0022925321478396653], "stats": [{"ci_99": [0.0022204907611012457, 0.002369536738842726], "q_25": 0.002243751822970808, "q_75": 0.002346391649916768, "min": 0.0022204907611012457, "max": 0.002369536738842726, "mean": 0.002294940799474716, "std": 5.7705854108327586e-05, "repeat": 10, "number": 5}]}, "irradiance.TimeSuite.time_aoi_projection": {"result": [0.002247502561658621], "stats": [{"ci_99": [0.0021995879709720612, 0.002329298574477434], "q_25": 0.002243554499000311, "q_75": 0.002256382652558386, "min": 0.0021995879709720612, "max": 0.002329298574477434, "mean": 0.002251469483599067, "std": 3.3937009157470765e-05, "repeat": 10, "number": 5}]}, "irradiance.TimeSuite.time_dirindex": {"result": [0.14713910268619657], "stats": [{"ci_99": [0.14578370610252023, 0.15139554580673575], "q_25": 0.14678513049148023, "q_75": 0.14783933036960661, "min": 0.14578370610252023, "max": 0.15139554580673575, "mean": 0.14774605664424598, "std": 0.001727349776262245, "repeat": 10, "number": 1}]}, "irradiance.TimeSuite.time_dirint": {"result": [0.07280097482725978], "stats": [{"ci_99": [0.07139446213841438, 0.07405446283519268], "q_25": 0.07179525727406144, "q_75": 0.07300313690211624, "min": 0.07139446213841438, "max": 0.07405446283519268, "mean": 0.0725691735278815, "std": 0.0008613659405753108, "repeat": 10, "number": 1}]}, "irradiance.TimeSuite.time_disc": {"result": [0.019890965661033988], "stats": [{"ci_99": [0.01944412011653185, 0.020892102271318436], "q_25": 0.019701784010976553, "q_75": 0.01997223135549575, "min": 0.01944412011653185, "max": 0.020892102271318436, "mean": 0.01990687777288258, "std": 0.0003716439809005035, "repeat": 10, "number": 1}]}, "irradiance.TimeSuite.time_erbs": {"result": [0.013646821957081556], "stats": [{"ci_99": [0.012516288086771965, 0.013817513827234507], "q_25": 0.013518661260604858, "q_75": 0.013705133693292737, "min": 0.012516288086771965, "max": 0.013817513827234507, "mean": 0.01344834892079234, "std": 0.00045004319194177455, "repeat": 10, "number": 1}]}, "irradiance.TimeSuite.time_get_extra_radiation": {"result": [0.0026457310304977], "stats": [{"ci_99": [0.00262883969116956, 0.00288720999378711], "q_25": 0.0026382220967207104, "q_75": 0.0026710476668085903, "min": 0.00262883969116956, "max": 0.00288720999378711, "mean": 0.0026735572726465763, "std": 7.317726656153011e-05, "repeat": 10, "number": 4}]}, "irradiance.TimeSuite.time_get_ground_diffuse": {"result": [0.000554874527733773], "stats": [{"ci_99": [0.0005175409838557244, 0.0005662860348820686], "q_25": 0.0005494237353559583, "q_75": 0.0005588232714217156, "min": 0.0005175409838557244, "max": 0.0005662860348820686, "mean": 0.0005524020292796194, "std": 1.3086875510151622e-05, "repeat": 10, "number": 20}]}, "irradiance.TimeSuite.time_get_total_irradiance": {"result": [0.005329128704033792], "stats": [{"ci_99": [0.005181413376703858, 0.005530538037419319], "q_25": 0.005207155481912196, "q_75": 0.005428827309515327, "min": 0.005181413376703858, "max": 0.005530538037419319, "mean": 0.005324189527891576, "std": 0.00012242289026759748, "repeat": 10, "number": 2}]}, "location.TimeSuite.time_location_get_airmass": {"result": [0.001509160435359393], "stats": [{"ci_99": [0.0014848505545939719, 0.0015351738381598676], "q_25": 0.00150252938536661, "q_75": 0.001520572995234813, "min": 0.0014848505545939719, "max": 0.0015351738381598676, "mean": 0.0015097618834780794, "std": 1.5086343439715017e-05, "repeat": 10, "number": 7}]}, "location.TimeSuite.time_location_get_clearsky": {"result": [0.014043450122699142], "stats": [{"ci_99": [0.013720747083425522, 0.01421031728386879], "q_25": 0.013958900584839284, "q_75": 0.01417014840990305, "min": 0.013720747083425522, "max": 0.01421031728386879, "mean": 0.014035856164991856, "std": 0.00014800836024125348, "repeat": 10, "number": 1}]}, "location.TimeSuite.time_location_get_solarposition": {"result": [0.019227423006668687], "stats": [{"ci_99": [0.01914465380832553, 0.01937326416373253], "q_25": 0.019200648413971066, "q_75": 0.019321905449032784, "min": 0.01914465380832553, "max": 0.01937326416373253, "mean": 0.019252960244193672, "std": 7.782137754547955e-05, "repeat": 10, "number": 1}]}, "location.TimeSuite.time_location_get_sun_rise_set_transit_pyephem": {"result": [0.20327102718874812], "stats": [{"ci_99": [0.20256317406892776, 0.20489107491448522], "q_25": 0.20298055675812066, "q_75": 0.2035967131378129, "min": 0.20256317406892776, "max": 0.20489107491448522, "mean": 0.20334542165510355, "std": 0.0006405097649745737, "repeat": 10, "number": 1}]}, "location.TimeSuite.time_location_get_sun_rise_set_transit_spa": {"result": [0.04533117660321295], "stats": [{"ci_99": [0.04506072215735912, 0.04578917194157839], "q_25": 0.045250666909851134, "q_75": 0.04545311233960092, "min": 0.04506072215735912, "max": 0.04578917194157839, "mean": 0.04536071438342333, "std": 0.00018673694165388527, "repeat": 10, "number": 1}]}, "solarposition.TimeSuite.time_ephemeris": {"result": [0.025509784929454327], "stats": [{"ci_99": [0.02519196318462491, 0.027557692024856806], "q_25": 0.025364153319969773, "q_75": 0.025992271956056356, "min": 0.02519196318462491, "max": 0.027557692024856806, "mean": 0.025824929727241396, "std": 0.0007163542781535748, "repeat": 10, "number": 1}]}, "solarposition.TimeSuite.time_ephemeris_localized": {"result": [0.026050232350826263], "stats": [{"ci_99": [0.025778867304325104, 0.026710500940680504], "q_25": 0.025986953754909337, "q_75": 0.026259019155986607, "min": 0.025778867304325104, "max": 0.026710500940680504, "mean": 0.026154377358034255, "std": 0.0003067096870217326, "repeat": 10, "number": 1}]}, "solarposition.TimeSuite.time_nrel_earthsun_distance": {"result": [0.024722403846681118], "stats": [{"ci_99": [0.024562005884945393, 0.025054633617401123], "q_25": 0.02459121390711516, "q_75": 0.024975803680717945, "min": 0.024562005884945393, "max": 0.025054633617401123, "mean": 0.024783521564677356, "std": 0.00019553482640932314, "repeat": 10, "number": 1}]}, "solarposition.TimeSuite.time_spa_python": {"result": [0.030585817527025938], "stats": [{"ci_99": [0.029994339682161808, 0.03092827508226037], "q_25": 0.030420475522987545, "q_75": 0.03071967465803027, "min": 0.029994339682161808, "max": 0.03092827508226037, "mean": 0.03052972168661654, "std": 0.00029038647963963336, "repeat": 10, "number": 1}]}, "solarposition.TimeSuite.time_sun_rise_set_transit_spa": {"result": [0.05326790502294898], "stats": [{"ci_99": [0.05280685005709529, 0.05380750121548772], "q_25": 0.05295377061702311, "q_75": 0.05358711048029363, "min": 0.05280685005709529, "max": 0.05380750121548772, "mean": 0.05327846957370639, "std": 0.00035658985786851986, "repeat": 10, "number": 1}]}, "tracking.TimeSuite.time_singleaxis": {"result": [0.007011078065261245], "stats": [{"ci_99": [0.006781643955036998, 0.007217026548460126], "q_25": 0.006884652248118073, "q_75": 0.007106683333404362, "min": 0.006781643955036998, "max": 0.007217026548460126, "mean": 0.006998952687717974, "std": 0.00013489670183465245, "repeat": 10, "number": 2}]}, "tracking.TimeSuite.time_tracker_singleaxis": {"result": [0.007141968817450106], "stats": [{"ci_99": [0.006883067078888416, 0.007487002527341247], "q_25": 0.007005194027442485, "q_75": 0.007262929168064147, "min": 0.006883067078888416, "max": 0.007487002527341247, "mean": 0.007140926504507661, "std": 0.0001824494069664842, "repeat": 10, "number": 2}]}}, "params": {"arch": "x86_64", "cpu": "Intel Xeon Processor (Skylake, IBRS)", "machine": "pvlib-asv.forecasting.energy.arizona.edu", "num_cpu": "4", "os": "Linux 5.7.8-200.fc32.x86_64", "ram": "8145244", "python": "3.7", "ephem": "3.7.6.0", "numpy": "1.18.5", "pandas": "1.1.0", "pytables": "3.6.1", "scipy": "1.2.0"}, "requirements": {"ephem": "3.7.6.0", "numpy": "1.18.5", "pandas": "1.1.0", "pytables": "3.6.1", "scipy": "1.2.0"}, "commit_hash": "f75a3a49e18dc06ad03aa2b6506cd155afa69b79", "date": 1571416637000,