{"results": {"irradiance.TimeSuite.time_aoi": {"result": [0.002239570673555136], "stats": [{"ci_99": [0.0021792463958263397, 0.0023652821779251098], "q_25": 0.0022324649849906563, "q_75": 0.0023166561499238015, "min": 0.0021792463958263397, "max": 0.0023652821779251098, "mean": 0.002265032110735774, "std": 5.978549883263802e-05, "repeat": 10, "number": 5}]}, "irradiance.TimeSuite.time_aoi_projection": {"result": [0.0022904849611222744], "stats": [{"ci_99": [0.0021860940381884576, 0.002369883190840483], "q_25": 0.0022344585740938783, "q_75": 0.0023563577793538574, "min": 0.0021860940381884576, "max": 0.002369883190840483, "mean": 0.0022868210449814796, "std": 6.995238164608561e-05, "repeat": 10, "number": 5}]}, "irradiance.TimeSuite.time_dirindex": {"result": [0.14765955368056893], "stats": [{"ci_99": [0.14563388610258698, 0.15027789492160082], "q_25": 0.146935596014373, "q_75": 0.1484873308800161, "min": 0.14563388610258698, "max": 0.15027789492160082, "mean": 0.14770587384700776, "std": 0.0013280643979698816, "repeat": 10, "number": 1}]}, "irradiance.TimeSuite.time_dirint": {"result": [0.07327850651927292], "stats": [{"ci_99": [0.07166689215227962, 0.08610503375530243], "q_25": 0.07253344834316522, "q_75": 0.07366633787751198, "min": 0.07166689215227962, "max": 0.08610503375530243, "mean": 0.07429811209440232, "std": 0.003993585255159743, "repeat": 10, "number": 1}]}, "irradiance.TimeSuite.time_disc": {"result": [0.01937442598864436], "stats": [{"ci_99": [0.019161374308168888, 0.01972037460654974], "q_25": 0.01933134556747973, "q_75": 0.019438922638073564, "min": 0.019161374308168888, "max": 0.01972037460654974, "mean": 0.019383988250046967, "std": 0.0001466226267429829, "repeat": 10, "number": 1}]}, "irradiance.TimeSuite.time_erbs": {"result": [0.012724813539534807], "stats": [{"ci_99": [0.012560120783746243, 0.013972749933600426], "q_25": 0.01261362771037966, "q_75": 0.012785114464350045, "min": 0.012560120783746243, "max": 0.013972749933600426, "mean": 0.012827638210728765, "std": 0.0003935762316003373, "repeat": 10, "number": 1}]}, "irradiance.TimeSuite.time_get_extra_radiation": null, "irradiance.TimeSuite.time_get_ground_diffuse": null, "irradiance.TimeSuite.time_get_total_irradiance": null, "location.TimeSuite.time_location_get_airmass": {"result": [0.005263493396341801], "stats": [{"ci_99": [0.005230482434853911, 0.005296248011291027], "q_25": 0.005253779934719205, "q_75": 0.005266440566629171, "min": 0.005230482434853911, "max": 0.005296248011291027, "mean": 0.005260739824734628, "std": 1.814116713964066e-05, "repeat": 10, "number": 2}]}, "location.TimeSuite.time_location_get_clearsky": {"result": [0.01776163768954575], "stats": [{"ci_99": [0.017630111891776323, 0.018319984897971153], "q_25": 0.017684652586467564, "q_75": 0.017821723595261574, "min": 0.017630111891776323, "max": 0.018319984897971153, "mean": 0.01781530478037894, "std": 0.00019577465123317124, "repeat": 10, "number": 1}]}, "location.TimeSuite.time_location_get_solarposition": {"result": [0.01926817069761455], "stats": [{"ci_99": [0.018961653113365173, 0.019380772951990366], "q_25": 0.01912306423764676, "q_75": 0.019302143598906696, "min": 0.018961653113365173, "max": 0.019380772951990366, "mean": 0.019209557119756936, "std": 0.0001295304968269272, "repeat": 10, "number": 1}]}, "solarposition.TimeSuite.time_ephemeris": {"result": [0.025477602845057845], "stats": [{"ci_99": [0.02456494001671672, 0.025884815026074648], "q_25": 0.025105153443291783, "q_75": 0.025700806989334524, "min": 0.02456494001671672, "max": 0.025884815026074648, "mean": 0.025385580398142336, "std": 0.0003920687915046952, "repeat": 10, "number": 1}]}, "solarposition.TimeSuite.time_ephemeris_localized": {"result": [0.25605568452738225], "stats": [{"ci_99": [0.23786102794110775, 0.2621971806511283], "q_25": 0.2536632246337831, "q_75": 0.2587378103053197, "min": 0.23786102794110775, "max": 0.2621971806511283, "mean": 0.25376494652591647, "std": 0.007486047137336242, "repeat": 10, "number": 1}]}, "solarposition.TimeSuite.time_nrel_earthsun_distance": {"result": [0.023165222955867648], "stats": [{"ci_99": [0.023030241020023823, 0.025023984257131815], "q_25": 0.023072503157891333, "q_75": 0.02336691180244088, "min": 0.023030241020023823, "max": 0.025023984257131815, "mean": 0.023412902327254414, "std": 0.0005851421563959023, "repeat": 10, "number": 1}]}, "solarposition.TimeSuite.time_spa_python": {"result": [0.030666564125567675], "stats": [{"ci_99": [0.030567401088774204, 0.03090597502887249], "q_25": 0.03065154841169715, "q_75": 0.030824430636130273, "min": 0.030567401088774204, "max": 0.03090597502887249, "mean": 0.03072081324644387, "std": 0.00011110916398776843, "repeat": 10, "number": 1}]}, "solarposition.TimeSuite.time_sun_rise_set_transit_spa": {"result": [0.05294626415707171], "stats": [{"ci_99": [0.05250863078981638, 0.053183124866336584], "q_25": 0.052610585815273225, "q_75": 0.05301628215238452, "min": 0.05250863078981638, "max": 0.053183124866336584, "mean": 0.05286493254825473, "std": 0.0002475193702850153, "repeat": 10, "number": 1}]}, "tracking.TimeSuite.time_singleaxis": {"result": [0.047358977841213346], "stats": [{"ci_99": [0.04601322580128908, 0.04963558726012707], "q_25": 0.04699603084009141, "q_75": 0.04825882730074227, "min": 0.04601322580128908, "max": 0.04963558726012707, "mean": 0.047661373391747475, "std": 0.0010784114238732102, "repeat": 10, "number": 1}]}, "tracking.TimeSuite.time_tracker_singleaxis": {"result": [0.048028032993897796], "stats": [{"ci_99": [0.04530076216906309, 0.05416683200746775], "q_25": 0.046789045445621014, "q_75": 0.04869772482197732, "min": 0.04530076216906309, "max": 0.05416683200746775, "mean": 0.04813336096704006, "std": 0.002322109144298951, "repeat": 10, "number": 1}]}}, "params": {"arch": "x86_64", "cpu": "Intel Xeon Processor (Skylake, IBRS)", "machine": "pvlib-asv.forecasting.energy.arizona.edu", "num_cpu": "4", "os": "Linux 5.7.8-200.fc32.x86_64", "ram": "8145244", "python": "3.7", "ephem": "3.7.6.0", "numpy": "1.18.5", "pandas": "1.1.0", "pytables": "3.6.1", "scipy": "1.2.0"}, "requirements": {"ephem": "3.7.6.0", "numpy": "1.18.5", "pandas": "1.1.0", "pytables": "3.6.1", "scipy": "1.2.0"}, "commit_hash": "f892664b255dc382b9e87f3340ff768ef31ba0ee", "date": 1523310281000, "env_name": "conda-py3.7-ephem3.7.6.0-numpy1.18.5-pandas1.1.0-pytables3.6.1-scipy1.2.0", "python": "3.7", "profiles": {}, "started_at": {"irradiance.TimeSuite.time_aoi": 1599362924112, "irradiance.TimeSuite.time_aoi_projection": 1599362926268, "irradiance.TimeSuite.time_dirindex": 1599362928374, "irradiance.TimeSuite.time_dirint": 1599362931231, "irradiance.TimeSuite.time_disc": 1599362933838, "irradiance.TimeSuite.time_erbs": 1599362936044, "irradiance.TimeSuite.time_get_extra_radiation": 1599362916517, "irradiance.TimeSuite.time_get_ground_diffuse": 1599362916920, "irradiance.TimeSuite.time_get_total_irradiance": 1599362917323, "location.TimeSuite.time_location_get_airmass": 1599362938200, "location.TimeSuite.time_location_get_clearsky": 1599362938553, "location.TimeSuite.time_location_get_solarposition": 1599362938956, "solarposition.TimeSuite.time_ephemeris": 1599362939360, "solarposition.TimeSuite.time_ephemeris_localized": 1599362939663, "solarposition.TimeSuite.time_nrel_earthsun_distance": 1599362941269, "solarposition.TimeSuite.time_spa_python": 1599362941572, "solarposition.TimeSuite.time_sun_rise_set_transit_spa": 1599362941875, "tracking.TimeSuite.time_singleaxis": 1599362942329, "tracking.TimeSuite.time_tracker_singleaxis": 1599362943483}, "ended_at": {"irradiance.TimeSuite.time_aoi": 1599362926268, "irradiance.TimeSuite.time_aoi_projection": 1599362928374, "irradiance.TimeSuite.time_dirindex": 1599362931231, "irradiance.TimeSuite.time_dirint": 1599362933837, "irradiance.TimeSuite.time_disc": 1599362936043, "irradiance.TimeSuite.time_erbs": 1599362938199, "irradiance.TimeSuite.time_get_extra_radiation": 1599362916920,