{"results": {"irradiance.Irradiance.time_aoi": {"result": [0.002346303639933467], "stats": [{"ci_99": [0.002278676629066467, 0.0024208806455135344], "q_25": 0.002305223047733307, "q_75": 0.0023698175558820368, "min": 0.002278676629066467, "max": 0.0024208806455135344, "mean": 0.0023436322435736656, "std": 4.518097347213513e-05, "repeat": 10, "number": 5}]}, "irradiance.Irradiance.time_aoi_projection": {"result": [0.0019905739929527043], "stats": [{"ci_99": [0.0019149002619087696, 0.0020838866010308267], "q_25": 0.0019439322873950004, "q_75": 0.0020029480103403332, "min": 0.0019149002619087696, "max": 0.0020838866010308267, "mean": 0.001990175927057862, "std": 5.429361893579891e-05, "repeat": 10, "number": 5}]}, "irradiance.Irradiance.time_dirindex": {"result": [0.1406217955518514], "stats": [{"ci_99": [0.1388333928771317, 0.14408579329028726], "q_25": 0.13946967525407672, "q_75": 0.14122085832059383, "min": 0.1388333928771317, "max": 0.14408579329028726, "mean": 0.14067101213149727, "std": 0.0015368198540960483, "repeat": 10, "number": 1}]}, "irradiance.Irradiance.time_dirint": {"result": [0.07054214901290834], "stats": [{"ci_99": [0.06884777592495084, 0.07216820027679205], "q_25": 0.0702999128261581, "q_75": 0.07083423202857375, "min": 0.06884777592495084, "max": 0.07216820027679205, "mean": 0.07056948449462652, "std": 0.0008644438599957758, "repeat": 10, "number": 1}]}, "irradiance.Irradiance.time_disc": {"result": [0.01966414717026055], "stats": [{"ci_99": [0.018560559023171663, 0.020892133936285973], "q_25": 0.01911599759478122, "q_75": 0.01986598630901426, "min": 0.018560559023171663, "max": 0.020892133936285973, "mean": 0.019569383654743432, "std": 0.000646571907783488, "repeat": 10, "number": 1}]}, "irradiance.Irradiance.time_erbs": {"result": [0.012386125046759844], "stats": [{"ci_99": [0.011896845884621143, 0.013671157881617546], "q_25": 0.012170755886472762, "q_75": 0.012677456601522863, "min": 0.011896845884621143, "max": 0.013671157881617546, "mean": 0.012512092618271709, "std": 0.0005082768346231769, "repeat": 10, "number": 1}]}, "irradiance.Irradiance.time_get_extra_radiation": null, "irradiance.Irradiance.time_get_ground_diffuse": null, "irradiance.Irradiance.time_get_total_irradiance": null, "location.Location.time_location_get_airmass": {"result": [0.005228674970567226], "stats": [{"ci_99": [0.004803936462849379, 0.00526991137303412], "q_25": 0.005195905105210841, "q_75": 0.005248912493698299, "min": 0.004803936462849379, "max": 0.00526991137303412, "mean": 0.005187043896876275, "std": 0.00013022672510597838, "repeat": 10, "number": 2}]}, "location.Location.time_location_get_clearsky": {"result": [0.01706862705759704], "stats": [{"ci_99": [0.01612358819693327, 0.018054523039609194], "q_25": 0.016881825169548392, "q_75": 0.017392383888363838, "min": 0.01612358819693327, "max": 0.018054523039609194, "mean": 0.01715286741964519, "std": 0.0005342725662833419, "repeat": 10, "number": 1}]}, "location.Location.time_location_get_solarposition": {"result": [0.017760727321729064], "stats": [{"ci_99": [0.017661454156041145, 0.01803801627829671], "q_25": 0.01772565976716578, "q_75": 0.0178707935847342, "min": 0.017661454156041145, "max": 0.01803801627829671, "mean": 0.017806525295600294, "std": 0.00011184349439151528, "repeat": 10, "number": 1}]}, "location.Location_0_6_1.time_location_get_sun_rise_set_transit_pyephem": NaN, "location.Location_0_6_1.time_location_get_sun_rise_set_transit_spa": NaN, "solarposition.SolarPosition.time_ephemeris": {"result": [0.02500041015446186], "stats": [{"ci_99": [0.024549377150833607, 0.025972330942749977], "q_25": 0.02481183537747711, "q_75": 0.025154312723316252, "min": 0.024549377150833607, "max": 0.025972330942749977, "mean": 0.02504659993574023, "std": 0.00036322612612950356, "repeat": 10, "number": 1}]}, "solarposition.SolarPosition.time_ephemeris_localized": {"result": [0.24623775016516447], "stats": [{"ci_99": [0.2431628149934113, 0.2562681590206921], "q_25": 0.24453719472512603, "q_75": 0.2507496407488361, "min": 0.2431628149934113, "max": 0.2562681590206921, "mean": 0.24787113363854588, "std": 0.004382496728481867, "repeat": 10, "number": 1}]}, "solarposition.SolarPosition.time_nrel_earthsun_distance": {"result": [0.02397286146879196], "stats": [{"ci_99": [0.023647295776754618, 0.02439218433573842], "q_25": 0.02386334363836795, "q_75": 0.024143777671270072, "min": 0.023647295776754618, "max": 0.02439218433573842, "mean": 0.02400128203444183, "std": 0.00022297635434979828, "repeat": 10, "number": 1}]}, "solarposition.SolarPosition.time_spa_python": {"result": [0.030359121970832348], "stats": [{"ci_99": [0.02980784699320793, 0.030580344144254923], "q_25": 0.03007423458620906, "q_75": 0.03047732950653881, "min": 0.02980784699320793, "max": 0.030580344144254923, "mean": 0.030271655553951858, "std": 0.00025362501496449573, "repeat": 10, "number": 1}]}, "solarposition.SolarPosition.time_sun_rise_set_transit_spa": {"result": [0.04939109110273421], "stats": [{"ci_99": [0.04912479920312762, 0.049872887786477804], "q_25": 0.04925183346495032, "q_75": 0.049555210513062775, "min": 0.04912479920312762, "max": 0.049872887786477804, "mean": 0.04942705673165619, "std": 0.00021788822781709075, "repeat": 10, "number": 1}]}, "temperature.Fuentes.time_fuentes": NaN, "temperature.SAPM.time_sapm_cell": {"result": [0.00223506442271173], "stats": [{"ci_99": [0.0021991760469973086, 0.0023261889815330505], "q_25": 0.002221254678443074, "q_75": 0.002257348410785198, "min": 0.0021991760469973086, "max": 0.0023261889815330505, "mean": 0.0022474029101431365, "std": 3.979282883238517e-05, "repeat": 10, "number": 5}]}, "tracking.SingleAxis.time_singleaxis": {"result": [0.032042956445366144], "stats": [{"ci_99": [0.029920725151896477, 0.0327084599994123], "q_25": 0.031391317839734256, "q_75": 0.03232250327710062, "min": 0.029920725151896477, "max": 0.0327084599994123, "mean": 0.03172233677469194, "std": 0.0008972203637564922, "repeat": 10, "number": 1}]}, "tracking.SingleAxis.time_tracker_singleaxis": {"result": [0.03178292326629162], "stats": [{"ci_99": [0.029961901251226664, 0.03352720011025667], "q_25": 0.030862988671287894, "q_75": 0.032606618013232946, "min": 0.029961901251226664, "max": 0.03352720011025667, "mean": 0.03175179236568511, "std": 0.0011482486051123688, "repeat": 10, "number": 1}]}}, "params": {"arch": "x86_64", "cpu": "Intel Xeon Processor (Skylake, IBRS)", "machine": "pvlib-asv.forecasting.energy.arizona.edu", "num_cpu": "4", "os": "Linux 5.7.8-200.fc32.x86_64", "ram": "8145244", "python": "3.8", "numpy": "", "pandas": "", "scipy": "", "pytables": "", "ephem": ""}, "requirements": {"numpy": "", "pandas": "", "scipy": "", "pytables": "", "ephem": ""}, "commit_hash": "f8bf8803ca7be53a1932ed90954781d30d881d76", "date": 1526002431000, "env_name": "conda-py3.8-ephem-numpy-pandas-pytables-scipy", "python": "3.8", "profiles": {}, "started_at": {"irradiance.Irradiance.time_aoi": 1599836723985, "irradiance.Irradiance.time_aoi_projection": 1599836726041, "irradiance.Irradiance.time_dirindex": 1599836728097, "irradiance.Irradiance.time_dirint": 1599836730854, "irradiance.Irradiance.time_disc": 1599836733261, "irradiance.Irradiance.time_erbs": 1599836735368, "irradiance.Irradiance.time_get_extra_radiation": 1599836716430, "irradiance.Irradiance.time_get_ground_diffuse": 1599836716833, "irradiance.Irradiance.time_get_total_irradiance": 1599836717237, "location.Location.time_location_get_airmass": 1599836737474, "location.Location.time_location_get_clearsky": 1599836737828, "location.Location.time_location_get_solarposition": 1599836738181, "location.Location_0_6_1.time_location_get_sun_rise_set_transit_pyephem": 1599836738534, "location.Location_0_6_1.time_location_get_sun_rise_set_transit_spa": 1599836738587, "solarposition.SolarPosition.time_ephemeris": 1599836738640, "solarposition.SolarPosition.time_ephemeris_localized": 1599836738893, "solarposition.SolarPosition.time_nrel_earthsun_distance": 1599836740448,