{"results": {"irradiance.Irradiance.time_aoi": {"result": [0.0021516873035579923], "stats": [{"ci_99": [0.002134908549487591, 0.002236004453152418], "q_25": 0.0021456185495480895, "q_75": 0.0021718087140470744, "min": 0.002134908549487591, "max": 0.002236004453152418, "mean": 0.002162615582346916, "std": 2.904766279255961e-05, "repeat": 10, "number": 5}]}, "irradiance.Irradiance.time_aoi_projection": {"result": [0.002234560903161764], "stats": [{"ci_99": [0.0021800022572278977, 0.0022773975506424904], "q_25": 0.0022144090849906205, "q_75": 0.002254490228369832, "min": 0.0021800022572278977, "max": 0.0022773975506424904, "mean": 0.0022321520932018753, "std": 2.7792991573025112e-05, "repeat": 10, "number": 5}]}, "irradiance.Irradiance.time_dirindex": {"result": [0.14327367884106934], "stats": [{"ci_99": [0.14145292527973652, 0.14592496026307344], "q_25": 0.1424149622907862, "q_75": 0.14442471915390342, "min": 0.14145292527973652, "max": 0.14592496026307344, "mean": 0.1434681084472686, "std": 0.0013399095980687029, "repeat": 10, "number": 1}]}, "irradiance.Irradiance.time_dirint": {"result": [0.07075504236854613], "stats": [{"ci_99": [0.06936322385445237, 0.0742332860827446], "q_25": 0.0699833583785221, "q_75": 0.07189881533849984, "min": 0.06936322385445237, "max": 0.0742332860827446, "mean": 0.0710705497302115, "std": 0.0014230674790753513, "repeat": 10, "number": 1}]}, "irradiance.Irradiance.time_disc": {"result": [0.019240846624597907], "stats": [{"ci_99": [0.017709700856357813, 0.019530306104570627], "q_25": 0.01874000218231231, "q_75": 0.019467373029328883, "min": 0.017709700856357813, "max": 0.019530306104570627, "mean": 0.018994504027068614, "std": 0.0005968262112717703, "repeat": 10, "number": 1}]}, "irradiance.Irradiance.time_erbs": {"result": [0.0127086928114295], "stats": [{"ci_99": [0.011764761060476303, 0.012909585144370794], "q_25": 0.012557487352751195, "q_75": 0.012844714568927884, "min": 0.011764761060476303, "max": 0.012909585144370794, "mean": 0.01258645411580801, "std": 0.00035916777845619634, "repeat": 10, "number": 1}]}, "irradiance.Irradiance.time_get_extra_radiation": null, "irradiance.Irradiance.time_get_ground_diffuse": null, "irradiance.Irradiance.time_get_total_irradiance": null, "location.Location.time_location_get_airmass": {"result": [0.005278754862956703], "stats": [{"ci_99": [0.005250755464658141, 0.0053110390435904264], "q_25": 0.0052677205530926585, "q_75": 0.005293054739013314, "min": 0.005250755464658141, "max": 0.0053110390435904264, "mean": 0.005279670655727387, "std": 1.7166299373592632e-05, "repeat": 10, "number": 2}]}, "location.Location.time_location_get_clearsky": {"result": [0.45063256355933845], "stats": [{"ci_99": [0.4471813668496907, 0.46610254514962435], "q_25": 0.44855979084968567, "q_75": 0.4642100918572396, "min": 0.4471813668496907, "max": 0.46610254514962435, "mean": 0.455372837651521, "std": 0.007881446322755713, "repeat": 10, "number": 1}]}, "location.Location.time_location_get_solarposition": {"result": [0.017847766866907477], "stats": [{"ci_99": [0.01762568298727274, 0.018161782063543797], "q_25": 0.01774484443012625, "q_75": 0.01789964165072888, "min": 0.01762568298727274, "max": 0.018161782063543797, "mean": 0.017858818406239152, "std": 0.00015633482066979362, "repeat": 10, "number": 1}]}, "location.Location_0_6_1.time_location_get_sun_rise_set_transit_pyephem": NaN, "location.Location_0_6_1.time_location_get_sun_rise_set_transit_spa": NaN, "solarposition.SolarPosition.time_ephemeris": null, "solarposition.SolarPosition.time_ephemeris_localized": null, "solarposition.SolarPosition.time_nrel_earthsun_distance": {"result": [0.02303411648608744], "stats": [{"ci_99": [0.022972767241299152, 0.023223818745464087], "q_25": 0.022982691996730864, "q_75": 0.023099852493032813, "min": 0.022972767241299152, "max": 0.023223818745464087, "mean": 0.02305568940937519, "std": 8.391931620371167e-05, "repeat": 10, "number": 1}]}, "solarposition.SolarPosition.time_spa_python": {"result": [0.02838351996615529], "stats": [{"ci_99": [0.028240627143532038, 0.028634284157305956], "q_25": 0.028279202058911324, "q_75": 0.028460302972234786, "min": 0.028240627143532038, "max": 0.028634284157305956, "mean": 0.02838606187142432, "std": 0.00011830539801954666, "repeat": 10, "number": 1}]}, "solarposition.SolarPosition.time_sun_rise_set_transit_spa": {"result": [0.04898122255690396], "stats": [{"ci_99": [0.048380106687545776, 0.0494731068611145], "q_25": 0.04879419202916324, "q_75": 0.049358006683178246, "min": 0.048380106687545776, "max": 0.0494731068611145, "mean": 0.04903593510389328, "std": 0.00034944957466208755, "repeat": 10, "number": 1}]}, "temperature.Fuentes.time_fuentes": NaN, "temperature.SAPM.time_sapm_cell": {"result": [0.0022375574335455894], "stats": [{"ci_99": [0.002017655409872532, 0.0022819368168711662], "q_25": 0.0020816709613427522, "q_75": 0.0022754078498110177, "min": 0.002017655409872532, "max": 0.0022819368168711662, "mean": 0.0021869252901524304, "std": 0.00010766468111216503, "repeat": 10, "number": 5}]}, "tracking.SingleAxis.time_singleaxis": {"result": [0.04526368388906121], "stats": [{"ci_99": [0.04315978707745671, 0.04868139699101448], "q_25": 0.04428159084636718, "q_75": 0.04720122751314193, "min": 0.04315978707745671, "max": 0.04868139699101448, "mean": 0.045643436582759024, "std": 0.0017352346793389336, "repeat": 10, "number": 1}]}, "tracking.SingleAxis.time_tracker_singleaxis": {"result": [0.044972433941438794], "stats": [{"ci_99": [0.0443689520470798, 0.04634480318054557], "q_25": 0.044552653562277555, "q_75": 0.04548044875264168, "min": 0.0443689520470798, "max": 0.04634480318054557, "mean": 0.04509550044313073, "std": 0.0006332264994035325, "repeat": 10, "number": 1}]}}, "params": {"arch": "x86_64", "cpu": "Intel Xeon Processor (Skylake, IBRS)", "machine": "pvlib-asv.forecasting.energy.arizona.edu", "num_cpu": "4", "os": "Linux 5.7.8-200.fc32.x86_64", "ram": "8145244", "python": "3.7", "ephem": "3.7.6.0", "numpy": "1.18.5", "pandas": "1.1.0", "pytables": "3.6.1", "scipy": "1.2.0"}, "requirements": {"ephem": "3.7.6.0", "numpy": "1.18.5", "pandas": "1.1.0", "pytables": "3.6.1", "scipy": "1.2.0"}, "commit_hash": "fabf920e6045573d7d1e8d21ac41a04392d1af0a", "date": 1481837273000, "env_name": "conda-py3.7-ephem3.7.6.0-numpy1.18.5-pandas1.1.0-pytables3.6.1-scipy1.2.0", "python": "3.7", "profiles": {}, "started_at": {"irradiance.Irradiance.time_aoi": 1599433979991, "irradiance.Irradiance.time_aoi_projection": 1599433984751, "irradiance.Irradiance.time_dirindex": 1599433989511, "irradiance.Irradiance.time_dirint": 1599433994972, "irradiance.Irradiance.time_disc": 1599434000082, "irradiance.Irradiance.time_erbs": 1599434004942, "irradiance.Irradiance.time_get_extra_radiation": 1599433970085, "irradiance.Irradiance.time_get_ground_diffuse": 1599433970939, "irradiance.Irradiance.time_get_total_irradiance": 1599433971793, "location.Location.time_location_get_airmass": 1599434009752, "location.Location.time_location_get_clearsky": 1599434010105, "location.Location.time_location_get_solarposition": 1599434013062, "location.Location_0_6_1.time_location_get_sun_rise_set_transit_pyephem": 1599434013415, "location.Location_0_6_1.time_location_get_sun_rise_set_transit_spa": 1599434013468, "solarposition.SolarPosition.time_ephemeris": 1599433976364, "solarposition.SolarPosition.time_ephemeris_localized": 1599433976466, "solarposition.SolarPosition.time_nrel_earthsun_distance": 1599434013520, "solarposition.SolarPosition.time_spa_python": 1599434013773, "solarposition.SolarPosition.time_sun_rise_set_transit_spa": 1599434014076, "temperature.Fuentes.time_fuentes": 1599434014479, "temperature.SAPM.time_sapm_cell": 1599434014532, "tracking.SingleAxis.time_singleaxis": 1599434014735, "tracking.SingleAxis.time_tracker_singleaxis": 1599434015840}, "ended_at": {"irradiance.Irradiance.time_aoi": 1599433984751, "irradiance.Irradiance.time_aoi_projection": 1599433989510,