{"results": {"irradiance.Irradiance.time_aoi": {"result": [0.0022953424602746965], "stats": [{"ci_99": [0.0022381619550287724, 0.002478165831416845], "q_25": 0.0022752479650080207, "q_75": 0.0023170082597061994, "min": 0.0022381619550287724, "max": 0.002478165831416845, "mean": 0.0023141391295939686, "std": 7.016852558722699e-05, "repeat": 10, "number": 5}]}, "irradiance.Irradiance.time_aoi_projection": {"result": [0.00197299278806895], "stats": [{"ci_99": [0.0019006091946115096, 0.0020702213514596224], "q_25": 0.001928771089296788, "q_75": 0.0020037621337299547, "min": 0.0019006091946115096, "max": 0.0020702213514596224, "mean": 0.0019756938951710863, "std": 5.4018051393778675e-05, "repeat": 10, "number": 6}]}, "irradiance.Irradiance.time_dirindex": {"result": [0.14419170608744025], "stats": [{"ci_99": [0.1393121019937098, 0.14672564901411533], "q_25": 0.1424682247452438, "q_75": 0.1454460620880127, "min": 0.1393121019937098, "max": 0.14672564901411533, "mean": 0.14377453932538628, "std": 0.0022513844160118833, "repeat": 10, "number": 1}]}, "irradiance.Irradiance.time_dirint": {"result": [0.07111507863737643], "stats": [{"ci_99": [0.06932728597894311, 0.07372596813365817], "q_25": 0.07047770940698683, "q_75": 0.07207376719452441, "min": 0.06932728597894311, "max": 0.07372596813365817, "mean": 0.07132799192331732, "std": 0.001247515115038598, "repeat": 10, "number": 1}]}, "irradiance.Irradiance.time_disc": {"result": [0.018899852642789483], "stats": [{"ci_99": [0.0183218433521688, 0.019785890821367502], "q_25": 0.018430415308102965, "q_75": 0.01903868978843093, "min": 0.0183218433521688, "max": 0.019785890821367502, "mean": 0.018849333142861725, "std": 0.0004520769327276827, "repeat": 10, "number": 1}]}, "irradiance.Irradiance.time_erbs": {"result": [0.01356215844862163], "stats": [{"ci_99": [0.012711707036942244, 0.014342952985316515], "q_25": 0.013286871719174087, "q_75": 0.013900877791456878, "min": 0.012711707036942244, "max": 0.014342952985316515, "mean": 0.013524209568277, "std": 0.0004961841412122838, "repeat": 10, "number": 1}]}, "irradiance.Irradiance.time_get_extra_radiation": {"result": [0.002648911497090012], "stats": [{"ci_99": [0.0025927663082256913, 0.002688182983547449], "q_25": 0.00263973226537928, "q_75": 0.002659482415765524, "min": 0.0025927663082256913, "max": 0.002688182983547449, "mean": 0.0026447198470123112, "std": 2.6442901296719148e-05, "repeat": 10, "number": 4}]}, "irradiance.Irradiance.time_get_ground_diffuse": {"result": [0.000566459002180232], "stats": [{"ci_99": [0.0005060670017782184, 0.000591374881979492], "q_25": 0.0005309779403938188, "q_75": 0.000577610800974071, "min": 0.0005060670017782184, "max": 0.000591374881979492, "mean": 0.0005569060772864355, "std": 2.8405230973731928e-05, "repeat": 10, "number": 18}]}, "irradiance.Irradiance.time_get_total_irradiance": {"result": [0.005268700770102441], "stats": [{"ci_99": [0.005168121540918946, 0.005460719577968121], "q_25": 0.005208913877140731, "q_75": 0.005443733592983335, "min": 0.005168121540918946, "max": 0.005460719577968121, "mean": 0.005313243484124541, "std": 0.00011566681102008949, "repeat": 10, "number": 2}]}, "location.Location.time_location_get_airmass": {"result": [0.0014314866857603192], "stats": [{"ci_99": [0.0014132942305877805, 0.0014522799756377935], "q_25": 0.001421879860572517, "q_75": 0.0014404404792003334, "min": 0.0014132942305877805, "max": 0.0014522799756377935, "mean": 0.0014320949965622276, "std": 1.1827037041935896e-05, "repeat": 10, "number": 8}]}, "location.Location.time_location_get_clearsky": {"result": [0.0126907869707793], "stats": [{"ci_99": [0.012596094980835915, 0.012867034878581762], "q_25": 0.01264903275296092, "q_75": 0.012758496799506247, "min": 0.012596094980835915, "max": 0.012867034878581762, "mean": 0.0127068015281111, "std": 8.3300510432807e-05, "repeat": 10, "number": 1}]}, "location.Location.time_location_get_solarposition": {"result": [0.018864010460674763], "stats": [{"ci_99": [0.01874818280339241, 0.01905649807304144], "q_25": 0.018845170037820935, "q_75": 0.018883406650274992, "min": 0.01874818280339241, "max": 0.01905649807304144, "mean": 0.018871896713972092, "std": 7.725028970767845e-05, "repeat": 10, "number": 1}]}, "location.Location_0_6_1.time_location_get_sun_rise_set_transit_pyephem": {"result": [0.19596854085102677], "stats": [{"ci_99": [0.19539476418867707, 0.19768731109797955], "q_25": 0.19588552287314087, "q_75": 0.1964487872319296, "min": 0.19539476418867707, "max": 0.19768731109797955, "mean": 0.19622027380391954, "std": 0.00064032432453433, "repeat": 10, "number": 1}]}, "location.Location_0_6_1.time_location_get_sun_rise_set_transit_spa": {"result": [0.04436584189534187], "stats": [{"ci_99": [0.044000512920320034, 0.04487731494009495], "q_25": 0.0441066415514797, "q_75": 0.04441660118754953, "min": 0.044000512920320034, "max": 0.04487731494009495, "mean": 0.04436203027144074, "std": 0.0002905071820957031, "repeat": 10, "number": 1}]}, "solarposition.SolarPosition.time_ephemeris": {"result": [0.02549395803362131], "stats": [{"ci_99": [0.024526406079530716, 0.026572186965495348], "q_25": 0.02538357418961823, "q_75": 0.0262456830823794, "min": 0.024526406079530716, "max": 0.026572186965495348, "mean": 0.025672794925048946, "std": 0.0006181966325134156, "repeat": 10, "number": 1}]}, "solarposition.SolarPosition.time_ephemeris_localized": {"result": [0.02544805919751525], "stats": [{"ci_99": [0.025144922081381083, 0.025779003743082285], "q_25": 0.025296403095126152, "q_75": 0.025619911146350205, "min": 0.025144922081381083, "max": 0.025779003743082285, "mean": 0.025461648125201464, "std": 0.00020738857870380368, "repeat": 10, "number": 1}]}, "solarposition.SolarPosition.time_nrel_earthsun_distance": {"result": [0.024144452763721347], "stats": [{"ci_99": [0.023629622999578714, 0.026689643040299416], "q_25": 0.024025751161389053, "q_75": 0.02431925293058157, "min": 0.023629622999578714, "max": 0.026689643040299416, "mean": 0.02436018898151815, "std": 0.0008045133022185713, "repeat": 10, "number": 1}]}, "solarposition.SolarPosition.time_spa_python": {"result": [0.030696476576849818], "stats": [{"ci_99": [0.030504150316119194, 0.030980435200035572], "q_25": 0.030587944434955716, "q_75": 0.03081203333567828, "min": 0.030504150316119194, "max": 0.030980435200035572, "mean": 0.03070130436681211, "std": 0.0001473235492317332, "repeat": 10, "number": 1}]}, "solarposition.SolarPosition.time_sun_rise_set_transit_spa": {"result": [0.0514397535007447], "stats": [{"ci_99": [0.051011156756430864, 0.051837517879903316], "q_25": 0.05134478083346039, "q_75": 0.051694634137675166, "min": 0.051011156756430864, "max": 0.051837517879903316, "mean": 0.05148323215544224, "std": 0.00024009811813013404, "repeat": 10, "number": 1}]}, "temperature.Fuentes.time_fuentes": NaN, "temperature.SAPM.time_sapm_cell": {"result": [0.001575192523887381], "stats": [{"ci_99": [0.0015606656088493764, 0.0015947133651934564], "q_25": 0.001569604326505214, "q_75": 0.001579039919306524, "min": 0.0015606656088493764, "max": 0.0015947133651934564, "mean": 0.0015750336518976838, "std": 8.675209001778648e-06, "repeat": 10, "number": 8}]}, "tracking.SingleAxis.time_singleaxis": {"result": [0.006502533215098083], "stats": [{"ci_99": [0.00630512204952538, 0.00694723054766655], "q_25": 0.006452776666264981, "q_75": 0.006653799442574382, "min": 0.00630512204952538, "max": 0.00694723054766655, "mean": 0.006557000288739801, "std": 0.00016873058422956131, "repeat": 10, "number": 2}]}, "tracking.SingleAxis.time_tracker_singleaxis": {"result": [0.006642560823820531], "stats": [{"ci_99": [0.006474505644291639, 0.006909687537699938], "q_25": 0.006589338998310268, "q_75": 0.006755291949957609, "min": 0.006474505644291639, "max": 0.006909687537699938, "mean": 0.006666261912323534, "std": 0.00013124158205051457, "repeat": 10, "number": 2}]}}, "params": {"arch": "x86_64", "cpu": "Intel Xeon Processor (Skylake, IBRS)",