{"results": {"irradiance.Irradiance.time_aoi": {"result": [0.002392350509762764], "stats": [{"ci_99": [0.002348575368523598, 0.002410645969212055], "q_25": 0.0023743745405226946, "q_75": 0.0023963701911270618, "min": 0.002348575368523598, "max": 0.002410645969212055, "mean": 0.002386007662862539, "std": 1.7704616972586737e-05, "repeat": 10, "number": 5}]}, "irradiance.Irradiance.time_aoi_projection": {"result": [0.0022194905672222377], "stats": [{"ci_99": [0.002155448216944933, 0.0023030142299830915], "q_25": 0.0021900920663028957, "q_75": 0.002272320399060845, "min": 0.002155448216944933, "max": 0.0023030142299830915, "mean": 0.0022285655606538056, "std": 5.0772031781965475e-05, "repeat": 10, "number": 5}]}, "irradiance.Irradiance.time_dirindex": {"result": [0.06607879721559584], "stats": [{"ci_99": [0.06521158013492823, 0.06706580333411694], "q_25": 0.06548606127034873, "q_75": 0.06622538343071938, "min": 0.06521158013492823, "max": 0.06706580333411694, "mean": 0.06595132076181472, "std": 0.0005415557829580749, "repeat": 10, "number": 1}]}, "irradiance.Irradiance.time_dirint": {"result": [0.03270972263999283], "stats": [{"ci_99": [0.032358516938984394, 0.033409775234758854], "q_25": 0.032456308137625456, "q_75": 0.03303601301740855, "min": 0.032358516938984394, "max": 0.033409775234758854, "mean": 0.032759026158601046, "std": 0.00034444583838030824, "repeat": 10, "number": 1}]}, "irradiance.Irradiance.time_disc": {"result": [0.012691884767264128], "stats": [{"ci_99": [0.012419354170560837, 0.01294813072308898], "q_25": 0.012640504282899201, "q_75": 0.012873640866018832, "min": 0.012419354170560837, "max": 0.01294813072308898, "mean": 0.012708676652982831, "std": 0.00017500607418054347, "repeat": 10, "number": 1}]}, "irradiance.Irradiance.time_erbs": {"result": [0.0069414591416716576], "stats": [{"ci_99": [0.006835724925622344, 0.0070763505063951015], "q_25": 0.006910172291100025, "q_75": 0.006983429368119687, "min": 0.006835724925622344, "max": 0.0070763505063951015, "mean": 0.006949812429957092, "std": 6.508646709163159e-05, "repeat": 10, "number": 2}]}, "irradiance.Irradiance.time_get_extra_radiation": null, "irradiance.Irradiance.time_get_ground_diffuse": null, "irradiance.Irradiance.time_get_total_irradiance": null, "location.Location.time_location_get_airmass": {"result": [0.0038912378561993437], "stats": [{"ci_99": [0.0038338170076409974, 0.004083184680591027], "q_25": 0.0038722653407603502, "q_75": 0.003910888219252229, "min": 0.0038338170076409974, "max": 0.004083184680591027, "mean": 0.0039045673018942273, "std": 6.482816293148998e-05, "repeat": 10, "number": 3}]}, "location.Location.time_location_get_clearsky": {"result": [0.4617335959337652], "stats": [{"ci_99": [0.4483268652111292, 0.4658484789542854], "q_25": 0.46096695645246655, "q_75": 0.46337117720395327, "min": 0.4483268652111292, "max": 0.4658484789542854, "mean": 0.46018317542038856, "std": 0.005478755187682542, "repeat": 10, "number": 1}]}, "location.Location.time_location_get_solarposition": {"result": [0.01499735121615231], "stats": [{"ci_99": [0.014943843241780996, 0.015227681025862694], "q_25": 0.014975614729337394, "q_75": 0.015092427842319012, "min": 0.014943843241780996, "max": 0.015227681025862694, "mean": 0.015039805881679058, "std": 9.589882628102413e-05, "repeat": 10, "number": 1}]}, "location.Location_0_6_1.time_location_get_sun_rise_set_transit_pyephem": NaN, "location.Location_0_6_1.time_location_get_sun_rise_set_transit_spa": NaN, "solarposition.SolarPosition.time_ephemeris": {"result": [0.01832831697538495], "stats": [{"ci_99": [0.018012864980846643, 0.018815362825989723], "q_25": 0.018218536744825542, "q_75": 0.0184831612277776, "min": 0.018012864980846643, "max": 0.018815362825989723, "mean": 0.018355009099468588, "std": 0.00021492462356469848, "repeat": 10, "number": 1}]}, "solarposition.SolarPosition.time_ephemeris_localized": {"result": [0.2123161037452519], "stats": [{"ci_99": [0.20842988789081573, 0.21776079991832376], "q_25": 0.21040294354315847, "q_75": 0.21427906677126884, "min": 0.20842988789081573, "max": 0.21776079991832376, "mean": 0.21257533733732997, "std": 0.0026634161676909935, "repeat": 10, "number": 1}]}, "solarposition.SolarPosition.time_nrel_earthsun_distance": {"result": [0.022906380705535412], "stats": [{"ci_99": [0.022824259009212255, 0.023135780822485685], "q_25": 0.022867209743708372, "q_75": 0.022950526676140726, "min": 0.022824259009212255, "max": 0.023135780822485685, "mean": 0.022925586253404618, "std": 8.496087009577332e-05, "repeat": 10, "number": 1}]}, "solarposition.SolarPosition.time_spa_python": {"result": [0.02607940905727446], "stats": [{"ci_99": [0.025796842761337757, 0.02736093709245324], "q_25": 0.025968522066250443, "q_75": 0.026361703989095986, "min": 0.025796842761337757, "max": 0.02736093709245324, "mean": 0.026254979195073247, "std": 0.00046327855799392317, "repeat": 10, "number": 1}]}, "solarposition.SolarPosition.time_sun_rise_set_transit_spa": {"result": [0.03847408760339022], "stats": [{"ci_99": [0.037523487117141485, 0.039036921225488186], "q_25": 0.038049943977966905, "q_75": 0.038517899345606565, "min": 0.037523487117141485, "max": 0.039036921225488186, "mean": 0.038308328855782746, "std": 0.0004108180435367251, "repeat": 10, "number": 1}]}, "temperature.Fuentes.time_fuentes": NaN, "temperature.SAPM.time_sapm_cell": {"result": [0.001681005781782525], "stats": [{"ci_99": [0.0016489126054303987, 0.0017193624350641454], "q_25": 0.0016766090744308063, "q_75": 0.0016892529924267105, "min": 0.0016489126054303987, "max": 0.0017193624350641454, "mean": 0.0016851121360169992, "std": 1.950401355897519e-05, "repeat": 10, "number": 7}]}, "tracking.SingleAxis.time_singleaxis": {"result": [0.02598727261647582], "stats": [{"ci_99": [0.02462489390745759, 0.027729271911084652], "q_25": 0.025322787696495652, "q_75": 0.02634033455979079, "min": 0.02462489390745759, "max": 0.027729271911084652, "mean": 0.025921549135819077, "std": 0.0008335736081166511, "repeat": 10, "number": 1}]}, "tracking.SingleAxis.time_tracker_singleaxis": {"result": [0.026377894449979067], "stats": [{"ci_99": [0.025056997779756784, 0.028297715354710817], "q_25": 0.025517133646644652, "q_75": 0.027437829063273966, "min": 0.025056997779756784, "max": 0.028297715354710817, "mean": 0.02647676272317767, "std": 0.0011435743272185854, "repeat": 10, "number": 1}]}}, "params": {"arch": "x86_64", "cpu": "Intel Xeon Processor (Skylake, IBRS)", "machine": "pvlib-asv.forecasting.energy.arizona.edu", "num_cpu": "4", "os": "Linux 5.7.8-200.fc32.x86_64", "ram": "8145244", "python": "3.6", "numpy": "1.12.0", "pandas": "0.22.0", "scipy": "1.2.0", "pytables": "3.6.1", "ephem": "3.7.6.0"}, "requirements": {"numpy": "1.12.0", "pandas": "0.22.0", "scipy": "1.2.0", "pytables": "3.6.1", "ephem": "3.7.6.0"}, "commit_hash": "fd24c714fc5fa83196667bf151dfa0ee91bd69f0", "date": 1507563475000, "env_name": "conda-py3.6-ephem3.7.6.0-numpy1.12.0-pandas0.22.0-pytables3.6.1-scipy1.2.0", "python": "3.6", "profiles": {}, "started_at": {"irradiance.Irradiance.time_aoi": 1599839324938, "irradiance.Irradiance.time_aoi_projection": 1599839329699, "irradiance.Irradiance.time_dirindex": 1599839334360, "irradiance.Irradiance.time_dirint": 1599839339370, "irradiance.Irradiance.time_disc": 1599839344194, "irradiance.Irradiance.time_erbs": 1599839348904, "irradiance.Irradiance.time_get_extra_radiation": 1599839313828, "irradiance.Irradiance.time_get_ground_diffuse": 1599839314682, "irradiance.Irradiance.time_get_total_irradiance": 1599839315535, "location.Location.time_location_get_airmass": 1599839353615, "location.Location.time_location_get_clearsky": 1599839353918, "location.Location.time_location_get_solarposition": 1599839356925, "location.Location_0_6_1.time_location_get_sun_rise_set_transit_pyephem": 1599839357228, "location.Location_0_6_1.time_location_get_sun_rise_set_transit_spa": 1599839357281, "solarposition.SolarPosition.time_ephemeris": 1599839357333,