{"results": {"irradiance.Irradiance.time_aoi": {"result": [0.0022165818139910694], "stats": [{"ci_99": [0.002167457994073629, 0.002255635242909193], "q_25": 0.0021958940662443636, "q_75": 0.00223391423933208, "min": 0.002167457994073629, "max": 0.002255635242909193, "mean": 0.0022151567135006186, "std": 2.513561338202528e-05, "repeat": 10, "number": 5}]}, "irradiance.Irradiance.time_aoi_projection": {"result": [0.0021898815874010326], "stats": [{"ci_99": [0.002143058367073536, 0.002221869584172964], "q_25": 0.002164727449417114, "q_75": 0.002209942671470344, "min": 0.002143058367073536, "max": 0.002221869584172964, "mean": 0.0021858997270464897, "std": 2.7043412735605687e-05, "repeat": 10, "number": 5}]}, "irradiance.Irradiance.time_dirindex": {"result": [0.14747397741302848], "stats": [{"ci_99": [0.14380458602681756, 0.1518468209542334], "q_25": 0.14500399015378207, "q_75": 0.14907336933538318, "min": 0.14380458602681756, "max": 0.1518468209542334, "mean": 0.1473031456116587, "std": 0.0025926940018261386, "repeat": 10, "number": 1}]}, "irradiance.Irradiance.time_dirint": {"result": [0.0712382725905627], "stats": [{"ci_99": [0.070752686355263, 0.07433412782847881], "q_25": 0.07089107332285494, "q_75": 0.07183818344492465, "min": 0.070752686355263, "max": 0.07433412782847881, "mean": 0.07178799789398908, "std": 0.0012599119800659007, "repeat": 10, "number": 1}]}, "irradiance.Irradiance.time_disc": {"result": [0.018745290581136942], "stats": [{"ci_99": [0.017924410291016102, 0.01931561389937997], "q_25": 0.018127516726963222, "q_75": 0.01928633777424693, "min": 0.017924410291016102, "max": 0.01931561389937997, "mean": 0.01869204342365265, "std": 0.0006060846471510269, "repeat": 10, "number": 1}]}, "irradiance.Irradiance.time_erbs": {"result": [0.012747649569064379], "stats": [{"ci_99": [0.011834584176540375, 0.012945456895977259], "q_25": 0.012669190531596541, "q_75": 0.012848651735112071, "min": 0.011834584176540375, "max": 0.012945456895977259, "mean": 0.012614793656393886, "std": 0.0003664000310941335, "repeat": 10, "number": 1}]}, "irradiance.Irradiance.time_get_extra_radiation": null, "irradiance.Irradiance.time_get_ground_diffuse": null, "irradiance.Irradiance.time_get_total_irradiance": null, "location.Location.time_location_get_airmass": {"result": [0.005465290974825621], "stats": [{"ci_99": [0.005435775965452194, 0.0055025070905685425], "q_25": 0.005456879094708711, "q_75": 0.005484732275363058, "min": 0.005435775965452194, "max": 0.0055025070905685425, "mean": 0.005467677279375494, "std": 2.044882716897919e-05, "repeat": 10, "number": 2}]}, "location.Location.time_location_get_clearsky": {"result": [0.4517003714572638], "stats": [{"ci_99": [0.4444733280688524, 0.4668476842343807], "q_25": 0.447245966992341, "q_75": 0.45317838445771486, "min": 0.4444733280688524, "max": 0.4668476842343807, "mean": 0.4527606226038188, "std": 0.007394077271770811, "repeat": 10, "number": 1}]}, "location.Location.time_location_get_solarposition": {"result": [0.019143256125971675], "stats": [{"ci_99": [0.019035862293094397, 0.019380275160074234], "q_25": 0.019128846237435937, "q_75": 0.019299438456073403, "min": 0.019035862293094397, "max": 0.019380275160074234, "mean": 0.01919785817153752, "std": 0.00010670849262867579, "repeat": 10, "number": 1}]}, "location.Location_0_6_1.time_location_get_sun_rise_set_transit_pyephem": NaN, "location.Location_0_6_1.time_location_get_sun_rise_set_transit_spa": NaN, "solarposition.SolarPosition.time_ephemeris": {"result": [0.02504676440730691], "stats": [{"ci_99": [0.023934039287269115, 0.02516850782558322], "q_25": 0.02437048638239503, "q_75": 0.02510212897323072, "min": 0.023934039287269115, "max": 0.02516850782558322, "mean": 0.02476800917647779, "std": 0.00043405099389701905, "repeat": 10, "number": 1}]}, "solarposition.SolarPosition.time_ephemeris_localized": {"result": [0.24539289041422307], "stats": [{"ci_99": [0.23793502990156412, 0.2522156937047839], "q_25": 0.2403082598466426, "q_75": 0.25051435362547636, "min": 0.23793502990156412, "max": 0.2522156937047839, "mean": 0.24538224688731133, "std": 0.005422083867470862, "repeat": 10, "number": 1}]}, "solarposition.SolarPosition.time_nrel_earthsun_distance": {"result": [0.023070479277521372], "stats": [{"ci_99": [0.022977002896368504, 0.023288325872272253], "q_25": 0.022996588610112667, "q_75": 0.023112731869332492, "min": 0.022977002896368504, "max": 0.023288325872272253, "mean": 0.02308395984582603, "std": 0.00010000961314270226, "repeat": 10, "number": 1}]}, "solarposition.SolarPosition.time_spa_python": {"result": [0.02872277470305562], "stats": [{"ci_99": [0.02828573202714324, 0.030106359627097845], "q_25": 0.028519470593892038, "q_75": 0.02919849823229015, "min": 0.02828573202714324, "max": 0.030106359627097845, "mean": 0.028892244771122934, "std": 0.0005426840826550767, "repeat": 10, "number": 1}]}, "solarposition.SolarPosition.time_sun_rise_set_transit_spa": {"result": [0.04938384867273271], "stats": [{"ci_99": [0.049112868029624224, 0.04982740804553032], "q_25": 0.04925766191445291, "q_75": 0.04965237225405872, "min": 0.049112868029624224, "max": 0.04982740804553032, "mean": 0.04943280112929642, "std": 0.00024181906358888738, "repeat": 10, "number": 1}]}, "temperature.Fuentes.time_fuentes": NaN, "tracking.SingleAxis.time_singleaxis": {"result": [0.04614958306774497], "stats": [{"ci_99": [0.04460184834897518, 0.04764540074393153], "q_25": 0.04517539183143526, "q_75": 0.04694015008863062, "min": 0.04460184834897518, "max": 0.04764540074393153, "mean": 0.04615211393684149, "std": 0.0010459789110899129, "repeat": 10, "number": 1}]}, "tracking.SingleAxis.time_tracker_singleaxis": {"result": [0.04560413560830057], "stats": [{"ci_99": [0.04388819495216012, 0.04870980093255639], "q_25": 0.04492938064504415, "q_75": 0.04621684621088207, "min": 0.04388819495216012, "max": 0.04870980093255639, "mean": 0.04568354757502675, "std": 0.0013157772435834813, "repeat": 10, "number": 1}]}, "temperature.SAPM.time_sapm_cell": {"result": [0.0022577864583581686], "stats": [{"ci_99": [0.002195908036082983, 0.0023016554303467275], "q_25": 0.0022347846068441865, "q_75": 0.0022729924647137524, "min": 0.002195908036082983, "max": 0.0023016554303467275, "mean": 0.0022554552555084225, "std": 3.0253033331376436e-05, "repeat": 10, "number": 5}]}}, "params": {"arch": "x86_64", "cpu": "Intel Xeon Processor (Skylake, IBRS)", "machine": "pvlib-asv.forecasting.energy.arizona.edu", "num_cpu": "4", "os": "Linux 5.7.8-200.fc32.x86_64", "ram": "8145244", "python": "3.7", "ephem": "3.7.6.0", "numpy": "1.18.5", "pandas": "1.1.0", "pytables": "3.6.1", "scipy": "1.2.0"}, "requirements": {"ephem": "3.7.6.0", "numpy": "1.18.5", "pandas": "1.1.0", "pytables": "3.6.1", "scipy": "1.2.0"}, "commit_hash": "fd24c714fc5fa83196667bf151dfa0ee91bd69f0", "date": 1507563475000, "env_name": "conda-py3.7-ephem3.7.6.0-numpy1.18.5-pandas1.1.0-pytables3.6.1-scipy1.2.0", "python": "3.7", "profiles": {}, "started_at": {"irradiance.Irradiance.time_aoi": 1599430258293, "irradiance.Irradiance.time_aoi_projection": 1599430263002, "irradiance.Irradiance.time_dirindex": 1599430267711, "irradiance.Irradiance.time_dirint": 1599430273273, "irradiance.Irradiance.time_disc": 1599430278333, "irradiance.Irradiance.time_erbs": 1599430283093, "irradiance.Irradiance.time_get_extra_radiation": 1599430246631, "irradiance.Irradiance.time_get_ground_diffuse": 1599430247485, "irradiance.Irradiance.time_get_total_irradiance": 1599430248339, "location.Location.time_location_get_airmass": 1599430287803, "location.Location.time_location_get_clearsky": 1599430288156, "location.Location.time_location_get_solarposition": 1599430291114, "location.Location_0_6_1.time_location_get_sun_rise_set_transit_pyephem": 1599430291517, "location.Location_0_6_1.time_location_get_sun_rise_set_transit_spa": 1599430291570, "solarposition.SolarPosition.time_ephemeris": 1599430291622, "solarposition.SolarPosition.time_ephemeris_localized": 1599430291925,