{"results": {"irradiance.Irradiance.time_aoi": {"result": [0.0022835164796561], "stats": [{"ci_99": [0.0022265070118010046, 0.002447822317481041], "q_25": 0.002244632947258651, "q_75": 0.0022939914837479592, "min": 0.0022265070118010046, "max": 0.002447822317481041, "mean": 0.002288369731977582, "std": 6.171512200237698e-05, "repeat": 10, "number": 5}]}, "irradiance.Irradiance.time_aoi_projection": {"result": [0.002267074724659324], "stats": [{"ci_99": [0.002245006989687681, 0.00231562964618206], "q_25": 0.0022588066291064023, "q_75": 0.002277485723607242, "min": 0.002245006989687681, "max": 0.00231562964618206, "mean": 0.0022708451095968486, "std": 1.9421225311411434e-05, "repeat": 10, "number": 5}]}, "irradiance.Irradiance.time_dirindex": {"result": [0.14648204040713608], "stats": [{"ci_99": [0.14205985376611352, 0.1485279081389308], "q_25": 0.14425615267828107, "q_75": 0.14729788957629353, "min": 0.14205985376611352, "max": 0.1485279081389308, "mean": 0.145833194302395, "std": 0.0019881421976952864, "repeat": 10, "number": 1}]}, "irradiance.Irradiance.time_dirint": {"result": [0.0716309486888349], "stats": [{"ci_99": [0.06725936662405729, 0.07328093471005559], "q_25": 0.07020092196762562, "q_75": 0.07315471873153001, "min": 0.06725936662405729, "max": 0.07328093471005559, "mean": 0.07137802676297725, "std": 0.001933359314067261, "repeat": 10, "number": 1}]}, "irradiance.Irradiance.time_disc": {"result": [0.01839494565501809], "stats": [{"ci_99": [0.01782083185389638, 0.01975777419283986], "q_25": 0.018085951451212168, "q_75": 0.01971434080041945, "min": 0.01782083185389638, "max": 0.01975777419283986, "mean": 0.01877788407728076, "std": 0.0007951871029954192, "repeat": 10, "number": 1}]}, "irradiance.Irradiance.time_erbs": {"result": [0.012896442553028464], "stats": [{"ci_99": [0.012247140984982252, 0.013598418794572353], "q_25": 0.012356253224425018, "q_75": 0.013461316702887416, "min": 0.012247140984982252, "max": 0.013598418794572353, "mean": 0.012913650600239635, "std": 0.000575007045580297, "repeat": 10, "number": 1}]}, "irradiance.Irradiance.time_get_extra_radiation": {"result": [0.002618931233882904], "stats": [{"ci_99": [0.002592506934888661, 0.0029324134811758995], "q_25": 0.002612181182485074, "q_75": 0.0026392984727863222, "min": 0.002592506934888661, "max": 0.0029324134811758995, "mean": 0.0026530643342994155, "std": 9.576564836855816e-05, "repeat": 10, "number": 4}]}, "irradiance.Irradiance.time_get_ground_diffuse": {"result": [0.0005202823297374628], "stats": [{"ci_99": [0.0005041186867112464, 0.0005516395904123783], "q_25": 0.0005108772523023865, "q_75": 0.0005421455399217931, "min": 0.0005041186867112464, "max": 0.0005516395904123783, "mean": 0.0005252618448470126, "std": 1.6790019687404864e-05, "repeat": 10, "number": 22}]}, "irradiance.Irradiance.time_get_total_irradiance": {"result": [0.004986546700820327], "stats": [{"ci_99": [0.004892134418090184, 0.00538532172019283], "q_25": 0.0049464605981484056, "q_75": 0.005056874671330054, "min": 0.004892134418090184, "max": 0.00538532172019283, "mean": 0.005032463154445091, "std": 0.0001397917991607184, "repeat": 10, "number": 3}]}, "location.Location.time_location_get_airmass": {"result": [0.001475322459425245], "stats": [{"ci_99": [0.001469194223838193, 0.001514629993055548], "q_25": 0.0014720602027539697, "q_75": 0.0014790155858333623, "min": 0.001469194223838193, "max": 0.001514629993055548, "mean": 0.0014787413113351378, "std": 1.2459234687522929e-05, "repeat": 10, "number": 7}]}, "location.Location.time_location_get_clearsky": {"result": [0.013091621920466423], "stats": [{"ci_99": [0.012184519786387682, 0.013332895003259182], "q_25": 0.013049379689618945, "q_75": 0.013138086185790598, "min": 0.012184519786387682, "max": 0.013332895003259182, "mean": 0.013034864142537118, "std": 0.00029856616282558207, "repeat": 10, "number": 1}]}, "location.Location.time_location_get_solarposition": {"result": [0.017709336010739207], "stats": [{"ci_99": [0.017502655740827322, 0.018066681921482086], "q_25": 0.01767803670372814, "q_75": 0.017739518894813955, "min": 0.017502655740827322, "max": 0.018066681921482086, "mean": 0.017717673908919096, "std": 0.00013667485290455743, "repeat": 10, "number": 1}]}, "location.Location_0_6_1.time_location_get_sun_rise_set_transit_pyephem": {"result": [0.19674896099604666], "stats": [{"ci_99": [0.18002199614420533, 0.19801659788936377], "q_25": 0.1965271367225796, "q_75": 0.19736880622804165, "min": 0.18002199614420533, "max": 0.19801659788936377, "mean": 0.19373777476139367, "std": 0.006770482601090361, "repeat": 10, "number": 1}]}, "location.Location_0_6_1.time_location_get_sun_rise_set_transit_spa": {"result": [0.042528664926066995], "stats": [{"ci_99": [0.042199673131108284, 0.04327460890635848], "q_25": 0.04231127584353089, "q_75": 0.04278471821453422, "min": 0.042199673131108284, "max": 0.04327460890635848, "mean": 0.04260635673999787, "std": 0.0003455467688095605, "repeat": 10, "number": 1}]}, "solarposition.SolarPosition.time_ephemeris": {"result": [0.024987276876345277], "stats": [{"ci_99": [0.023702566046267748, 0.02541896002367139], "q_25": 0.024710489087738097, "q_75": 0.02520778006874025, "min": 0.023702566046267748, "max": 0.02541896002367139, "mean": 0.024873358150944113, "std": 0.0004670645864890168, "repeat": 10, "number": 1}]}, "solarposition.SolarPosition.time_ephemeris_localized": {"result": [0.024881915422156453], "stats": [{"ci_99": [0.023588038980960846, 0.02505682874470949], "q_25": 0.02459853980690241, "q_75": 0.024962115101516247, "min": 0.023588038980960846, "max": 0.02505682874470949, "mean": 0.024682366847991945, "std": 0.00045100993450528846, "repeat": 10, "number": 1}]}, "solarposition.SolarPosition.time_nrel_earthsun_distance": {"result": [0.022967267548665404], "stats": [{"ci_99": [0.02249453729018569, 0.02344408491626382], "q_25": 0.022934893844649196, "q_75": 0.023062479798682034, "min": 0.02249453729018569, "max": 0.02344408491626382, "mean": 0.02294091796502471, "std": 0.0002640713540196342, "repeat": 10, "number": 1}]}, "solarposition.SolarPosition.time_spa_python": {"result": [0.028195817722007632], "stats": [{"ci_99": [0.028126582968980074, 0.02853658003732562], "q_25": 0.028143491479568183, "q_75": 0.0282674323534593, "min": 0.028126582968980074, "max": 0.02853658003732562, "mean": 0.02822966924868524, "std": 0.000118938342507145, "repeat": 10, "number": 1}]}, "solarposition.SolarPosition.time_sun_rise_set_transit_spa": {"result": [0.04899352346546948], "stats": [{"ci_99": [0.048771044705063105, 0.049294039607048035], "q_25": 0.04884304536972195, "q_75": 0.04917141341138631, "min": 0.048771044705063105, "max": 0.049294039607048035, "mean": 0.0490080046467483, "std": 0.00018908973521515138, "repeat": 10, "number": 1}]}, "temperature.Fuentes.time_fuentes": {"result": [NaN, null, null], "params": [["'a'", "'b'", "'deltaT'"]]}, "temperature.SAPM.time_sapm_cell": {"result": [0.0016025235942964044, null, null], "stats": [{"ci_99": [0.0015828855601804598, 0.0016253475498940264], "q_25": 0.0015977125481835433, "q_75": 0.0016076728435499327, "min": 0.0015828855601804598, "max": 0.0016253475498940264, "mean": 0.001603013283706137, "std": 1.1787486179212228e-05, "repeat": 10, "number": 7}, null, null], "params": [["'a'", "'b'", "'deltaT'"]]}, "tracking.SingleAxis.time_singleaxis": {"result": [0.006291675614193082], "stats": [{"ci_99": [0.00621904619038105, 0.00663856859318912], "q_25": 0.006264297291636467, "q_75": 0.006425782630685717, "min": 0.00621904619038105, "max": 0.00663856859318912, "mean": 0.006359055382199585, "std": 0.0001407451678291267, "repeat": 10, "number": 2}]}, "tracking.SingleAxis.time_tracker_singleaxis": {"result": [0.006360955769196153], "stats": [{"ci_99": [0.0061251260340213776, 0.006542170187458396], "q_25": 0.006248051940929145, "q_75": 0.006442435667850077, "min": 0.0061251260340213776, "max": 0.006542170187458396, "mean": 0.006350596272386611, "std": 0.00012721689387346611, "repeat": 10,