{"results": {"irradiance.Irradiance.time_aoi": {"result": [0.002326578088104725], "stats": [{"ci_99": [0.0022619356401264667, 0.0024396544322371483], "q_25": 0.002291537495329976, "q_75": 0.0023808655794709923, "min": 0.0022619356401264667, "max": 0.0024396544322371483, "mean": 0.002340158503502607, "std": 6.031460391778082e-05, "repeat": 10, "number": 5}]}, "irradiance.Irradiance.time_aoi_projection": {"result": [0.001958683443566163], "stats": [{"ci_99": [0.001939142510915796, 0.0020643898751586676], "q_25": 0.0019560621003620327, "q_75": 0.0020473854577479265, "min": 0.001939142510915796, "max": 0.0020643898751586676, "mean": 0.001993912210067113, "std": 4.9543277425951837e-05, "repeat": 10, "number": 6}]}, "irradiance.Irradiance.time_dirindex": {"result": [0.14127990906126797], "stats": [{"ci_99": [0.13816419756039977, 0.1443041479215026], "q_25": 0.13943350163754076, "q_75": 0.14239067491143942, "min": 0.13816419756039977, "max": 0.1443041479215026, "mean": 0.14112623482942582, "std": 0.0018969108128046696, "repeat": 10, "number": 1}]}, "irradiance.Irradiance.time_dirint": {"result": [0.07012490159831941], "stats": [{"ci_99": [0.0692192860879004, 0.07330355793237686], "q_25": 0.06982270255684853, "q_75": 0.0710477801039815, "min": 0.0692192860879004, "max": 0.07330355793237686, "mean": 0.07066533979959785, "std": 0.0013269724553822478, "repeat": 10, "number": 1}]}, "irradiance.Irradiance.time_disc": {"result": [0.018824133556336164], "stats": [{"ci_99": [0.018324969802051783, 0.02059448417276144], "q_25": 0.018442725879140198, "q_75": 0.01893982116598636, "min": 0.018324969802051783, "max": 0.02059448417276144, "mean": 0.018978507025167346, "std": 0.0006965259804581731, "repeat": 10, "number": 1}]}, "irradiance.Irradiance.time_erbs": {"result": [0.012759797973558307], "stats": [{"ci_99": [0.012384855188429356, 0.01330382190644741], "q_25": 0.012506760307587683, "q_75": 0.01320081832818687, "min": 0.012384855188429356, "max": 0.01330382190644741, "mean": 0.012835991289466619, "std": 0.00034291276175973565, "repeat": 10, "number": 1}]}, "irradiance.Irradiance.time_get_extra_radiation": {"result": [0.0026915393536910415], "stats": [{"ci_99": [0.002635767450556159, 0.002731124171987176], "q_25": 0.0026653464883565903, "q_75": 0.002709771739318967, "min": 0.002635767450556159, "max": 0.002731124171987176, "mean": 0.002687215828336775, "std": 3.1202457932832256e-05, "repeat": 10, "number": 4}]}, "irradiance.Irradiance.time_get_ground_diffuse": {"result": [0.0005726614811768134], "stats": [{"ci_99": [0.0005229028821405438, 0.0006255252390272088], "q_25": 0.0005551168190625807, "q_75": 0.0005950474296696484, "min": 0.0005229028821405438, "max": 0.0006255252390272088, "mean": 0.0005738091525725193, "std": 2.9421940704870718e-05, "repeat": 10, "number": 18}]}, "irradiance.Irradiance.time_get_total_irradiance": {"result": [0.005362838041037321], "stats": [{"ci_99": [0.005206400994211435, 0.005465981550514698], "q_25": 0.005316517723258585, "q_75": 0.005439826985821128, "min": 0.005206400994211435, "max": 0.005465981550514698, "mean": 0.005365475360304117, "std": 8.072655222138278e-05, "repeat": 10, "number": 2}]}, "location.Location.time_location_get_airmass": {"result": [0.0014822000770696572], "stats": [{"ci_99": [0.0014205344154366425, 0.001579481443124158], "q_25": 0.0014308052736201455, "q_75": 0.0015459621458181313, "min": 0.0014205344154366425, "max": 0.001579481443124158, "mean": 0.0014909649533884864, "std": 6.472824778671741e-05, "repeat": 10, "number": 7}]}, "location.Location.time_location_get_clearsky": {"result": [0.01334912795573473], "stats": [{"ci_99": [0.01266934722661972, 0.014440758619457483], "q_25": 0.012728306697681546, "q_75": 0.014118286198936403, "min": 0.01266934722661972, "max": 0.014440758619457483, "mean": 0.013439769577234983, "std": 0.0007200118156844327, "repeat": 10, "number": 1}]}, "location.Location.time_location_get_solarposition": {"result": [0.01850621006451547], "stats": [{"ci_99": [0.017525463830679655, 0.019362797960639], "q_25": 0.01779982156585902, "q_75": 0.019111346220597625, "min": 0.017525463830679655, "max": 0.019362797960639, "mean": 0.018481215974316, "std": 0.0007321329422210861, "repeat": 10, "number": 1}]}, "location.Location_0_6_1.time_location_get_sun_rise_set_transit_pyephem": {"result": [0.19085809565149248], "stats": [{"ci_99": [0.17745758406817913, 0.19543147087097168], "q_25": 0.1781150121241808, "q_75": 0.19435583672020584, "min": 0.17745758406817913, "max": 0.19543147087097168, "mean": 0.18723647044971586, "std": 0.007878428574945848, "repeat": 10, "number": 1}]}, "location.Location_0_6_1.time_location_get_sun_rise_set_transit_spa": {"result": [0.04279425903223455], "stats": [{"ci_99": [0.042311144061386585, 0.04303690977394581], "q_25": 0.04258854407817125, "q_75": 0.04293628316372633, "min": 0.042311144061386585, "max": 0.04303690977394581, "mean": 0.04275848479010165, "std": 0.0002258467480146899, "repeat": 10, "number": 1}]}, "solarposition.SolarPosition.time_ephemeris": {"result": [0.02446273504756391], "stats": [{"ci_99": [0.023322394117712975, 0.02509121084585786], "q_25": 0.023406962980516255, "q_75": 0.024863348342478275, "min": 0.023322394117712975, "max": 0.02509121084585786, "mean": 0.02421789038926363, "std": 0.0007075708795294724, "repeat": 10, "number": 1}]}, "solarposition.SolarPosition.time_ephemeris_localized": {"result": [0.02473782910965383], "stats": [{"ci_99": [0.024432509671896696, 0.025285441428422928], "q_25": 0.024538670084439218, "q_75": 0.02480774000287056, "min": 0.024432509671896696, "max": 0.025285441428422928, "mean": 0.02474655592814088, "std": 0.000248382760890772, "repeat": 10, "number": 1}]}, "solarposition.SolarPosition.time_nrel_earthsun_distance": {"result": [0.023815186694264412], "stats": [{"ci_99": [0.023550367914140224, 0.02579054282978177], "q_25": 0.023746976745314896, "q_75": 0.023939709761179984, "min": 0.023550367914140224, "max": 0.02579054282978177, "mean": 0.0240040868986398, "std": 0.0006090245161045933, "repeat": 10, "number": 1}]}, "solarposition.SolarPosition.time_spa_python": {"result": [0.02840058784931898], "stats": [{"ci_99": [0.027953654993325472, 0.02861253311857581], "q_25": 0.028263840242289007, "q_75": 0.028472054400481284, "min": 0.027953654993325472, "max": 0.02861253311857581, "mean": 0.02834933940321207, "std": 0.00019217395977123966, "repeat": 10, "number": 1}]}, "solarposition.SolarPosition.time_sun_rise_set_transit_spa": {"result": [0.049160558730363846], "stats": [{"ci_99": [0.0490252529270947, 0.04942763689905405], "q_25": 0.049059547134675086, "q_75": 0.049271383439190686, "min": 0.0490252529270947, "max": 0.04942763689905405, "mean": 0.04917400134727359, "std": 0.00012839453249471132, "repeat": 10, "number": 1}]}, "temperature.Fuentes.time_fuentes": NaN, "temperature.SAPM.time_sapm_cell": {"result": [0.001610887868862067], "stats": [{"ci_99": [0.0015378090819077833, 0.0016344643996230193], "q_25": 0.0015917588191639099, "q_75": 0.0016152165564043183, "min": 0.0015378090819077833, "max": 0.0016344643996230193, "mean": 0.0016014467991356338, "std": 2.5057535440047302e-05, "repeat": 10, "number": 7}]}, "tracking.SingleAxis.time_singleaxis": {"result": [0.006408157758414745], "stats": [{"ci_99": [0.006217804038897157, 0.006671132519841194], "q_25": 0.006253701343666762, "q_75": 0.006432262307498604, "min": 0.006217804038897157, "max": 0.006671132519841194, "mean": 0.006377031281590462, "std": 0.00013540144292431092, "repeat": 10, "number": 2}]}, "tracking.SingleAxis.time_tracker_singleaxis": {"result": [0.006409564986824989], "stats": [{"ci_99": [0.006237443536520004, 0.006823754170909524], "q_25": 0.006260616588406265, "q_75": 0.006584568123798817, "min": 0.006237443536520004, "max": 0.006823754170909524, "mean": 0.006449599331244826, "std": 0.00019614508419756968, "repeat": 10, "number": 2}]}}, "params": {"arch": "x86_64", "cpu": "Intel Xeon Processor (Skylake, IBRS)",