{"results": {"irradiance.Irradiance.time_aoi": {"result": [0.0021943485364317892], "stats": [{"ci_99": [0.002184315212070942, 0.0022826967760920525], "q_25": 0.002190287481062114, "q_75": 0.0022051257081329824, "min": 0.002184315212070942, "max": 0.0022826967760920525, "mean": 0.0022081126365810634, "std": 2.9536798416725495e-05, "repeat": 10, "number": 5}]}, "irradiance.Irradiance.time_aoi_projection": {"result": [0.0021870835684239865], "stats": [{"ci_99": [0.0021483774296939375, 0.002286155801266432], "q_25": 0.002164128632284701, "q_75": 0.00219344412907958, "min": 0.0021483774296939375, "max": 0.002286155801266432, "mean": 0.002188547579571604, "std": 3.636088977853566e-05, "repeat": 10, "number": 5}]}, "irradiance.Irradiance.time_dirindex": {"result": [0.14240829949267209], "stats": [{"ci_99": [0.14033038029447198, 0.14781170524656773], "q_25": 0.1411927171284333, "q_75": 0.1461977338185534, "min": 0.14033038029447198, "max": 0.14781170524656773, "mean": 0.14351874222047628, "std": 0.002735052684242269, "repeat": 10, "number": 1}]}, "irradiance.Irradiance.time_dirint": {"result": [0.07181811332702637], "stats": [{"ci_99": [0.06925105908885598, 0.07349972287192941], "q_25": 0.06990997167304158, "q_75": 0.07318542443681508, "min": 0.06925105908885598, "max": 0.07349972287192941, "mean": 0.07154850475490093, "std": 0.001648755736114117, "repeat": 10, "number": 1}]}, "irradiance.Irradiance.time_disc": {"result": [0.0185083185788244], "stats": [{"ci_99": [0.017616739962249994, 0.019207622855901718], "q_25": 0.017944874591194093, "q_75": 0.019022031920030713, "min": 0.017616739962249994, "max": 0.019207622855901718, "mean": 0.01847169236280024, "std": 0.0005728160656327703, "repeat": 10, "number": 1}]}, "irradiance.Irradiance.time_erbs": {"result": [0.01268239482305944], "stats": [{"ci_99": [0.011531167197972536, 0.012854099739342928], "q_25": 0.012570176622830331, "q_75": 0.012735636322759092, "min": 0.011531167197972536, "max": 0.012854099739342928, "mean": 0.012487729173153638, "std": 0.0004391342442802214, "repeat": 10, "number": 1}]}, "irradiance.Irradiance.time_get_extra_radiation": null, "irradiance.Irradiance.time_get_ground_diffuse": null, "irradiance.Irradiance.time_get_total_irradiance": null, "location.Location.time_location_get_airmass": {"result": [0.005254333955235779], "stats": [{"ci_99": [0.004814823856577277, 0.005362454103305936], "q_25": 0.005237215955276042, "q_75": 0.00527859159046784, "min": 0.004814823856577277, "max": 0.005362454103305936, "mean": 0.005223168781958521, "std": 0.0001409713413481082, "repeat": 10, "number": 2}]}, "location.Location.time_location_get_clearsky": {"result": [0.01742421113885939], "stats": [{"ci_99": [0.01602393388748169, 0.017847314942628145], "q_25": 0.017383342375978827, "q_75": 0.017634124378673732, "min": 0.01602393388748169, "max": 0.017847314942628145, "mean": 0.017380059976130725, "std": 0.00048147777087169044, "repeat": 10, "number": 1}]}, "location.Location.time_location_get_solarposition": {"result": [0.017945316154509783], "stats": [{"ci_99": [0.017891898285597563, 0.01800208678469062], "q_25": 0.01793139218352735, "q_75": 0.01796406728681177, "min": 0.017891898285597563, "max": 0.01800208678469062, "mean": 0.017944777244701983, "std": 3.1077909774413324e-05, "repeat": 10, "number": 1}]}, "location.Location_0_6_1.time_location_get_sun_rise_set_transit_pyephem": NaN, "location.Location_0_6_1.time_location_get_sun_rise_set_transit_spa": NaN, "solarposition.SolarPosition.time_ephemeris": {"result": [0.024475801503285766], "stats": [{"ci_99": [0.023483705706894398, 0.025379549711942673], "q_25": 0.023963309009559453, "q_75": 0.025114998687058687, "min": 0.023483705706894398, "max": 0.025379549711942673, "mean": 0.024487318517640234, "std": 0.0006728089252905714, "repeat": 10, "number": 1}]}, "solarposition.SolarPosition.time_ephemeris_localized": {"result": [0.24712699628435075], "stats": [{"ci_99": [0.2453768872655928, 0.24946413235738873], "q_25": 0.24666842818260193, "q_75": 0.24781927408184856, "min": 0.2453768872655928, "max": 0.24946413235738873, "mean": 0.2471963614691049, "std": 0.001171559681141561, "repeat": 10, "number": 1}]}, "solarposition.SolarPosition.time_nrel_earthsun_distance": {"result": [0.02316596359014511], "stats": [{"ci_99": [0.023032632190734148, 0.02336329920217395], "q_25": 0.023103071958757937, "q_75": 0.023273727856576443, "min": 0.023032632190734148, "max": 0.02336329920217395, "mean": 0.023183581279590727, "std": 0.0001029828481058547, "repeat": 10, "number": 1}]}, "solarposition.SolarPosition.time_spa_python": {"result": [0.02865930600091815], "stats": [{"ci_99": [0.02843559207394719, 0.0292379860766232], "q_25": 0.028551835217513144, "q_75": 0.028765997500158846, "min": 0.02843559207394719, "max": 0.0292379860766232, "mean": 0.028698945557698606, "std": 0.00021274811630923524, "repeat": 10, "number": 1}]}, "solarposition.SolarPosition.time_sun_rise_set_transit_spa": {"result": [0.050428581424057484], "stats": [{"ci_99": [0.049706390127539635, 0.05132493609562516], "q_25": 0.05011032894253731, "q_75": 0.050606816774234176, "min": 0.049706390127539635, "max": 0.05132493609562516, "mean": 0.05044815535657108, "std": 0.0004874576557792378, "repeat": 10, "number": 1}]}, "temperature.Fuentes.time_fuentes": NaN, "tracking.SingleAxis.time_singleaxis": {"result": [0.046703272266313434], "stats": [{"ci_99": [0.04460855899378657, 0.04844720475375652], "q_25": 0.04585995490197092, "q_75": 0.0474407005822286, "min": 0.04460855899378657, "max": 0.04844720475375652, "mean": 0.046563964383676645, "std": 0.001157524989130641, "repeat": 10, "number": 1}]}, "tracking.SingleAxis.time_tracker_singleaxis": {"result": [0.046184244100004435], "stats": [{"ci_99": [0.04391667107120156, 0.04901468101888895], "q_25": 0.04506929242052138, "q_75": 0.047196933068335056, "min": 0.04391667107120156, "max": 0.04901468101888895, "mean": 0.04624043800868094, "std": 0.001512319844232377, "repeat": 10, "number": 1}]}, "temperature.SAPM.time_sapm_cell": {"result": [0.0022100746165961025], "stats": [{"ci_99": [0.0021894996054470537, 0.0022597704082727432], "q_25": 0.0022013211622834206, "q_75": 0.0022337670437991616, "min": 0.0021894996054470537, "max": 0.0022597704082727432, "mean": 0.0022173956222832202, "std": 2.0852329157312764e-05, "repeat": 10, "number": 5}]}}, "params": {"arch": "x86_64", "cpu": "Intel Xeon Processor (Skylake, IBRS)", "machine": "pvlib-asv.forecasting.energy.arizona.edu", "num_cpu": "4", "os": "Linux 5.7.8-200.fc32.x86_64", "ram": "8145244", "python": "3.7", "ephem": "3.7.6.0", "numpy": "1.18.5", "pandas": "1.1.0", "pytables": "3.6.1", "scipy": "1.2.0"}, "requirements": {"ephem": "3.7.6.0", "numpy": "1.18.5", "pandas": "1.1.0", "pytables": "3.6.1", "scipy": "1.2.0"}, "commit_hash": "ffcfc298d06ef1a5e10bbc03a6fc74fd888666cb", "date": 1531188898000, "env_name": "conda-py3.7-ephem3.7.6.0-numpy1.18.5-pandas1.1.0-pytables3.6.1-scipy1.2.0", "python": "3.7", "profiles": {}, "started_at": {"irradiance.Irradiance.time_aoi": 1599428274771, "irradiance.Irradiance.time_aoi_projection": 1599428276827, "irradiance.Irradiance.time_dirindex": 1599428278833, "irradiance.Irradiance.time_dirint": 1599428281590, "irradiance.Irradiance.time_disc": 1599428283996, "irradiance.Irradiance.time_erbs": 1599428286052, "irradiance.Irradiance.time_get_extra_radiation": 1599428267117, "irradiance.Irradiance.time_get_ground_diffuse": 1599428267519, "irradiance.Irradiance.time_get_total_irradiance": 1599428267923, "location.Location.time_location_get_airmass": 1599428288109, "location.Location.time_location_get_clearsky": 1599428288412, "location.Location.time_location_get_solarposition": 1599428288765, "location.Location_0_6_1.time_location_get_sun_rise_set_transit_pyephem": 1599428289118, "location.Location_0_6_1.time_location_get_sun_rise_set_transit_spa": 1599428289171, "solarposition.SolarPosition.time_ephemeris": 1599428289223, "solarposition.SolarPosition.time_ephemeris_localized": 1599428289526,