{"results": {"irradiance.Irradiance.time_aoi": {"result": [0.0023555361200124024], "stats": [{"ci_99": [0.002323894202709198, 0.0023776506073772906], "q_25": 0.0023456333903595803, "q_75": 0.002368628839030862, "min": 0.002323894202709198, "max": 0.0023776506073772906, "mean": 0.002355395955964923, "std": 1.557617905117972e-05, "repeat": 10, "number": 5}]}, "irradiance.Irradiance.time_aoi_projection": {"result": [0.002139478223398328], "stats": [{"ci_99": [0.0021229722537100316, 0.0021805698052048683], "q_25": 0.0021323606371879576, "q_75": 0.002149027865380049, "min": 0.0021229722537100316, "max": 0.0021805698052048683, "mean": 0.0021430489234626295, "std": 1.636366451482486e-05, "repeat": 10, "number": 5}]}, "irradiance.Irradiance.time_dirindex": {"result": [0.06393044954165816], "stats": [{"ci_99": [0.06351175671443343, 0.06466612219810486], "q_25": 0.06374624883756042, "q_75": 0.0642003866378218, "min": 0.06351175671443343, "max": 0.06466612219810486, "mean": 0.06399957849644125, "std": 0.00033303430390648435, "repeat": 10, "number": 1}]}, "irradiance.Irradiance.time_dirint": {"result": [0.03219571290537715], "stats": [{"ci_99": [0.03175554983317852, 0.032856999430805445], "q_25": 0.03189793310593814, "q_75": 0.03239053743891418, "min": 0.03175554983317852, "max": 0.032856999430805445, "mean": 0.0321909333113581, "std": 0.00032472532589170635, "repeat": 10, "number": 1}]}, "irradiance.Irradiance.time_disc": {"result": [0.012475904542952776], "stats": [{"ci_99": [0.012040745001286268, 0.013268114998936653], "q_25": 0.012139137601479888, "q_75": 0.012646774761378765, "min": 0.012040745001286268, "max": 0.013268114998936653, "mean": 0.012458508647978307, "std": 0.0003584949796349492, "repeat": 10, "number": 1}]}, "irradiance.Irradiance.time_erbs": {"result": [0.006873717647977173], "stats": [{"ci_99": [0.006783723598346114, 0.006988321430981159], "q_25": 0.006834287662059069, "q_75": 0.0069009975995868444, "min": 0.006783723598346114, "max": 0.006988321430981159, "mean": 0.00687064747326076, "std": 5.713087293906602e-05, "repeat": 10, "number": 2}]}, "irradiance.Irradiance.time_get_extra_radiation": null, "irradiance.Irradiance.time_get_ground_diffuse": null, "irradiance.Irradiance.time_get_total_irradiance": null, "location.Location.time_location_get_airmass": {"result": [0.003937494475394487], "stats": [{"ci_99": [0.003913593323280414, 0.0039765490218997], "q_25": 0.003928895069596668, "q_75": 0.0039599552207315964, "min": 0.003913593323280414, "max": 0.0039765490218997, "mean": 0.003943453884373107, "std": 2.1464730315567986e-05, "repeat": 10, "number": 3}]}, "location.Location.time_location_get_clearsky": {"result": [0.4597483223769814], "stats": [{"ci_99": [0.4462705650366843, 0.4646173706278205], "q_25": 0.45796364615671337, "q_75": 0.46210602147039026, "min": 0.4462705650366843, "max": 0.4646173706278205, "mean": 0.45821032850071786, "std": 0.005835862292035142, "repeat": 10, "number": 1}]}, "location.Location.time_location_get_solarposition": {"result": [0.015234526013955474], "stats": [{"ci_99": [0.015108729712665081, 0.015402936842292547], "q_25": 0.01521957409568131, "q_75": 0.015273462398909032, "min": 0.015108729712665081, "max": 0.015402936842292547, "mean": 0.01524357427842915, "std": 7.238177692373395e-05, "repeat": 10, "number": 1}]}, "location.Location_0_6_1.time_location_get_sun_rise_set_transit_pyephem": NaN, "location.Location_0_6_1.time_location_get_sun_rise_set_transit_spa": NaN, "solarposition.SolarPosition.time_ephemeris": {"result": [0.01852373988367617], "stats": [{"ci_99": [0.018308711238205433, 0.018726332113146782], "q_25": 0.018416262697428465, "q_75": 0.01856583869084716, "min": 0.018308711238205433, "max": 0.018726332113146782, "mean": 0.01850399570539594, "std": 0.00011749022226245467, "repeat": 10, "number": 1}]}, "solarposition.SolarPosition.time_ephemeris_localized": {"result": [0.21694322093389928], "stats": [{"ci_99": [0.21582653187215328, 0.21978678507730365], "q_25": 0.21641888574231416, "q_75": 0.21923380007501692, "min": 0.21582653187215328, "max": 0.21978678507730365, "mean": 0.21762709571048616, "std": 0.0015300250800717433, "repeat": 10, "number": 1}]}, "solarposition.SolarPosition.time_nrel_earthsun_distance": {"result": [0.022762933978810906], "stats": [{"ci_99": [0.02271024975925684, 0.022904290817677975], "q_25": 0.022744313348084688, "q_75": 0.022781769977882504, "min": 0.02271024975925684, "max": 0.022904290817677975, "mean": 0.02276990530081093, "std": 5.118969748017838e-05, "repeat": 10, "number": 1}]}, "solarposition.SolarPosition.time_spa_python": {"result": [0.028446828480809927], "stats": [{"ci_99": [0.028048384934663773, 0.028808883856981993], "q_25": 0.02819733542855829, "q_75": 0.028614376671612263, "min": 0.028048384934663773, "max": 0.028808883856981993, "mean": 0.028433807846158742, "std": 0.00025727606719570334, "repeat": 10, "number": 1}]}, "solarposition.SolarPosition.time_sun_rise_set_transit_spa": {"result": [0.0382321213837713], "stats": [{"ci_99": [0.037919178139418364, 0.038712827023118734], "q_25": 0.03808820026461035, "q_75": 0.03836604254320264, "min": 0.037919178139418364, "max": 0.038712827023118734, "mean": 0.03826232706196606, "std": 0.00022831834143704333, "repeat": 10, "number": 1}]}, "temperature.Fuentes.time_fuentes": NaN, "temperature.SAPM.time_sapm_cell": {"result": [0.0016498799502317396], "stats": [{"ci_99": [0.0016039134269314153, 0.0016880504387829984], "q_25": 0.0016398432531527112, "q_75": 0.0016611785561378512, "min": 0.0016039134269314153, "max": 0.0016880504387829984, "mean": 0.0016474756678300242, "std": 2.3203907897881513e-05, "repeat": 10, "number": 7}]}, "tracking.SingleAxis.time_singleaxis": {"result": [0.02495445776730776], "stats": [{"ci_99": [0.024088538717478514, 0.025959117338061333], "q_25": 0.02437600737903267, "q_75": 0.025213302113115788, "min": 0.024088538717478514, "max": 0.025959117338061333, "mean": 0.024909074511379005, "std": 0.0006211569538559519, "repeat": 10, "number": 1}]}, "tracking.SingleAxis.time_tracker_singleaxis": {"result": [0.025432529393583536], "stats": [{"ci_99": [0.024476824793964624, 0.025827286764979362], "q_25": 0.02470315678510815, "q_75": 0.02553245786111802, "min": 0.024476824793964624, "max": 0.025827286764979362, "mean": 0.025193634582683443, "std": 0.00047456328740159867, "repeat": 10, "number": 1}]}}, "params": {"arch": "x86_64", "cpu": "Intel Xeon Processor (Skylake, IBRS)", "machine": "pvlib-asv.forecasting.energy.arizona.edu", "num_cpu": "4", "os": "Linux 5.7.8-200.fc32.x86_64", "ram": "8145244", "python": "3.6", "numpy": "1.12.0", "pandas": "0.22.0", "scipy": "1.2.0", "pytables": "3.6.1", "ephem": "3.7.6.0"}, "requirements": {"numpy": "1.12.0", "pandas": "0.22.0", "scipy": "1.2.0", "pytables": "3.6.1", "ephem": "3.7.6.0"}, "commit_hash": "ffd8f356e0203b32d058401727752f4a698cfd08", "date": 1508263738000, "env_name": "conda-py3.6-ephem3.7.6.0-numpy1.12.0-pandas0.22.0-pytables3.6.1-scipy1.2.0", "python": "3.6", "profiles": {}, "started_at": {"irradiance.Irradiance.time_aoi": 1599838835506, "irradiance.Irradiance.time_aoi_projection": 1599838840166, "irradiance.Irradiance.time_dirindex": 1599838844826, "irradiance.Irradiance.time_dirint": 1599838849836, "irradiance.Irradiance.time_disc": 1599838854596, "irradiance.Irradiance.time_erbs": 1599838859255, "irradiance.Irradiance.time_get_extra_radiation": 1599838824499, "irradiance.Irradiance.time_get_ground_diffuse": 1599838825353, "irradiance.Irradiance.time_get_total_irradiance": 1599838826207, "location.Location.time_location_get_airmass": 1599838863965, "location.Location.time_location_get_clearsky": 1599838864269, "location.Location.time_location_get_solarposition": 1599838867276, "location.Location_0_6_1.time_location_get_sun_rise_set_transit_pyephem": 1599838867579, "location.Location_0_6_1.time_location_get_sun_rise_set_transit_spa": 1599838867632, "solarposition.SolarPosition.time_ephemeris": 1599838867685,