{"results": {"irradiance.Irradiance.time_aoi": {"result": [0.0023610999807715414], "stats": [{"ci_99": [0.0023226382210850714, 0.0024574530310928822], "q_25": 0.0023383284918963906, "q_75": 0.002381140924990177, "min": 0.0023226382210850714, "max": 0.0024574530310928822, "mean": 0.002367783300578594, "std": 3.9160738018206455e-05, "repeat": 10, "number": 5}]}, "irradiance.Irradiance.time_aoi_projection": {"result": [0.0020001033786684274], "stats": [{"ci_99": [0.0019241255708038808, 0.0020886216312646865], "q_25": 0.001954469410702586, "q_75": 0.002049128455109894, "min": 0.0019241255708038808, "max": 0.0020886216312646865, "mean": 0.002003194335848093, "std": 5.502165086148104e-05, "repeat": 10, "number": 5}]}, "irradiance.Irradiance.time_dirindex": {"result": [0.14133140933699906], "stats": [{"ci_99": [0.1369858211837709, 0.14560283720493317], "q_25": 0.13968757423572242, "q_75": 0.1426392630673945, "min": 0.1369858211837709, "max": 0.14560283720493317, "mean": 0.14119645105674863, "std": 0.0023285477554481414, "repeat": 10, "number": 1}]}, "irradiance.Irradiance.time_dirint": {"result": [0.06996584148146212], "stats": [{"ci_99": [0.06895826198160648, 0.07402143999934196], "q_25": 0.06951227318495512, "q_75": 0.07069185667205602, "min": 0.06895826198160648, "max": 0.07402143999934196, "mean": 0.07046113167889416, "std": 0.0014370361493192556, "repeat": 10, "number": 1}]}, "irradiance.Irradiance.time_disc": {"result": [0.019034081371501088], "stats": [{"ci_99": [0.017863063141703606, 0.01974917110055685], "q_25": 0.018684058217331767, "q_75": 0.019347634399309754, "min": 0.017863063141703606, "max": 0.01974917110055685, "mean": 0.018991923611611127, "std": 0.0005308401896516322, "repeat": 10, "number": 1}]}, "irradiance.Irradiance.time_erbs": {"result": [0.012537659611552954], "stats": [{"ci_99": [0.012188821099698544, 0.013067082036286592], "q_25": 0.012390127405524254, "q_75": 0.01284872810356319, "min": 0.012188821099698544, "max": 0.013067082036286592, "mean": 0.012612900463864207, "std": 0.0002762170607683407, "repeat": 10, "number": 1}]}, "irradiance.Irradiance.time_get_extra_radiation": null, "irradiance.Irradiance.time_get_ground_diffuse": null, "irradiance.Irradiance.time_get_total_irradiance": null, "location.Location.time_location_get_airmass": {"result": [0.005292684538289905], "stats": [{"ci_99": [0.0048879883252084255, 0.005379025358706713], "q_25": 0.005264220526441932, "q_75": 0.005307980114594102, "min": 0.0048879883252084255, "max": 0.005379025358706713, "mean": 0.005224613472819328, "std": 0.00016049469342113213, "repeat": 10, "number": 2}]}, "location.Location.time_location_get_clearsky": {"result": [0.017149406019598246], "stats": [{"ci_99": [0.016095098573714495, 0.01766178570687771], "q_25": 0.01705592719372362, "q_75": 0.01722071983385831, "min": 0.016095098573714495, "max": 0.01766178570687771, "mean": 0.017017229367047547, "std": 0.00045430787541489914, "repeat": 10, "number": 1}]}, "location.Location.time_location_get_solarposition": {"result": [0.017801278037950397], "stats": [{"ci_99": [0.01759451674297452, 0.018115757033228874], "q_25": 0.01777463243342936, "q_75": 0.017887630150653422, "min": 0.01759451674297452, "max": 0.018115757033228874, "mean": 0.01784100872464478, "std": 0.0001435302767061002, "repeat": 10, "number": 1}]}, "location.Location_0_6_1.time_location_get_sun_rise_set_transit_pyephem": NaN, "location.Location_0_6_1.time_location_get_sun_rise_set_transit_spa": NaN, "solarposition.SolarPosition.time_ephemeris": {"result": [0.024936550529673696], "stats": [{"ci_99": [0.02457435568794608, 0.025374318938702345], "q_25": 0.02467426680959761, "q_75": 0.025103091378696263, "min": 0.02457435568794608, "max": 0.025374318938702345, "mean": 0.024919264018535614, "std": 0.00026324499738392305, "repeat": 10, "number": 1}]}, "solarposition.SolarPosition.time_ephemeris_localized": {"result": [0.24530409439466894], "stats": [{"ci_99": [0.24370402423664927, 0.25541936000809073], "q_25": 0.24416038277558982, "q_75": 0.25376234157010913, "min": 0.24370402423664927, "max": 0.25541936000809073, "mean": 0.24830805067904294, "std": 0.0048450854737763374, "repeat": 10, "number": 1}]}, "solarposition.SolarPosition.time_nrel_earthsun_distance": {"result": [0.023579966509714723], "stats": [{"ci_99": [0.02334470208734274, 0.02405848167836666], "q_25": 0.023530618520453572, "q_75": 0.023607184761203825, "min": 0.02334470208734274, "max": 0.02405848167836666, "mean": 0.023614398669451475, "std": 0.00021623063379833508, "repeat": 10, "number": 1}]}, "solarposition.SolarPosition.time_spa_python": {"result": [0.028221320593729615], "stats": [{"ci_99": [0.028073234017938375, 0.0288381720893085], "q_25": 0.028134959982708097, "q_75": 0.02834615472238511, "min": 0.028073234017938375, "max": 0.0288381720893085, "mean": 0.028302983753383158, "std": 0.00024673476158805, "repeat": 10, "number": 1}]}, "solarposition.SolarPosition.time_sun_rise_set_transit_spa": {"result": [0.04959359602071345], "stats": [{"ci_99": [0.04917327919974923, 0.0499611129052937], "q_25": 0.049378033610992134, "q_75": 0.049782794318161905, "min": 0.04917327919974923, "max": 0.0499611129052937, "mean": 0.04956895657815039, "std": 0.00026241531039348864, "repeat": 10, "number": 1}]}, "temperature.Fuentes.time_fuentes": NaN, "temperature.SAPM.time_sapm_cell": {"result": [0.002231212332844734], "stats": [{"ci_99": [0.002069948986172676, 0.002294121403247118], "q_25": 0.0021779360249638557, "q_75": 0.0022611712804064153, "min": 0.002069948986172676, "max": 0.002294121403247118, "mean": 0.0022080437280237674, "std": 7.416867763245308e-05, "repeat": 10, "number": 5}]}, "tracking.SingleAxis.time_singleaxis": {"result": [0.032596114091575146], "stats": [{"ci_99": [0.03108064690604806, 0.0344807100482285], "q_25": 0.0318507004994899, "q_75": 0.03278384008444846, "min": 0.03108064690604806, "max": 0.0344807100482285, "mean": 0.03251003138720989, "std": 0.0010403251763190275, "repeat": 10, "number": 1}]}, "tracking.SingleAxis.time_tracker_singleaxis": {"result": [0.03153225011192262], "stats": [{"ci_99": [0.03049419168382883, 0.03340166108682752], "q_25": 0.031059347558766603, "q_75": 0.0316908850800246, "min": 0.03049419168382883, "max": 0.03340166108682752, "mean": 0.03155230185948312, "std": 0.0008061796154632323, "repeat": 10, "number": 1}]}}, "params": {"arch": "x86_64", "cpu": "Intel Xeon Processor (Skylake, IBRS)", "machine": "pvlib-asv.forecasting.energy.arizona.edu", "num_cpu": "4", "os": "Linux 5.7.8-200.fc32.x86_64", "ram": "8145244", "python": "3.8", "numpy": "", "pandas": "", "scipy": "", "pytables": "", "ephem": ""}, "requirements": {"numpy": "", "pandas": "", "scipy": "", "pytables": "", "ephem": ""}, "commit_hash": "fff1131b0b859f175558a26b76a6e48091dbe13f", "date": 1530025663000, "env_name": "conda-py3.8-ephem-numpy-pandas-pytables-scipy", "python": "3.8", "profiles": {}, "started_at": {"irradiance.Irradiance.time_aoi": 1599835791471, "irradiance.Irradiance.time_aoi_projection": 1599835793577, "irradiance.Irradiance.time_dirindex": 1599835795683, "irradiance.Irradiance.time_dirint": 1599835798490, "irradiance.Irradiance.time_disc": 1599835800947, "irradiance.Irradiance.time_erbs": 1599835803103, "irradiance.Irradiance.time_get_extra_radiation": 1599835783966, "irradiance.Irradiance.time_get_ground_diffuse": 1599835784369, "irradiance.Irradiance.time_get_total_irradiance": 1599835784772, "location.Location.time_location_get_airmass": 1599835805210, "location.Location.time_location_get_clearsky": 1599835805563, "location.Location.time_location_get_solarposition": 1599835805916, "location.Location_0_6_1.time_location_get_sun_rise_set_transit_pyephem": 1599835806270, "location.Location_0_6_1.time_location_get_sun_rise_set_transit_spa": 1599835806323, "solarposition.SolarPosition.time_ephemeris": 1599835806375, "solarposition.SolarPosition.time_ephemeris_localized": 1599835806628, "solarposition.SolarPosition.time_nrel_earthsun_distance": 1599835808233,